41 41 41
Available num physical pages: 35184372088576
WARNING: physical memory size is smaller than virtual memory size

*** ChampSim Multicore Out-of-Order Simulator ***

Warmup Instructions: 200000000
Simulation Instructions: 200000000
Number of CPUs: 1
Page size: 4096

Basic BTB sets: 1024 ways: 8 indirect buffer size: 4096 RAS size: 64
cpu0_L1D Gaze NEW NEW prefetcher
Pattern Table index_len: 6
Off-chip DRAM Size: 4 GiB Channels: 1 Width: 64-bit Data Rate: 3200 MT/s
[PTW] 🔁 Switched page size to 2048 KB at cycle 500000
[PTW] 🔁 Switched page size to 4 KB at cycle 1000000
[PTW] 🔁 Switched page size to 2048 KB at cycle 1500000
[PTW] 🔁 Switched page size to 4 KB at cycle 2000000
[PTW] 🔁 Switched page size to 2048 KB at cycle 2500000
Heartbeat CPU 0 instructions: 10000002 cycles: 2501521 heartbeat IPC: 3.99757 cumulative IPC: 3.99757 (Simulation time: 0 hr 5 min 24 sec) 
[PTW] 🔁 Switched page size to 4 KB at cycle 3000000
[PTW] 🔁 Switched page size to 2048 KB at cycle 3500000
[PTW] 🔁 Switched page size to 4 KB at cycle 4000000
[PTW] 🔁 Switched page size to 2048 KB at cycle 4500000
[PTW] 🔁 Switched page size to 4 KB at cycle 5000000
Heartbeat CPU 0 instructions: 20000003 cycles: 5002902 heartbeat IPC: 3.9978 cumulative IPC: 3.99769 (Simulation time: 0 hr 11 min 2 sec) 
[PTW] 🔁 Switched page size to 2048 KB at cycle 5500000
[PTW] 🔁 Switched page size to 4 KB at cycle 6000000
[PTW] 🔁 Switched page size to 2048 KB at cycle 6500000
[PTW] 🔁 Switched page size to 4 KB at cycle 7000000
[PTW] 🔁 Switched page size to 2048 KB at cycle 7500000
Heartbeat CPU 0 instructions: 30000001 cycles: 7505475 heartbeat IPC: 3.99589 cumulative IPC: 3.99709 (Simulation time: 0 hr 16 min 44 sec) 
[PTW] 🔁 Switched page size to 4 KB at cycle 8000000
[PTW] 🔁 Switched page size to 2048 KB at cycle 8500000
[PTW] 🔁 Switched page size to 4 KB at cycle 9000000
[PTW] 🔁 Switched page size to 2048 KB at cycle 9500000
[PTW] 🔁 Switched page size to 4 KB at cycle 10000000
Heartbeat CPU 0 instructions: 40000001 cycles: 10008205 heartbeat IPC: 3.99564 cumulative IPC: 3.99673 (Simulation time: 0 hr 22 min 26 sec) 
[PTW] 🔁 Switched page size to 2048 KB at cycle 10500000
[PTW] 🔁 Switched page size to 4 KB at cycle 11000000
[PTW] 🔁 Switched page size to 2048 KB at cycle 11500000
[PTW] 🔁 Switched page size to 4 KB at cycle 12000000
[PTW] 🔁 Switched page size to 2048 KB at cycle 12500000
Heartbeat CPU 0 instructions: 50000000 cycles: 12510889 heartbeat IPC: 3.99571 cumulative IPC: 3.99652 (Simulation time: 0 hr 28 min 7 sec) 
[PTW] 🔁 Switched page size to 4 KB at cycle 13000000
[PTW] 🔁 Switched page size to 2048 KB at cycle 13500000
[PTW] 🔁 Switched page size to 4 KB at cycle 14000000
[PTW] 🔁 Switched page size to 2048 KB at cycle 14500000
[PTW] 🔁 Switched page size to 4 KB at cycle 15000000
Heartbeat CPU 0 instructions: 60000003 cycles: 15013256 heartbeat IPC: 3.99622 cumulative IPC: 3.99647 (Simulation time: 0 hr 33 min 47 sec) 
[PTW] 🔁 Switched page size to 2048 KB at cycle 15500000
[PTW] 🔁 Switched page size to 4 KB at cycle 16000000
[PTW] 🔁 Switched page size to 2048 KB at cycle 16500000
[PTW] 🔁 Switched page size to 4 KB at cycle 17000000
[PTW] 🔁 Switched page size to 2048 KB at cycle 17500000
Heartbeat CPU 0 instructions: 70000000 cycles: 17515404 heartbeat IPC: 3.99657 cumulative IPC: 3.99649 (Simulation time: 0 hr 39 min 25 sec) 
[PTW] 🔁 Switched page size to 4 KB at cycle 18000000
[PTW] 🔁 Switched page size to 2048 KB at cycle 18500000
[PTW] 🔁 Switched page size to 4 KB at cycle 19000000
[PTW] 🔁 Switched page size to 2048 KB at cycle 19500000
[PTW] 🔁 Switched page size to 4 KB at cycle 20000000
Heartbeat CPU 0 instructions: 80000001 cycles: 20018488 heartbeat IPC: 3.99508 cumulative IPC: 3.99631 (Simulation time: 0 hr 45 min 1 sec) 
[PTW] 🔁 Switched page size to 2048 KB at cycle 20500000
[PTW] 🔁 Switched page size to 4 KB at cycle 21000000
[PTW] 🔁 Switched page size to 2048 KB at cycle 21500000
[PTW] 🔁 Switched page size to 4 KB at cycle 22000000
[PTW] 🔁 Switched page size to 2048 KB at cycle 22500000
Heartbeat CPU 0 instructions: 90000002 cycles: 22520866 heartbeat IPC: 3.9962 cumulative IPC: 3.9963 (Simulation time: 0 hr 50 min 38 sec) 
[PTW] 🔁 Switched page size to 4 KB at cycle 23000000
[PTW] 🔁 Switched page size to 2048 KB at cycle 23500000
[PTW] 🔁 Switched page size to 4 KB at cycle 24000000
[PTW] 🔁 Switched page size to 2048 KB at cycle 24500000
[PTW] 🔁 Switched page size to 4 KB at cycle 25000000
Heartbeat CPU 0 instructions: 100000002 cycles: 25023195 heartbeat IPC: 3.99628 cumulative IPC: 3.9963 (Simulation time: 0 hr 56 min 11 sec) 
[PTW] 🔁 Switched page size to 2048 KB at cycle 25500000
[PTW] 🔁 Switched page size to 4 KB at cycle 26000000
[PTW] 🔁 Switched page size to 2048 KB at cycle 26500000
[PTW] 🔁 Switched page size to 4 KB at cycle 27000000
[PTW] 🔁 Switched page size to 2048 KB at cycle 27500000
Heartbeat CPU 0 instructions: 110000000 cycles: 27524918 heartbeat IPC: 3.99725 cumulative IPC: 3.99638 (Simulation time: 1 hr 1 min 48 sec) 
[PTW] 🔁 Switched page size to 4 KB at cycle 28000000
[PTW] 🔁 Switched page size to 2048 KB at cycle 28500000
[PTW] 🔁 Switched page size to 4 KB at cycle 29000000
[PTW] 🔁 Switched page size to 2048 KB at cycle 29500000
[PTW] 🔁 Switched page size to 4 KB at cycle 30000000
Heartbeat CPU 0 instructions: 120000001 cycles: 30026737 heartbeat IPC: 3.9971 cumulative IPC: 3.99644 (Simulation time: 1 hr 7 min 25 sec) 
[PTW] 🔁 Switched page size to 2048 KB at cycle 30500000
[PTW] 🔁 Switched page size to 4 KB at cycle 31000000
[PTW] 🔁 Switched page size to 2048 KB at cycle 31500000
[PTW] 🔁 Switched page size to 4 KB at cycle 32000000
[PTW] 🔁 Switched page size to 2048 KB at cycle 32500000
Heartbeat CPU 0 instructions: 130000000 cycles: 32527902 heartbeat IPC: 3.99814 cumulative IPC: 3.99657 (Simulation time: 1 hr 13 min 6 sec) 
[PTW] 🔁 Switched page size to 4 KB at cycle 33000000
[PTW] 🔁 Switched page size to 2048 KB at cycle 33500000
[PTW] 🔁 Switched page size to 4 KB at cycle 34000000
[PTW] 🔁 Switched page size to 2048 KB at cycle 34500000
[PTW] 🔁 Switched page size to 4 KB at cycle 35000000
Heartbeat CPU 0 instructions: 140000000 cycles: 35029353 heartbeat IPC: 3.99768 cumulative IPC: 3.99665 (Simulation time: 1 hr 18 min 44 sec) 
[PTW] 🔁 Switched page size to 2048 KB at cycle 35500000
[PTW] 🔁 Switched page size to 4 KB at cycle 36000000
[PTW] 🔁 Switched page size to 2048 KB at cycle 36500000
[PTW] 🔁 Switched page size to 4 KB at cycle 37000000
[PTW] 🔁 Switched page size to 2048 KB at cycle 37500000
Heartbeat CPU 0 instructions: 150000002 cycles: 37531138 heartbeat IPC: 3.99715 cumulative IPC: 3.99669 (Simulation time: 1 hr 24 min 22 sec) 
[PTW] 🔁 Switched page size to 4 KB at cycle 38000000
[PTW] 🔁 Switched page size to 2048 KB at cycle 38500000
[PTW] 🔁 Switched page size to 4 KB at cycle 39000000
[PTW] 🔁 Switched page size to 2048 KB at cycle 39500000
[PTW] 🔁 Switched page size to 4 KB at cycle 40000000
Heartbeat CPU 0 instructions: 160000001 cycles: 40032697 heartbeat IPC: 3.99751 cumulative IPC: 3.99674 (Simulation time: 1 hr 30 min 0 sec) 
[PTW] 🔁 Switched page size to 2048 KB at cycle 40500000
[PTW] 🔁 Switched page size to 4 KB at cycle 41000000
[PTW] 🔁 Switched page size to 2048 KB at cycle 41500000
[PTW] 🔁 Switched page size to 4 KB at cycle 42000000
[PTW] 🔁 Switched page size to 2048 KB at cycle 42500000
Heartbeat CPU 0 instructions: 170000001 cycles: 42533277 heartbeat IPC: 3.99908 cumulative IPC: 3.99688 (Simulation time: 1 hr 35 min 41 sec) 
[PTW] 🔁 Switched page size to 4 KB at cycle 43000000
[PTW] 🔁 Switched page size to 2048 KB at cycle 43500000
[PTW] 🔁 Switched page size to 4 KB at cycle 44000000
[PTW] 🔁 Switched page size to 2048 KB at cycle 44500000
[PTW] 🔁 Switched page size to 4 KB at cycle 45000000
Heartbeat CPU 0 instructions: 180000002 cycles: 45034835 heartbeat IPC: 3.99751 cumulative IPC: 3.99691 (Simulation time: 1 hr 41 min 21 sec) 
[PTW] 🔁 Switched page size to 2048 KB at cycle 45500000
[PTW] 🔁 Switched page size to 4 KB at cycle 46000000
[PTW] 🔁 Switched page size to 2048 KB at cycle 46500000
[PTW] 🔁 Switched page size to 4 KB at cycle 47000000
[PTW] 🔁 Switched page size to 2048 KB at cycle 47500000
Heartbeat CPU 0 instructions: 190000002 cycles: 47536779 heartbeat IPC: 3.9969 cumulative IPC: 3.99691 (Simulation time: 1 hr 46 min 59 sec) 
[PTW] 🔁 Switched page size to 4 KB at cycle 48000000
[PTW] 🔁 Switched page size to 2048 KB at cycle 48500000
[PTW] 🔁 Switched page size to 4 KB at cycle 49000000
[PTW] 🔁 Switched page size to 2048 KB at cycle 49500000
[PTW] 🔁 Switched page size to 4 KB at cycle 50000000
Heartbeat CPU 0 instructions: 200000002 cycles: 50038614 heartbeat IPC: 3.99707 cumulative IPC: 3.99692 (Simulation time: 1 hr 52 min 38 sec) 
Max paddr 143M
Warmup finished CPU 0 instructions: 200000002 cycles: 50038615 cumulative IPC: 3.99692 (Simulation time: 1 hr 52 min 38 sec) 

Warmup complete CPU 0 instructions: 200000002 cycles: 50038615 (Simulation time: 1 hr 52 min 38 sec) 

[PTW] 🔁 Switched page size to 2048 KB at cycle 50500000
[PTW] 🔁 Switched page size to 4 KB at cycle 51000000
[PTW] 🔁 Switched page size to 2048 KB at cycle 51500000
[PTW] 🔁 Switched page size to 4 KB at cycle 52000000
[PTW] 🔁 Switched page size to 2048 KB at cycle 52500000
[PTW] 🔁 Switched page size to 4 KB at cycle 53000000
[PTW] 🔁 Switched page size to 2048 KB at cycle 53500000
[PTW] 🔁 Switched page size to 4 KB at cycle 54000000
[PTW] 🔁 Switched page size to 2048 KB at cycle 54500000
[PTW] 🔁 Switched page size to 4 KB at cycle 55000000
[PTW] 🔁 Switched page size to 2048 KB at cycle 55500000
[PTW] 🔁 Switched page size to 4 KB at cycle 56000000
[PTW] 🔁 Switched page size to 2048 KB at cycle 56500000
[PTW] 🔁 Switched page size to 4 KB at cycle 57000000
[PTW] 🔁 Switched page size to 2048 KB at cycle 57500000
[PTW] 🔁 Switched page size to 4 KB at cycle 58000000
[PTW] 🔁 Switched page size to 2048 KB at cycle 58500000
[PTW] 🔁 Switched page size to 4 KB at cycle 59000000
[PTW] 🔁 Switched page size to 2048 KB at cycle 59500000
[PTW] 🔁 Switched page size to 4 KB at cycle 60000000
[PTW] 🔁 Switched page size to 2048 KB at cycle 60500000
[PTW] 🔁 Switched page size to 4 KB at cycle 61000000
[PTW] 🔁 Switched page size to 2048 KB at cycle 61500000
[PTW] 🔁 Switched page size to 4 KB at cycle 62000000
[PTW] 🔁 Switched page size to 2048 KB at cycle 62500000
[PTW] 🔁 Switched page size to 4 KB at cycle 63000000
[PTW] 🔁 Switched page size to 2048 KB at cycle 63500000
[PTW] 🔁 Switched page size to 4 KB at cycle 64000000
[PTW] 🔁 Switched page size to 2048 KB at cycle 64500000
Heartbeat CPU 0 instructions: 210000003 cycles: 64756232 heartbeat IPC: 0.679458 cumulative IPC: 0.679458 (Simulation time: 2 hr 7 min 37 sec) 
[PTW] 🔁 Switched page size to 4 KB at cycle 65000000
[PTW] 🔁 Switched page size to 2048 KB at cycle 65500000
[PTW] 🔁 Switched page size to 4 KB at cycle 66000000
[PTW] 🔁 Switched page size to 2048 KB at cycle 66500000
[PTW] 🔁 Switched page size to 4 KB at cycle 67000000
[PTW] 🔁 Switched page size to 2048 KB at cycle 67500000
[PTW] 🔁 Switched page size to 4 KB at cycle 68000000
[PTW] 🔁 Switched page size to 2048 KB at cycle 68500000
[PTW] 🔁 Switched page size to 4 KB at cycle 69000000
[PTW] 🔁 Switched page size to 2048 KB at cycle 69500000
[PTW] 🔁 Switched page size to 4 KB at cycle 70000000
[PTW] 🔁 Switched page size to 2048 KB at cycle 70500000
[PTW] 🔁 Switched page size to 4 KB at cycle 71000000
[PTW] 🔁 Switched page size to 2048 KB at cycle 71500000
[PTW] 🔁 Switched page size to 4 KB at cycle 72000000
[PTW] 🔁 Switched page size to 2048 KB at cycle 72500000
[PTW] 🔁 Switched page size to 4 KB at cycle 73000000
[PTW] 🔁 Switched page size to 2048 KB at cycle 73500000
[PTW] 🔁 Switched page size to 4 KB at cycle 74000000
[PTW] 🔁 Switched page size to 2048 KB at cycle 74500000
[PTW] 🔁 Switched page size to 4 KB at cycle 75000000
[PTW] 🔁 Switched page size to 2048 KB at cycle 75500000
[PTW] 🔁 Switched page size to 4 KB at cycle 76000000
[PTW] 🔁 Switched page size to 2048 KB at cycle 76500000
[PTW] 🔁 Switched page size to 4 KB at cycle 77000000
[PTW] 🔁 Switched page size to 2048 KB at cycle 77500000
[PTW] 🔁 Switched page size to 4 KB at cycle 78000000
[PTW] 🔁 Switched page size to 2048 KB at cycle 78500000
[PTW] 🔁 Switched page size to 4 KB at cycle 79000000
Heartbeat CPU 0 instructions: 220000001 cycles: 79261131 heartbeat IPC: 0.689423 cumulative IPC: 0.684404 (Simulation time: 2 hr 22 min 17 sec) 
[PTW] 🔁 Switched page size to 2048 KB at cycle 79500000
[PTW] 🔁 Switched page size to 4 KB at cycle 80000000
[PTW] 🔁 Switched page size to 2048 KB at cycle 80500000
[PTW] 🔁 Switched page size to 4 KB at cycle 81000000
[PTW] 🔁 Switched page size to 2048 KB at cycle 81500000
[PTW] 🔁 Switched page size to 4 KB at cycle 82000000
[PTW] 🔁 Switched page size to 2048 KB at cycle 82500000
[PTW] 🔁 Switched page size to 4 KB at cycle 83000000
[PTW] 🔁 Switched page size to 2048 KB at cycle 83500000
[PTW] 🔁 Switched page size to 4 KB at cycle 84000000
[PTW] 🔁 Switched page size to 2048 KB at cycle 84500000
[PTW] 🔁 Switched page size to 4 KB at cycle 85000000
[PTW] 🔁 Switched page size to 2048 KB at cycle 85500000
[PTW] 🔁 Switched page size to 4 KB at cycle 86000000
[PTW] 🔁 Switched page size to 2048 KB at cycle 86500000
[PTW] 🔁 Switched page size to 4 KB at cycle 87000000
[PTW] 🔁 Switched page size to 2048 KB at cycle 87500000
[PTW] 🔁 Switched page size to 4 KB at cycle 88000000
[PTW] 🔁 Switched page size to 2048 KB at cycle 88500000
[PTW] 🔁 Switched page size to 4 KB at cycle 89000000
[PTW] 🔁 Switched page size to 2048 KB at cycle 89500000
[PTW] 🔁 Switched page size to 4 KB at cycle 90000000
[PTW] 🔁 Switched page size to 2048 KB at cycle 90500000
[PTW] 🔁 Switched page size to 4 KB at cycle 91000000
[PTW] 🔁 Switched page size to 2048 KB at cycle 91500000
[PTW] 🔁 Switched page size to 4 KB at cycle 92000000
[PTW] 🔁 Switched page size to 2048 KB at cycle 92500000
[PTW] 🔁 Switched page size to 4 KB at cycle 93000000
Heartbeat CPU 0 instructions: 230000000 cycles: 93365071 heartbeat IPC: 0.709022 cumulative IPC: 0.692418 (Simulation time: 2 hr 36 min 55 sec) 
[PTW] 🔁 Switched page size to 2048 KB at cycle 93500000
[PTW] 🔁 Switched page size to 4 KB at cycle 94000000
[PTW] 🔁 Switched page size to 2048 KB at cycle 94500000
[PTW] 🔁 Switched page size to 4 KB at cycle 95000000
[PTW] 🔁 Switched page size to 2048 KB at cycle 95500000
[PTW] 🔁 Switched page size to 4 KB at cycle 96000000
[PTW] 🔁 Switched page size to 2048 KB at cycle 96500000
[PTW] 🔁 Switched page size to 4 KB at cycle 97000000
[PTW] 🔁 Switched page size to 2048 KB at cycle 97500000
[PTW] 🔁 Switched page size to 4 KB at cycle 98000000
[PTW] 🔁 Switched page size to 2048 KB at cycle 98500000
[PTW] 🔁 Switched page size to 4 KB at cycle 99000000
[PTW] 🔁 Switched page size to 2048 KB at cycle 99500000
[PTW] 🔁 Switched page size to 4 KB at cycle 100000000
[PTW] 🔁 Switched page size to 2048 KB at cycle 100500000
[PTW] 🔁 Switched page size to 4 KB at cycle 101000000
[PTW] 🔁 Switched page size to 2048 KB at cycle 101500000
[PTW] 🔁 Switched page size to 4 KB at cycle 102000000
[PTW] 🔁 Switched page size to 2048 KB at cycle 102500000
[PTW] 🔁 Switched page size to 4 KB at cycle 103000000
[PTW] 🔁 Switched page size to 2048 KB at cycle 103500000
[PTW] 🔁 Switched page size to 4 KB at cycle 104000000
[PTW] 🔁 Switched page size to 2048 KB at cycle 104500000
[PTW] 🔁 Switched page size to 4 KB at cycle 105000000
[PTW] 🔁 Switched page size to 2048 KB at cycle 105500000
[PTW] 🔁 Switched page size to 4 KB at cycle 106000000
[PTW] 🔁 Switched page size to 2048 KB at cycle 106500000
[PTW] 🔁 Switched page size to 4 KB at cycle 107000000
[PTW] 🔁 Switched page size to 2048 KB at cycle 107500000
Heartbeat CPU 0 instructions: 240000000 cycles: 107928464 heartbeat IPC: 0.686654 cumulative IPC: 0.690968 (Simulation time: 2 hr 51 min 52 sec) 
[PTW] 🔁 Switched page size to 4 KB at cycle 108000000
[PTW] 🔁 Switched page size to 2048 KB at cycle 108500000
[PTW] 🔁 Switched page size to 4 KB at cycle 109000000
[PTW] 🔁 Switched page size to 2048 KB at cycle 109500000
[PTW] 🔁 Switched page size to 4 KB at cycle 110000000
[PTW] 🔁 Switched page size to 2048 KB at cycle 110500000
[PTW] 🔁 Switched page size to 4 KB at cycle 111000000
[PTW] 🔁 Switched page size to 2048 KB at cycle 111500000
[PTW] 🔁 Switched page size to 4 KB at cycle 112000000
[PTW] 🔁 Switched page size to 2048 KB at cycle 112500000
[PTW] 🔁 Switched page size to 4 KB at cycle 113000000
[PTW] 🔁 Switched page size to 2048 KB at cycle 113500000
[PTW] 🔁 Switched page size to 4 KB at cycle 114000000
[PTW] 🔁 Switched page size to 2048 KB at cycle 114500000
[PTW] 🔁 Switched page size to 4 KB at cycle 115000000
[PTW] 🔁 Switched page size to 2048 KB at cycle 115500000
[PTW] 🔁 Switched page size to 4 KB at cycle 116000000
[PTW] 🔁 Switched page size to 2048 KB at cycle 116500000
[PTW] 🔁 Switched page size to 4 KB at cycle 117000000
[PTW] 🔁 Switched page size to 2048 KB at cycle 117500000
[PTW] 🔁 Switched page size to 4 KB at cycle 118000000
[PTW] 🔁 Switched page size to 2048 KB at cycle 118500000
[PTW] 🔁 Switched page size to 4 KB at cycle 119000000
[PTW] 🔁 Switched page size to 2048 KB at cycle 119500000
[PTW] 🔁 Switched page size to 4 KB at cycle 120000000
[PTW] 🔁 Switched page size to 2048 KB at cycle 120500000
[PTW] 🔁 Switched page size to 4 KB at cycle 121000000
[PTW] 🔁 Switched page size to 2048 KB at cycle 121500000
[PTW] 🔁 Switched page size to 4 KB at cycle 122000000
Heartbeat CPU 0 instructions: 250000000 cycles: 122261631 heartbeat IPC: 0.697683 cumulative IPC: 0.692301 (Simulation time: 3 hr 6 min 47 sec) 
[PTW] 🔁 Switched page size to 2048 KB at cycle 122500000
[PTW] 🔁 Switched page size to 4 KB at cycle 123000000
[PTW] 🔁 Switched page size to 2048 KB at cycle 123500000
[PTW] 🔁 Switched page size to 4 KB at cycle 124000000
[PTW] 🔁 Switched page size to 2048 KB at cycle 124500000
[PTW] 🔁 Switched page size to 4 KB at cycle 125000000
[PTW] 🔁 Switched page size to 2048 KB at cycle 125500000
[PTW] 🔁 Switched page size to 4 KB at cycle 126000000
[PTW] 🔁 Switched page size to 2048 KB at cycle 126500000
[PTW] 🔁 Switched page size to 4 KB at cycle 127000000
[PTW] 🔁 Switched page size to 2048 KB at cycle 127500000
[PTW] 🔁 Switched page size to 4 KB at cycle 128000000
[PTW] 🔁 Switched page size to 2048 KB at cycle 128500000
[PTW] 🔁 Switched page size to 4 KB at cycle 129000000
[PTW] 🔁 Switched page size to 2048 KB at cycle 129500000
[PTW] 🔁 Switched page size to 4 KB at cycle 130000000
[PTW] 🔁 Switched page size to 2048 KB at cycle 130500000
[PTW] 🔁 Switched page size to 4 KB at cycle 131000000
[PTW] 🔁 Switched page size to 2048 KB at cycle 131500000
[PTW] 🔁 Switched page size to 4 KB at cycle 132000000
[PTW] 🔁 Switched page size to 2048 KB at cycle 132500000
[PTW] 🔁 Switched page size to 4 KB at cycle 133000000
[PTW] 🔁 Switched page size to 2048 KB at cycle 133500000
[PTW] 🔁 Switched page size to 4 KB at cycle 134000000
[PTW] 🔁 Switched page size to 2048 KB at cycle 134500000
[PTW] 🔁 Switched page size to 4 KB at cycle 135000000
[PTW] 🔁 Switched page size to 2048 KB at cycle 135500000
[PTW] 🔁 Switched page size to 4 KB at cycle 136000000
Heartbeat CPU 0 instructions: 260000001 cycles: 136466601 heartbeat IPC: 0.70398 cumulative IPC: 0.69422 (Simulation time: 3 hr 21 min 41 sec) 
[PTW] 🔁 Switched page size to 2048 KB at cycle 136500000
[PTW] 🔁 Switched page size to 4 KB at cycle 137000000
[PTW] 🔁 Switched page size to 2048 KB at cycle 137500000
[PTW] 🔁 Switched page size to 4 KB at cycle 138000000
[PTW] 🔁 Switched page size to 2048 KB at cycle 138500000
[PTW] 🔁 Switched page size to 4 KB at cycle 139000000
[PTW] 🔁 Switched page size to 2048 KB at cycle 139500000
[PTW] 🔁 Switched page size to 4 KB at cycle 140000000
[PTW] 🔁 Switched page size to 2048 KB at cycle 140500000
[PTW] 🔁 Switched page size to 4 KB at cycle 141000000
[PTW] 🔁 Switched page size to 2048 KB at cycle 141500000
[PTW] 🔁 Switched page size to 4 KB at cycle 142000000
[PTW] 🔁 Switched page size to 2048 KB at cycle 142500000
[PTW] 🔁 Switched page size to 4 KB at cycle 143000000
[PTW] 🔁 Switched page size to 2048 KB at cycle 143500000
[PTW] 🔁 Switched page size to 4 KB at cycle 144000000
[PTW] 🔁 Switched page size to 2048 KB at cycle 144500000
[PTW] 🔁 Switched page size to 4 KB at cycle 145000000
[PTW] 🔁 Switched page size to 2048 KB at cycle 145500000
[PTW] 🔁 Switched page size to 4 KB at cycle 146000000
[PTW] 🔁 Switched page size to 2048 KB at cycle 146500000
[PTW] 🔁 Switched page size to 4 KB at cycle 147000000
[PTW] 🔁 Switched page size to 2048 KB at cycle 147500000
[PTW] 🔁 Switched page size to 4 KB at cycle 148000000
[PTW] 🔁 Switched page size to 2048 KB at cycle 148500000
[PTW] 🔁 Switched page size to 4 KB at cycle 149000000
[PTW] 🔁 Switched page size to 2048 KB at cycle 149500000
[PTW] 🔁 Switched page size to 4 KB at cycle 150000000
[PTW] 🔁 Switched page size to 2048 KB at cycle 150500000
Heartbeat CPU 0 instructions: 270000001 cycles: 150668417 heartbeat IPC: 0.704136 cumulative IPC: 0.695619 (Simulation time: 3 hr 36 min 43 sec) 
[PTW] 🔁 Switched page size to 4 KB at cycle 151000000
[PTW] 🔁 Switched page size to 2048 KB at cycle 151500000
[PTW] 🔁 Switched page size to 4 KB at cycle 152000000
[PTW] 🔁 Switched page size to 2048 KB at cycle 152500000
[PTW] 🔁 Switched page size to 4 KB at cycle 153000000
[PTW] 🔁 Switched page size to 2048 KB at cycle 153500000
[PTW] 🔁 Switched page size to 4 KB at cycle 154000000
[PTW] 🔁 Switched page size to 2048 KB at cycle 154500000
[PTW] 🔁 Switched page size to 4 KB at cycle 155000000
[PTW] 🔁 Switched page size to 2048 KB at cycle 155500000
[PTW] 🔁 Switched page size to 4 KB at cycle 156000000
[PTW] 🔁 Switched page size to 2048 KB at cycle 156500000
[PTW] 🔁 Switched page size to 4 KB at cycle 157000000
[PTW] 🔁 Switched page size to 2048 KB at cycle 157500000
[PTW] 🔁 Switched page size to 4 KB at cycle 158000000
[PTW] 🔁 Switched page size to 2048 KB at cycle 158500000
[PTW] 🔁 Switched page size to 4 KB at cycle 159000000
[PTW] 🔁 Switched page size to 2048 KB at cycle 159500000
[PTW] 🔁 Switched page size to 4 KB at cycle 160000000
[PTW] 🔁 Switched page size to 2048 KB at cycle 160500000
[PTW] 🔁 Switched page size to 4 KB at cycle 161000000
[PTW] 🔁 Switched page size to 2048 KB at cycle 161500000
[PTW] 🔁 Switched page size to 4 KB at cycle 162000000
[PTW] 🔁 Switched page size to 2048 KB at cycle 162500000
[PTW] 🔁 Switched page size to 4 KB at cycle 163000000
[PTW] 🔁 Switched page size to 2048 KB at cycle 163500000
[PTW] 🔁 Switched page size to 4 KB at cycle 164000000
[PTW] 🔁 Switched page size to 2048 KB at cycle 164500000
Heartbeat CPU 0 instructions: 280000000 cycles: 164997539 heartbeat IPC: 0.69788 cumulative IPC: 0.695901 (Simulation time: 3 hr 51 min 49 sec) 
[PTW] 🔁 Switched page size to 4 KB at cycle 165000000
[PTW] 🔁 Switched page size to 2048 KB at cycle 165500000
[PTW] 🔁 Switched page size to 4 KB at cycle 166000000
[PTW] 🔁 Switched page size to 2048 KB at cycle 166500000
[PTW] 🔁 Switched page size to 4 KB at cycle 167000000
[PTW] 🔁 Switched page size to 2048 KB at cycle 167500000
[PTW] 🔁 Switched page size to 4 KB at cycle 168000000
[PTW] 🔁 Switched page size to 2048 KB at cycle 168500000
[PTW] 🔁 Switched page size to 4 KB at cycle 169000000
[PTW] 🔁 Switched page size to 2048 KB at cycle 169500000
[PTW] 🔁 Switched page size to 4 KB at cycle 170000000
[PTW] 🔁 Switched page size to 2048 KB at cycle 170500000
[PTW] 🔁 Switched page size to 4 KB at cycle 171000000
[PTW] 🔁 Switched page size to 2048 KB at cycle 171500000
[PTW] 🔁 Switched page size to 4 KB at cycle 172000000
[PTW] 🔁 Switched page size to 2048 KB at cycle 172500000
[PTW] 🔁 Switched page size to 4 KB at cycle 173000000
[PTW] 🔁 Switched page size to 2048 KB at cycle 173500000
[PTW] 🔁 Switched page size to 4 KB at cycle 174000000
[PTW] 🔁 Switched page size to 2048 KB at cycle 174500000
[PTW] 🔁 Switched page size to 4 KB at cycle 175000000
[PTW] 🔁 Switched page size to 2048 KB at cycle 175500000
[PTW] 🔁 Switched page size to 4 KB at cycle 176000000
[PTW] 🔁 Switched page size to 2048 KB at cycle 176500000
[PTW] 🔁 Switched page size to 4 KB at cycle 177000000
[PTW] 🔁 Switched page size to 2048 KB at cycle 177500000
[PTW] 🔁 Switched page size to 4 KB at cycle 178000000
[PTW] 🔁 Switched page size to 2048 KB at cycle 178500000
Heartbeat CPU 0 instructions: 290000003 cycles: 178999675 heartbeat IPC: 0.714177 cumulative IPC: 0.697886 (Simulation time: 4 hr 6 min 37 sec) 
[PTW] 🔁 Switched page size to 4 KB at cycle 179000000
[PTW] 🔁 Switched page size to 2048 KB at cycle 179500000
[PTW] 🔁 Switched page size to 4 KB at cycle 180000000
[PTW] 🔁 Switched page size to 2048 KB at cycle 180500000
[PTW] 🔁 Switched page size to 4 KB at cycle 181000000
[PTW] 🔁 Switched page size to 2048 KB at cycle 181500000
[PTW] 🔁 Switched page size to 4 KB at cycle 182000000
[PTW] 🔁 Switched page size to 2048 KB at cycle 182500000
[PTW] 🔁 Switched page size to 4 KB at cycle 183000000
[PTW] 🔁 Switched page size to 2048 KB at cycle 183500000
[PTW] 🔁 Switched page size to 4 KB at cycle 184000000
[PTW] 🔁 Switched page size to 2048 KB at cycle 184500000
[PTW] 🔁 Switched page size to 4 KB at cycle 185000000
[PTW] 🔁 Switched page size to 2048 KB at cycle 185500000
[PTW] 🔁 Switched page size to 4 KB at cycle 186000000
[PTW] 🔁 Switched page size to 2048 KB at cycle 186500000
[PTW] 🔁 Switched page size to 4 KB at cycle 187000000
[PTW] 🔁 Switched page size to 2048 KB at cycle 187500000
[PTW] 🔁 Switched page size to 4 KB at cycle 188000000
[PTW] 🔁 Switched page size to 2048 KB at cycle 188500000
[PTW] 🔁 Switched page size to 4 KB at cycle 189000000
[PTW] 🔁 Switched page size to 2048 KB at cycle 189500000
[PTW] 🔁 Switched page size to 4 KB at cycle 190000000
[PTW] 🔁 Switched page size to 2048 KB at cycle 190500000
[PTW] 🔁 Switched page size to 4 KB at cycle 191000000
[PTW] 🔁 Switched page size to 2048 KB at cycle 191500000
[PTW] 🔁 Switched page size to 4 KB at cycle 192000000
[PTW] 🔁 Switched page size to 2048 KB at cycle 192500000
[PTW] 🔁 Switched page size to 4 KB at cycle 193000000
[PTW] 🔁 Switched page size to 2048 KB at cycle 193500000
Heartbeat CPU 0 instructions: 300000002 cycles: 193739704 heartbeat IPC: 0.678425 cumulative IPC: 0.695889 (Simulation time: 4 hr 22 min 6 sec) 
[PTW] 🔁 Switched page size to 4 KB at cycle 194000000
[PTW] 🔁 Switched page size to 2048 KB at cycle 194500000
[PTW] 🔁 Switched page size to 4 KB at cycle 195000000
[PTW] 🔁 Switched page size to 2048 KB at cycle 195500000
[PTW] 🔁 Switched page size to 4 KB at cycle 196000000
[PTW] 🔁 Switched page size to 2048 KB at cycle 196500000
[PTW] 🔁 Switched page size to 4 KB at cycle 197000000
[PTW] 🔁 Switched page size to 2048 KB at cycle 197500000
[PTW] 🔁 Switched page size to 4 KB at cycle 198000000
[PTW] 🔁 Switched page size to 2048 KB at cycle 198500000
[PTW] 🔁 Switched page size to 4 KB at cycle 199000000
[PTW] 🔁 Switched page size to 2048 KB at cycle 199500000
[PTW] 🔁 Switched page size to 4 KB at cycle 200000000
[PTW] 🔁 Switched page size to 2048 KB at cycle 200500000
[PTW] 🔁 Switched page size to 4 KB at cycle 201000000
[PTW] 🔁 Switched page size to 2048 KB at cycle 201500000
[PTW] 🔁 Switched page size to 4 KB at cycle 202000000
[PTW] 🔁 Switched page size to 2048 KB at cycle 202500000
[PTW] 🔁 Switched page size to 4 KB at cycle 203000000
[PTW] 🔁 Switched page size to 2048 KB at cycle 203500000
[PTW] 🔁 Switched page size to 4 KB at cycle 204000000
[PTW] 🔁 Switched page size to 2048 KB at cycle 204500000
[PTW] 🔁 Switched page size to 4 KB at cycle 205000000
[PTW] 🔁 Switched page size to 2048 KB at cycle 205500000
[PTW] 🔁 Switched page size to 4 KB at cycle 206000000
[PTW] 🔁 Switched page size to 2048 KB at cycle 206500000
[PTW] 🔁 Switched page size to 4 KB at cycle 207000000
[PTW] 🔁 Switched page size to 2048 KB at cycle 207500000
Heartbeat CPU 0 instructions: 310000003 cycles: 207663283 heartbeat IPC: 0.718207 cumulative IPC: 0.697861 (Simulation time: 4 hr 37 min 8 sec) 
[PTW] 🔁 Switched page size to 4 KB at cycle 208000000
[PTW] 🔁 Switched page size to 2048 KB at cycle 208500000
[PTW] 🔁 Switched page size to 4 KB at cycle 209000000
[PTW] 🔁 Switched page size to 2048 KB at cycle 209500000
[PTW] 🔁 Switched page size to 4 KB at cycle 210000000
[PTW] 🔁 Switched page size to 2048 KB at cycle 210500000
[PTW] 🔁 Switched page size to 4 KB at cycle 211000000
[PTW] 🔁 Switched page size to 2048 KB at cycle 211500000
[PTW] 🔁 Switched page size to 4 KB at cycle 212000000
[PTW] 🔁 Switched page size to 2048 KB at cycle 212500000
[PTW] 🔁 Switched page size to 4 KB at cycle 213000000
[PTW] 🔁 Switched page size to 2048 KB at cycle 213500000
[PTW] 🔁 Switched page size to 4 KB at cycle 214000000
[PTW] 🔁 Switched page size to 2048 KB at cycle 214500000
[PTW] 🔁 Switched page size to 4 KB at cycle 215000000
[PTW] 🔁 Switched page size to 2048 KB at cycle 215500000
[PTW] 🔁 Switched page size to 4 KB at cycle 216000000
[PTW] 🔁 Switched page size to 2048 KB at cycle 216500000
[PTW] 🔁 Switched page size to 4 KB at cycle 217000000
[PTW] 🔁 Switched page size to 2048 KB at cycle 217500000
[PTW] 🔁 Switched page size to 4 KB at cycle 218000000
[PTW] 🔁 Switched page size to 2048 KB at cycle 218500000
[PTW] 🔁 Switched page size to 4 KB at cycle 219000000
[PTW] 🔁 Switched page size to 2048 KB at cycle 219500000
[PTW] 🔁 Switched page size to 4 KB at cycle 220000000
[PTW] 🔁 Switched page size to 2048 KB at cycle 220500000
[PTW] 🔁 Switched page size to 4 KB at cycle 221000000
[PTW] 🔁 Switched page size to 2048 KB at cycle 221500000
Heartbeat CPU 0 instructions: 320000004 cycles: 221941272 heartbeat IPC: 0.700379 cumulative IPC: 0.69807 (Simulation time: 4 hr 52 min 21 sec) 
[PTW] 🔁 Switched page size to 4 KB at cycle 222000000
[PTW] 🔁 Switched page size to 2048 KB at cycle 222500000
[PTW] 🔁 Switched page size to 4 KB at cycle 223000000
[PTW] 🔁 Switched page size to 2048 KB at cycle 223500000
[PTW] 🔁 Switched page size to 4 KB at cycle 224000000
[PTW] 🔁 Switched page size to 2048 KB at cycle 224500000
[PTW] 🔁 Switched page size to 4 KB at cycle 225000000
[PTW] 🔁 Switched page size to 2048 KB at cycle 225500000
[PTW] 🔁 Switched page size to 4 KB at cycle 226000000
[PTW] 🔁 Switched page size to 2048 KB at cycle 226500000
[PTW] 🔁 Switched page size to 4 KB at cycle 227000000
[PTW] 🔁 Switched page size to 2048 KB at cycle 227500000
[PTW] 🔁 Switched page size to 4 KB at cycle 228000000
[PTW] 🔁 Switched page size to 2048 KB at cycle 228500000
[PTW] 🔁 Switched page size to 4 KB at cycle 229000000
[PTW] 🔁 Switched page size to 2048 KB at cycle 229500000
[PTW] 🔁 Switched page size to 4 KB at cycle 230000000
[PTW] 🔁 Switched page size to 2048 KB at cycle 230500000
[PTW] 🔁 Switched page size to 4 KB at cycle 231000000
[PTW] 🔁 Switched page size to 2048 KB at cycle 231500000
[PTW] 🔁 Switched page size to 4 KB at cycle 232000000
[PTW] 🔁 Switched page size to 2048 KB at cycle 232500000
[PTW] 🔁 Switched page size to 4 KB at cycle 233000000
[PTW] 🔁 Switched page size to 2048 KB at cycle 233500000
[PTW] 🔁 Switched page size to 4 KB at cycle 234000000
[PTW] 🔁 Switched page size to 2048 KB at cycle 234500000
[PTW] 🔁 Switched page size to 4 KB at cycle 235000000
[PTW] 🔁 Switched page size to 2048 KB at cycle 235500000
[PTW] 🔁 Switched page size to 4 KB at cycle 236000000
Heartbeat CPU 0 instructions: 330000002 cycles: 236195302 heartbeat IPC: 0.701556 cumulative IPC: 0.698337 (Simulation time: 5 hr 7 min 22 sec) 
[PTW] 🔁 Switched page size to 2048 KB at cycle 236500000
[PTW] 🔁 Switched page size to 4 KB at cycle 237000000
[PTW] 🔁 Switched page size to 2048 KB at cycle 237500000
[PTW] 🔁 Switched page size to 4 KB at cycle 238000000
[PTW] 🔁 Switched page size to 2048 KB at cycle 238500000
[PTW] 🔁 Switched page size to 4 KB at cycle 239000000
[PTW] 🔁 Switched page size to 2048 KB at cycle 239500000
[PTW] 🔁 Switched page size to 4 KB at cycle 240000000
[PTW] 🔁 Switched page size to 2048 KB at cycle 240500000
[PTW] 🔁 Switched page size to 4 KB at cycle 241000000
[PTW] 🔁 Switched page size to 2048 KB at cycle 241500000
[PTW] 🔁 Switched page size to 4 KB at cycle 242000000
[PTW] 🔁 Switched page size to 2048 KB at cycle 242500000
[PTW] 🔁 Switched page size to 4 KB at cycle 243000000
[PTW] 🔁 Switched page size to 2048 KB at cycle 243500000
[PTW] 🔁 Switched page size to 4 KB at cycle 244000000
[PTW] 🔁 Switched page size to 2048 KB at cycle 244500000
[PTW] 🔁 Switched page size to 4 KB at cycle 245000000
[PTW] 🔁 Switched page size to 2048 KB at cycle 245500000
[PTW] 🔁 Switched page size to 4 KB at cycle 246000000
[PTW] 🔁 Switched page size to 2048 KB at cycle 246500000
[PTW] 🔁 Switched page size to 4 KB at cycle 247000000
[PTW] 🔁 Switched page size to 2048 KB at cycle 247500000
[PTW] 🔁 Switched page size to 4 KB at cycle 248000000
[PTW] 🔁 Switched page size to 2048 KB at cycle 248500000
[PTW] 🔁 Switched page size to 4 KB at cycle 249000000
[PTW] 🔁 Switched page size to 2048 KB at cycle 249500000
[PTW] 🔁 Switched page size to 4 KB at cycle 250000000
Heartbeat CPU 0 instructions: 340000000 cycles: 250445215 heartbeat IPC: 0.701759 cumulative IPC: 0.69858 (Simulation time: 5 hr 21 min 39 sec) 
[PTW] 🔁 Switched page size to 2048 KB at cycle 250500000
[PTW] 🔁 Switched page size to 4 KB at cycle 251000000
[PTW] 🔁 Switched page size to 2048 KB at cycle 251500000
[PTW] 🔁 Switched page size to 4 KB at cycle 252000000
[PTW] 🔁 Switched page size to 2048 KB at cycle 252500000
[PTW] 🔁 Switched page size to 4 KB at cycle 253000000
[PTW] 🔁 Switched page size to 2048 KB at cycle 253500000
[PTW] 🔁 Switched page size to 4 KB at cycle 254000000
[PTW] 🔁 Switched page size to 2048 KB at cycle 254500000
[PTW] 🔁 Switched page size to 4 KB at cycle 255000000
[PTW] 🔁 Switched page size to 2048 KB at cycle 255500000
[PTW] 🔁 Switched page size to 4 KB at cycle 256000000
[PTW] 🔁 Switched page size to 2048 KB at cycle 256500000
[PTW] 🔁 Switched page size to 4 KB at cycle 257000000
[PTW] 🔁 Switched page size to 2048 KB at cycle 257500000
[PTW] 🔁 Switched page size to 4 KB at cycle 258000000
[PTW] 🔁 Switched page size to 2048 KB at cycle 258500000
[PTW] 🔁 Switched page size to 4 KB at cycle 259000000
[PTW] 🔁 Switched page size to 2048 KB at cycle 259500000
[PTW] 🔁 Switched page size to 4 KB at cycle 260000000
[PTW] 🔁 Switched page size to 2048 KB at cycle 260500000
[PTW] 🔁 Switched page size to 4 KB at cycle 261000000
[PTW] 🔁 Switched page size to 2048 KB at cycle 261500000
[PTW] 🔁 Switched page size to 4 KB at cycle 262000000
[PTW] 🔁 Switched page size to 2048 KB at cycle 262500000
[PTW] 🔁 Switched page size to 4 KB at cycle 263000000
[PTW] 🔁 Switched page size to 2048 KB at cycle 263500000
[PTW] 🔁 Switched page size to 4 KB at cycle 264000000
[PTW] 🔁 Switched page size to 2048 KB at cycle 264500000
Heartbeat CPU 0 instructions: 350000000 cycles: 264722177 heartbeat IPC: 0.70043 cumulative IPC: 0.698703 (Simulation time: 5 hr 35 min 37 sec) 
[PTW] 🔁 Switched page size to 4 KB at cycle 265000000
[PTW] 🔁 Switched page size to 2048 KB at cycle 265500000
[PTW] 🔁 Switched page size to 4 KB at cycle 266000000
[PTW] 🔁 Switched page size to 2048 KB at cycle 266500000
[PTW] 🔁 Switched page size to 4 KB at cycle 267000000
[PTW] 🔁 Switched page size to 2048 KB at cycle 267500000
[PTW] 🔁 Switched page size to 4 KB at cycle 268000000
[PTW] 🔁 Switched page size to 2048 KB at cycle 268500000
[PTW] 🔁 Switched page size to 4 KB at cycle 269000000
[PTW] 🔁 Switched page size to 2048 KB at cycle 269500000
[PTW] 🔁 Switched page size to 4 KB at cycle 270000000
[PTW] 🔁 Switched page size to 2048 KB at cycle 270500000
[PTW] 🔁 Switched page size to 4 KB at cycle 271000000
[PTW] 🔁 Switched page size to 2048 KB at cycle 271500000
[PTW] 🔁 Switched page size to 4 KB at cycle 272000000
[PTW] 🔁 Switched page size to 2048 KB at cycle 272500000
[PTW] 🔁 Switched page size to 4 KB at cycle 273000000
[PTW] 🔁 Switched page size to 2048 KB at cycle 273500000
[PTW] 🔁 Switched page size to 4 KB at cycle 274000000
[PTW] 🔁 Switched page size to 2048 KB at cycle 274500000
[PTW] 🔁 Switched page size to 4 KB at cycle 275000000
[PTW] 🔁 Switched page size to 2048 KB at cycle 275500000
[PTW] 🔁 Switched page size to 4 KB at cycle 276000000
[PTW] 🔁 Switched page size to 2048 KB at cycle 276500000
[PTW] 🔁 Switched page size to 4 KB at cycle 277000000
[PTW] 🔁 Switched page size to 2048 KB at cycle 277500000
[PTW] 🔁 Switched page size to 4 KB at cycle 278000000
[PTW] 🔁 Switched page size to 2048 KB at cycle 278500000
[PTW] 🔁 Switched page size to 4 KB at cycle 279000000
Heartbeat CPU 0 instructions: 360000001 cycles: 279112429 heartbeat IPC: 0.694915 cumulative IPC: 0.698465 (Simulation time: 5 hr 49 min 28 sec) 
[PTW] 🔁 Switched page size to 2048 KB at cycle 279500000
[PTW] 🔁 Switched page size to 4 KB at cycle 280000000
[PTW] 🔁 Switched page size to 2048 KB at cycle 280500000
[PTW] 🔁 Switched page size to 4 KB at cycle 281000000
[PTW] 🔁 Switched page size to 2048 KB at cycle 281500000
[PTW] 🔁 Switched page size to 4 KB at cycle 282000000
[PTW] 🔁 Switched page size to 2048 KB at cycle 282500000
[PTW] 🔁 Switched page size to 4 KB at cycle 283000000
[PTW] 🔁 Switched page size to 2048 KB at cycle 283500000
[PTW] 🔁 Switched page size to 4 KB at cycle 284000000
[PTW] 🔁 Switched page size to 2048 KB at cycle 284500000
[PTW] 🔁 Switched page size to 4 KB at cycle 285000000
[PTW] 🔁 Switched page size to 2048 KB at cycle 285500000
[PTW] 🔁 Switched page size to 4 KB at cycle 286000000
[PTW] 🔁 Switched page size to 2048 KB at cycle 286500000
[PTW] 🔁 Switched page size to 4 KB at cycle 287000000
[PTW] 🔁 Switched page size to 2048 KB at cycle 287500000
[PTW] 🔁 Switched page size to 4 KB at cycle 288000000
[PTW] 🔁 Switched page size to 2048 KB at cycle 288500000
[PTW] 🔁 Switched page size to 4 KB at cycle 289000000
[PTW] 🔁 Switched page size to 2048 KB at cycle 289500000
[PTW] 🔁 Switched page size to 4 KB at cycle 290000000
[PTW] 🔁 Switched page size to 2048 KB at cycle 290500000
[PTW] 🔁 Switched page size to 4 KB at cycle 291000000
[PTW] 🔁 Switched page size to 2048 KB at cycle 291500000
[PTW] 🔁 Switched page size to 4 KB at cycle 292000000
[PTW] 🔁 Switched page size to 2048 KB at cycle 292500000
[PTW] 🔁 Switched page size to 4 KB at cycle 293000000
[PTW] 🔁 Switched page size to 2048 KB at cycle 293500000
Heartbeat CPU 0 instructions: 370000001 cycles: 293693117 heartbeat IPC: 0.685839 cumulative IPC: 0.69771 (Simulation time: 6 hr 2 min 51 sec) 
[PTW] 🔁 Switched page size to 4 KB at cycle 294000000
[PTW] 🔁 Switched page size to 2048 KB at cycle 294500000
[PTW] 🔁 Switched page size to 4 KB at cycle 295000000
[PTW] 🔁 Switched page size to 2048 KB at cycle 295500000
[PTW] 🔁 Switched page size to 4 KB at cycle 296000000
[PTW] 🔁 Switched page size to 2048 KB at cycle 296500000
[PTW] 🔁 Switched page size to 4 KB at cycle 297000000
[PTW] 🔁 Switched page size to 2048 KB at cycle 297500000
[PTW] 🔁 Switched page size to 4 KB at cycle 298000000
[PTW] 🔁 Switched page size to 2048 KB at cycle 298500000
[PTW] 🔁 Switched page size to 4 KB at cycle 299000000
[PTW] 🔁 Switched page size to 2048 KB at cycle 299500000
[PTW] 🔁 Switched page size to 4 KB at cycle 300000000
[PTW] 🔁 Switched page size to 2048 KB at cycle 300500000
[PTW] 🔁 Switched page size to 4 KB at cycle 301000000
[PTW] 🔁 Switched page size to 2048 KB at cycle 301500000
[PTW] 🔁 Switched page size to 4 KB at cycle 302000000
[PTW] 🔁 Switched page size to 2048 KB at cycle 302500000
[PTW] 🔁 Switched page size to 4 KB at cycle 303000000
[PTW] 🔁 Switched page size to 2048 KB at cycle 303500000
[PTW] 🔁 Switched page size to 4 KB at cycle 304000000
[PTW] 🔁 Switched page size to 2048 KB at cycle 304500000
[PTW] 🔁 Switched page size to 4 KB at cycle 305000000
[PTW] 🔁 Switched page size to 2048 KB at cycle 305500000
[PTW] 🔁 Switched page size to 4 KB at cycle 306000000
[PTW] 🔁 Switched page size to 2048 KB at cycle 306500000
[PTW] 🔁 Switched page size to 4 KB at cycle 307000000
[PTW] 🔁 Switched page size to 2048 KB at cycle 307500000
[PTW] 🔁 Switched page size to 4 KB at cycle 308000000
Heartbeat CPU 0 instructions: 380000003 cycles: 308055180 heartbeat IPC: 0.696279 cumulative IPC: 0.69763 (Simulation time: 6 hr 15 min 25 sec) 
[PTW] 🔁 Switched page size to 2048 KB at cycle 308500000
[PTW] 🔁 Switched page size to 4 KB at cycle 309000000
[PTW] 🔁 Switched page size to 2048 KB at cycle 309500000
[PTW] 🔁 Switched page size to 4 KB at cycle 310000000
[PTW] 🔁 Switched page size to 2048 KB at cycle 310500000
[PTW] 🔁 Switched page size to 4 KB at cycle 311000000
[PTW] 🔁 Switched page size to 2048 KB at cycle 311500000
[PTW] 🔁 Switched page size to 4 KB at cycle 312000000
[PTW] 🔁 Switched page size to 2048 KB at cycle 312500000
[PTW] 🔁 Switched page size to 4 KB at cycle 313000000
[PTW] 🔁 Switched page size to 2048 KB at cycle 313500000
[PTW] 🔁 Switched page size to 4 KB at cycle 314000000
[PTW] 🔁 Switched page size to 2048 KB at cycle 314500000
[PTW] 🔁 Switched page size to 4 KB at cycle 315000000
[PTW] 🔁 Switched page size to 2048 KB at cycle 315500000
[PTW] 🔁 Switched page size to 4 KB at cycle 316000000
[PTW] 🔁 Switched page size to 2048 KB at cycle 316500000
[PTW] 🔁 Switched page size to 4 KB at cycle 317000000
[PTW] 🔁 Switched page size to 2048 KB at cycle 317500000
[PTW] 🔁 Switched page size to 4 KB at cycle 318000000
[PTW] 🔁 Switched page size to 2048 KB at cycle 318500000
[PTW] 🔁 Switched page size to 4 KB at cycle 319000000
[PTW] 🔁 Switched page size to 2048 KB at cycle 319500000
[PTW] 🔁 Switched page size to 4 KB at cycle 320000000
[PTW] 🔁 Switched page size to 2048 KB at cycle 320500000
[PTW] 🔁 Switched page size to 4 KB at cycle 321000000
[PTW] 🔁 Switched page size to 2048 KB at cycle 321500000
[PTW] 🔁 Switched page size to 4 KB at cycle 322000000
[PTW] 🔁 Switched page size to 2048 KB at cycle 322500000
Heartbeat CPU 0 instructions: 390000000 cycles: 322597553 heartbeat IPC: 0.687646 cumulative IPC: 0.697097 (Simulation time: 6 hr 27 min 49 sec) 
[PTW] 🔁 Switched page size to 4 KB at cycle 323000000
[PTW] 🔁 Switched page size to 2048 KB at cycle 323500000
[PTW] 🔁 Switched page size to 4 KB at cycle 324000000
[PTW] 🔁 Switched page size to 2048 KB at cycle 324500000
[PTW] 🔁 Switched page size to 4 KB at cycle 325000000
[PTW] 🔁 Switched page size to 2048 KB at cycle 325500000
[PTW] 🔁 Switched page size to 4 KB at cycle 326000000
[PTW] 🔁 Switched page size to 2048 KB at cycle 326500000
[PTW] 🔁 Switched page size to 4 KB at cycle 327000000
[PTW] 🔁 Switched page size to 2048 KB at cycle 327500000
[PTW] 🔁 Switched page size to 4 KB at cycle 328000000
[PTW] 🔁 Switched page size to 2048 KB at cycle 328500000
[PTW] 🔁 Switched page size to 4 KB at cycle 329000000
[PTW] 🔁 Switched page size to 2048 KB at cycle 329500000
[PTW] 🔁 Switched page size to 4 KB at cycle 330000000
[PTW] 🔁 Switched page size to 2048 KB at cycle 330500000
[PTW] 🔁 Switched page size to 4 KB at cycle 331000000
[PTW] 🔁 Switched page size to 2048 KB at cycle 331500000
[PTW] 🔁 Switched page size to 4 KB at cycle 332000000
[PTW] 🔁 Switched page size to 2048 KB at cycle 332500000
[PTW] 🔁 Switched page size to 4 KB at cycle 333000000
[PTW] 🔁 Switched page size to 2048 KB at cycle 333500000
[PTW] 🔁 Switched page size to 4 KB at cycle 334000000
[PTW] 🔁 Switched page size to 2048 KB at cycle 334500000
[PTW] 🔁 Switched page size to 4 KB at cycle 335000000
[PTW] 🔁 Switched page size to 2048 KB at cycle 335500000
[PTW] 🔁 Switched page size to 4 KB at cycle 336000000
[PTW] 🔁 Switched page size to 2048 KB at cycle 336500000
[PTW] 🔁 Switched page size to 4 KB at cycle 337000000
Heartbeat CPU 0 instructions: 400000002 cycles: 337243877 heartbeat IPC: 0.682766 cumulative IPC: 0.696367 (Simulation time: 6 hr 39 min 46 sec) 
Max paddr 322M
Simulation finished CPU 0 instructions: 200000000 cycles: 287205263 cumulative IPC: 0.696367 (Simulation time: 6 hr 39 min 46 sec) 

Simulation complete CPU 0 instructions: 200000000 cycles: 287205263 (Simulation time: 6 hr 39 min 46 sec) 


ChampSim completed all CPUs

[
  {
    "name": "Simulation",
    "traces": [
      "../traces/sssp-14.trace.gz"
    ],
    "roi": {
      "cores": [
        {
          "instructions": 200000000,
          "cycles": 287205263,
          "Avg ROB occupancy at mispredict": 221.534, 
          "mispredict": {
            "BRANCH_DIRECT_JUMP": 0,
            "BRANCH_INDIRECT": 0,
            "BRANCH_CONDITIONAL": 383116,
            "BRANCH_DIRECT_CALL": 0,
            "BRANCH_INDIRECT_CALL": 0,
            "BRANCH_RETURN": 0
          }
        }
      ],
      "cpu0_L1I": {
        "LOAD": {
          "hit":1105,
          "miss":0
        },
        "RFO": {
          "hit":0,
          "miss":0
        },
        "PREFETCH": {
          "hit":0,
          "miss":0
        },
        "WRITE": {
          "hit":0,
          "miss":0
        },
        "TRANSLATION": {
          "hit":0,
          "miss":0
        },
        "mshr full": 0,
        "prefetch requested": 0,
        "prefetch issued": 0,
        "prefetch filled": 0,
        "prefetch useful": 0,
        "prefetch useless": 0,
        "prefetch late": 0,
        "pf_useful_at_l2_from_l1":          0,
        "pf_late_at_l2_from_l1":          0,
        "pf_useless_at_l2_from_l1":          0,
        "pf_at_l2_to_l1":          0,
        "pf_fill_this_level":          0,
        "miss latency": null,
        "cache queues": {
          "PQ_ACCESS": 0,
          "PQ_FULL": 0,
          "PQ_TO_CACHE": 0,
          "PQ_MERGED": 0,
          "RQ_ACCESS": 1110,
          "RQ_MERGED": 5,
          "RQ_FULL": 0,
          "WQ_ACCESS": 0,
          "WQ_MERGED": 0,
          "WQ_FULL": 0
        }
      },
      "cpu0_ITLB": {
        "LOAD": {
          "hit":1079,
          "miss":0
        },
        "RFO": {
          "hit":0,
          "miss":0
        },
        "PREFETCH": {
          "hit":0,
          "miss":0
        },
        "WRITE": {
          "hit":0,
          "miss":0
        },
        "TRANSLATION": {
          "hit":0,
          "miss":0
        },
        "mshr full": 0,
        "prefetch requested": 0,
        "prefetch issued": 0,
        "prefetch filled": 0,
        "prefetch useful": 0,
        "prefetch useless": 0,
        "prefetch late": 0,
        "pf_useful_at_l2_from_l1":          0,
        "pf_late_at_l2_from_l1":          0,
        "pf_useless_at_l2_from_l1":          0,
        "pf_at_l2_to_l1":          0,
        "pf_fill_this_level":          0,
        "miss latency": null,
        "cache queues": {
          "PQ_ACCESS": 0,
          "PQ_FULL": 0,
          "PQ_TO_CACHE": 0,
          "PQ_MERGED": 0,
          "RQ_ACCESS": 1079,
          "RQ_MERGED": 0,
          "RQ_FULL": 0,
          "WQ_ACCESS": 0,
          "WQ_MERGED": 0,
          "WQ_FULL": 0
        }
      },
      "cpu0_DTLB": {
        "LOAD": {
          "hit":62082944,
          "miss":8951805
        },
        "RFO": {
          "hit":0,
          "miss":0
        },
        "PREFETCH": {
          "hit":0,
          "miss":0
        },
        "WRITE": {
          "hit":0,
          "miss":0
        },
        "TRANSLATION": {
          "hit":0,
          "miss":0
        },
        "mshr full": 445,
        "prefetch requested": 0,
        "prefetch issued": 0,
        "prefetch filled": 0,
        "prefetch useful": 0,
        "prefetch useless": 0,
        "prefetch late": 0,
        "pf_useful_at_l2_from_l1":          0,
        "pf_late_at_l2_from_l1":          0,
        "pf_useless_at_l2_from_l1":          0,
        "pf_at_l2_to_l1":          0,
        "pf_fill_this_level":          0,
        "miss latency": 0.564599,
        "cache queues": {
          "PQ_ACCESS": 0,
          "PQ_FULL": 0,
          "PQ_TO_CACHE": 0,
          "PQ_MERGED": 0,
          "RQ_ACCESS": 71034813,
          "RQ_MERGED": 0,
          "RQ_FULL": 62,
          "WQ_ACCESS": 0,
          "WQ_MERGED": 0,
          "WQ_FULL": 0
        }
      },
      "cpu0_STLB": {
        "LOAD": {
          "hit":6428372,
          "miss":94417
        },
        "RFO": {
          "hit":0,
          "miss":0
        },
        "PREFETCH": {
          "hit":0,
          "miss":0
        },
        "WRITE": {
          "hit":0,
          "miss":0
        },
        "TRANSLATION": {
          "hit":0,
          "miss":0
        },
        "mshr full": 0,
        "prefetch requested": 0,
        "prefetch issued": 0,
        "prefetch filled": 0,
        "prefetch useful": 0,
        "prefetch useless": 0,
        "prefetch late": 0,
        "pf_useful_at_l2_from_l1":          0,
        "pf_late_at_l2_from_l1":          0,
        "pf_useless_at_l2_from_l1":          0,
        "pf_at_l2_to_l1":          0,
        "pf_fill_this_level":          0,
        "miss latency": 20.2856,
        "cache queues": {
          "PQ_ACCESS": 0,
          "PQ_FULL": 0,
          "PQ_TO_CACHE": 0,
          "PQ_MERGED": 0,
          "RQ_ACCESS": 6522790,
          "RQ_MERGED": 0,
          "RQ_FULL": 0,
          "WQ_ACCESS": 0,
          "WQ_MERGED": 0,
          "WQ_FULL": 0
        }
      },
      "cpu0_L1D": {
        "LOAD": {
          "hit":56054292,
          "miss":15035233
        },
        "RFO": {
          "hit":0,
          "miss":0
        },
        "PREFETCH": {
          "hit":125811,
          "miss":1360588
        },
        "WRITE": {
          "hit":777496,
          "miss":377084
        },
        "TRANSLATION": {
          "hit":8749,
          "miss":110395
        },
        "mshr full": 13104256,
        "prefetch requested": 1486572,
        "prefetch issued": 1486572,
        "prefetch filled": 1304094,
        "prefetch useful": 830610,
        "prefetch useless": 498309,
        "prefetch late": 24761,
        "pf_useful_at_l2_from_l1":          0,
        "pf_late_at_l2_from_l1":          0,
        "pf_useless_at_l2_from_l1":          0,
        "pf_at_l2_to_l1":          0,
        "pf_fill_this_level":    1304094,
        "miss latency": 7.44796,
        "cache queues": {
          "PQ_ACCESS": 1486572,
          "PQ_FULL": 0,
          "PQ_TO_CACHE": 1486572,
          "PQ_MERGED": 173,
          "RQ_ACCESS": 82805234,
          "RQ_MERGED": 7262722,
          "RQ_FULL": 4452981,
          "WQ_ACCESS": 1175217,
          "WQ_MERGED": 57,
          "WQ_FULL": 20580
        }
      },
      "cpu0_L2C": {
        "LOAD": {
          "hit":2795386,
          "miss":7151057
        },
        "RFO": {
          "hit":168283,
          "miss":116757
        },
        "PREFETCH": {
          "hit":18129,
          "miss":1310726
        },
        "WRITE": {
          "hit":764905,
          "miss":0
        },
        "TRANSLATION": {
          "hit":11685,
          "miss":98710
        },
        "mshr full": 0,
        "prefetch requested": 0,
        "prefetch issued": 0,
        "prefetch filled": 1310726,
        "prefetch useful": 0,
        "prefetch useless": 0,
        "prefetch late": 0,
        "pf_useful_at_l2_from_l1":          0,
        "pf_late_at_l2_from_l1":          0,
        "pf_useless_at_l2_from_l1":          0,
        "pf_at_l2_to_l1":          0,
        "pf_fill_this_level":          0,
        "miss latency": 14.2803,
        "cache queues": {
          "PQ_ACCESS": 1328855,
          "PQ_FULL": 0,
          "PQ_TO_CACHE": 1328855,
          "PQ_MERGED": 0,
          "RQ_ACCESS": 10341914,
          "RQ_MERGED": 0,
          "RQ_FULL": 0,
          "WQ_ACCESS": 765115,
          "WQ_MERGED": 0,
          "WQ_FULL": 0
        }
      },
      "LLC": {
        "LOAD": {
          "hit": [3668000],
          "miss": [3483054]
        },
        "RFO": {
          "hit": [56351],
          "miss": [60398]
        },
        "PREFETCH": {
          "hit": [76475],
          "miss": [1234251]
        },
        "WRITE": {
          "hit": [429072],
          "miss": [0]
        },
        "TRANSLATION": {
          "hit": [22454],
          "miss": [76256]
        },
        "mshr full": 0,
        "prefetch requested": 0,
        "prefetch issued": 0,
        "prefetch filled": 1234251,
        "prefetch useful": 0,
        "prefetch useless": 0,
        "prefetch late": 0,
        "pf_useful_at_l2_from_l1":          0,
        "pf_late_at_l2_from_l1":          0,
        "pf_useless_at_l2_from_l1":          0,
        "pf_at_l2_to_l1":          0,
        "pf_fill_this_level":          0,
        "miss latency": 25.3812,
        "cache queues": {
          "PQ_ACCESS": 1310726,
          "PQ_FULL": 0,
          "PQ_TO_CACHE": 1310726,
          "PQ_MERGED": 0,
          "RQ_ACCESS": 7366524,
          "RQ_MERGED": 0,
          "RQ_FULL": 0,
          "WQ_ACCESS": 431545,
          "WQ_MERGED": 0,
          "WQ_FULL": 0
        }
      },
      "DRAM": [
        {
          "RQ ROW_BUFFER_HIT": 1118918,
          "RQ ROW_BUFFER_MISS": 3731329,
          "PQ FULL": 0,
          "WQ ROW_BUFFER_HIT": 14815,
          "WQ ROW_BUFFER_MISS": 251627,
          "WQ FULL": 0,
          "AVG DBUS CONGESTED CYCLE": 3.90661
        }
      ]

    },
    "sim": {
      "cores": [
        {
          "instructions": 200000000,
          "cycles": 287205263,
          "Avg ROB occupancy at mispredict": 221.534, 
          "mispredict": {
            "BRANCH_DIRECT_JUMP": 0,
            "BRANCH_INDIRECT": 0,
            "BRANCH_CONDITIONAL": 383116,
            "BRANCH_DIRECT_CALL": 0,
            "BRANCH_INDIRECT_CALL": 0,
            "BRANCH_RETURN": 0
          }
        }
      ],
      "cpu0_L1I": {
        "LOAD": {
          "hit":1105,
          "miss":0
        },
        "RFO": {
          "hit":0,
          "miss":0
        },
        "PREFETCH": {
          "hit":0,
          "miss":0
        },
        "WRITE": {
          "hit":0,
          "miss":0
        },
        "TRANSLATION": {
          "hit":0,
          "miss":0
        },
        "mshr full": 0,
        "prefetch requested": 0,
        "prefetch issued": 0,
        "prefetch filled": 0,
        "prefetch useful": 0,
        "prefetch useless": 0,
        "prefetch late": 0,
        "pf_useful_at_l2_from_l1":          0,
        "pf_late_at_l2_from_l1":          0,
        "pf_useless_at_l2_from_l1":          0,
        "pf_at_l2_to_l1":          0,
        "pf_fill_this_level":          0,
        "miss latency": null,
        "cache queues": {
          "PQ_ACCESS": 0,
          "PQ_FULL": 0,
          "PQ_TO_CACHE": 0,
          "PQ_MERGED": 0,
          "RQ_ACCESS": 1110,
          "RQ_MERGED": 5,
          "RQ_FULL": 0,
          "WQ_ACCESS": 0,
          "WQ_MERGED": 0,
          "WQ_FULL": 0
        }
      },
      "cpu0_ITLB": {
        "LOAD": {
          "hit":1079,
          "miss":0
        },
        "RFO": {
          "hit":0,
          "miss":0
        },
        "PREFETCH": {
          "hit":0,
          "miss":0
        },
        "WRITE": {
          "hit":0,
          "miss":0
        },
        "TRANSLATION": {
          "hit":0,
          "miss":0
        },
        "mshr full": 0,
        "prefetch requested": 0,
        "prefetch issued": 0,
        "prefetch filled": 0,
        "prefetch useful": 0,
        "prefetch useless": 0,
        "prefetch late": 0,
        "pf_useful_at_l2_from_l1":          0,
        "pf_late_at_l2_from_l1":          0,
        "pf_useless_at_l2_from_l1":          0,
        "pf_at_l2_to_l1":          0,
        "pf_fill_this_level":          0,
        "miss latency": null,
        "cache queues": {
          "PQ_ACCESS": 0,
          "PQ_FULL": 0,
          "PQ_TO_CACHE": 0,
          "PQ_MERGED": 0,
          "RQ_ACCESS": 1079,
          "RQ_MERGED": 0,
          "RQ_FULL": 0,
          "WQ_ACCESS": 0,
          "WQ_MERGED": 0,
          "WQ_FULL": 0
        }
      },
      "cpu0_DTLB": {
        "LOAD": {
          "hit":62082944,
          "miss":8951805
        },
        "RFO": {
          "hit":0,
          "miss":0
        },
        "PREFETCH": {
          "hit":0,
          "miss":0
        },
        "WRITE": {
          "hit":0,
          "miss":0
        },
        "TRANSLATION": {
          "hit":0,
          "miss":0
        },
        "mshr full": 445,
        "prefetch requested": 0,
        "prefetch issued": 0,
        "prefetch filled": 0,
        "prefetch useful": 0,
        "prefetch useless": 0,
        "prefetch late": 0,
        "pf_useful_at_l2_from_l1":          0,
        "pf_late_at_l2_from_l1":          0,
        "pf_useless_at_l2_from_l1":          0,
        "pf_at_l2_to_l1":          0,
        "pf_fill_this_level":          0,
        "miss latency": 0.564599,
        "cache queues": {
          "PQ_ACCESS": 0,
          "PQ_FULL": 0,
          "PQ_TO_CACHE": 0,
          "PQ_MERGED": 0,
          "RQ_ACCESS": 71034813,
          "RQ_MERGED": 0,
          "RQ_FULL": 62,
          "WQ_ACCESS": 0,
          "WQ_MERGED": 0,
          "WQ_FULL": 0
        }
      },
      "cpu0_STLB": {
        "LOAD": {
          "hit":6428372,
          "miss":94417
        },
        "RFO": {
          "hit":0,
          "miss":0
        },
        "PREFETCH": {
          "hit":0,
          "miss":0
        },
        "WRITE": {
          "hit":0,
          "miss":0
        },
        "TRANSLATION": {
          "hit":0,
          "miss":0
        },
        "mshr full": 0,
        "prefetch requested": 0,
        "prefetch issued": 0,
        "prefetch filled": 0,
        "prefetch useful": 0,
        "prefetch useless": 0,
        "prefetch late": 0,
        "pf_useful_at_l2_from_l1":          0,
        "pf_late_at_l2_from_l1":          0,
        "pf_useless_at_l2_from_l1":          0,
        "pf_at_l2_to_l1":          0,
        "pf_fill_this_level":          0,
        "miss latency": 20.2856,
        "cache queues": {
          "PQ_ACCESS": 0,
          "PQ_FULL": 0,
          "PQ_TO_CACHE": 0,
          "PQ_MERGED": 0,
          "RQ_ACCESS": 6522790,
          "RQ_MERGED": 0,
          "RQ_FULL": 0,
          "WQ_ACCESS": 0,
          "WQ_MERGED": 0,
          "WQ_FULL": 0
        }
      },
      "cpu0_L1D": {
        "LOAD": {
          "hit":56054292,
          "miss":15035233
        },
        "RFO": {
          "hit":0,
          "miss":0
        },
        "PREFETCH": {
          "hit":125811,
          "miss":1360588
        },
        "WRITE": {
          "hit":777496,
          "miss":377084
        },
        "TRANSLATION": {
          "hit":8749,
          "miss":110395
        },
        "mshr full": 13104256,
        "prefetch requested": 1486572,
        "prefetch issued": 1486572,
        "prefetch filled": 1304094,
        "prefetch useful": 830610,
        "prefetch useless": 498309,
        "prefetch late": 24761,
        "pf_useful_at_l2_from_l1":          0,
        "pf_late_at_l2_from_l1":          0,
        "pf_useless_at_l2_from_l1":          0,
        "pf_at_l2_to_l1":          0,
        "pf_fill_this_level":    1304094,
        "miss latency": 7.44796,
        "cache queues": {
          "PQ_ACCESS": 1486572,
          "PQ_FULL": 0,
          "PQ_TO_CACHE": 1486572,
          "PQ_MERGED": 173,
          "RQ_ACCESS": 82805234,
          "RQ_MERGED": 7262722,
          "RQ_FULL": 4452981,
          "WQ_ACCESS": 1175217,
          "WQ_MERGED": 57,
          "WQ_FULL": 20580
        }
      },
      "cpu0_L2C": {
        "LOAD": {
          "hit":2795386,
          "miss":7151057
        },
        "RFO": {
          "hit":168283,
          "miss":116757
        },
        "PREFETCH": {
          "hit":18129,
          "miss":1310726
        },
        "WRITE": {
          "hit":764905,
          "miss":0
        },
        "TRANSLATION": {
          "hit":11685,
          "miss":98710
        },
        "mshr full": 0,
        "prefetch requested": 0,
        "prefetch issued": 0,
        "prefetch filled": 1310726,
        "prefetch useful": 0,
        "prefetch useless": 0,
        "prefetch late": 0,
        "pf_useful_at_l2_from_l1":          0,
        "pf_late_at_l2_from_l1":          0,
        "pf_useless_at_l2_from_l1":          0,
        "pf_at_l2_to_l1":          0,
        "pf_fill_this_level":          0,
        "miss latency": 14.2803,
        "cache queues": {
          "PQ_ACCESS": 1328855,
          "PQ_FULL": 0,
          "PQ_TO_CACHE": 1328855,
          "PQ_MERGED": 0,
          "RQ_ACCESS": 10341914,
          "RQ_MERGED": 0,
          "RQ_FULL": 0,
          "WQ_ACCESS": 765115,
          "WQ_MERGED": 0,
          "WQ_FULL": 0
        }
      },
      "LLC": {
        "LOAD": {
          "hit": [3668000],
          "miss": [3483054]
        },
        "RFO": {
          "hit": [56351],
          "miss": [60398]
        },
        "PREFETCH": {
          "hit": [76475],
          "miss": [1234251]
        },
        "WRITE": {
          "hit": [429072],
          "miss": [0]
        },
        "TRANSLATION": {
          "hit": [22454],
          "miss": [76256]
        },
        "mshr full": 0,
        "prefetch requested": 0,
        "prefetch issued": 0,
        "prefetch filled": 1234251,
        "prefetch useful": 0,
        "prefetch useless": 0,
        "prefetch late": 0,
        "pf_useful_at_l2_from_l1":          0,
        "pf_late_at_l2_from_l1":          0,
        "pf_useless_at_l2_from_l1":          0,
        "pf_at_l2_to_l1":          0,
        "pf_fill_this_level":          0,
        "miss latency": 25.3812,
        "cache queues": {
          "PQ_ACCESS": 1310726,
          "PQ_FULL": 0,
          "PQ_TO_CACHE": 1310726,
          "PQ_MERGED": 0,
          "RQ_ACCESS": 7366524,
          "RQ_MERGED": 0,
          "RQ_FULL": 0,
          "WQ_ACCESS": 431545,
          "WQ_MERGED": 0,
          "WQ_FULL": 0
        }
      },
      "DRAM": [
        {
          "RQ ROW_BUFFER_HIT": 1118918,
          "RQ ROW_BUFFER_MISS": 3731329,
          "PQ FULL": 0,
          "WQ ROW_BUFFER_HIT": 14815,
          "WQ ROW_BUFFER_MISS": 251627,
          "WQ FULL": 0,
          "AVG DBUS CONGESTED CYCLE": 3.90661
        }
      ]

    }
  }
]
cpu0_ITLB
cpu0_DTLB
cpu0_STLB
Filter table begin
 ┌────────────────────┬────────────────────┬────────────────────┐
 | RegionNum          | Trigger            | PC                 |
 ├────────────────────┼────────────────────┼────────────────────┤
 | 0x0000000000000328 | 0x0000000000000026 | 0x0000560385bcc226 |
 ├────────────────────┼────────────────────┼────────────────────┤
 | 0x0000000000000333 | 0x000000000000001f | 0x0000560385bcc226 |
 ├────────────────────┼────────────────────┼────────────────────┤
 | 0x0000000000000360 | 0x000000000000003c | 0x0000560385bcc226 |
 ├────────────────────┼────────────────────┼────────────────────┤
 | 0x0000000000000369 | 0x0000000000000011 | 0x0000560385bcc226 |
 ├────────────────────┼────────────────────┼────────────────────┤
 | 0x0000000000000372 | 0x000000000000000b | 0x0000560385bcc226 |
 ├────────────────────┼────────────────────┼────────────────────┤
 | 0x000000000000038e | 0x000000000000000f | 0x0000560385bcc226 |
 ├────────────────────┼────────────────────┼────────────────────┤
 | 0x00000000000003b8 | 0x000000000000000e | 0x0000560385bcc226 |
 ├────────────────────┼────────────────────┼────────────────────┤
 | 0x000000000000030c | 0x0000000000000000 | 0x0000560385bcc226 |
 ├────────────────────┼────────────────────┼────────────────────┤
 | 0x0000000000000290 | 0x0000000000000021 | 0x0000560385bcc226 |
 ├────────────────────┼────────────────────┼────────────────────┤
 | 0x00000000000002b4 | 0x000000000000001c | 0x0000560385bcc226 |
 ├────────────────────┼────────────────────┼────────────────────┤
 | 0x0000000000000332 | 0x0000000000000008 | 0x0000560385bcc226 |
 ├────────────────────┼────────────────────┼────────────────────┤
 | 0x000000000000033b | 0x000000000000003c | 0x0000560385bcc226 |
 ├────────────────────┼────────────────────┼────────────────────┤
 | 0x000000000000018e | 0x0000000000000025 | 0x0000560385bcc226 |
 ├────────────────────┼────────────────────┼────────────────────┤
 | 0x0000000000000361 | 0x0000000000000008 | 0x0000560385bcc226 |
 ├────────────────────┼────────────────────┼────────────────────┤
 | 0x00000000000003b0 | 0x0000000000000002 | 0x0000560385bcc226 |
 ├────────────────────┼────────────────────┼────────────────────┤
 | 0x00000000000003c7 | 0x0000000000000020 | 0x0000560385bcc226 |
 ├────────────────────┼────────────────────┼────────────────────┤
 | 0x0000000000000397 | 0x0000000000000028 | 0x0000560385bcc226 |
 ├────────────────────┼────────────────────┼────────────────────┤
 | 0x00000000000002ed | 0x0000000000000033 | 0x0000560385bcc226 |
 ├────────────────────┼────────────────────┼────────────────────┤
 | 0x0000000000000307 | 0x000000000000000e | 0x0000560385bcc226 |
 ├────────────────────┼────────────────────┼────────────────────┤
 | 0x0000000000000323 | 0x000000000000000f | 0x0000560385bcc226 |
 ├────────────────────┼────────────────────┼────────────────────┤
 | 0x000000000000032a | 0x0000000000000005 | 0x0000560385bcc226 |
 ├────────────────────┼────────────────────┼────────────────────┤
 | 0x0000000000000354 | 0x0000000000000028 | 0x0000560385bcc226 |
 ├────────────────────┼────────────────────┼────────────────────┤
 | 0x0000000000000370 | 0x0000000000000007 | 0x0000560385bcc226 |
 ├────────────────────┼────────────────────┼────────────────────┤
 | 0x0000000000000384 | 0x0000000000000006 | 0x0000560385bcc226 |
 ├────────────────────┼────────────────────┼────────────────────┤
 | 0x000000000000038d | 0x0000000000000024 | 0x0000560385bcc226 |
 ├────────────────────┼────────────────────┼────────────────────┤
 | 0x0000000000000396 | 0x0000000000000002 | 0x0000560385bcc226 |
 ├────────────────────┼────────────────────┼────────────────────┤
 | 0x000000000000039f | 0x000000000000001f | 0x0000560385bcc226 |
 ├────────────────────┼────────────────────┼────────────────────┤
 | 0x00000000000003a0 | 0x0000000000000030 | 0x0000560385bcc226 |
 ├────────────────────┼────────────────────┼────────────────────┤
 | 0x000000000000032b | 0x0000000000000038 | 0x0000560385bcc226 |
 ├────────────────────┼────────────────────┼────────────────────┤
 | 0x000000000000036a | 0x0000000000000001 | 0x0000560385bcc226 |
 ├────────────────────┼────────────────────┼────────────────────┤
 | 0x0000000000000383 | 0x000000000000002c | 0x0000560385bcc226 |
 ├────────────────────┼────────────────────┼────────────────────┤
 | 0x0000000000000391 | 0x0000000000000023 | 0x0000560385bcc226 |
 ├────────────────────┼────────────────────┼────────────────────┤
 | 0x000000000000049f | 0x0000000000000029 | 0x0000560385bcc1d5 |
 ├────────────────────┼────────────────────┼────────────────────┤
 | 0x00000000000003b5 | 0x000000000000001a | 0x0000560385bcc226 |
 ├────────────────────┼────────────────────┼────────────────────┤
 | 0x00000000000003d0 | 0x000000000000000d | 0x0000560385bcc226 |
 ├────────────────────┼────────────────────┼────────────────────┤
 | 0x000000000000035b | 0x000000000000001f | 0x0000560385bcc226 |
 ├────────────────────┼────────────────────┼────────────────────┤
 | 0x0000000000000364 | 0x0000000000000014 | 0x0000560385bcc226 |
 ├────────────────────┼────────────────────┼────────────────────┤
 | 0x000000000000036c | 0x0000000000000008 | 0x0000560385bcc226 |
 ├────────────────────┼────────────────────┼────────────────────┤
 | 0x000000000000038b | 0x0000000000000022 | 0x0000560385bcc226 |
 ├────────────────────┼────────────────────┼────────────────────┤
 | 0x00000000000003d1 | 0x0000000000000014 | 0x0000560385bcc226 |
 ├────────────────────┼────────────────────┼────────────────────┤
 | 0x00000000000002d5 | 0x000000000000003f | 0x0000560385bcc226 |
 ├────────────────────┼────────────────────┼────────────────────┤
 | 0x00000000000002dc | 0x0000000000000039 | 0x0000560385bcc226 |
 ├────────────────────┼────────────────────┼────────────────────┤
 | 0x0000000000000300 | 0x000000000000001b | 0x0000560385bcc226 |
 ├────────────────────┼────────────────────┼────────────────────┤
 | 0x0000000000000312 | 0x0000000000000020 | 0x0000560385bcc226 |
 ├────────────────────┼────────────────────┼────────────────────┤
 | 0x0000000000000336 | 0x0000000000000008 | 0x0000560385bcc226 |
 ├────────────────────┼────────────────────┼────────────────────┤
 | 0x00000000000003be | 0x0000000000000012 | 0x0000560385bcc226 |
 ├────────────────────┼────────────────────┼────────────────────┤
 | 0x0000000000000311 | 0x0000000000000035 | 0x0000560385bcc226 |
 ├────────────────────┼────────────────────┼────────────────────┤
 | 0x0000000000000318 | 0x0000000000000018 | 0x0000560385bcc226 |
 ├────────────────────┼────────────────────┼────────────────────┤
 | 0x0000000000000327 | 0x0000000000000018 | 0x0000560385bcc226 |
 ├────────────────────┼────────────────────┼────────────────────┤
 | 0x000000000000032e | 0x0000000000000017 | 0x0000560385bcc226 |
 ├────────────────────┼────────────────────┼────────────────────┤
 | 0x000000000000034b | 0x0000000000000031 | 0x0000560385bcc226 |
 ├────────────────────┼────────────────────┼────────────────────┤
 | 0x0000000000000388 | 0x0000000000000026 | 0x0000560385bcc226 |
 ├────────────────────┼────────────────────┼────────────────────┤
 | 0x0000000000000393 | 0x0000000000000022 | 0x0000560385bcc226 |
 ├────────────────────┼────────────────────┼────────────────────┤
 | 0x00000000000003da | 0x0000000000000037 | 0x0000560385bcc226 |
 ├────────────────────┼────────────────────┼────────────────────┤
 | 0x0000000000000326 | 0x0000000000000020 | 0x0000560385bcc226 |
 ├────────────────────┼────────────────────┼────────────────────┤
 | 0x000000000000032f | 0x000000000000003f | 0x0000560385bcc226 |
 ├────────────────────┼────────────────────┼────────────────────┤
 | 0x0000000000000358 | 0x000000000000003a | 0x0000560385bcc226 |
 ├────────────────────┼────────────────────┼────────────────────┤
 | 0x0000000000000375 | 0x0000000000000032 | 0x0000560385bcc226 |
 ├────────────────────┼────────────────────┼────────────────────┤
 | 0x00000000000003c1 | 0x0000000000000039 | 0x0000560385bcc226 |
 ├────────────────────┼────────────────────┼────────────────────┤
 | 0x00000000000003d3 | 0x0000000000000009 | 0x0000560385bcc226 |
 └────────────────────┴────────────────────┴────────────────────┘
Filter table end
Accumulation table begin
 ┌────────────────────┬────────────────────┬────────────────────┬────────────────────┬──────────────────────────────────────────────────────────────────────────────────────────────────────────────────────────────────┬─────────────────────────────────────────────────────────────────────────────────────────────────────────────────────────────────────────────────────────────────────────────┐
 | RegionNum          | Trigger            | Second             | PC                 | Pattern                                                                                                                          | Order                                                                                                                                                                       |
 ├────────────────────┼────────────────────┼────────────────────┼────────────────────┼──────────────────────────────────────────────────────────────────────────────────────────────────────────────────────────────────┼─────────────────────────────────────────────────────────────────────────────────────────────────────────────────────────────────────────────────────────────────────────────┤
 | 0x00000000000001ab | 0x0000000000000037 | 0x000000000000003f | 0x0000560385bcc226 | 0 0 0 0 0 0 0 0 0 0 0 0 0 0 0 0 0 0 0 0 0 0 0 0 0 0 0 0 0 0 0 0 0 0 0 0 0 0 0 0 0 0 0 0 0 0 0 0 0 0 0 0 0 0 0 1 0 0 0 0 0 0 0 1  | 0 0 0 0 0 0 0 0 0 0 0 0 0 0 0 0 0 0 0 0 0 0 0 0 0 0 0 0 0 0 0 0 0 0 0 0 0 0 0 0 0 0 0 0 0 0 0 0 0 0 0 0 0 0 0 1 0 0 0 0 0 0 0 2                                             |
 ├────────────────────┼────────────────────┼────────────────────┼────────────────────┼──────────────────────────────────────────────────────────────────────────────────────────────────────────────────────────────────┼─────────────────────────────────────────────────────────────────────────────────────────────────────────────────────────────────────────────────────────────────────────────┤
 | 0x0000000000000530 | 0x000000000000002d | 0x0000000000000012 | 0x0000560385bcc226 | 0 0 0 0 0 0 0 0 0 0 0 0 0 0 0 0 0 0 1 0 0 0 0 0 0 1 0 0 0 0 0 0 0 0 0 0 0 0 0 0 0 0 0 0 0 1 0 0 0 0 0 0 0 0 0 0 0 0 0 0 0 0 0 0  | 0 0 0 0 0 0 0 0 0 0 0 0 0 0 0 0 0 0 2 0 0 0 0 0 0 3 0 0 0 0 0 0 0 0 0 0 0 0 0 0 0 0 0 0 0 1 0 0 0 0 0 0 0 0 0 0 0 0 0 0 0 0 0 0                                             |
 ├────────────────────┼────────────────────┼────────────────────┼────────────────────┼──────────────────────────────────────────────────────────────────────────────────────────────────────────────────────────────────┼─────────────────────────────────────────────────────────────────────────────────────────────────────────────────────────────────────────────────────────────────────────────┤
 | 0x0000000000000240 | 0x0000000000000002 | 0x000000000000001a | 0x0000560385bcc226 | 0 0 1 0 0 0 0 0 0 0 0 0 0 0 0 0 0 0 0 0 0 0 0 0 0 0 1 0 0 0 0 0 0 0 0 0 0 0 0 0 0 0 0 0 0 0 0 0 0 0 0 0 0 0 0 0 0 0 0 0 0 0 1 0  | 0 0 1 0 0 0 0 0 0 0 0 0 0 0 0 0 0 0 0 0 0 0 0 0 0 0 2 0 0 0 0 0 0 0 0 0 0 0 0 0 0 0 0 0 0 0 0 0 0 0 0 0 0 0 0 0 0 0 0 0 0 0 3 0                                             |
 ├────────────────────┼────────────────────┼────────────────────┼────────────────────┼──────────────────────────────────────────────────────────────────────────────────────────────────────────────────────────────────┼─────────────────────────────────────────────────────────────────────────────────────────────────────────────────────────────────────────────────────────────────────────────┤
 | 0x00000000000004fe | 0x0000000000000007 | 0x0000000000000000 | 0x0000560385bcc226 | 1 0 0 0 0 0 0 1 0 0 0 0 0 0 0 0 0 1 0 0 0 0 0 0 0 0 0 0 0 0 0 0 0 0 0 0 0 0 0 0 0 0 0 0 0 0 0 0 0 0 0 0 0 0 0 0 0 0 0 0 0 0 0 0  | 2 0 0 0 0 0 0 1 0 0 0 0 0 0 0 0 0 3 0 0 0 0 0 0 0 0 0 0 0 0 0 0 0 0 0 0 0 0 0 0 0 0 0 0 0 0 0 0 0 0 0 0 0 0 0 0 0 0 0 0 0 0 0 0                                             |
 ├────────────────────┼────────────────────┼────────────────────┼────────────────────┼──────────────────────────────────────────────────────────────────────────────────────────────────────────────────────────────────┼─────────────────────────────────────────────────────────────────────────────────────────────────────────────────────────────────────────────────────────────────────────────┤
 | 0x0000000000000317 | 0x0000000000000035 | 0x000000000000001d | 0x0000560385bcc226 | 0 0 0 0 0 0 0 0 0 0 0 0 0 0 0 0 0 0 0 0 0 0 0 0 0 0 0 0 0 1 0 0 0 0 0 0 0 0 0 0 0 0 0 0 0 0 0 0 0 0 0 0 0 1 0 0 0 0 0 0 0 0 0 0  | 0 0 0 0 0 0 0 0 0 0 0 0 0 0 0 0 0 0 0 0 0 0 0 0 0 0 0 0 0 2 0 0 0 0 0 0 0 0 0 0 0 0 0 0 0 0 0 0 0 0 0 0 0 1 0 0 0 0 0 0 0 0 0 0                                             |
 ├────────────────────┼────────────────────┼────────────────────┼────────────────────┼──────────────────────────────────────────────────────────────────────────────────────────────────────────────────────────────────┼─────────────────────────────────────────────────────────────────────────────────────────────────────────────────────────────────────────────────────────────────────────────┤
 | 0x0000000000000173 | 0x000000000000002a | 0x0000000000000019 | 0x0000560385bcc226 | 0 0 0 0 0 0 0 0 0 0 0 0 0 0 0 0 0 0 0 0 0 0 0 0 0 1 0 0 0 0 0 0 0 0 0 0 0 0 0 0 0 0 1 0 0 0 0 0 0 0 0 0 0 0 0 0 0 0 0 0 0 0 0 0  | 0 0 0 0 0 0 0 0 0 0 0 0 0 0 0 0 0 0 0 0 0 0 0 0 0 2 0 0 0 0 0 0 0 0 0 0 0 0 0 0 0 0 1 0 0 0 0 0 0 0 0 0 0 0 0 0 0 0 0 0 0 0 0 0                                             |
 ├────────────────────┼────────────────────┼────────────────────┼────────────────────┼──────────────────────────────────────────────────────────────────────────────────────────────────────────────────────────────────┼─────────────────────────────────────────────────────────────────────────────────────────────────────────────────────────────────────────────────────────────────────────────┤
 | 0x0000000000000344 | 0x0000000000000009 | 0x000000000000003c | 0x0000560385bcc226 | 0 0 0 0 0 0 0 0 0 1 0 0 0 0 0 0 0 0 0 0 0 0 0 0 0 0 0 0 0 0 0 0 0 0 0 0 0 0 0 0 0 0 1 0 0 0 0 0 0 0 0 0 0 0 0 0 0 0 0 0 1 0 0 0  | 0 0 0 0 0 0 0 0 0 1 0 0 0 0 0 0 0 0 0 0 0 0 0 0 0 0 0 0 0 0 0 0 0 0 0 0 0 0 0 0 0 0 3 0 0 0 0 0 0 0 0 0 0 0 0 0 0 0 0 0 2 0 0 0                                             |
 ├────────────────────┼────────────────────┼────────────────────┼────────────────────┼──────────────────────────────────────────────────────────────────────────────────────────────────────────────────────────────────┼─────────────────────────────────────────────────────────────────────────────────────────────────────────────────────────────────────────────────────────────────────────────┤
 | 0x00000000000003a3 | 0x0000000000000003 | 0x0000000000000000 | 0x0000560385bcc226 | 1 0 0 1 0 0 0 0 0 0 0 0 0 0 0 0 0 0 0 0 0 0 0 0 0 0 0 0 0 0 0 0 0 0 0 0 0 0 0 0 0 0 0 0 0 0 0 0 0 0 0 0 0 0 0 0 0 0 0 0 0 0 0 0  | 2 0 0 1 0 0 0 0 0 0 0 0 0 0 0 0 0 0 0 0 0 0 0 0 0 0 0 0 0 0 0 0 0 0 0 0 0 0 0 0 0 0 0 0 0 0 0 0 0 0 0 0 0 0 0 0 0 0 0 0 0 0 0 0                                             |
 ├────────────────────┼────────────────────┼────────────────────┼────────────────────┼──────────────────────────────────────────────────────────────────────────────────────────────────────────────────────────────────┼─────────────────────────────────────────────────────────────────────────────────────────────────────────────────────────────────────────────────────────────────────────────┤
 | 0x00000000000001f9 | 0x0000000000000034 | 0x000000000000001c | 0x0000560385bcc226 | 0 0 0 0 0 0 0 0 0 0 0 0 0 0 0 0 0 0 0 0 0 0 0 0 0 0 0 0 1 0 0 0 0 0 0 0 0 0 0 0 0 0 0 0 0 0 0 0 0 0 0 0 1 0 0 0 0 0 0 0 0 0 0 0  | 0 0 0 0 0 0 0 0 0 0 0 0 0 0 0 0 0 0 0 0 0 0 0 0 0 0 0 0 2 0 0 0 0 0 0 0 0 0 0 0 0 0 0 0 0 0 0 0 0 0 0 0 1 0 0 0 0 0 0 0 0 0 0 0                                             |
 ├────────────────────┼────────────────────┼────────────────────┼────────────────────┼──────────────────────────────────────────────────────────────────────────────────────────────────────────────────────────────────┼─────────────────────────────────────────────────────────────────────────────────────────────────────────────────────────────────────────────────────────────────────────────┤
 | 0x0000000000000209 | 0x0000000000000006 | 0x0000000000000016 | 0x0000560385bcc226 | 0 0 0 0 0 0 1 0 0 0 0 0 0 0 0 0 0 0 0 0 0 0 1 0 0 0 0 0 0 0 0 0 0 0 0 0 0 0 0 0 0 0 0 0 0 0 0 0 0 0 0 0 0 0 0 0 0 0 0 0 0 0 0 0  | 0 0 0 0 0 0 1 0 0 0 0 0 0 0 0 0 0 0 0 0 0 0 2 0 0 0 0 0 0 0 0 0 0 0 0 0 0 0 0 0 0 0 0 0 0 0 0 0 0 0 0 0 0 0 0 0 0 0 0 0 0 0 0 0                                             |
 ├────────────────────┼────────────────────┼────────────────────┼────────────────────┼──────────────────────────────────────────────────────────────────────────────────────────────────────────────────────────────────┼─────────────────────────────────────────────────────────────────────────────────────────────────────────────────────────────────────────────────────────────────────────────┤
 | 0x000000000000050e | 0x0000000000000010 | 0x000000000000001d | 0x0000560385bcc226 | 0 0 0 0 0 0 0 0 0 0 0 0 0 0 0 0 1 0 0 0 0 0 0 0 0 0 0 0 0 1 0 0 0 0 0 0 0 0 0 0 0 0 0 0 0 0 0 0 0 0 0 0 0 0 0 0 0 0 0 0 0 0 0 0  | 0 0 0 0 0 0 0 0 0 0 0 0 0 0 0 0 1 0 0 0 0 0 0 0 0 0 0 0 0 2 0 0 0 0 0 0 0 0 0 0 0 0 0 0 0 0 0 0 0 0 0 0 0 0 0 0 0 0 0 0 0 0 0 0                                             |
 ├────────────────────┼────────────────────┼────────────────────┼────────────────────┼──────────────────────────────────────────────────────────────────────────────────────────────────────────────────────────────────┼─────────────────────────────────────────────────────────────────────────────────────────────────────────────────────────────────────────────────────────────────────────────┤
 | 0x000000000000037a | 0x000000000000003c | 0x0000000000000003 | 0x0000560385bcc226 | 0 0 0 1 0 0 0 0 0 0 0 0 0 0 0 0 0 0 0 0 0 0 0 0 0 0 0 0 0 0 0 0 0 0 0 0 0 0 0 0 0 0 0 0 0 0 0 0 0 0 0 0 0 0 0 0 0 0 0 0 1 0 0 0  | 0 0 0 2 0 0 0 0 0 0 0 0 0 0 0 0 0 0 0 0 0 0 0 0 0 0 0 0 0 0 0 0 0 0 0 0 0 0 0 0 0 0 0 0 0 0 0 0 0 0 0 0 0 0 0 0 0 0 0 0 1 0 0 0                                             |
 ├────────────────────┼────────────────────┼────────────────────┼────────────────────┼──────────────────────────────────────────────────────────────────────────────────────────────────────────────────────────────────┼─────────────────────────────────────────────────────────────────────────────────────────────────────────────────────────────────────────────────────────────────────────────┤
 | 0x00000000000001eb | 0x0000000000000018 | 0x000000000000002b | 0x0000560385bcc226 | 0 0 0 0 0 0 0 0 0 0 0 0 0 0 0 0 0 0 0 0 0 0 0 0 1 0 0 0 0 0 0 0 0 0 0 0 0 0 0 0 0 0 0 1 0 0 0 0 0 0 0 0 0 0 0 0 0 0 0 0 0 0 0 0  | 0 0 0 0 0 0 0 0 0 0 0 0 0 0 0 0 0 0 0 0 0 0 0 0 1 0 0 0 0 0 0 0 0 0 0 0 0 0 0 0 0 0 0 2 0 0 0 0 0 0 0 0 0 0 0 0 0 0 0 0 0 0 0 0                                             |
 ├────────────────────┼────────────────────┼────────────────────┼────────────────────┼──────────────────────────────────────────────────────────────────────────────────────────────────────────────────────────────────┼─────────────────────────────────────────────────────────────────────────────────────────────────────────────────────────────────────────────────────────────────────────────┤
 | 0x000000000000021b | 0x000000000000001c | 0x0000000000000022 | 0x0000560385bcc226 | 0 0 0 0 0 0 0 0 0 0 0 0 0 0 0 0 0 0 0 1 0 0 0 0 0 0 0 0 1 0 0 0 0 0 1 0 0 0 0 1 0 0 0 0 0 0 0 0 0 0 1 0 0 0 0 0 0 0 0 0 0 0 0 0  | 0 0 0 0 0 0 0 0 0 0 0 0 0 0 0 0 0 0 0 3 0 0 0 0 0 0 0 0 1 0 0 0 0 0 2 0 0 0 0 5 0 0 0 0 0 0 0 0 0 0 4 0 0 0 0 0 0 0 0 0 0 0 0 0                                             |
 ├────────────────────┼────────────────────┼────────────────────┼────────────────────┼──────────────────────────────────────────────────────────────────────────────────────────────────────────────────────────────────┼─────────────────────────────────────────────────────────────────────────────────────────────────────────────────────────────────────────────────────────────────────────────┤
 | 0x0000000000000357 | 0x0000000000000004 | 0x0000000000000024 | 0x0000560385bcc226 | 0 0 0 0 1 0 0 0 0 0 0 0 0 0 0 0 0 0 0 0 0 0 0 0 0 0 0 0 0 0 0 0 0 0 0 0 1 0 0 0 0 0 0 0 0 0 0 0 0 0 0 0 0 0 0 0 0 0 0 0 0 0 0 0  | 0 0 0 0 1 0 0 0 0 0 0 0 0 0 0 0 0 0 0 0 0 0 0 0 0 0 0 0 0 0 0 0 0 0 0 0 2 0 0 0 0 0 0 0 0 0 0 0 0 0 0 0 0 0 0 0 0 0 0 0 0 0 0 0                                             |
 ├────────────────────┼────────────────────┼────────────────────┼────────────────────┼──────────────────────────────────────────────────────────────────────────────────────────────────────────────────────────────────┼─────────────────────────────────────────────────────────────────────────────────────────────────────────────────────────────────────────────────────────────────────────────┤
 | 0x0000000000000277 | 0x000000000000001b | 0x000000000000001f | 0x0000560385bcc226 | 0 0 0 0 0 0 0 0 0 0 0 0 0 0 0 0 0 0 0 0 0 0 0 0 0 0 0 1 0 0 0 1 0 0 0 0 0 0 0 0 0 0 0 0 0 0 0 0 0 0 0 0 0 0 0 0 0 0 0 0 0 0 0 0  | 0 0 0 0 0 0 0 0 0 0 0 0 0 0 0 0 0 0 0 0 0 0 0 0 0 0 0 1 0 0 0 2 0 0 0 0 0 0 0 0 0 0 0 0 0 0 0 0 0 0 0 0 0 0 0 0 0 0 0 0 0 0 0 0                                             |
 ├────────────────────┼────────────────────┼────────────────────┼────────────────────┼──────────────────────────────────────────────────────────────────────────────────────────────────────────────────────────────────┼─────────────────────────────────────────────────────────────────────────────────────────────────────────────────────────────────────────────────────────────────────────────┤
 | 0x00000000000003df | 0x000000000000000d | 0x0000000000000025 | 0x0000560385bcc226 | 0 0 0 0 0 0 0 0 0 0 0 0 0 1 0 0 0 0 0 0 0 0 0 0 0 0 0 0 0 0 0 0 0 0 0 0 0 1 0 0 0 0 0 0 0 0 0 0 0 0 0 0 0 0 0 0 0 0 0 0 0 0 0 0  | 0 0 0 0 0 0 0 0 0 0 0 0 0 1 0 0 0 0 0 0 0 0 0 0 0 0 0 0 0 0 0 0 0 0 0 0 0 2 0 0 0 0 0 0 0 0 0 0 0 0 0 0 0 0 0 0 0 0 0 0 0 0 0 0                                             |
 ├────────────────────┼────────────────────┼────────────────────┼────────────────────┼──────────────────────────────────────────────────────────────────────────────────────────────────────────────────────────────────┼─────────────────────────────────────────────────────────────────────────────────────────────────────────────────────────────────────────────────────────────────────────────┤
 | 0x00000000000003a8 | 0x000000000000001d | 0x0000000000000030 | 0x0000560385bcc226 | 0 0 0 0 0 0 0 0 0 0 0 0 0 0 0 0 0 0 0 0 0 0 0 0 0 0 0 0 0 1 0 0 0 0 0 0 0 0 0 0 0 0 0 0 0 0 0 0 1 0 0 0 0 0 0 0 0 0 0 0 0 0 0 1  | 0 0 0 0 0 0 0 0 0 0 0 0 0 0 0 0 0 0 0 0 0 0 0 0 0 0 0 0 0 1 0 0 0 0 0 0 0 0 0 0 0 0 0 0 0 0 0 0 2 0 0 0 0 0 0 0 0 0 0 0 0 0 0 3                                             |
 ├────────────────────┼────────────────────┼────────────────────┼────────────────────┼──────────────────────────────────────────────────────────────────────────────────────────────────────────────────────────────────┼─────────────────────────────────────────────────────────────────────────────────────────────────────────────────────────────────────────────────────────────────────────────┤
 | 0x0000000000000196 | 0x000000000000001b | 0x000000000000002a | 0x0000560385bcc226 | 0 0 0 0 0 0 0 0 0 0 0 0 0 0 0 0 0 0 0 0 0 0 0 0 0 0 0 1 0 0 0 0 0 0 0 0 0 0 0 0 0 0 1 0 0 0 0 0 0 0 0 0 0 0 0 0 0 0 0 0 0 0 0 0  | 0 0 0 0 0 0 0 0 0 0 0 0 0 0 0 0 0 0 0 0 0 0 0 0 0 0 0 1 0 0 0 0 0 0 0 0 0 0 0 0 0 0 2 0 0 0 0 0 0 0 0 0 0 0 0 0 0 0 0 0 0 0 0 0                                             |
 ├────────────────────┼────────────────────┼────────────────────┼────────────────────┼──────────────────────────────────────────────────────────────────────────────────────────────────────────────────────────────────┼─────────────────────────────────────────────────────────────────────────────────────────────────────────────────────────────────────────────────────────────────────────────┤
 | 0x000000000000012b | 0x000000000000000f | 0x0000000000000010 | 0x00001493ffb693e0 | 0 0 0 0 0 0 0 0 0 1 1 1 1 1 1 1 1 1 1 1 1 1 1 0 0 0 1 0 0 0 0 0 0 0 0 0 0 0 0 0 0 0 0 0 0 0 0 0 0 0 0 0 0 0 0 0 0 0 0 0 0 0 0 0  | 0 0 0 0 0 0 0 0 0 15 14 13 11 10 3 1 2 12 4 6 5 9 8 0 0 0 7 0 0 0 0 0 0 0 0 0 0 0 0 0 0 0 0 0 0 0 0 0 0 0 0 0 0 0 0 0 0 0 0 0 0 0 0 0                                       |
 ├────────────────────┼────────────────────┼────────────────────┼────────────────────┼──────────────────────────────────────────────────────────────────────────────────────────────────────────────────────────────────┼─────────────────────────────────────────────────────────────────────────────────────────────────────────────────────────────────────────────────────────────────────────────┤
 | 0x00000000000001b2 | 0x0000000000000007 | 0x000000000000002b | 0x0000560385bcc226 | 0 0 0 0 0 0 0 1 0 0 0 0 0 0 0 0 0 0 0 0 0 0 0 0 0 0 0 0 0 0 0 0 0 0 0 0 0 0 0 0 0 0 0 1 0 0 0 0 0 0 0 0 0 0 0 0 0 0 0 0 0 0 0 0  | 0 0 0 0 0 0 0 1 0 0 0 0 0 0 0 0 0 0 0 0 0 0 0 0 0 0 0 0 0 0 0 0 0 0 0 0 0 0 0 0 0 0 0 2 0 0 0 0 0 0 0 0 0 0 0 0 0 0 0 0 0 0 0 0                                             |
 ├────────────────────┼────────────────────┼────────────────────┼────────────────────┼──────────────────────────────────────────────────────────────────────────────────────────────────────────────────────────────────┼─────────────────────────────────────────────────────────────────────────────────────────────────────────────────────────────────────────────────────────────────────────────┤
 | 0x00000000000001de | 0x0000000000000005 | 0x0000000000000004 | 0x0000560385bcc226 | 0 0 0 0 1 1 0 0 0 0 0 0 0 0 0 0 0 0 0 0 0 0 0 0 0 0 0 0 0 0 0 0 0 0 0 0 0 0 0 0 0 1 0 0 0 0 0 0 0 0 0 0 0 0 0 0 0 0 0 1 0 0 0 0  | 0 0 0 0 2 1 0 0 0 0 0 0 0 0 0 0 0 0 0 0 0 0 0 0 0 0 0 0 0 0 0 0 0 0 0 0 0 0 0 0 0 4 0 0 0 0 0 0 0 0 0 0 0 0 0 0 0 0 0 3 0 0 0 0                                             |
 ├────────────────────┼────────────────────┼────────────────────┼────────────────────┼──────────────────────────────────────────────────────────────────────────────────────────────────────────────────────────────────┼─────────────────────────────────────────────────────────────────────────────────────────────────────────────────────────────────────────────────────────────────────────────┤
 | 0x00000000000002f6 | 0x0000000000000010 | 0x0000000000000018 | 0x0000560385bcc226 | 0 0 0 0 0 0 0 0 0 0 0 0 0 1 0 0 1 0 0 0 0 0 0 0 1 0 0 0 0 0 0 0 0 0 0 0 1 0 0 0 0 0 0 0 0 0 0 0 0 0 0 0 0 0 0 0 0 0 0 0 0 0 0 0  | 0 0 0 0 0 0 0 0 0 0 0 0 0 3 0 0 1 0 0 0 0 0 0 0 2 0 0 0 0 0 0 0 0 0 0 0 4 0 0 0 0 0 0 0 0 0 0 0 0 0 0 0 0 0 0 0 0 0 0 0 0 0 0 0                                             |
 ├────────────────────┼────────────────────┼────────────────────┼────────────────────┼──────────────────────────────────────────────────────────────────────────────────────────────────────────────────────────────────┼─────────────────────────────────────────────────────────────────────────────────────────────────────────────────────────────────────────────────────────────────────────────┤
 | 0x0000000000000171 | 0x0000000000000029 | 0x000000000000000f | 0x0000560385bcc226 | 0 0 0 0 0 0 0 0 0 0 0 0 0 0 0 1 0 0 0 0 0 0 0 0 0 0 0 0 0 0 0 0 0 0 0 0 0 0 0 0 0 1 0 0 0 0 0 0 0 0 0 0 0 0 0 0 0 0 0 0 0 0 0 0  | 0 0 0 0 0 0 0 0 0 0 0 0 0 0 0 2 0 0 0 0 0 0 0 0 0 0 0 0 0 0 0 0 0 0 0 0 0 0 0 0 0 1 0 0 0 0 0 0 0 0 0 0 0 0 0 0 0 0 0 0 0 0 0 0                                             |
 ├────────────────────┼────────────────────┼────────────────────┼────────────────────┼──────────────────────────────────────────────────────────────────────────────────────────────────────────────────────────────────┼─────────────────────────────────────────────────────────────────────────────────────────────────────────────────────────────────────────────────────────────────────────────┤
 | 0x00000000000002f7 | 0x0000000000000024 | 0x0000000000000032 | 0x0000560385bcc226 | 0 0 0 0 0 0 0 0 0 0 0 0 0 0 0 0 0 0 0 0 0 0 0 0 0 0 0 0 0 0 0 0 0 0 1 0 1 0 0 0 0 0 0 0 0 0 0 0 0 0 1 0 0 0 0 0 0 0 0 0 0 0 0 0  | 0 0 0 0 0 0 0 0 0 0 0 0 0 0 0 0 0 0 0 0 0 0 0 0 0 0 0 0 0 0 0 0 0 0 3 0 1 0 0 0 0 0 0 0 0 0 0 0 0 0 2 0 0 0 0 0 0 0 0 0 0 0 0 0                                             |
 ├────────────────────┼────────────────────┼────────────────────┼────────────────────┼──────────────────────────────────────────────────────────────────────────────────────────────────────────────────────────────────┼─────────────────────────────────────────────────────────────────────────────────────────────────────────────────────────────────────────────────────────────────────────────┤
 | 0x000000000000022f | 0x000000000000001b | 0x000000000000001e | 0x0000560385bcc226 | 0 0 0 0 0 0 0 0 0 0 0 0 0 0 0 0 0 0 0 0 0 0 0 0 0 0 0 1 0 0 1 0 0 0 0 0 0 0 0 0 0 0 0 0 0 0 0 0 0 0 0 0 0 0 0 0 0 0 0 0 0 0 0 0  | 0 0 0 0 0 0 0 0 0 0 0 0 0 0 0 0 0 0 0 0 0 0 0 0 0 0 0 1 0 0 2 0 0 0 0 0 0 0 0 0 0 0 0 0 0 0 0 0 0 0 0 0 0 0 0 0 0 0 0 0 0 0 0 0                                             |
 ├────────────────────┼────────────────────┼────────────────────┼────────────────────┼──────────────────────────────────────────────────────────────────────────────────────────────────────────────────────────────────┼─────────────────────────────────────────────────────────────────────────────────────────────────────────────────────────────────────────────────────────────────────────────┤
 | 0x0000000000000243 | 0x0000000000000019 | 0x0000000000000013 | 0x0000560385bcc226 | 0 0 0 0 0 0 0 0 0 0 0 0 0 0 0 0 0 0 0 1 0 0 0 0 0 1 0 0 0 0 0 0 0 0 0 0 0 0 0 0 0 0 0 0 0 0 0 0 0 0 0 0 0 0 0 0 0 0 0 0 0 0 0 0  | 0 0 0 0 0 0 0 0 0 0 0 0 0 0 0 0 0 0 0 2 0 0 0 0 0 1 0 0 0 0 0 0 0 0 0 0 0 0 0 0 0 0 0 0 0 0 0 0 0 0 0 0 0 0 0 0 0 0 0 0 0 0 0 0                                             |
 ├────────────────────┼────────────────────┼────────────────────┼────────────────────┼──────────────────────────────────────────────────────────────────────────────────────────────────────────────────────────────────┼─────────────────────────────────────────────────────────────────────────────────────────────────────────────────────────────────────────────────────────────────────────────┤
 | 0x0000000000000202 | 0x000000000000003d | 0x0000000000000015 | 0x0000560385bcc226 | 0 0 0 0 0 0 0 0 0 0 0 0 0 0 0 0 0 0 0 0 0 1 0 0 0 0 0 0 0 0 0 0 0 0 0 0 0 0 0 0 0 0 0 0 0 0 0 0 0 0 0 0 0 0 0 0 0 0 0 0 0 1 0 0  | 0 0 0 0 0 0 0 0 0 0 0 0 0 0 0 0 0 0 0 0 0 2 0 0 0 0 0 0 0 0 0 0 0 0 0 0 0 0 0 0 0 0 0 0 0 0 0 0 0 0 0 0 0 0 0 0 0 0 0 0 0 1 0 0                                             |
 ├────────────────────┼────────────────────┼────────────────────┼────────────────────┼──────────────────────────────────────────────────────────────────────────────────────────────────────────────────────────────────┼─────────────────────────────────────────────────────────────────────────────────────────────────────────────────────────────────────────────────────────────────────────────┤
 | 0x00000000000003a9 | 0x0000000000000011 | 0x0000000000000008 | 0x0000560385bcc226 | 0 0 0 0 0 0 0 0 1 0 0 0 0 0 0 0 0 1 0 0 0 0 0 0 0 0 0 0 0 0 0 0 0 0 0 0 0 0 0 0 0 0 0 0 0 0 0 0 0 0 0 0 0 0 0 0 0 0 0 0 0 0 0 0  | 0 0 0 0 0 0 0 0 2 0 0 0 0 0 0 0 0 1 0 0 0 0 0 0 0 0 0 0 0 0 0 0 0 0 0 0 0 0 0 0 0 0 0 0 0 0 0 0 0 0 0 0 0 0 0 0 0 0 0 0 0 0 0 0                                             |
 ├────────────────────┼────────────────────┼────────────────────┼────────────────────┼──────────────────────────────────────────────────────────────────────────────────────────────────────────────────────────────────┼─────────────────────────────────────────────────────────────────────────────────────────────────────────────────────────────────────────────────────────────────────────────┤
 | 0x000000000001420d | 0x0000000000000009 | 0x000000000000000a | 0x0000560385bcc200 | 0 0 0 0 0 0 0 0 0 1 1 1 1 1 1 1 1 1 1 1 1 1 1 1 1 1 1 1 1 1 1 1 1 1 1 1 1 1 1 1 1 1 1 1 0 0 0 0 0 0 0 0 0 0 0 0 0 0 0 0 0 0 0 0  | 0 0 0 0 0 0 0 0 0 1 2 3 4 5 6 7 8 9 10 11 12 13 14 15 16 17 18 19 20 21 22 23 24 25 26 27 28 29 30 31 32 33 34 35 0 0 0 0 0 0 0 0 0 0 0 0 0 0 0 0 0 0 0 0                   |
 ├────────────────────┼────────────────────┼────────────────────┼────────────────────┼──────────────────────────────────────────────────────────────────────────────────────────────────────────────────────────────────┼─────────────────────────────────────────────────────────────────────────────────────────────────────────────────────────────────────────────────────────────────────────────┤
 | 0x00000000000003d7 | 0x0000000000000001 | 0x0000000000000004 | 0x0000560385bcc1d5 | 0 1 0 0 1 0 0 0 0 0 0 0 0 0 0 0 0 0 0 0 0 0 0 0 0 0 0 0 0 0 0 0 0 0 0 0 0 0 0 0 0 0 0 0 0 0 0 0 0 0 0 0 0 0 0 0 0 0 0 0 0 0 0 0  | 0 1 0 0 2 0 0 0 0 0 0 0 0 0 0 0 0 0 0 0 0 0 0 0 0 0 0 0 0 0 0 0 0 0 0 0 0 0 0 0 0 0 0 0 0 0 0 0 0 0 0 0 0 0 0 0 0 0 0 0 0 0 0 0                                             |
 ├────────────────────┼────────────────────┼────────────────────┼────────────────────┼──────────────────────────────────────────────────────────────────────────────────────────────────────────────────────────────────┼─────────────────────────────────────────────────────────────────────────────────────────────────────────────────────────────────────────────────────────────────────────────┤
 | 0x0000000000000347 | 0x0000000000000021 | 0x000000000000000c | 0x0000560385bcc226 | 0 0 0 0 0 0 0 0 0 0 0 0 1 0 0 0 0 0 0 0 0 0 0 0 0 0 0 0 0 0 0 0 0 1 0 0 1 0 0 0 0 0 0 0 0 0 0 0 0 0 0 0 0 0 0 0 0 0 0 0 0 0 0 0  | 0 0 0 0 0 0 0 0 0 0 0 0 2 0 0 0 0 0 0 0 0 0 0 0 0 0 0 0 0 0 0 0 0 1 0 0 3 0 0 0 0 0 0 0 0 0 0 0 0 0 0 0 0 0 0 0 0 0 0 0 0 0 0 0                                             |
 ├────────────────────┼────────────────────┼────────────────────┼────────────────────┼──────────────────────────────────────────────────────────────────────────────────────────────────────────────────────────────────┼─────────────────────────────────────────────────────────────────────────────────────────────────────────────────────────────────────────────────────────────────────────────┤
 | 0x00000000000003d9 | 0x0000000000000007 | 0x000000000000000d | 0x0000560385bcc226 | 0 0 0 0 0 0 0 1 0 0 0 0 0 1 0 0 0 0 0 0 0 0 0 0 0 0 0 0 0 0 0 0 0 0 0 0 0 0 0 0 0 0 0 0 0 0 0 0 0 0 0 0 0 0 0 0 0 0 0 0 0 0 0 0  | 0 0 0 0 0 0 0 1 0 0 0 0 0 2 0 0 0 0 0 0 0 0 0 0 0 0 0 0 0 0 0 0 0 0 0 0 0 0 0 0 0 0 0 0 0 0 0 0 0 0 0 0 0 0 0 0 0 0 0 0 0 0 0 0                                             |
 ├────────────────────┼────────────────────┼────────────────────┼────────────────────┼──────────────────────────────────────────────────────────────────────────────────────────────────────────────────────────────────┼─────────────────────────────────────────────────────────────────────────────────────────────────────────────────────────────────────────────────────────────────────────────┤
 | 0x0000000000000228 | 0x000000000000000c | 0x0000000000000022 | 0x0000560385bcc226 | 0 0 0 0 0 0 0 0 0 0 0 0 1 0 0 0 0 0 0 0 0 0 0 0 0 0 0 0 0 0 0 0 0 0 1 0 0 0 0 0 0 0 0 0 0 0 0 0 0 0 0 0 0 0 0 0 0 0 0 0 0 0 0 0  | 0 0 0 0 0 0 0 0 0 0 0 0 1 0 0 0 0 0 0 0 0 0 0 0 0 0 0 0 0 0 0 0 0 0 2 0 0 0 0 0 0 0 0 0 0 0 0 0 0 0 0 0 0 0 0 0 0 0 0 0 0 0 0 0                                             |
 ├────────────────────┼────────────────────┼────────────────────┼────────────────────┼──────────────────────────────────────────────────────────────────────────────────────────────────────────────────────────────────┼─────────────────────────────────────────────────────────────────────────────────────────────────────────────────────────────────────────────────────────────────────────────┤
 | 0x000000000000027b | 0x000000000000000f | 0x0000000000000012 | 0x0000560385bcc226 | 0 0 0 0 0 0 0 0 0 0 0 0 0 0 0 1 0 0 1 0 0 0 0 0 0 0 0 0 0 0 0 0 0 0 0 0 0 0 0 0 0 0 0 0 0 0 0 0 0 0 0 0 0 0 0 0 0 0 0 0 0 0 0 0  | 0 0 0 0 0 0 0 0 0 0 0 0 0 0 0 1 0 0 2 0 0 0 0 0 0 0 0 0 0 0 0 0 0 0 0 0 0 0 0 0 0 0 0 0 0 0 0 0 0 0 0 0 0 0 0 0 0 0 0 0 0 0 0 0                                             |
 ├────────────────────┼────────────────────┼────────────────────┼────────────────────┼──────────────────────────────────────────────────────────────────────────────────────────────────────────────────────────────────┼─────────────────────────────────────────────────────────────────────────────────────────────────────────────────────────────────────────────────────────────────────────────┤
 | 0x00000000000004a0 | 0x000000000000002b | 0x0000000000000018 | 0x0000560385bcc226 | 0 0 0 0 0 0 0 0 0 0 0 0 0 0 0 0 0 0 0 0 0 0 0 0 1 0 0 0 0 0 0 0 0 0 0 0 0 0 0 0 0 0 0 1 0 0 0 0 0 0 0 0 0 0 0 0 0 0 0 0 0 0 0 0  | 0 0 0 0 0 0 0 0 0 0 0 0 0 0 0 0 0 0 0 0 0 0 0 0 2 0 0 0 0 0 0 0 0 0 0 0 0 0 0 0 0 0 0 1 0 0 0 0 0 0 0 0 0 0 0 0 0 0 0 0 0 0 0 0                                             |
 ├────────────────────┼────────────────────┼────────────────────┼────────────────────┼──────────────────────────────────────────────────────────────────────────────────────────────────────────────────────────────────┼─────────────────────────────────────────────────────────────────────────────────────────────────────────────────────────────────────────────────────────────────────────────┤
 | 0x0000000000000301 | 0x0000000000000027 | 0x0000000000000039 | 0x0000560385bcc226 | 0 0 0 0 0 0 0 0 0 0 0 0 0 0 0 0 0 0 0 0 0 0 0 0 0 0 0 0 0 0 0 0 0 0 0 0 0 0 0 1 0 0 0 0 0 0 0 0 0 0 0 0 0 0 0 0 0 1 0 0 0 0 0 0  | 0 0 0 0 0 0 0 0 0 0 0 0 0 0 0 0 0 0 0 0 0 0 0 0 0 0 0 0 0 0 0 0 0 0 0 0 0 0 0 1 0 0 0 0 0 0 0 0 0 0 0 0 0 0 0 0 0 2 0 0 0 0 0 0                                             |
 ├────────────────────┼────────────────────┼────────────────────┼────────────────────┼──────────────────────────────────────────────────────────────────────────────────────────────────────────────────────────────────┼─────────────────────────────────────────────────────────────────────────────────────────────────────────────────────────────────────────────────────────────────────────────┤
 | 0x0000000000000376 | 0x000000000000000e | 0x0000000000000038 | 0x0000560385bcc226 | 0 0 0 0 0 0 0 0 0 0 0 0 0 0 1 0 0 0 0 0 0 0 0 0 0 0 0 0 0 0 0 0 0 0 0 0 0 0 0 0 0 0 0 0 0 0 0 0 0 0 0 0 0 0 0 0 1 0 0 0 0 0 0 0  | 0 0 0 0 0 0 0 0 0 0 0 0 0 0 1 0 0 0 0 0 0 0 0 0 0 0 0 0 0 0 0 0 0 0 0 0 0 0 0 0 0 0 0 0 0 0 0 0 0 0 0 0 0 0 0 0 2 0 0 0 0 0 0 0                                             |
 ├────────────────────┼────────────────────┼────────────────────┼────────────────────┼──────────────────────────────────────────────────────────────────────────────────────────────────────────────────────────────────┼─────────────────────────────────────────────────────────────────────────────────────────────────────────────────────────────────────────────────────────────────────────────┤
 | 0x000000000000016c | 0x000000000000001a | 0x0000000000000012 | 0x0000560385bcc226 | 0 0 0 0 0 0 0 0 0 0 0 0 0 0 0 0 0 0 1 0 0 0 0 0 0 0 1 0 0 0 0 0 0 0 0 0 0 0 0 0 0 0 0 0 0 0 0 0 0 0 0 0 0 0 0 0 0 0 0 0 0 0 0 0  | 0 0 0 0 0 0 0 0 0 0 0 0 0 0 0 0 0 0 2 0 0 0 0 0 0 0 1 0 0 0 0 0 0 0 0 0 0 0 0 0 0 0 0 0 0 0 0 0 0 0 0 0 0 0 0 0 0 0 0 0 0 0 0 0                                             |
 ├────────────────────┼────────────────────┼────────────────────┼────────────────────┼──────────────────────────────────────────────────────────────────────────────────────────────────────────────────────────────────┼─────────────────────────────────────────────────────────────────────────────────────────────────────────────────────────────────────────────────────────────────────────────┤
 | 0x00000000000002eb | 0x000000000000003f | 0x0000000000000008 | 0x0000560385bcc226 | 0 0 0 0 0 0 0 0 1 0 0 0 0 0 0 0 0 0 0 0 0 0 0 0 0 0 0 0 0 0 0 0 0 0 0 0 0 0 0 0 0 0 0 0 0 0 0 0 0 0 0 0 0 0 0 0 0 0 0 0 0 0 0 1  | 0 0 0 0 0 0 0 0 2 0 0 0 0 0 0 0 0 0 0 0 0 0 0 0 0 0 0 0 0 0 0 0 0 0 0 0 0 0 0 0 0 0 0 0 0 0 0 0 0 0 0 0 0 0 0 0 0 0 0 0 0 0 0 1                                             |
 ├────────────────────┼────────────────────┼────────────────────┼────────────────────┼──────────────────────────────────────────────────────────────────────────────────────────────────────────────────────────────────┼─────────────────────────────────────────────────────────────────────────────────────────────────────────────────────────────────────────────────────────────────────────────┤
 | 0x000000000000037e | 0x0000000000000002 | 0x0000000000000038 | 0x0000560385bcc226 | 0 0 1 0 0 0 0 0 0 0 0 0 0 0 0 0 0 0 0 0 0 0 0 0 0 0 0 0 0 0 0 0 0 0 0 0 0 0 0 0 0 0 0 0 0 0 0 0 0 0 0 0 0 0 0 0 1 0 0 0 0 0 0 0  | 0 0 1 0 0 0 0 0 0 0 0 0 0 0 0 0 0 0 0 0 0 0 0 0 0 0 0 0 0 0 0 0 0 0 0 0 0 0 0 0 0 0 0 0 0 0 0 0 0 0 0 0 0 0 0 0 2 0 0 0 0 0 0 0                                             |
 ├────────────────────┼────────────────────┼────────────────────┼────────────────────┼──────────────────────────────────────────────────────────────────────────────────────────────────────────────────────────────────┼─────────────────────────────────────────────────────────────────────────────────────────────────────────────────────────────────────────────────────────────────────────────┤
 | 0x0000000000000365 | 0x0000000000000024 | 0x0000000000000015 | 0x0000560385bcc226 | 0 0 0 0 0 0 0 0 0 0 0 0 0 0 0 0 0 0 0 0 0 1 0 0 0 0 0 0 0 0 0 0 0 0 0 0 1 0 0 0 0 0 0 0 0 0 0 0 0 0 0 0 0 0 0 0 0 0 0 0 0 0 0 0  | 0 0 0 0 0 0 0 0 0 0 0 0 0 0 0 0 0 0 0 0 0 2 0 0 0 0 0 0 0 0 0 0 0 0 0 0 1 0 0 0 0 0 0 0 0 0 0 0 0 0 0 0 0 0 0 0 0 0 0 0 0 0 0 0                                             |
 ├────────────────────┼────────────────────┼────────────────────┼────────────────────┼──────────────────────────────────────────────────────────────────────────────────────────────────────────────────────────────────┼─────────────────────────────────────────────────────────────────────────────────────────────────────────────────────────────────────────────────────────────────────────────┤
 | 0x000000000000031b | 0x0000000000000005 | 0x0000000000000034 | 0x0000560385bcc226 | 0 0 0 0 0 1 0 0 0 0 0 0 0 0 0 0 0 0 0 0 0 0 0 0 0 0 0 0 0 0 0 0 0 0 0 0 0 0 0 0 0 0 0 0 0 0 0 0 0 0 0 0 1 0 0 0 0 0 0 0 0 0 0 0  | 0 0 0 0 0 1 0 0 0 0 0 0 0 0 0 0 0 0 0 0 0 0 0 0 0 0 0 0 0 0 0 0 0 0 0 0 0 0 0 0 0 0 0 0 0 0 0 0 0 0 0 0 2 0 0 0 0 0 0 0 0 0 0 0                                             |
 ├────────────────────┼────────────────────┼────────────────────┼────────────────────┼──────────────────────────────────────────────────────────────────────────────────────────────────────────────────────────────────┼─────────────────────────────────────────────────────────────────────────────────────────────────────────────────────────────────────────────────────────────────────────────┤
 | 0x00000000000002ce | 0x0000000000000013 | 0x000000000000001f | 0x0000560385bcc226 | 0 0 0 0 0 0 0 0 0 0 0 0 0 0 0 0 0 0 0 1 0 0 0 0 0 0 0 0 0 0 0 1 0 0 0 0 0 0 0 0 0 0 0 0 0 0 0 0 0 0 0 0 0 0 0 0 0 0 0 0 0 0 0 0  | 0 0 0 0 0 0 0 0 0 0 0 0 0 0 0 0 0 0 0 1 0 0 0 0 0 0 0 0 0 0 0 2 0 0 0 0 0 0 0 0 0 0 0 0 0 0 0 0 0 0 0 0 0 0 0 0 0 0 0 0 0 0 0 0                                             |
 ├────────────────────┼────────────────────┼────────────────────┼────────────────────┼──────────────────────────────────────────────────────────────────────────────────────────────────────────────────────────────────┼─────────────────────────────────────────────────────────────────────────────────────────────────────────────────────────────────────────────────────────────────────────────┤
 | 0x0000000000000454 | 0x000000000000000a | 0x000000000000003f | 0x0000560385bcc226 | 0 0 0 0 0 0 0 0 0 0 1 0 0 0 0 0 0 0 0 0 0 0 0 0 0 0 0 0 0 0 0 0 0 0 0 0 0 0 0 0 0 0 0 0 0 0 0 0 0 0 0 0 0 0 0 0 0 0 0 0 0 0 0 1  | 0 0 0 0 0 0 0 0 0 0 1 0 0 0 0 0 0 0 0 0 0 0 0 0 0 0 0 0 0 0 0 0 0 0 0 0 0 0 0 0 0 0 0 0 0 0 0 0 0 0 0 0 0 0 0 0 0 0 0 0 0 0 0 2                                             |
 ├────────────────────┼────────────────────┼────────────────────┼────────────────────┼──────────────────────────────────────────────────────────────────────────────────────────────────────────────────────────────────┼─────────────────────────────────────────────────────────────────────────────────────────────────────────────────────────────────────────────────────────────────────────────┤
 | 0x00000000000004a8 | 0x000000000000002c | 0x000000000000002d | 0x0000560385bcc226 | 0 0 0 0 0 0 0 0 0 0 0 0 0 0 0 0 0 0 0 0 0 0 0 0 0 0 0 0 0 0 0 0 0 0 0 0 0 0 0 0 0 0 0 0 1 1 0 0 0 0 1 0 0 0 0 0 0 0 0 1 0 0 0 0  | 0 0 0 0 0 0 0 0 0 0 0 0 0 0 0 0 0 0 0 0 0 0 0 0 0 0 0 0 0 0 0 0 0 0 0 0 0 0 0 0 0 0 0 0 1 2 0 0 0 0 4 0 0 0 0 0 0 0 0 3 0 0 0 0                                             |
 ├────────────────────┼────────────────────┼────────────────────┼────────────────────┼──────────────────────────────────────────────────────────────────────────────────────────────────────────────────────────────────┼─────────────────────────────────────────────────────────────────────────────────────────────────────────────────────────────────────────────────────────────────────────────┤
 | 0x00000000000003ca | 0x0000000000000022 | 0x0000000000000023 | 0x0000560385bcc226 | 0 0 0 0 0 0 0 0 0 0 0 0 0 0 0 0 0 0 0 0 0 0 0 0 0 0 0 0 0 0 0 0 0 0 1 1 0 0 0 0 0 0 0 0 0 0 0 0 0 0 0 0 0 0 0 0 0 0 0 0 0 0 0 0  | 0 0 0 0 0 0 0 0 0 0 0 0 0 0 0 0 0 0 0 0 0 0 0 0 0 0 0 0 0 0 0 0 0 0 1 2 0 0 0 0 0 0 0 0 0 0 0 0 0 0 0 0 0 0 0 0 0 0 0 0 0 0 0 0                                             |
 ├────────────────────┼────────────────────┼────────────────────┼────────────────────┼──────────────────────────────────────────────────────────────────────────────────────────────────────────────────────────────────┼─────────────────────────────────────────────────────────────────────────────────────────────────────────────────────────────────────────────────────────────────────────────┤
 | 0x00000000000002ab | 0x000000000000001c | 0x000000000000002f | 0x0000560385bcc226 | 0 0 0 0 0 0 0 0 0 0 0 0 0 0 0 0 0 0 0 0 0 0 0 0 0 0 0 0 1 0 0 0 0 0 0 0 0 0 0 0 0 0 0 0 0 0 0 1 0 0 0 0 0 0 0 0 0 0 0 0 0 0 0 0  | 0 0 0 0 0 0 0 0 0 0 0 0 0 0 0 0 0 0 0 0 0 0 0 0 0 0 0 0 1 0 0 0 0 0 0 0 0 0 0 0 0 0 0 0 0 0 0 2 0 0 0 0 0 0 0 0 0 0 0 0 0 0 0 0                                             |
 ├────────────────────┼────────────────────┼────────────────────┼────────────────────┼──────────────────────────────────────────────────────────────────────────────────────────────────────────────────────────────────┼─────────────────────────────────────────────────────────────────────────────────────────────────────────────────────────────────────────────────────────────────────────────┤
 | 0x00000000000002df | 0x000000000000001b | 0x000000000000002c | 0x0000560385bcc226 | 0 0 0 0 0 0 0 0 0 0 0 0 0 0 0 0 0 0 0 0 0 0 0 0 0 0 0 1 0 0 0 0 0 0 0 0 0 0 0 0 0 0 0 0 1 1 0 0 0 0 0 0 0 0 0 0 0 0 0 0 0 0 0 0  | 0 0 0 0 0 0 0 0 0 0 0 0 0 0 0 0 0 0 0 0 0 0 0 0 0 0 0 1 0 0 0 0 0 0 0 0 0 0 0 0 0 0 0 0 2 3 0 0 0 0 0 0 0 0 0 0 0 0 0 0 0 0 0 0                                             |
 ├────────────────────┼────────────────────┼────────────────────┼────────────────────┼──────────────────────────────────────────────────────────────────────────────────────────────────────────────────────────────────┼─────────────────────────────────────────────────────────────────────────────────────────────────────────────────────────────────────────────────────────────────────────────┤
 | 0x0000000000000180 | 0x0000000000000032 | 0x0000000000000005 | 0x0000560385bcc226 | 0 0 0 0 0 1 0 0 0 0 0 0 0 0 0 0 0 0 0 0 0 0 0 0 0 0 0 0 0 0 0 0 0 0 0 0 0 0 0 0 0 0 0 0 0 0 0 0 0 0 1 0 0 0 0 0 0 0 0 0 0 0 0 0  | 0 0 0 0 0 2 0 0 0 0 0 0 0 0 0 0 0 0 0 0 0 0 0 0 0 0 0 0 0 0 0 0 0 0 0 0 0 0 0 0 0 0 0 0 0 0 0 0 0 0 1 0 0 0 0 0 0 0 0 0 0 0 0 0                                             |
 ├────────────────────┼────────────────────┼────────────────────┼────────────────────┼──────────────────────────────────────────────────────────────────────────────────────────────────────────────────────────────────┼─────────────────────────────────────────────────────────────────────────────────────────────────────────────────────────────────────────────────────────────────────────────┤
 | 0x000000000000037d | 0x0000000000000014 | 0x0000000000000015 | 0x0000560385bcc226 | 0 0 0 0 0 0 0 0 0 0 0 0 0 0 0 0 0 0 0 0 1 1 0 0 0 0 0 0 0 0 0 0 0 0 0 0 0 0 0 0 0 0 0 0 0 0 0 0 0 0 0 1 0 0 0 0 0 0 0 0 0 1 0 0  | 0 0 0 0 0 0 0 0 0 0 0 0 0 0 0 0 0 0 0 0 1 2 0 0 0 0 0 0 0 0 0 0 0 0 0 0 0 0 0 0 0 0 0 0 0 0 0 0 0 0 0 4 0 0 0 0 0 0 0 0 0 3 0 0                                             |
 ├────────────────────┼────────────────────┼────────────────────┼────────────────────┼──────────────────────────────────────────────────────────────────────────────────────────────────────────────────────────────────┼─────────────────────────────────────────────────────────────────────────────────────────────────────────────────────────────────────────────────────────────────────────────┤
 | 0x0000000000000416 | 0x000000000000003d | 0x000000000000000d | 0x0000560385bcc1d5 | 0 0 0 0 0 0 0 0 0 0 0 0 0 1 0 0 0 0 0 0 0 0 0 0 0 0 0 0 0 0 0 0 0 0 0 0 0 0 0 0 0 0 0 0 0 0 0 0 0 0 0 0 0 0 0 0 0 0 0 0 0 1 0 0  | 0 0 0 0 0 0 0 0 0 0 0 0 0 2 0 0 0 0 0 0 0 0 0 0 0 0 0 0 0 0 0 0 0 0 0 0 0 0 0 0 0 0 0 0 0 0 0 0 0 0 0 0 0 0 0 0 0 0 0 0 0 1 0 0                                             |
 ├────────────────────┼────────────────────┼────────────────────┼────────────────────┼──────────────────────────────────────────────────────────────────────────────────────────────────────────────────────────────────┼─────────────────────────────────────────────────────────────────────────────────────────────────────────────────────────────────────────────────────────────────────────────┤
 | 0x000000000000022a | 0x0000000000000011 | 0x0000000000000024 | 0x0000560385bcc226 | 0 0 0 0 0 0 0 0 0 0 0 0 0 0 0 0 0 1 0 0 0 0 0 0 0 0 0 0 0 0 0 0 0 0 0 0 1 0 0 0 0 0 0 0 0 0 0 0 0 0 0 0 0 0 0 0 0 0 0 0 0 0 0 0  | 0 0 0 0 0 0 0 0 0 0 0 0 0 0 0 0 0 1 0 0 0 0 0 0 0 0 0 0 0 0 0 0 0 0 0 0 2 0 0 0 0 0 0 0 0 0 0 0 0 0 0 0 0 0 0 0 0 0 0 0 0 0 0 0                                             |
 ├────────────────────┼────────────────────┼────────────────────┼────────────────────┼──────────────────────────────────────────────────────────────────────────────────────────────────────────────────────────────────┼─────────────────────────────────────────────────────────────────────────────────────────────────────────────────────────────────────────────────────────────────────────────┤
 | 0x000000000000036f | 0x0000000000000026 | 0x000000000000002e | 0x0000560385bcc226 | 0 0 0 0 0 0 0 0 0 0 0 0 0 0 0 0 0 0 0 0 0 0 0 0 0 0 0 0 0 0 0 0 0 0 0 0 0 0 1 0 0 0 0 0 0 0 1 0 0 0 0 0 0 0 0 0 0 0 0 0 0 0 0 0  | 0 0 0 0 0 0 0 0 0 0 0 0 0 0 0 0 0 0 0 0 0 0 0 0 0 0 0 0 0 0 0 0 0 0 0 0 0 0 1 0 0 0 0 0 0 0 2 0 0 0 0 0 0 0 0 0 0 0 0 0 0 0 0 0                                             |
 ├────────────────────┼────────────────────┼────────────────────┼────────────────────┼──────────────────────────────────────────────────────────────────────────────────────────────────────────────────────────────────┼─────────────────────────────────────────────────────────────────────────────────────────────────────────────────────────────────────────────────────────────────────────────┤
 | 0x0000000000007952 | 0x0000000000000005 | 0x0000000000000006 | 0x0000560385bcc200 | 0 0 0 0 0 1 1 1 1 1 1 1 1 1 1 1 1 1 1 1 1 1 1 1 1 1 1 1 1 1 1 1 1 1 1 1 1 1 1 1 1 1 1 1 1 1 1 1 1 1 1 1 1 1 1 1 1 0 0 0 0 0 0 0  | 0 0 0 0 0 1 2 3 4 5 6 7 8 9 10 11 12 13 14 15 16 17 18 19 20 21 22 23 24 25 26 27 28 29 30 31 32 33 34 35 36 37 38 39 40 41 42 43 44 45 46 47 48 49 50 51 52 0 0 0 0 0 0 0  |
 ├────────────────────┼────────────────────┼────────────────────┼────────────────────┼──────────────────────────────────────────────────────────────────────────────────────────────────────────────────────────────────┼─────────────────────────────────────────────────────────────────────────────────────────────────────────────────────────────────────────────────────────────────────────────┤
 | 0x00000000000002a1 | 0x000000000000002f | 0x0000000000000039 | 0x0000560385bcc226 | 0 0 0 0 0 0 0 0 0 0 0 0 0 0 0 0 0 0 0 0 0 0 0 0 0 0 0 0 0 0 0 0 0 0 0 0 0 0 0 0 0 0 0 0 0 0 0 1 0 0 0 0 0 0 0 0 0 1 0 0 0 0 0 0  | 0 0 0 0 0 0 0 0 0 0 0 0 0 0 0 0 0 0 0 0 0 0 0 0 0 0 0 0 0 0 0 0 0 0 0 0 0 0 0 0 0 0 0 0 0 0 0 1 0 0 0 0 0 0 0 0 0 2 0 0 0 0 0 0                                             |
 ├────────────────────┼────────────────────┼────────────────────┼────────────────────┼──────────────────────────────────────────────────────────────────────────────────────────────────────────────────────────────────┼─────────────────────────────────────────────────────────────────────────────────────────────────────────────────────────────────────────────────────────────────────────────┤
 | 0x000000000000055b | 0x000000000000000c | 0x0000000000000018 | 0x0000560385bcc226 | 0 0 0 0 0 0 0 0 0 0 0 0 1 0 0 0 0 0 0 0 0 1 0 0 1 0 0 0 0 0 0 0 0 0 0 0 0 0 0 0 0 0 0 0 0 0 0 0 0 0 0 0 0 0 0 0 0 0 0 0 0 0 0 0  | 0 0 0 0 0 0 0 0 0 0 0 0 1 0 0 0 0 0 0 0 0 3 0 0 2 0 0 0 0 0 0 0 0 0 0 0 0 0 0 0 0 0 0 0 0 0 0 0 0 0 0 0 0 0 0 0 0 0 0 0 0 0 0 0                                             |
 ├────────────────────┼────────────────────┼────────────────────┼────────────────────┼──────────────────────────────────────────────────────────────────────────────────────────────────────────────────────────────────┼─────────────────────────────────────────────────────────────────────────────────────────────────────────────────────────────────────────────────────────────────────────────┤
 | 0x0000000000000389 | 0x0000000000000021 | 0x0000000000000005 | 0x0000560385bcc226 | 0 0 0 0 0 1 0 0 0 0 0 0 0 0 0 0 0 0 0 0 0 0 1 0 0 0 0 0 0 0 0 0 0 1 0 0 0 0 0 0 0 0 0 0 0 0 0 0 0 0 0 0 0 0 0 0 0 0 0 0 0 0 0 0  | 0 0 0 0 0 2 0 0 0 0 0 0 0 0 0 0 0 0 0 0 0 0 3 0 0 0 0 0 0 0 0 0 0 1 0 0 0 0 0 0 0 0 0 0 0 0 0 0 0 0 0 0 0 0 0 0 0 0 0 0 0 0 0 0                                             |
 ├────────────────────┼────────────────────┼────────────────────┼────────────────────┼──────────────────────────────────────────────────────────────────────────────────────────────────────────────────────────────────┼─────────────────────────────────────────────────────────────────────────────────────────────────────────────────────────────────────────────────────────────────────────────┤
 | 0x00000000000003e5 | 0x0000000000000001 | 0x0000000000000006 | 0x0000560385bcc226 | 0 1 0 0 0 0 1 0 0 0 0 0 0 0 0 0 0 0 0 0 0 0 0 0 0 0 0 0 0 0 0 0 0 0 0 0 0 0 0 0 0 0 0 0 0 0 0 0 0 0 0 0 0 0 0 0 0 0 0 0 0 0 0 0  | 0 1 0 0 0 0 2 0 0 0 0 0 0 0 0 0 0 0 0 0 0 0 0 0 0 0 0 0 0 0 0 0 0 0 0 0 0 0 0 0 0 0 0 0 0 0 0 0 0 0 0 0 0 0 0 0 0 0 0 0 0 0 0 0                                             |
 ├────────────────────┼────────────────────┼────────────────────┼────────────────────┼──────────────────────────────────────────────────────────────────────────────────────────────────────────────────────────────────┼─────────────────────────────────────────────────────────────────────────────────────────────────────────────────────────────────────────────────────────────────────────────┤
 | 0x000000000000056d | 0x000000000000001a | 0x000000000000001b | 0x0000560385bcc2d8 | 0 0 0 0 0 0 0 0 0 0 0 0 0 0 0 0 0 0 0 0 0 0 0 0 0 0 1 1 1 1 1 1 1 1 1 1 1 1 1 1 1 1 1 1 0 1 1 1 1 1 1 1 1 1 1 1 1 1 1 1 0 1 1 1  | 0 0 0 0 0 0 0 0 0 0 0 0 0 0 0 0 0 0 0 0 0 0 0 0 0 0 1 2 4 5 36 19 15 16 17 24 13 27 32 10 12 14 7 8 0 29 30 28 25 26 35 33 11 23 20 21 31 22 9 3 0 18 6 34                  |
 ├────────────────────┼────────────────────┼────────────────────┼────────────────────┼──────────────────────────────────────────────────────────────────────────────────────────────────────────────────────────────────┼─────────────────────────────────────────────────────────────────────────────────────────────────────────────────────────────────────────────────────────────────────────────┤
 | 0x000000000000029f | 0x0000000000000019 | 0x0000000000000030 | 0x0000560385bcc226 | 0 0 0 0 0 0 0 0 0 0 0 0 0 0 0 0 0 0 0 0 0 0 0 0 0 1 0 0 0 0 0 0 0 0 0 0 0 0 0 0 0 0 0 0 0 0 0 0 1 0 0 0 0 0 0 0 0 0 0 0 0 0 0 0  | 0 0 0 0 0 0 0 0 0 0 0 0 0 0 0 0 0 0 0 0 0 0 0 0 0 1 0 0 0 0 0 0 0 0 0 0 0 0 0 0 0 0 0 0 0 0 0 0 2 0 0 0 0 0 0 0 0 0 0 0 0 0 0 0                                             |
 ├────────────────────┼────────────────────┼────────────────────┼────────────────────┼──────────────────────────────────────────────────────────────────────────────────────────────────────────────────────────────────┼─────────────────────────────────────────────────────────────────────────────────────────────────────────────────────────────────────────────────────────────────────────────┤
 | 0x0000000000000351 | 0x0000000000000021 | 0x000000000000003d | 0x0000560385bcc226 | 0 0 0 0 0 0 0 0 0 0 0 0 0 0 0 0 0 0 0 0 0 0 0 0 0 0 0 0 0 0 0 0 0 1 0 0 0 0 0 0 0 0 0 0 0 0 0 0 0 0 0 0 0 0 0 0 0 0 0 0 0 1 0 0  | 0 0 0 0 0 0 0 0 0 0 0 0 0 0 0 0 0 0 0 0 0 0 0 0 0 0 0 0 0 0 0 0 0 1 0 0 0 0 0 0 0 0 0 0 0 0 0 0 0 0 0 0 0 0 0 0 0 0 0 0 0 2 0 0                                             |
 ├────────────────────┼────────────────────┼────────────────────┼────────────────────┼──────────────────────────────────────────────────────────────────────────────────────────────────────────────────────────────────┼─────────────────────────────────────────────────────────────────────────────────────────────────────────────────────────────────────────────────────────────────────────────┤
 | 0x0000000000000540 | 0x000000000000002d | 0x0000000000000012 | 0x0000560385bcc226 | 0 0 0 0 0 0 0 0 0 0 0 0 0 0 0 0 0 0 1 0 0 0 0 0 0 0 0 0 0 0 0 0 0 0 0 0 0 0 0 0 0 0 0 0 0 1 0 0 0 0 0 0 0 0 0 0 0 0 0 0 0 0 0 0  | 0 0 0 0 0 0 0 0 0 0 0 0 0 0 0 0 0 0 2 0 0 0 0 0 0 0 0 0 0 0 0 0 0 0 0 0 0 0 0 0 0 0 0 0 0 1 0 0 0 0 0 0 0 0 0 0 0 0 0 0 0 0 0 0                                             |
 ├────────────────────┼────────────────────┼────────────────────┼────────────────────┼──────────────────────────────────────────────────────────────────────────────────────────────────────────────────────────────────┼─────────────────────────────────────────────────────────────────────────────────────────────────────────────────────────────────────────────────────────────────────────────┤
 | 0x000000000000028d | 0x0000000000000009 | 0x0000000000000006 | 0x0000560385bcc226 | 0 0 0 0 0 0 1 0 0 1 0 0 0 0 0 0 0 0 0 0 0 0 0 0 0 0 0 0 0 0 0 0 0 0 0 0 0 0 0 0 0 0 0 0 0 0 0 0 0 0 0 0 0 0 0 0 0 0 0 0 0 0 0 0  | 0 0 0 0 0 0 2 0 0 1 0 0 0 0 0 0 0 0 0 0 0 0 0 0 0 0 0 0 0 0 0 0 0 0 0 0 0 0 0 0 0 0 0 0 0 0 0 0 0 0 0 0 0 0 0 0 0 0 0 0 0 0 0 0                                             |
 └────────────────────┴────────────────────┴────────────────────┴────────────────────┴──────────────────────────────────────────────────────────────────────────────────────────────────────────────────────────────────┴─────────────────────────────────────────────────────────────────────────────────────────────────────────────────────────────────────────────────────────────────────────────┘
Accumulation table end
Pattern table begin
 ┌─────────────┬─────────────┬──────────────────────────────────────────────────────────────────────────────────────────────────────────────────────────────────┐
 | Trigger     | Second      | Pattern                                                                                                                          |
 ├─────────────┼─────────────┼──────────────────────────────────────────────────────────────────────────────────────────────────────────────────────────────────┤
 | 0           | 58          | 1 0 0 0 0 0 0 0 0 0 0 0 0 0 0 0 0 0 0 0 0 0 0 0 0 0 0 0 0 0 0 0 0 0 0 0 0 0 0 0 0 0 0 0 0 0 0 0 0 0 0 0 0 0 0 0 0 0 1 0 0 0 0 0  |
 ├─────────────┼─────────────┼──────────────────────────────────────────────────────────────────────────────────────────────────────────────────────────────────┤
 | 0           | 20          | 1 0 0 0 0 0 0 0 0 0 0 0 0 0 0 0 0 0 0 0 1 0 0 0 0 0 0 0 0 0 0 0 0 0 0 0 0 0 0 0 0 0 0 0 0 0 0 0 0 0 0 0 0 0 0 0 0 0 0 0 0 0 0 0  |
 ├─────────────┼─────────────┼──────────────────────────────────────────────────────────────────────────────────────────────────────────────────────────────────┤
 | 0           | 1           | 1 1 1 1 1 1 1 1 1 0 0 0 0 0 0 0 0 0 0 0 0 0 0 0 0 0 0 0 0 0 0 0 0 0 0 0 0 0 0 0 0 0 0 0 0 0 0 0 0 0 0 0 0 0 0 0 0 0 0 0 0 0 0 0  |
 ├─────────────┼─────────────┼──────────────────────────────────────────────────────────────────────────────────────────────────────────────────────────────────┤
 | 0           | 56          | 1 0 0 0 0 0 0 0 0 0 0 0 0 0 0 0 0 0 0 0 0 0 0 0 0 0 0 0 0 0 0 0 0 0 0 0 0 0 0 0 0 0 0 0 0 0 0 0 0 0 0 0 0 0 0 0 1 0 0 0 0 0 0 0  |
 ├─────────────┼─────────────┼──────────────────────────────────────────────────────────────────────────────────────────────────────────────────────────────────┤
 | 1           | 56          | 0 1 0 0 0 0 0 0 0 0 0 0 0 0 0 0 0 0 0 0 0 0 0 0 0 0 0 0 0 0 0 0 0 0 0 0 0 0 0 0 0 0 0 0 0 0 0 0 0 0 0 0 0 0 0 0 1 0 0 0 0 0 0 0  |
 ├─────────────┼─────────────┼──────────────────────────────────────────────────────────────────────────────────────────────────────────────────────────────────┤
 | 1           | 21          | 0 1 0 0 0 0 0 0 0 0 0 0 0 0 0 0 0 0 0 0 0 1 0 0 0 0 0 0 0 0 0 0 0 0 0 0 0 0 0 0 0 0 0 0 0 0 0 0 0 0 0 0 0 0 0 0 0 0 0 0 0 0 0 0  |
 ├─────────────┼─────────────┼──────────────────────────────────────────────────────────────────────────────────────────────────────────────────────────────────┤
 | 1           | 45          | 0 1 0 0 0 0 0 0 0 0 0 0 0 0 0 0 0 0 0 0 0 0 0 0 0 0 0 0 0 0 0 0 0 0 0 0 0 0 0 0 0 0 0 0 0 1 0 0 0 0 0 0 0 0 0 0 0 0 0 0 0 0 0 0  |
 ├─────────────┼─────────────┼──────────────────────────────────────────────────────────────────────────────────────────────────────────────────────────────────┤
 | 1           | 47          | 0 1 0 0 0 0 0 0 0 0 0 0 0 0 0 0 0 0 0 0 0 1 0 0 0 0 0 0 0 0 0 0 0 0 0 0 0 0 0 0 0 0 0 0 0 0 0 1 0 0 0 0 0 0 0 0 0 0 0 0 0 0 1 0  |
 ├─────────────┼─────────────┼──────────────────────────────────────────────────────────────────────────────────────────────────────────────────────────────────┤
 | 2           | 39          | 1 0 1 0 0 0 0 0 0 0 0 0 0 0 0 0 0 0 0 0 0 0 0 0 0 0 0 0 0 0 0 0 0 0 0 0 0 0 0 1 0 0 0 0 0 0 0 0 0 0 0 0 0 0 0 0 0 0 0 1 0 0 0 0  |
 ├─────────────┼─────────────┼──────────────────────────────────────────────────────────────────────────────────────────────────────────────────────────────────┤
 | 2           | 22          | 0 0 1 0 0 0 0 0 0 0 0 0 0 0 0 0 0 0 0 0 0 0 1 0 0 0 0 0 0 0 0 0 0 0 0 0 0 0 0 0 0 0 0 0 0 0 0 0 0 0 0 0 0 0 0 0 0 0 0 0 0 0 0 0  |
 ├─────────────┼─────────────┼──────────────────────────────────────────────────────────────────────────────────────────────────────────────────────────────────┤
 | 2           | 26          | 0 0 1 0 0 0 0 0 0 0 0 0 0 0 0 0 0 0 0 0 0 0 0 0 0 0 1 0 0 0 0 0 0 0 0 0 0 0 0 0 0 0 0 0 0 0 0 0 0 0 0 0 0 0 0 0 0 0 0 0 0 0 0 0  |
 ├─────────────┼─────────────┼──────────────────────────────────────────────────────────────────────────────────────────────────────────────────────────────────┤
 | 2           | 27          | 0 0 1 0 0 0 0 0 0 0 0 0 0 0 0 0 0 0 0 0 0 0 0 0 0 0 0 1 0 0 0 0 0 0 0 0 0 0 0 0 0 0 0 0 0 0 0 0 0 0 0 0 0 0 0 0 0 0 0 0 0 0 0 0  |
 ├─────────────┼─────────────┼──────────────────────────────────────────────────────────────────────────────────────────────────────────────────────────────────┤
 | 3           | 6           | 0 0 0 1 0 0 1 0 0 0 0 0 0 0 0 0 0 0 0 0 0 0 0 0 0 0 0 0 0 0 0 0 0 0 0 0 0 0 0 0 0 0 0 0 0 0 0 0 0 0 0 0 0 0 0 0 0 0 0 0 0 0 0 0  |
 ├─────────────┼─────────────┼──────────────────────────────────────────────────────────────────────────────────────────────────────────────────────────────────┤
 | 3           | 10          | 0 0 0 1 0 0 0 0 0 0 1 0 0 0 0 0 0 0 0 0 0 0 0 0 0 0 0 0 0 0 0 0 0 0 0 0 0 0 0 0 0 0 0 0 0 0 0 0 0 0 0 0 0 0 0 0 0 0 0 0 0 0 0 0  |
 ├─────────────┼─────────────┼──────────────────────────────────────────────────────────────────────────────────────────────────────────────────────────────────┤
 | 3           | 45          | 0 0 0 1 0 0 0 0 0 0 0 0 0 0 0 0 0 0 0 0 0 0 0 0 0 0 0 0 0 0 0 0 0 0 0 0 0 0 0 0 0 0 0 0 0 1 0 0 0 0 0 0 0 0 0 0 0 0 0 0 0 0 0 0  |
 ├─────────────┼─────────────┼──────────────────────────────────────────────────────────────────────────────────────────────────────────────────────────────────┤
 | 3           | 49          | 0 0 0 1 0 0 0 0 0 0 0 0 0 0 0 0 0 0 0 0 0 0 0 0 0 0 0 0 0 0 0 0 0 0 0 0 0 0 0 0 0 0 0 0 0 0 0 0 0 1 0 0 0 0 0 0 0 0 0 0 0 0 0 0  |
 ├─────────────┼─────────────┼──────────────────────────────────────────────────────────────────────────────────────────────────────────────────────────────────┤
 | 4           | 58          | 0 0 0 0 1 0 0 0 0 0 0 0 0 0 0 0 0 0 0 0 0 0 0 0 0 0 0 0 0 0 0 0 0 0 0 0 0 0 0 0 0 0 0 0 0 0 0 0 0 0 0 0 0 0 0 0 0 0 1 0 0 0 0 0  |
 ├─────────────┼─────────────┼──────────────────────────────────────────────────────────────────────────────────────────────────────────────────────────────────┤
 | 4           | 36          | 0 0 0 0 1 0 0 0 0 0 0 0 0 0 0 0 0 0 0 0 0 0 0 0 0 0 0 0 0 0 0 0 0 0 0 0 1 0 0 0 0 0 0 0 0 0 0 0 0 0 0 0 0 0 0 0 0 0 0 0 0 0 0 0  |
 ├─────────────┼─────────────┼──────────────────────────────────────────────────────────────────────────────────────────────────────────────────────────────────┤
 | 4           | 37          | 0 0 0 0 1 0 0 0 0 0 0 0 0 0 0 0 0 0 0 0 0 0 0 0 0 0 0 0 0 0 0 0 0 0 0 0 0 1 0 0 0 0 0 0 0 0 0 0 0 0 0 0 0 0 0 0 0 0 0 0 0 0 0 0  |
 ├─────────────┼─────────────┼──────────────────────────────────────────────────────────────────────────────────────────────────────────────────────────────────┤
 | 4           | 16          | 0 0 0 0 1 0 0 0 0 0 0 0 0 0 0 0 1 0 0 0 0 0 0 0 0 0 0 0 0 0 0 0 0 0 0 0 0 0 0 0 0 0 0 0 0 0 0 0 0 0 0 0 0 0 0 0 0 0 0 0 0 0 0 0  |
 ├─────────────┼─────────────┼──────────────────────────────────────────────────────────────────────────────────────────────────────────────────────────────────┤
 | 5           | 36          | 0 0 0 0 0 1 0 0 0 0 0 0 0 0 0 0 0 0 0 0 0 0 0 0 0 0 0 0 0 0 0 0 0 0 0 0 1 0 0 0 0 0 0 0 0 0 0 0 0 0 0 0 0 0 0 0 0 0 0 0 0 0 0 0  |
 ├─────────────┼─────────────┼──────────────────────────────────────────────────────────────────────────────────────────────────────────────────────────────────┤
 | 5           | 13          | 0 0 0 0 0 1 0 0 0 0 0 0 0 1 0 0 0 0 0 0 0 0 0 0 0 0 0 0 0 0 0 0 0 0 0 0 0 0 0 0 0 0 0 0 0 0 0 0 0 0 0 0 0 0 0 0 0 0 1 0 0 0 0 0  |
 ├─────────────┼─────────────┼──────────────────────────────────────────────────────────────────────────────────────────────────────────────────────────────────┤
 | 5           | 24          | 0 0 0 0 0 1 0 0 0 0 0 0 0 0 0 0 0 0 0 0 0 0 0 0 1 0 0 0 0 0 0 0 0 0 0 0 0 0 0 0 0 0 0 0 0 0 0 0 0 0 0 0 0 0 0 0 0 0 0 0 0 0 0 0  |
 ├─────────────┼─────────────┼──────────────────────────────────────────────────────────────────────────────────────────────────────────────────────────────────┤
 | 5           | 37          | 0 0 0 0 0 1 0 0 0 0 0 0 0 0 0 0 0 0 0 0 0 0 0 0 0 0 0 0 0 0 0 0 0 0 0 0 0 1 0 0 0 0 0 0 0 0 0 0 0 0 0 0 0 0 0 0 0 0 0 0 0 0 0 0  |
 ├─────────────┼─────────────┼──────────────────────────────────────────────────────────────────────────────────────────────────────────────────────────────────┤
 | 6           | 52          | 0 0 0 0 0 0 1 0 0 0 0 0 0 0 0 0 0 0 0 0 0 0 0 0 0 0 0 0 0 0 0 0 0 0 0 0 0 0 0 0 0 0 0 0 0 0 0 0 0 0 0 0 1 0 0 0 0 0 0 0 0 0 0 0  |
 ├─────────────┼─────────────┼──────────────────────────────────────────────────────────────────────────────────────────────────────────────────────────────────┤
 | 6           | 29          | 0 0 0 0 0 0 1 0 0 0 0 0 0 0 0 0 0 0 0 0 0 0 0 0 0 0 0 0 0 1 0 0 0 0 0 0 0 0 0 0 0 0 0 0 0 0 0 0 0 0 0 0 0 0 0 0 0 0 0 0 0 0 0 0  |
 ├─────────────┼─────────────┼──────────────────────────────────────────────────────────────────────────────────────────────────────────────────────────────────┤
 | 6           | 63          | 0 0 0 0 0 0 1 0 0 0 0 0 0 0 0 0 0 0 0 0 0 0 0 0 0 0 0 0 0 0 0 0 0 0 0 0 0 0 0 0 0 0 0 0 0 0 0 0 0 0 0 0 0 0 0 0 0 0 0 0 0 0 0 1  |
 ├─────────────┼─────────────┼──────────────────────────────────────────────────────────────────────────────────────────────────────────────────────────────────┤
 | 6           | 15          | 0 0 0 0 0 0 1 0 0 0 0 0 0 0 0 1 0 0 0 0 0 0 0 0 0 0 0 0 0 0 0 0 0 0 0 0 0 0 0 0 0 0 0 0 0 0 0 0 0 0 0 0 0 0 0 0 0 0 0 0 0 0 0 0  |
 ├─────────────┼─────────────┼──────────────────────────────────────────────────────────────────────────────────────────────────────────────────────────────────┤
 | 7           | 0           | 1 0 0 0 0 0 0 1 0 0 0 0 0 0 0 0 0 0 0 0 0 0 0 0 0 0 0 1 0 0 0 0 0 0 0 0 0 0 0 0 0 0 0 0 0 0 0 0 0 0 0 0 0 0 0 0 0 0 0 0 0 0 0 0  |
 ├─────────────┼─────────────┼──────────────────────────────────────────────────────────────────────────────────────────────────────────────────────────────────┤
 | 7           | 29          | 0 0 0 0 0 0 0 1 0 0 0 0 0 0 0 0 0 0 0 0 0 0 0 0 0 0 0 0 0 1 0 0 0 0 0 0 0 0 0 0 0 0 0 0 0 0 0 0 0 0 0 0 0 0 0 0 0 0 0 0 0 0 0 0  |
 ├─────────────┼─────────────┼──────────────────────────────────────────────────────────────────────────────────────────────────────────────────────────────────┤
 | 7           | 23          | 0 0 0 0 0 0 0 1 0 0 0 0 0 0 0 0 0 0 0 0 0 0 0 1 0 0 0 0 0 0 0 0 0 0 0 0 0 0 0 0 0 0 0 0 0 0 0 0 0 0 0 0 0 0 0 0 0 0 0 0 0 0 0 0  |
 ├─────────────┼─────────────┼──────────────────────────────────────────────────────────────────────────────────────────────────────────────────────────────────┤
 | 7           | 8           | 0 0 0 0 0 0 0 1 1 0 0 0 0 1 0 0 0 0 0 0 0 0 0 0 0 0 0 0 0 0 0 0 0 0 0 0 0 0 0 0 0 0 0 0 0 1 1 0 0 0 0 0 0 0 0 0 0 0 0 0 0 0 0 0  |
 ├─────────────┼─────────────┼──────────────────────────────────────────────────────────────────────────────────────────────────────────────────────────────────┤
 | 8           | 27          | 0 0 0 0 0 0 0 0 1 0 0 0 0 0 0 0 0 0 0 0 0 0 0 0 0 0 0 1 0 0 0 0 0 0 0 0 0 0 0 0 0 0 0 0 0 0 0 0 0 0 0 0 0 0 0 0 0 0 0 0 0 0 0 0  |
 ├─────────────┼─────────────┼──────────────────────────────────────────────────────────────────────────────────────────────────────────────────────────────────┤
 | 8           | 50          | 0 0 0 0 0 0 0 0 1 0 0 0 0 0 0 0 0 0 0 0 0 0 0 0 0 0 0 0 0 0 0 0 0 0 0 0 0 0 0 0 0 0 0 0 0 0 0 0 0 0 1 0 0 0 0 0 0 0 0 0 0 0 0 0  |
 ├─────────────┼─────────────┼──────────────────────────────────────────────────────────────────────────────────────────────────────────────────────────────────┤
 | 8           | 42          | 0 0 0 0 0 0 0 0 1 0 0 0 0 0 0 0 0 0 0 0 0 0 0 0 0 0 0 0 0 0 0 0 0 0 0 0 0 0 0 0 0 0 1 0 0 0 0 0 0 0 0 0 0 0 0 0 0 0 0 0 0 0 0 0  |
 ├─────────────┼─────────────┼──────────────────────────────────────────────────────────────────────────────────────────────────────────────────────────────────┤
 | 8           | 3           | 0 0 0 1 0 0 0 0 1 0 0 0 0 0 0 0 0 0 0 0 0 0 0 0 0 0 0 0 0 0 0 0 0 0 0 0 0 0 0 0 0 0 0 0 0 0 0 0 0 0 0 0 0 0 0 0 0 0 0 0 0 0 0 0  |
 ├─────────────┼─────────────┼──────────────────────────────────────────────────────────────────────────────────────────────────────────────────────────────────┤
 | 9           | 48          | 0 0 0 0 0 0 0 0 0 1 0 0 0 0 0 0 0 0 0 0 0 0 0 0 0 0 0 0 0 0 0 0 0 0 0 0 0 0 0 0 0 0 0 0 0 0 0 0 1 0 0 0 0 0 0 0 0 0 0 0 0 0 0 0  |
 ├─────────────┼─────────────┼──────────────────────────────────────────────────────────────────────────────────────────────────────────────────────────────────┤
 | 9           | 20          | 0 0 0 0 0 0 0 0 0 1 0 0 0 0 0 0 0 0 0 0 1 0 0 0 0 0 0 0 0 0 0 0 0 0 0 0 0 0 0 0 0 0 0 0 0 0 0 0 0 0 0 0 0 0 0 0 0 0 0 0 0 0 0 0  |
 ├─────────────┼─────────────┼──────────────────────────────────────────────────────────────────────────────────────────────────────────────────────────────────┤
 | 9           | 13          | 1 0 0 0 0 0 0 0 0 1 0 0 0 1 0 0 0 0 0 0 0 0 0 0 0 0 0 0 0 0 0 0 0 0 0 0 0 0 0 0 0 0 0 0 0 0 0 0 0 0 0 0 0 0 0 0 0 0 0 0 0 0 0 0  |
 ├─────────────┼─────────────┼──────────────────────────────────────────────────────────────────────────────────────────────────────────────────────────────────┤
 | 9           | 49          | 0 0 0 0 0 0 0 0 0 1 0 0 0 0 0 0 0 0 0 0 0 0 0 0 0 0 0 0 0 0 0 0 0 0 0 0 0 0 0 0 0 0 0 0 0 0 0 0 0 1 0 0 0 0 0 0 0 0 0 0 0 0 0 0  |
 ├─────────────┼─────────────┼──────────────────────────────────────────────────────────────────────────────────────────────────────────────────────────────────┤
 | 10          | 62          | 0 0 0 0 0 0 0 0 0 0 1 0 0 0 0 0 0 0 0 0 0 0 0 0 0 0 0 0 0 0 0 0 0 0 0 0 0 0 0 0 0 0 0 0 0 0 0 0 0 0 0 0 0 0 0 0 0 0 0 0 0 0 1 0  |
 ├─────────────┼─────────────┼──────────────────────────────────────────────────────────────────────────────────────────────────────────────────────────────────┤
 | 10          | 18          | 0 0 0 0 0 0 0 0 0 1 1 0 0 0 0 0 0 0 1 0 0 0 0 0 0 0 0 0 0 0 0 0 0 0 0 0 0 0 0 0 0 0 0 0 0 0 0 0 0 0 0 0 0 0 0 0 0 0 0 0 0 0 0 0  |
 ├─────────────┼─────────────┼──────────────────────────────────────────────────────────────────────────────────────────────────────────────────────────────────┤
 | 10          | 60          | 0 0 0 0 0 0 0 0 0 0 1 0 0 0 0 0 0 0 0 0 0 0 0 0 0 0 0 0 0 0 0 0 0 0 0 0 0 0 0 0 0 0 0 0 0 0 0 0 0 0 0 0 0 0 0 0 0 0 0 0 1 0 0 0  |
 ├─────────────┼─────────────┼──────────────────────────────────────────────────────────────────────────────────────────────────────────────────────────────────┤
 | 10          | 39          | 0 0 0 0 0 0 0 0 0 0 1 0 0 0 0 0 0 0 0 0 0 0 0 0 0 0 0 0 0 0 0 0 0 0 0 0 0 0 0 1 0 0 0 0 0 0 0 0 0 0 0 0 0 0 0 0 0 0 0 0 0 0 0 0  |
 ├─────────────┼─────────────┼──────────────────────────────────────────────────────────────────────────────────────────────────────────────────────────────────┤
 | 11          | 17          | 0 0 0 0 0 0 0 0 0 0 0 1 0 0 0 0 0 1 0 0 0 0 0 0 0 0 0 0 0 0 0 0 1 0 0 0 0 0 0 0 0 0 0 0 0 0 0 0 0 0 0 0 0 0 0 0 0 0 0 0 0 0 0 0  |
 ├─────────────┼─────────────┼──────────────────────────────────────────────────────────────────────────────────────────────────────────────────────────────────┤
 | 11          | 37          | 0 0 0 0 0 0 0 0 0 0 0 1 0 0 0 0 0 0 0 0 0 0 0 0 0 0 0 0 0 0 0 0 0 0 0 0 0 1 0 0 0 0 0 0 0 0 0 0 0 0 0 0 0 0 0 0 0 0 0 0 0 0 0 0  |
 ├─────────────┼─────────────┼──────────────────────────────────────────────────────────────────────────────────────────────────────────────────────────────────┤
 | 11          | 29          | 0 0 0 0 0 0 0 0 0 0 0 1 0 0 0 0 0 0 0 0 0 0 0 0 0 0 0 0 0 1 0 0 0 0 0 0 0 0 0 0 0 0 0 0 0 0 0 0 0 0 0 0 0 0 0 0 0 0 0 0 0 0 0 0  |
 ├─────────────┼─────────────┼──────────────────────────────────────────────────────────────────────────────────────────────────────────────────────────────────┤
 | 11          | 6           | 0 0 0 0 0 0 1 0 0 0 0 1 0 0 0 0 0 0 0 0 0 0 0 0 0 0 0 0 0 0 0 0 0 0 0 0 0 0 0 0 0 0 0 0 0 0 0 0 0 0 0 0 0 0 0 0 0 0 0 0 0 0 0 0  |
 ├─────────────┼─────────────┼──────────────────────────────────────────────────────────────────────────────────────────────────────────────────────────────────┤
 | 12          | 57          | 0 0 0 0 0 0 0 0 0 0 0 0 1 0 0 0 0 0 0 0 0 0 0 0 0 0 0 0 0 0 0 0 0 0 0 0 0 0 0 0 0 0 0 0 0 0 0 0 0 0 0 0 0 0 0 0 0 1 0 0 0 0 0 0  |
 ├─────────────┼─────────────┼──────────────────────────────────────────────────────────────────────────────────────────────────────────────────────────────────┤
 | 12          | 49          | 0 0 0 0 0 0 0 0 0 0 0 0 1 0 0 0 0 0 0 0 0 0 0 0 0 0 0 0 0 0 0 0 0 0 0 0 0 0 0 0 0 0 0 0 0 0 0 0 0 1 0 0 0 0 0 0 0 0 0 0 0 0 0 0  |
 ├─────────────┼─────────────┼──────────────────────────────────────────────────────────────────────────────────────────────────────────────────────────────────┤
 | 12          | 34          | 0 0 0 0 0 0 0 0 0 0 0 0 1 0 0 0 0 0 0 0 0 0 0 0 0 0 0 0 0 0 0 0 0 0 1 0 0 0 0 0 0 0 0 0 0 0 0 0 0 0 0 0 0 0 0 0 0 0 0 0 0 0 0 0  |
 ├─────────────┼─────────────┼──────────────────────────────────────────────────────────────────────────────────────────────────────────────────────────────────┤
 | 12          | 15          | 0 0 0 0 0 0 0 0 0 0 0 0 1 0 0 1 0 0 0 0 0 0 0 0 0 0 0 0 0 0 0 0 0 0 0 0 0 0 0 0 0 0 0 0 0 0 0 0 0 0 0 0 0 0 0 0 0 0 0 0 0 0 0 0  |
 ├─────────────┼─────────────┼──────────────────────────────────────────────────────────────────────────────────────────────────────────────────────────────────┤
 | 13          | 14          | 0 0 0 0 0 0 0 0 0 0 0 0 0 1 1 0 0 0 0 0 0 0 0 0 0 0 0 0 0 0 0 0 0 0 0 0 0 0 0 0 0 0 0 0 0 0 0 0 0 0 0 0 0 0 0 0 1 0 0 0 0 0 0 0  |
 ├─────────────┼─────────────┼──────────────────────────────────────────────────────────────────────────────────────────────────────────────────────────────────┤
 | 13          | 42          | 0 0 0 0 0 0 0 0 0 0 0 0 0 1 0 0 0 0 0 0 0 0 0 0 0 0 0 0 0 0 0 0 0 0 0 0 0 0 0 0 0 0 1 0 0 0 0 0 0 0 0 0 0 0 0 0 0 0 0 0 0 0 0 0  |
 ├─────────────┼─────────────┼──────────────────────────────────────────────────────────────────────────────────────────────────────────────────────────────────┤
 | 13          | 34          | 0 0 0 0 0 0 0 0 0 0 0 0 0 1 0 0 0 0 0 0 0 0 0 0 0 0 0 0 0 0 0 0 0 0 1 0 0 0 0 0 0 0 0 0 0 0 0 0 0 0 0 0 0 0 0 0 0 0 0 0 0 0 0 0  |
 ├─────────────┼─────────────┼──────────────────────────────────────────────────────────────────────────────────────────────────────────────────────────────────┤
 | 13          | 61          | 0 0 0 0 0 0 0 0 0 0 0 0 0 1 0 0 0 0 0 0 0 0 0 0 0 0 0 0 0 0 0 0 0 0 0 0 0 0 0 0 0 0 0 0 0 0 0 0 0 0 0 0 0 0 0 0 0 0 0 0 0 1 0 0  |
 ├─────────────┼─────────────┼──────────────────────────────────────────────────────────────────────────────────────────────────────────────────────────────────┤
 | 14          | 48          | 0 0 0 0 0 0 0 0 0 0 0 0 0 0 1 0 0 0 0 0 0 0 0 0 0 0 0 0 0 0 0 0 0 0 0 0 0 0 0 0 0 0 0 0 0 0 0 0 1 0 0 0 0 0 0 0 0 0 0 0 0 0 0 0  |
 ├─────────────┼─────────────┼──────────────────────────────────────────────────────────────────────────────────────────────────────────────────────────────────┤
 | 14          | 43          | 0 0 0 0 0 0 0 0 0 0 0 0 0 0 1 0 0 0 0 0 0 0 0 0 0 0 0 0 0 0 0 0 0 0 0 0 0 0 0 0 0 0 0 1 0 0 0 0 0 0 0 0 0 1 0 1 0 0 0 0 0 0 0 0  |
 ├─────────────┼─────────────┼──────────────────────────────────────────────────────────────────────────────────────────────────────────────────────────────────┤
 | 14          | 30          | 0 0 0 0 0 0 0 0 0 0 0 0 0 0 1 0 0 0 0 0 0 0 0 0 0 0 0 0 0 0 1 0 0 0 0 0 0 0 0 0 0 0 0 0 0 0 0 0 0 0 1 0 0 0 0 0 0 0 0 0 0 0 0 0  |
 ├─────────────┼─────────────┼──────────────────────────────────────────────────────────────────────────────────────────────────────────────────────────────────┤
 | 14          | 15          | 0 0 0 0 0 0 0 0 0 0 0 0 0 0 1 1 1 1 1 1 1 1 1 1 1 1 1 1 1 1 1 0 0 0 0 0 0 0 0 0 0 0 0 0 0 0 0 0 0 0 0 0 0 0 0 0 0 0 0 0 0 0 0 0  |
 ├─────────────┼─────────────┼──────────────────────────────────────────────────────────────────────────────────────────────────────────────────────────────────┤
 | 15          | 12          | 0 0 0 0 0 0 0 0 0 0 0 0 1 0 0 1 0 0 0 0 0 0 0 0 0 0 0 0 0 0 0 0 0 0 0 0 0 0 0 0 0 0 0 0 0 0 0 0 0 0 0 0 0 0 0 0 0 0 0 0 0 0 0 0  |
 ├─────────────┼─────────────┼──────────────────────────────────────────────────────────────────────────────────────────────────────────────────────────────────┤
 | 15          | 11          | 0 0 0 0 0 0 0 0 1 0 0 1 0 0 0 1 0 0 0 0 0 0 0 0 0 0 0 0 0 0 0 0 0 0 0 0 0 0 0 0 1 0 0 0 0 0 0 0 0 0 0 0 0 0 0 0 0 0 0 0 0 0 0 0  |
 ├─────────────┼─────────────┼──────────────────────────────────────────────────────────────────────────────────────────────────────────────────────────────────┤
 | 15          | 16          | 0 0 0 0 0 0 0 0 0 0 0 0 0 0 0 1 1 1 1 1 1 1 1 1 1 1 1 1 1 1 1 1 1 1 1 1 1 1 1 1 1 1 1 1 1 1 1 1 1 1 1 1 1 1 1 1 1 1 1 1 1 1 1 1  |
 ├─────────────┼─────────────┼──────────────────────────────────────────────────────────────────────────────────────────────────────────────────────────────────┤
 | 15          | 26          | 0 0 0 0 0 0 0 0 0 0 0 0 0 0 0 1 0 0 0 0 0 0 0 0 0 0 1 0 0 0 0 0 0 0 0 0 0 0 0 0 0 0 0 0 0 0 0 0 0 0 0 0 0 0 0 0 0 0 0 0 0 0 0 0  |
 ├─────────────┼─────────────┼──────────────────────────────────────────────────────────────────────────────────────────────────────────────────────────────────┤
 | 16          | 23          | 0 0 0 0 0 0 0 0 0 0 0 0 0 0 0 0 1 0 0 0 0 0 0 1 0 0 0 0 0 0 0 0 0 0 0 0 0 0 0 0 0 0 0 0 0 0 0 0 0 1 0 0 0 0 0 0 0 0 0 0 0 0 0 0  |
 ├─────────────┼─────────────┼──────────────────────────────────────────────────────────────────────────────────────────────────────────────────────────────────┤
 | 16          | 17          | 0 0 0 0 0 0 0 0 0 0 0 0 0 0 0 0 1 1 1 0 0 0 0 0 0 0 0 0 0 0 0 0 0 0 0 0 0 0 0 0 0 0 0 0 0 0 0 0 0 0 0 0 0 0 0 0 0 0 0 0 0 0 0 0  |
 ├─────────────┼─────────────┼──────────────────────────────────────────────────────────────────────────────────────────────────────────────────────────────────┤
 | 16          | 31          | 0 0 0 0 0 0 0 0 0 0 0 0 0 0 0 0 1 0 0 0 0 0 0 0 0 0 0 0 0 0 0 1 0 0 0 0 0 0 0 0 0 0 0 0 0 0 0 0 0 0 0 0 0 0 0 0 0 0 0 0 0 0 0 0  |
 ├─────────────┼─────────────┼──────────────────────────────────────────────────────────────────────────────────────────────────────────────────────────────────┤
 | 16          | 21          | 0 0 0 0 0 0 0 0 0 0 0 0 0 0 0 0 1 0 0 0 0 1 0 0 0 0 0 0 0 0 0 0 0 0 0 0 0 0 0 0 0 0 0 0 0 0 0 0 0 1 0 0 0 0 0 0 0 0 0 0 0 0 0 0  |
 ├─────────────┼─────────────┼──────────────────────────────────────────────────────────────────────────────────────────────────────────────────────────────────┤
 | 17          | 53          | 0 0 0 0 0 0 0 0 0 0 0 0 0 0 0 0 0 1 0 0 0 0 0 0 0 0 0 0 0 0 0 0 0 0 0 0 0 0 0 0 0 0 0 0 0 0 0 0 0 0 0 0 0 1 0 0 0 0 0 0 0 0 0 0  |
 ├─────────────┼─────────────┼──────────────────────────────────────────────────────────────────────────────────────────────────────────────────────────────────┤
 | 17          | 36          | 0 0 0 0 0 0 0 0 0 0 0 0 0 0 0 0 0 1 0 0 0 0 0 0 0 0 0 0 0 0 0 0 0 0 0 0 1 0 0 0 0 0 0 0 0 0 0 0 0 0 0 0 0 0 0 0 0 0 0 0 0 0 0 0  |
 ├─────────────┼─────────────┼──────────────────────────────────────────────────────────────────────────────────────────────────────────────────────────────────┤
 | 17          | 18          | 0 0 0 0 0 0 0 0 0 0 0 0 0 0 0 0 0 1 1 0 0 0 0 0 0 0 0 0 0 0 0 0 0 0 0 0 0 0 0 0 0 0 0 0 0 0 0 0 0 0 0 0 0 0 0 0 0 0 0 0 0 0 0 0  |
 ├─────────────┼─────────────┼──────────────────────────────────────────────────────────────────────────────────────────────────────────────────────────────────┤
 | 17          | 54          | 0 0 0 0 0 0 0 0 0 0 0 0 0 0 0 0 0 1 0 0 0 0 0 0 0 0 0 0 0 0 0 0 0 0 0 0 0 0 0 0 0 0 0 0 0 0 0 0 0 0 0 0 0 0 1 0 0 0 0 0 0 0 0 0  |
 ├─────────────┼─────────────┼──────────────────────────────────────────────────────────────────────────────────────────────────────────────────────────────────┤
 | 18          | 43          | 0 0 0 0 0 0 0 0 0 0 0 0 0 0 0 0 0 0 1 0 0 0 0 0 0 0 0 0 0 0 0 0 0 0 0 0 0 0 0 0 0 0 0 1 0 0 0 0 0 0 0 0 0 0 0 0 0 0 0 0 0 0 0 0  |
 ├─────────────┼─────────────┼──────────────────────────────────────────────────────────────────────────────────────────────────────────────────────────────────┤
 | 18          | 30          | 0 0 0 0 0 0 0 0 0 0 0 0 0 0 0 0 0 0 1 0 0 0 0 0 0 0 0 0 0 0 1 0 0 0 0 0 0 0 0 0 0 0 0 0 0 0 0 0 0 0 0 0 0 0 0 0 0 0 0 0 0 0 0 0  |
 ├─────────────┼─────────────┼──────────────────────────────────────────────────────────────────────────────────────────────────────────────────────────────────┤
 | 18          | 33          | 0 0 0 0 0 0 0 0 0 0 0 1 0 0 0 0 0 0 1 0 0 0 0 0 0 0 0 0 0 0 0 0 0 1 0 0 0 0 0 0 0 0 0 0 0 0 0 0 0 0 0 0 0 0 0 0 0 0 0 0 0 0 0 0  |
 ├─────────────┼─────────────┼──────────────────────────────────────────────────────────────────────────────────────────────────────────────────────────────────┤
 | 18          | 20          | 0 0 0 0 0 0 0 0 0 0 0 0 0 0 0 0 0 0 1 0 1 0 0 0 0 0 0 0 0 0 0 0 0 0 0 0 0 0 0 0 0 0 0 0 0 0 0 0 0 0 0 0 0 0 0 0 0 0 0 0 0 0 0 0  |
 ├─────────────┼─────────────┼──────────────────────────────────────────────────────────────────────────────────────────────────────────────────────────────────┤
 | 19          | 3           | 0 0 0 1 0 0 0 0 0 0 0 0 0 0 0 0 0 0 0 1 0 0 0 0 0 0 0 0 0 0 0 0 0 0 0 0 0 0 0 0 0 0 0 0 0 0 0 0 0 0 0 0 0 0 0 0 0 0 0 0 0 0 0 0  |
 ├─────────────┼─────────────┼──────────────────────────────────────────────────────────────────────────────────────────────────────────────────────────────────┤
 | 19          | 16          | 0 0 0 0 0 0 0 0 0 0 0 0 0 0 0 0 1 0 0 1 0 0 0 0 0 0 0 0 0 0 0 0 0 0 0 0 0 0 0 0 0 0 0 0 0 0 0 0 0 0 0 0 0 0 0 0 0 0 0 0 0 0 0 0  |
 ├─────────────┼─────────────┼──────────────────────────────────────────────────────────────────────────────────────────────────────────────────────────────────┤
 | 19          | 51          | 0 0 0 0 0 0 0 0 0 0 0 0 0 0 0 0 0 0 0 1 0 0 0 0 0 0 0 0 0 0 0 0 0 0 0 0 0 0 0 0 0 0 0 0 0 0 0 0 0 0 0 1 0 0 0 0 0 0 0 0 0 0 0 0  |
 ├─────────────┼─────────────┼──────────────────────────────────────────────────────────────────────────────────────────────────────────────────────────────────┤
 | 19          | 47          | 0 0 0 0 0 0 0 0 0 0 0 0 0 0 0 0 0 0 0 1 0 0 0 0 0 0 0 0 0 0 0 0 0 0 0 0 0 0 0 0 0 0 0 0 0 0 0 1 0 0 0 0 0 0 0 0 0 0 0 0 0 0 0 0  |
 ├─────────────┼─────────────┼──────────────────────────────────────────────────────────────────────────────────────────────────────────────────────────────────┤
 | 20          | 14          | 0 0 0 0 0 0 0 0 0 0 0 0 0 0 1 0 0 0 0 0 1 0 0 0 0 0 0 0 0 0 0 0 0 0 0 0 0 0 0 0 0 0 0 0 0 0 0 0 0 0 0 0 0 0 0 0 0 0 0 0 0 0 0 0  |
 ├─────────────┼─────────────┼──────────────────────────────────────────────────────────────────────────────────────────────────────────────────────────────────┤
 | 20          | 35          | 0 0 0 0 0 0 0 0 0 0 0 0 0 0 0 0 0 0 0 0 1 0 0 0 0 0 0 0 0 0 0 0 0 0 0 1 0 0 0 0 0 0 0 0 0 0 0 0 0 0 0 0 0 0 0 0 0 0 0 0 0 0 0 0  |
 ├─────────────┼─────────────┼──────────────────────────────────────────────────────────────────────────────────────────────────────────────────────────────────┤
 | 20          | 56          | 0 0 0 0 0 0 0 0 0 0 0 0 0 0 0 0 0 0 0 0 1 0 0 0 0 0 0 0 0 0 0 0 0 0 0 0 0 0 0 0 0 0 0 0 0 0 0 0 0 0 0 0 0 1 0 0 1 0 0 0 0 0 0 0  |
 ├─────────────┼─────────────┼──────────────────────────────────────────────────────────────────────────────────────────────────────────────────────────────────┤
 | 20          | 22          | 0 0 0 0 0 0 0 0 0 0 0 0 0 0 0 0 0 0 0 0 1 0 1 0 0 0 0 0 0 0 0 0 0 0 0 0 0 0 0 0 0 0 0 0 0 0 0 0 0 0 0 0 0 0 0 0 0 0 0 0 0 0 0 0  |
 ├─────────────┼─────────────┼──────────────────────────────────────────────────────────────────────────────────────────────────────────────────────────────────┤
 | 21          | 42          | 0 0 0 0 0 0 0 0 0 0 0 0 0 0 0 0 0 0 0 0 0 1 0 0 0 0 0 0 0 0 0 0 0 0 0 0 0 0 0 0 0 0 1 0 0 0 0 0 0 0 0 0 0 0 0 0 0 0 0 0 0 0 0 0  |
 ├─────────────┼─────────────┼──────────────────────────────────────────────────────────────────────────────────────────────────────────────────────────────────┤
 | 21          | 58          | 0 0 0 0 0 0 0 0 0 0 0 1 0 0 0 0 0 0 0 0 0 1 0 0 0 0 0 0 0 0 0 0 0 0 0 0 0 0 0 0 0 0 0 0 0 0 0 0 0 0 0 0 0 0 0 0 0 0 1 0 0 0 0 0  |
 ├─────────────┼─────────────┼──────────────────────────────────────────────────────────────────────────────────────────────────────────────────────────────────┤
 | 21          | 52          | 0 0 0 0 0 0 0 0 0 0 0 0 0 0 0 0 0 0 0 0 0 1 0 0 0 0 0 0 0 0 0 0 0 0 0 0 0 0 0 0 0 0 0 0 0 0 0 0 0 0 0 0 1 0 0 0 0 0 0 0 0 0 0 0  |
 ├─────────────┼─────────────┼──────────────────────────────────────────────────────────────────────────────────────────────────────────────────────────────────┤
 | 21          | 22          | 0 0 0 0 0 0 0 0 0 0 0 0 0 0 0 0 0 0 0 0 0 1 1 1 1 1 1 1 1 1 1 1 1 1 1 1 1 1 0 0 0 0 0 0 0 0 0 0 0 0 0 0 0 0 0 0 0 0 0 0 0 0 0 0  |
 ├─────────────┼─────────────┼──────────────────────────────────────────────────────────────────────────────────────────────────────────────────────────────────┤
 | 22          | 59          | 0 0 0 0 0 0 0 0 0 0 0 0 0 0 0 0 0 0 0 0 0 0 1 0 0 0 0 0 0 0 0 0 0 0 0 0 0 0 0 0 0 0 0 0 0 0 0 0 0 0 0 0 0 0 0 0 0 0 0 1 0 0 0 0  |
 ├─────────────┼─────────────┼──────────────────────────────────────────────────────────────────────────────────────────────────────────────────────────────────┤
 | 22          | 6           | 0 0 0 0 0 0 1 0 0 0 0 0 0 0 0 0 0 0 0 0 0 0 1 0 0 0 0 0 0 0 0 0 0 0 0 0 0 0 0 0 0 0 0 0 0 0 0 0 0 0 0 0 0 0 0 0 0 0 0 0 0 0 0 0  |
 ├─────────────┼─────────────┼──────────────────────────────────────────────────────────────────────────────────────────────────────────────────────────────────┤
 | 22          | 21          | 0 0 0 0 0 0 0 0 0 0 0 0 0 0 0 0 0 0 0 0 0 1 1 0 0 0 0 0 0 0 0 0 0 0 0 0 0 0 0 0 0 0 0 0 0 0 0 0 0 0 0 0 0 0 0 0 0 0 0 0 0 0 0 0  |
 ├─────────────┼─────────────┼──────────────────────────────────────────────────────────────────────────────────────────────────────────────────────────────────┤
 | 22          | 15          | 0 0 0 0 0 0 0 0 0 0 0 0 0 0 0 1 0 0 0 0 0 0 1 0 0 0 0 0 0 0 0 0 0 0 0 0 0 0 0 0 0 0 0 0 0 0 0 0 0 0 0 0 0 0 0 0 0 0 0 0 0 0 0 0  |
 ├─────────────┼─────────────┼──────────────────────────────────────────────────────────────────────────────────────────────────────────────────────────────────┤
 | 23          | 24          | 0 0 0 0 0 0 0 0 0 0 0 0 0 0 0 0 0 0 0 0 0 0 0 1 1 0 0 0 0 0 0 0 0 0 0 0 0 0 0 0 0 0 0 0 0 0 0 0 0 0 0 0 0 0 0 0 0 0 0 0 0 0 0 0  |
 ├─────────────┼─────────────┼──────────────────────────────────────────────────────────────────────────────────────────────────────────────────────────────────┤
 | 23          | 60          | 0 0 0 0 0 0 0 0 0 0 0 0 0 0 0 0 0 0 0 0 0 0 0 1 0 0 0 0 0 0 0 0 0 0 0 0 0 0 0 0 0 0 0 0 0 0 0 0 0 0 0 0 0 0 0 0 0 0 0 0 1 0 0 0  |
 ├─────────────┼─────────────┼──────────────────────────────────────────────────────────────────────────────────────────────────────────────────────────────────┤
 | 23          | 7           | 0 0 0 0 0 0 0 1 0 0 0 0 0 0 0 0 0 0 0 0 0 0 0 1 0 0 0 0 0 0 0 0 0 0 0 0 0 0 0 0 0 0 0 0 0 0 0 0 0 0 0 0 0 0 0 0 0 0 0 0 0 0 0 0  |
 ├─────────────┼─────────────┼──────────────────────────────────────────────────────────────────────────────────────────────────────────────────────────────────┤
 | 23          | 14          | 0 0 0 0 0 0 0 0 0 0 0 0 0 0 1 0 0 0 0 0 0 0 0 1 0 0 0 0 0 0 0 0 0 0 0 0 0 0 0 0 0 0 0 0 0 0 0 0 0 0 0 0 0 0 0 0 0 0 0 0 0 0 0 0  |
 ├─────────────┼─────────────┼──────────────────────────────────────────────────────────────────────────────────────────────────────────────────────────────────┤
 | 24          | 20          | 0 0 0 0 0 0 0 0 0 0 0 0 0 0 0 0 0 0 0 0 1 0 0 0 1 0 0 0 0 0 0 0 0 0 0 0 0 0 0 0 0 0 0 0 0 0 0 0 0 0 0 0 0 0 0 0 0 0 0 0 0 0 0 0  |
 ├─────────────┼─────────────┼──────────────────────────────────────────────────────────────────────────────────────────────────────────────────────────────────┤
 | 24          | 9           | 0 0 0 0 0 0 0 0 0 1 0 0 0 0 0 0 0 0 0 0 0 0 0 0 1 0 0 0 0 0 0 0 0 0 0 0 0 0 0 0 0 0 0 0 0 0 0 0 0 0 0 0 0 0 0 0 0 0 0 0 0 0 0 0  |
 ├─────────────┼─────────────┼──────────────────────────────────────────────────────────────────────────────────────────────────────────────────────────────────┤
 | 24          | 25          | 0 0 0 0 0 0 0 0 0 0 0 0 0 0 0 0 0 0 0 0 0 0 0 0 1 1 0 0 0 0 0 0 0 0 0 0 0 0 0 0 0 0 0 0 0 0 0 0 0 0 0 0 0 0 0 0 0 0 0 0 0 0 0 0  |
 ├─────────────┼─────────────┼──────────────────────────────────────────────────────────────────────────────────────────────────────────────────────────────────┤
 | 24          | 36          | 0 0 0 0 0 0 0 0 0 0 0 0 0 0 0 0 0 0 0 0 0 0 0 0 1 0 0 0 0 0 0 0 0 0 0 0 1 0 0 0 0 0 0 0 0 0 0 0 0 0 0 0 0 0 0 0 0 0 0 0 0 0 0 0  |
 ├─────────────┼─────────────┼──────────────────────────────────────────────────────────────────────────────────────────────────────────────────────────────────┤
 | 25          | 28          | 0 0 0 0 0 0 0 0 0 0 0 0 0 0 0 0 0 0 0 0 0 0 0 0 0 1 0 0 1 0 0 0 0 0 0 0 0 0 0 0 0 0 0 0 0 0 0 0 0 0 0 0 0 0 0 0 0 0 0 0 0 0 0 0  |
 ├─────────────┼─────────────┼──────────────────────────────────────────────────────────────────────────────────────────────────────────────────────────────────┤
 | 25          | 16          | 0 0 0 0 0 0 0 0 0 0 0 0 0 0 0 0 1 0 0 0 0 0 0 0 0 1 0 0 0 0 0 0 0 0 0 0 0 0 0 0 0 0 0 0 0 0 0 0 0 0 0 0 0 0 0 0 0 0 0 0 0 0 0 0  |
 ├─────────────┼─────────────┼──────────────────────────────────────────────────────────────────────────────────────────────────────────────────────────────────┤
 | 25          | 2           | 0 0 1 0 0 0 0 0 0 0 0 0 0 0 0 0 0 0 0 0 0 0 0 0 0 1 0 0 0 0 0 0 0 0 0 0 0 0 0 0 0 0 0 0 0 0 0 0 0 0 0 0 0 0 0 0 0 0 0 0 0 0 0 0  |
 ├─────────────┼─────────────┼──────────────────────────────────────────────────────────────────────────────────────────────────────────────────────────────────┤
 | 25          | 50          | 0 0 0 0 0 0 0 0 0 0 0 0 0 0 0 0 0 0 0 0 0 0 0 0 0 1 0 0 0 0 0 0 0 0 0 0 0 0 0 0 0 0 0 0 0 0 0 0 0 0 1 0 0 0 0 0 0 0 0 0 0 0 0 0  |
 ├─────────────┼─────────────┼──────────────────────────────────────────────────────────────────────────────────────────────────────────────────────────────────┤
 | 26          | 38          | 0 0 0 0 0 0 0 0 0 0 0 0 0 0 0 0 0 0 0 0 0 0 0 0 0 0 1 0 0 0 0 0 0 0 0 0 0 0 1 0 0 0 0 0 0 0 0 0 0 0 0 0 0 0 0 0 0 0 0 0 0 0 0 0  |
 ├─────────────┼─────────────┼──────────────────────────────────────────────────────────────────────────────────────────────────────────────────────────────────┤
 | 26          | 19          | 0 0 0 0 0 0 0 0 0 0 0 0 0 0 0 0 0 0 0 1 0 0 0 0 0 0 1 0 0 0 0 0 0 0 0 0 0 0 0 0 0 0 0 0 0 0 0 0 0 0 0 0 0 0 0 0 0 0 0 0 0 0 0 0  |
 ├─────────────┼─────────────┼──────────────────────────────────────────────────────────────────────────────────────────────────────────────────────────────────┤
 | 26          | 27          | 0 0 0 0 0 0 0 0 0 0 0 0 0 0 0 0 0 0 0 0 0 0 0 0 0 0 1 1 1 1 1 1 1 1 1 1 1 1 1 1 1 1 1 1 0 0 0 0 0 0 0 0 0 0 0 0 0 0 0 0 0 0 0 0  |
 ├─────────────┼─────────────┼──────────────────────────────────────────────────────────────────────────────────────────────────────────────────────────────────┤
 | 26          | 24          | 0 0 0 0 0 0 0 0 0 0 0 0 0 0 0 0 0 0 0 0 0 0 0 0 1 0 1 0 0 0 0 0 0 0 0 0 0 0 0 0 0 0 0 0 0 0 0 0 0 0 0 0 0 0 0 0 0 0 0 0 0 0 0 0  |
 ├─────────────┼─────────────┼──────────────────────────────────────────────────────────────────────────────────────────────────────────────────────────────────┤
 | 27          | 33          | 0 0 0 0 0 0 0 0 0 0 0 0 0 0 0 0 0 0 0 0 0 0 0 0 0 0 0 1 0 0 0 0 0 1 0 0 0 0 0 0 0 0 0 0 0 0 0 0 0 0 0 0 0 0 0 0 0 0 0 0 0 0 0 0  |
 ├─────────────┼─────────────┼──────────────────────────────────────────────────────────────────────────────────────────────────────────────────────────────────┤
 | 27          | 50          | 0 0 0 0 0 0 1 0 0 0 1 0 0 0 0 0 0 1 0 0 0 0 0 0 0 0 0 1 0 0 0 0 0 0 0 0 0 0 0 0 0 0 0 0 0 0 0 0 0 0 1 0 0 0 0 0 0 0 0 0 0 0 0 0  |
 ├─────────────┼─────────────┼──────────────────────────────────────────────────────────────────────────────────────────────────────────────────────────────────┤
 | 27          | 23          | 0 0 0 0 0 0 0 0 0 0 0 0 0 0 0 0 0 0 0 0 0 0 0 1 0 0 0 1 0 0 0 0 0 0 0 0 0 0 0 0 0 0 0 0 0 0 0 0 0 0 0 0 0 0 0 0 0 0 0 0 0 0 0 0  |
 ├─────────────┼─────────────┼──────────────────────────────────────────────────────────────────────────────────────────────────────────────────────────────────┤
 | 27          | 45          | 0 0 0 0 0 0 0 0 0 0 0 0 0 0 0 0 0 0 0 0 0 0 0 0 0 0 0 1 0 0 0 0 0 0 0 0 0 0 0 0 0 0 0 0 0 1 0 0 0 0 0 0 0 0 0 0 0 0 0 0 0 0 0 0  |
 ├─────────────┼─────────────┼──────────────────────────────────────────────────────────────────────────────────────────────────────────────────────────────────┤
 | 28          | 30          | 0 0 0 0 0 0 0 0 0 1 0 0 0 0 0 0 0 0 0 0 0 0 0 0 0 0 0 0 1 0 1 0 0 0 0 0 1 0 0 0 0 0 0 0 0 0 0 0 0 0 0 0 0 0 0 0 0 0 0 0 0 0 0 0  |
 ├─────────────┼─────────────┼──────────────────────────────────────────────────────────────────────────────────────────────────────────────────────────────────┤
 | 28          | 63          | 0 0 0 0 0 0 0 0 0 0 0 0 0 0 0 0 0 0 0 0 0 0 0 0 0 0 0 0 1 0 0 0 0 0 0 0 0 0 0 0 0 0 0 0 0 0 0 0 0 0 0 0 0 0 0 0 0 0 0 0 0 0 0 1  |
 ├─────────────┼─────────────┼──────────────────────────────────────────────────────────────────────────────────────────────────────────────────────────────────┤
 | 28          | 6           | 0 0 0 0 0 0 1 0 0 0 0 0 0 0 0 0 0 0 0 0 0 0 0 0 0 0 0 0 1 0 0 0 0 0 0 1 0 0 0 0 0 0 0 0 0 0 0 0 0 0 0 0 0 0 0 0 0 0 0 0 0 0 0 0  |
 ├─────────────┼─────────────┼──────────────────────────────────────────────────────────────────────────────────────────────────────────────────────────────────┤
 | 28          | 10          | 0 0 0 0 0 0 0 0 0 0 1 0 0 0 0 0 0 0 0 0 0 0 0 0 0 0 0 0 1 0 0 0 0 0 0 0 0 0 0 0 0 0 0 0 0 0 0 0 0 0 0 0 0 0 0 0 0 0 0 0 0 0 0 0  |
 ├─────────────┼─────────────┼──────────────────────────────────────────────────────────────────────────────────────────────────────────────────────────────────┤
 | 29          | 2           | 0 0 1 0 0 0 0 0 0 0 0 0 0 0 0 0 0 0 0 0 0 0 0 0 0 0 0 0 0 1 0 0 0 0 0 0 0 1 0 0 0 0 0 0 0 0 0 0 0 0 0 0 0 0 0 0 0 0 0 0 0 0 0 0  |
 ├─────────────┼─────────────┼──────────────────────────────────────────────────────────────────────────────────────────────────────────────────────────────────┤
 | 29          | 62          | 0 0 0 0 0 0 0 0 0 0 0 0 0 0 0 0 0 0 0 0 0 0 0 0 0 0 0 0 0 1 0 0 0 0 0 0 0 0 0 0 0 0 0 0 0 0 0 0 0 0 0 0 0 0 0 0 0 0 0 0 0 0 1 0  |
 ├─────────────┼─────────────┼──────────────────────────────────────────────────────────────────────────────────────────────────────────────────────────────────┤
 | 29          | 39          | 0 0 0 0 0 0 0 0 0 0 0 0 0 0 0 0 0 0 0 0 0 0 0 0 0 0 0 0 0 1 0 0 0 0 0 0 0 0 0 1 0 0 0 0 0 0 0 0 0 0 0 0 0 0 0 0 0 0 0 0 0 0 0 0  |
 ├─────────────┼─────────────┼──────────────────────────────────────────────────────────────────────────────────────────────────────────────────────────────────┤
 | 29          | 33          | 0 0 0 0 0 0 0 0 0 0 0 0 0 0 0 0 0 0 0 0 0 0 0 0 0 0 0 0 0 1 0 0 0 1 0 0 0 0 0 0 0 0 0 0 0 0 0 0 0 0 0 0 0 0 0 0 0 0 0 0 0 0 0 0  |
 ├─────────────┼─────────────┼──────────────────────────────────────────────────────────────────────────────────────────────────────────────────────────────────┤
 | 30          | 32          | 0 0 0 0 0 0 0 0 0 0 0 0 0 0 0 0 0 0 0 0 0 0 0 0 0 0 0 0 0 0 1 0 1 0 0 0 0 0 0 0 0 0 0 0 0 0 0 0 0 0 0 0 0 0 0 0 0 0 0 0 0 0 0 0  |
 ├─────────────┼─────────────┼──────────────────────────────────────────────────────────────────────────────────────────────────────────────────────────────────┤
 | 30          | 48          | 0 0 0 0 0 0 0 0 0 0 0 0 0 0 0 0 0 0 0 0 0 0 0 0 0 0 0 0 0 1 1 0 0 0 0 0 0 0 0 0 0 0 0 0 0 0 0 0 1 0 0 0 0 0 0 0 0 0 0 0 0 0 0 0  |
 ├─────────────┼─────────────┼──────────────────────────────────────────────────────────────────────────────────────────────────────────────────────────────────┤
 | 30          | 43          | 1 0 0 0 0 0 0 0 0 0 0 0 0 0 0 0 0 0 0 0 0 0 0 0 0 0 0 0 0 0 1 0 0 0 0 0 0 0 0 0 0 0 0 1 0 0 0 0 1 0 0 0 0 0 0 0 0 0 0 0 0 0 0 0  |
 ├─────────────┼─────────────┼──────────────────────────────────────────────────────────────────────────────────────────────────────────────────────────────────┤
 | 30          | 13          | 0 0 0 0 0 0 0 0 0 0 0 0 0 1 0 0 0 0 0 0 0 0 0 0 0 0 0 0 0 1 1 0 0 0 0 0 0 0 0 1 0 0 0 0 0 0 0 0 0 0 0 0 0 0 0 0 0 0 0 0 0 0 0 0  |
 ├─────────────┼─────────────┼──────────────────────────────────────────────────────────────────────────────────────────────────────────────────────────────────┤
 | 31          | 58          | 0 0 0 0 0 0 0 0 0 0 0 0 0 0 0 0 0 0 0 0 0 0 0 0 0 0 0 0 0 0 0 1 0 0 0 0 0 0 0 0 0 0 0 0 0 0 0 0 0 0 0 0 0 0 0 0 0 0 1 0 0 0 0 0  |
 ├─────────────┼─────────────┼──────────────────────────────────────────────────────────────────────────────────────────────────────────────────────────────────┤
 | 31          | 41          | 0 0 0 0 0 0 0 0 0 0 0 0 0 0 0 0 0 0 0 0 0 0 0 0 0 0 0 0 0 0 0 1 0 0 0 0 0 0 0 0 0 1 0 0 0 0 0 0 0 0 0 0 0 0 0 0 0 0 0 0 0 0 0 0  |
 ├─────────────┼─────────────┼──────────────────────────────────────────────────────────────────────────────────────────────────────────────────────────────────┤
 | 31          | 11          | 0 0 0 0 0 0 0 0 0 0 0 1 0 0 0 0 0 0 1 0 0 0 0 0 0 0 0 0 0 0 0 1 0 0 0 0 0 0 0 0 0 0 0 0 0 0 0 0 0 0 0 0 0 0 0 0 0 0 0 0 0 0 0 0  |
 ├─────────────┼─────────────┼──────────────────────────────────────────────────────────────────────────────────────────────────────────────────────────────────┤
 | 31          | 28          | 0 0 0 0 0 0 0 0 0 0 0 0 0 0 0 0 0 0 0 0 0 0 0 0 0 0 0 0 1 0 0 1 0 1 0 0 0 0 0 0 0 0 0 0 0 0 0 0 0 0 0 0 1 0 0 0 0 0 0 0 0 0 0 0  |
 ├─────────────┼─────────────┼──────────────────────────────────────────────────────────────────────────────────────────────────────────────────────────────────┤
 | 32          | 61          | 0 0 0 0 0 0 0 0 0 0 0 0 0 0 0 0 0 0 0 0 0 0 0 0 0 0 0 0 0 0 0 0 1 0 0 0 0 0 0 0 0 0 0 0 0 0 0 0 0 0 0 0 0 0 0 0 0 0 0 0 0 1 0 0  |
 ├─────────────┼─────────────┼──────────────────────────────────────────────────────────────────────────────────────────────────────────────────────────────────┤
 | 32          | 14          | 0 0 0 0 0 0 0 0 0 0 0 0 0 0 1 0 0 0 0 0 0 0 0 0 0 0 0 0 0 0 0 0 1 0 0 0 0 0 0 0 0 0 0 0 0 0 0 0 0 0 0 0 0 0 0 0 0 0 0 0 0 0 0 0  |
 ├─────────────┼─────────────┼──────────────────────────────────────────────────────────────────────────────────────────────────────────────────────────────────┤
 | 32          | 57          | 0 0 0 0 0 0 0 0 0 0 0 0 0 0 0 0 0 0 0 0 0 0 0 0 0 0 0 0 0 0 0 0 1 0 0 0 0 0 0 0 0 0 0 0 0 0 0 0 0 0 0 0 0 0 0 0 0 1 0 0 0 0 0 0  |
 ├─────────────┼─────────────┼──────────────────────────────────────────────────────────────────────────────────────────────────────────────────────────────────┤
 | 32          | 52          | 0 0 0 0 0 0 0 0 0 0 0 0 0 1 0 0 0 0 0 0 0 0 0 0 0 0 0 0 0 0 0 0 1 0 0 0 0 0 0 0 0 0 0 0 0 0 0 0 0 0 0 0 1 0 0 0 0 0 0 0 0 1 0 0  |
 ├─────────────┼─────────────┼──────────────────────────────────────────────────────────────────────────────────────────────────────────────────────────────────┤
 | 33          | 59          | 0 0 0 0 0 0 0 0 0 0 0 0 0 0 0 0 0 0 0 0 0 0 0 0 0 0 0 0 0 0 0 0 0 1 0 0 0 0 0 0 0 0 0 0 0 0 0 0 0 0 0 0 0 0 0 0 0 0 0 1 1 0 0 0  |
 ├─────────────┼─────────────┼──────────────────────────────────────────────────────────────────────────────────────────────────────────────────────────────────┤
 | 33          | 23          | 0 0 0 0 0 0 0 0 0 0 0 0 0 0 0 0 0 0 0 0 0 0 0 1 0 0 0 0 0 0 0 0 0 1 0 0 0 0 0 0 0 0 0 0 0 0 0 0 0 0 0 0 0 0 0 0 0 0 0 0 0 0 0 0  |
 ├─────────────┼─────────────┼──────────────────────────────────────────────────────────────────────────────────────────────────────────────────────────────────┤
 | 33          | 36          | 0 0 0 0 0 0 0 0 0 0 0 0 0 0 0 0 0 0 0 0 0 0 0 0 0 0 0 0 0 0 0 0 0 1 0 0 1 0 0 0 0 0 1 0 0 0 0 0 0 0 0 0 0 0 0 0 0 0 0 0 0 0 0 0  |
 ├─────────────┼─────────────┼──────────────────────────────────────────────────────────────────────────────────────────────────────────────────────────────────┤
 | 33          | 18          | 0 0 0 0 0 0 0 0 0 0 0 0 0 0 0 0 0 0 1 0 0 0 0 0 0 0 0 0 0 0 0 0 0 1 0 0 0 0 0 0 0 0 0 0 0 0 0 0 0 0 0 0 0 0 0 0 0 0 0 0 0 0 0 0  |
 ├─────────────┼─────────────┼──────────────────────────────────────────────────────────────────────────────────────────────────────────────────────────────────┤
 | 34          | 24          | 0 0 0 0 0 0 0 0 0 0 0 0 0 0 0 0 0 0 0 0 0 0 0 0 1 0 0 0 0 0 0 0 0 0 1 0 0 0 0 0 0 0 0 0 0 0 0 0 0 0 0 0 0 0 0 0 0 0 0 0 0 0 0 0  |
 ├─────────────┼─────────────┼──────────────────────────────────────────────────────────────────────────────────────────────────────────────────────────────────┤
 | 34          | 15          | 0 0 0 0 0 0 0 0 0 0 0 0 0 0 0 1 0 0 0 0 0 0 0 0 0 0 0 0 0 0 0 0 0 0 1 0 0 0 0 0 0 0 0 0 0 0 0 0 0 0 0 0 0 0 0 0 0 0 0 0 0 0 0 0  |
 ├─────────────┼─────────────┼──────────────────────────────────────────────────────────────────────────────────────────────────────────────────────────────────┤
 | 34          | 16          | 0 0 0 0 0 0 0 0 0 0 0 0 0 0 0 0 1 0 0 0 0 0 0 0 0 0 0 0 0 0 0 0 0 0 1 0 0 0 0 0 0 0 0 0 0 0 0 0 0 0 0 0 0 0 0 0 0 0 0 1 0 0 0 0  |
 ├─────────────┼─────────────┼──────────────────────────────────────────────────────────────────────────────────────────────────────────────────────────────────┤
 | 34          | 19          | 0 0 1 0 0 0 0 0 0 0 0 0 0 0 0 0 0 0 0 1 0 0 0 0 0 0 0 0 0 0 0 0 0 0 1 0 0 0 0 0 0 0 0 0 0 0 0 0 0 0 0 0 0 0 0 0 0 0 0 0 0 0 0 0  |
 ├─────────────┼─────────────┼──────────────────────────────────────────────────────────────────────────────────────────────────────────────────────────────────┤
 | 35          | 22          | 0 0 0 0 0 0 0 0 0 0 0 0 0 0 0 0 0 0 0 0 0 0 1 0 0 0 0 0 0 0 0 0 0 0 0 1 0 0 0 0 0 0 0 0 0 0 0 0 0 0 0 0 0 0 0 0 0 0 0 0 0 0 0 0  |
 ├─────────────┼─────────────┼──────────────────────────────────────────────────────────────────────────────────────────────────────────────────────────────────┤
 | 35          | 10          | 0 0 0 0 0 0 0 0 0 0 1 0 0 0 0 0 0 0 0 0 0 0 0 0 0 0 0 0 0 0 0 0 0 0 0 1 0 0 0 0 0 0 0 0 0 0 0 0 0 0 0 0 0 0 0 0 0 0 0 0 0 0 0 0  |
 ├─────────────┼─────────────┼──────────────────────────────────────────────────────────────────────────────────────────────────────────────────────────────────┤
 | 35          | 27          | 0 0 0 0 0 0 0 0 0 0 0 0 0 0 0 0 0 0 0 0 0 0 0 0 0 0 0 1 0 0 0 0 0 0 0 1 0 0 0 0 0 0 0 0 0 0 0 0 0 0 0 0 0 0 0 0 0 0 0 0 0 0 0 0  |
 ├─────────────┼─────────────┼──────────────────────────────────────────────────────────────────────────────────────────────────────────────────────────────────┤
 | 35          | 52          | 0 0 0 0 0 0 0 0 0 0 0 0 0 0 0 0 0 0 0 0 0 0 0 0 0 0 0 0 0 0 0 0 0 0 0 1 0 0 0 0 0 0 0 0 0 0 0 0 0 0 0 0 1 0 0 0 0 0 0 0 0 0 0 0  |
 ├─────────────┼─────────────┼──────────────────────────────────────────────────────────────────────────────────────────────────────────────────────────────────┤
 | 36          | 54          | 0 0 0 0 0 0 0 0 0 0 0 0 0 0 0 0 0 0 0 0 0 0 0 0 0 0 0 0 0 0 0 0 0 0 0 0 1 0 0 0 0 0 0 0 0 0 0 0 0 0 0 0 0 0 1 0 0 0 0 0 0 0 0 0  |
 ├─────────────┼─────────────┼──────────────────────────────────────────────────────────────────────────────────────────────────────────────────────────────────┤
 | 36          | 37          | 0 0 0 0 0 0 0 0 0 0 0 0 0 0 0 0 0 0 0 0 0 0 0 0 0 0 0 0 0 0 0 0 0 0 0 0 1 1 0 0 0 0 0 0 0 0 0 0 0 0 0 0 0 0 0 0 0 0 0 0 0 0 0 0  |
 ├─────────────┼─────────────┼──────────────────────────────────────────────────────────────────────────────────────────────────────────────────────────────────┤
 | 36          | 56          | 0 0 0 0 0 0 0 0 0 0 0 0 0 0 0 0 0 0 0 0 0 0 0 0 0 0 0 0 0 0 0 0 0 0 0 0 1 0 0 0 0 0 0 0 0 0 0 0 0 0 0 0 0 0 0 0 1 0 0 0 0 0 0 0  |
 ├─────────────┼─────────────┼──────────────────────────────────────────────────────────────────────────────────────────────────────────────────────────────────┤
 | 36          | 43          | 0 0 0 0 0 0 0 0 0 0 0 0 0 0 0 0 0 0 0 0 0 0 0 0 0 0 0 0 0 0 0 0 0 0 0 0 1 0 0 0 0 0 0 1 0 0 0 0 0 0 0 0 0 0 0 0 0 0 0 0 0 0 0 0  |
 ├─────────────┼─────────────┼──────────────────────────────────────────────────────────────────────────────────────────────────────────────────────────────────┤
 | 37          | 33          | 0 0 0 0 0 0 0 0 0 0 0 0 0 0 0 0 0 0 0 0 0 0 0 0 0 0 0 0 0 0 0 0 0 1 0 0 0 1 0 0 0 0 0 0 0 0 0 0 0 0 0 0 0 0 0 0 0 0 0 0 0 0 0 0  |
 ├─────────────┼─────────────┼──────────────────────────────────────────────────────────────────────────────────────────────────────────────────────────────────┤
 | 37          | 5           | 0 0 0 0 0 1 0 0 0 0 0 0 0 0 0 0 0 0 0 0 0 0 0 0 0 0 0 0 0 0 0 0 0 0 0 0 0 1 0 0 0 0 0 0 0 0 0 0 0 0 0 0 0 0 0 0 0 0 0 0 0 0 0 0  |
 ├─────────────┼─────────────┼──────────────────────────────────────────────────────────────────────────────────────────────────────────────────────────────────┤
 | 37          | 60          | 0 0 0 0 0 0 0 0 0 0 0 0 0 0 0 0 0 0 0 0 0 0 0 0 0 0 0 0 0 0 0 0 0 0 0 0 0 1 0 0 0 0 0 0 0 0 0 0 0 0 0 0 0 0 0 0 0 0 0 0 1 0 0 0  |
 ├─────────────┼─────────────┼──────────────────────────────────────────────────────────────────────────────────────────────────────────────────────────────────┤
 | 37          | 39          | 0 0 0 0 0 0 0 0 0 0 0 0 0 0 0 0 0 0 0 0 0 0 0 0 0 0 0 0 0 0 0 0 0 0 0 0 0 1 0 1 0 0 0 0 0 0 0 0 0 0 0 0 0 0 0 0 0 0 0 0 0 0 0 0  |
 ├─────────────┼─────────────┼──────────────────────────────────────────────────────────────────────────────────────────────────────────────────────────────────┤
 | 38          | 18          | 0 0 0 0 0 0 0 0 0 0 0 0 0 0 0 0 0 0 1 0 0 0 0 0 0 0 0 0 0 0 0 0 0 0 0 0 0 0 1 0 0 0 0 0 0 0 0 0 0 0 0 0 0 0 0 0 0 0 0 0 0 0 0 0  |
 ├─────────────┼─────────────┼──────────────────────────────────────────────────────────────────────────────────────────────────────────────────────────────────┤
 | 38          | 47          | 0 0 0 0 0 0 0 0 0 0 0 0 0 0 0 0 0 0 0 0 0 0 0 0 0 0 0 0 0 0 0 0 0 0 0 0 0 0 1 0 0 0 0 0 0 0 0 1 0 0 0 0 0 0 0 0 0 0 0 0 0 0 0 0  |
 ├─────────────┼─────────────┼──────────────────────────────────────────────────────────────────────────────────────────────────────────────────────────────────┤
 | 38          | 46          | 0 0 0 0 0 0 0 0 0 0 0 0 0 0 0 0 0 0 0 0 0 0 0 0 0 0 0 0 0 0 0 0 0 0 0 0 0 0 1 0 0 0 0 0 0 0 1 0 0 0 0 0 0 0 0 0 0 0 0 0 0 0 0 0  |
 ├─────────────┼─────────────┼──────────────────────────────────────────────────────────────────────────────────────────────────────────────────────────────────┤
 | 38          | 27          | 0 0 0 0 0 0 0 0 0 0 0 0 0 0 0 0 0 0 0 0 0 0 0 0 0 0 0 1 0 0 0 0 0 0 0 0 0 0 1 0 0 0 0 0 0 0 0 0 0 0 0 0 0 0 0 0 0 0 0 0 0 0 0 0  |
 ├─────────────┼─────────────┼──────────────────────────────────────────────────────────────────────────────────────────────────────────────────────────────────┤
 | 39          | 13          | 0 0 0 0 0 0 0 0 0 0 0 0 0 1 0 0 0 1 0 0 0 0 0 0 0 0 0 0 0 0 0 0 0 0 0 0 0 0 0 1 0 0 0 0 0 0 0 0 0 0 0 0 0 0 0 0 0 0 0 0 0 0 0 0  |
 ├─────────────┼─────────────┼──────────────────────────────────────────────────────────────────────────────────────────────────────────────────────────────────┤
 | 39          | 38          | 0 0 0 0 0 0 0 0 0 0 0 0 0 0 0 0 0 0 0 0 0 0 0 0 0 0 0 0 0 0 0 0 0 0 0 0 0 0 1 1 0 0 0 0 0 0 0 0 0 0 0 0 0 0 0 0 0 0 0 0 0 0 0 0  |
 ├─────────────┼─────────────┼──────────────────────────────────────────────────────────────────────────────────────────────────────────────────────────────────┤
 | 39          | 27          | 0 0 0 0 0 0 0 0 0 0 0 0 0 0 0 0 0 0 0 0 0 0 0 0 0 0 0 1 0 0 0 0 0 0 0 0 0 0 0 1 0 0 0 0 0 0 0 0 0 0 0 0 0 0 0 0 0 0 0 0 0 0 0 0  |
 ├─────────────┼─────────────┼──────────────────────────────────────────────────────────────────────────────────────────────────────────────────────────────────┤
 | 39          | 41          | 0 0 0 0 0 0 0 0 0 0 0 0 0 0 0 0 0 0 0 0 0 0 0 0 0 0 0 0 0 0 0 0 0 0 0 0 0 0 0 1 0 1 0 0 0 0 0 0 0 0 0 0 0 0 0 0 0 0 0 0 1 0 0 0  |
 ├─────────────┼─────────────┼──────────────────────────────────────────────────────────────────────────────────────────────────────────────────────────────────┤
 | 40          | 50          | 0 0 0 0 0 0 0 0 0 0 0 0 0 0 0 0 0 0 0 0 0 0 0 0 0 0 0 0 0 0 0 0 0 0 0 0 0 0 0 0 1 0 0 0 0 0 0 0 0 0 1 0 0 0 0 0 0 0 0 0 0 0 0 0  |
 ├─────────────┼─────────────┼──────────────────────────────────────────────────────────────────────────────────────────────────────────────────────────────────┤
 | 40          | 57          | 0 0 0 0 0 0 0 0 0 0 0 0 0 0 0 0 0 0 0 0 0 0 0 0 0 0 0 0 0 0 0 0 0 0 0 0 0 0 0 0 1 0 0 0 0 0 0 0 0 0 0 0 0 0 0 0 0 1 0 0 0 0 0 0  |
 ├─────────────┼─────────────┼──────────────────────────────────────────────────────────────────────────────────────────────────────────────────────────────────┤
 | 40          | 42          | 0 0 0 0 0 0 0 0 0 0 0 0 0 0 0 0 0 0 0 0 0 0 0 0 0 0 0 0 0 0 0 0 0 0 0 0 0 0 0 0 1 0 1 0 0 0 0 0 0 0 0 0 0 0 0 0 0 0 0 0 0 0 0 0  |
 ├─────────────┼─────────────┼──────────────────────────────────────────────────────────────────────────────────────────────────────────────────────────────────┤
 | 40          | 36          | 0 0 0 0 0 0 0 0 0 0 0 0 0 0 0 0 0 0 0 0 0 0 0 0 0 0 0 0 0 0 0 0 0 0 0 0 1 0 0 0 1 0 0 0 0 0 0 0 0 0 0 0 0 0 0 0 0 0 0 0 0 0 0 0  |
 ├─────────────┼─────────────┼──────────────────────────────────────────────────────────────────────────────────────────────────────────────────────────────────┤
 | 41          | 58          | 0 0 0 0 0 0 0 0 0 0 0 0 0 0 0 0 0 0 0 0 0 0 0 0 0 0 0 0 1 0 0 0 0 0 0 0 0 0 0 0 0 1 0 0 0 0 0 0 0 0 0 0 0 0 0 0 0 0 1 0 0 0 0 0  |
 ├─────────────┼─────────────┼──────────────────────────────────────────────────────────────────────────────────────────────────────────────────────────────────┤
 | 41          | 32          | 0 0 0 0 0 0 0 0 0 0 0 0 0 0 0 0 0 0 0 0 0 0 0 0 0 0 0 0 0 0 0 0 1 0 0 0 0 0 0 0 0 1 0 0 0 0 0 0 0 0 0 0 0 0 0 0 0 0 0 0 0 0 0 0  |
 ├─────────────┼─────────────┼──────────────────────────────────────────────────────────────────────────────────────────────────────────────────────────────────┤
 | 41          | 50          | 0 0 0 0 0 0 0 0 0 0 0 0 0 0 0 0 0 0 0 0 0 0 0 0 0 0 0 0 0 0 0 0 1 0 0 0 0 0 0 0 0 1 0 0 0 0 0 0 0 0 1 0 0 1 0 0 0 0 0 0 0 0 0 0  |
 ├─────────────┼─────────────┼──────────────────────────────────────────────────────────────────────────────────────────────────────────────────────────────────┤
 | 41          | 6           | 0 0 0 0 0 0 1 0 0 0 0 0 0 0 0 0 0 0 0 0 0 0 0 0 0 0 0 0 0 0 0 0 0 0 0 0 0 0 0 0 0 1 0 0 0 0 0 0 0 0 0 0 0 0 0 0 0 0 0 0 0 0 0 0  |
 ├─────────────┼─────────────┼──────────────────────────────────────────────────────────────────────────────────────────────────────────────────────────────────┤
 | 42          | 0           | 1 0 0 0 0 0 0 0 0 0 0 0 0 0 0 0 0 0 0 0 0 0 0 0 0 0 0 0 0 0 0 0 0 0 0 0 0 1 0 0 0 0 1 0 0 0 0 0 0 0 0 0 0 0 0 0 0 0 0 0 0 0 0 0  |
 ├─────────────┼─────────────┼──────────────────────────────────────────────────────────────────────────────────────────────────────────────────────────────────┤
 | 42          | 49          | 0 0 0 0 0 0 0 0 0 0 0 0 0 0 0 0 0 0 0 0 0 0 0 0 0 0 0 0 0 0 0 0 0 0 0 0 0 0 0 0 0 0 1 0 0 0 0 0 0 1 0 0 0 0 0 0 0 0 0 0 0 0 0 0  |
 ├─────────────┼─────────────┼──────────────────────────────────────────────────────────────────────────────────────────────────────────────────────────────────┤
 | 42          | 51          | 0 0 0 0 0 0 0 0 0 0 0 0 0 0 0 0 0 0 0 0 0 0 0 0 0 0 0 0 0 0 0 0 0 0 0 0 0 0 0 0 0 0 1 0 0 0 0 0 0 0 0 1 0 0 0 0 0 0 0 0 0 0 0 0  |
 ├─────────────┼─────────────┼──────────────────────────────────────────────────────────────────────────────────────────────────────────────────────────────────┤
 | 42          | 37          | 0 0 0 0 0 0 0 0 0 0 0 0 0 0 0 0 0 0 0 0 0 0 0 0 0 0 0 0 0 0 0 0 0 0 0 0 0 1 0 0 0 0 1 0 0 0 0 0 0 0 0 0 0 0 0 0 0 0 0 0 0 0 0 0  |
 ├─────────────┼─────────────┼──────────────────────────────────────────────────────────────────────────────────────────────────────────────────────────────────┤
 | 43          | 29          | 0 0 0 0 0 0 0 0 0 0 0 0 0 0 0 0 0 0 0 0 0 0 0 0 0 0 0 0 0 1 0 0 0 0 0 0 0 0 0 0 0 0 0 1 0 0 0 0 0 0 0 0 0 0 0 0 0 0 0 0 0 0 0 0  |
 ├─────────────┼─────────────┼──────────────────────────────────────────────────────────────────────────────────────────────────────────────────────────────────┤
 | 43          | 33          | 0 0 0 0 0 0 0 0 0 0 0 0 0 0 0 0 0 0 0 0 0 0 0 0 0 0 0 0 0 0 0 0 0 1 0 0 0 0 0 0 0 0 0 1 0 0 0 0 0 0 0 0 0 0 0 0 0 0 0 0 0 0 0 0  |
 ├─────────────┼─────────────┼──────────────────────────────────────────────────────────────────────────────────────────────────────────────────────────────────┤
 | 43          | 45          | 0 0 0 0 0 0 0 0 0 0 0 0 0 0 0 0 0 0 0 0 0 0 0 0 0 0 0 0 0 0 0 0 0 1 0 0 0 0 0 0 0 0 0 1 0 1 0 0 0 0 0 0 0 0 0 0 0 0 0 0 0 0 0 0  |
 ├─────────────┼─────────────┼──────────────────────────────────────────────────────────────────────────────────────────────────────────────────────────────────┤
 | 43          | 14          | 0 0 0 0 0 0 0 0 0 0 0 0 0 0 1 0 0 0 0 0 0 0 0 0 0 0 0 0 0 0 0 0 1 0 0 0 0 0 0 0 0 0 0 1 0 0 0 0 0 0 0 0 0 0 0 0 0 0 0 0 0 0 0 0  |
 ├─────────────┼─────────────┼──────────────────────────────────────────────────────────────────────────────────────────────────────────────────────────────────┤
 | 44          | 46          | 0 0 0 0 0 0 0 0 0 0 0 0 0 0 0 0 0 0 0 0 0 0 0 0 0 0 0 0 0 0 0 0 0 0 0 0 0 0 0 0 0 0 0 0 1 0 1 0 0 1 0 0 0 0 0 0 0 0 0 0 0 0 0 0  |
 ├─────────────┼─────────────┼──────────────────────────────────────────────────────────────────────────────────────────────────────────────────────────────────┤
 | 44          | 60          | 0 0 0 0 0 0 0 0 0 0 0 0 0 0 0 0 0 0 0 0 0 0 0 0 0 0 0 0 0 0 0 0 0 0 0 0 0 0 0 0 0 0 0 0 1 0 0 0 0 0 0 0 0 0 0 0 0 0 0 0 1 0 0 0  |
 ├─────────────┼─────────────┼──────────────────────────────────────────────────────────────────────────────────────────────────────────────────────────────────┤
 | 44          | 27          | 0 0 0 0 0 0 0 0 0 0 0 0 0 0 0 0 0 0 0 0 0 0 0 0 0 0 0 1 0 0 0 0 0 0 0 0 0 0 0 0 0 0 0 0 1 0 0 0 0 0 0 0 0 0 0 0 0 0 0 0 0 0 0 0  |
 ├─────────────┼─────────────┼──────────────────────────────────────────────────────────────────────────────────────────────────────────────────────────────────┤
 | 44          | 34          | 0 0 0 0 0 0 0 0 0 0 0 0 0 0 0 0 0 0 0 0 0 0 0 0 0 0 0 0 0 0 0 0 0 0 1 0 0 0 0 0 0 0 0 0 1 0 0 0 0 0 0 0 0 0 0 0 0 0 0 0 0 0 0 0  |
 ├─────────────┼─────────────┼──────────────────────────────────────────────────────────────────────────────────────────────────────────────────────────────────┤
 | 45          | 59          | 0 0 0 0 0 0 0 0 0 0 0 0 0 0 0 0 0 0 0 0 0 0 0 0 0 0 0 0 0 0 0 0 0 0 0 0 0 0 0 0 0 0 0 0 0 1 0 0 0 0 0 0 0 0 0 0 0 0 0 1 0 0 0 0  |
 ├─────────────┼─────────────┼──────────────────────────────────────────────────────────────────────────────────────────────────────────────────────────────────┤
 | 45          | 53          | 0 0 0 0 0 0 0 0 0 0 0 0 0 0 0 0 0 0 0 0 0 0 0 0 0 0 0 0 0 0 0 0 0 0 0 0 0 0 0 0 0 0 0 0 0 1 0 0 0 0 0 0 0 1 0 0 0 0 0 0 0 0 0 0  |
 ├─────────────┼─────────────┼──────────────────────────────────────────────────────────────────────────────────────────────────────────────────────────────────┤
 | 45          | 52          | 0 0 0 0 0 0 0 0 0 0 0 0 0 0 0 0 0 0 0 0 0 0 0 0 0 0 0 0 0 0 0 0 0 0 0 0 0 0 0 0 0 0 0 0 0 1 0 0 0 0 0 0 1 0 0 0 0 0 0 0 0 0 0 0  |
 ├─────────────┼─────────────┼──────────────────────────────────────────────────────────────────────────────────────────────────────────────────────────────────┤
 | 45          | 2           | 0 0 1 0 0 0 0 0 0 0 0 0 0 0 0 0 0 1 0 0 0 0 0 0 0 0 0 0 0 0 0 0 0 0 0 0 0 0 0 0 0 0 0 0 0 1 0 0 0 0 0 0 0 0 0 0 0 0 0 0 0 0 0 0  |
 ├─────────────┼─────────────┼──────────────────────────────────────────────────────────────────────────────────────────────────────────────────────────────────┤
 | 46          | 25          | 0 0 0 0 0 0 0 0 0 0 0 0 0 0 0 0 0 0 0 0 0 0 0 0 0 1 0 0 0 0 0 0 0 0 0 0 0 0 0 0 0 0 0 0 0 0 1 0 0 0 0 0 0 0 0 0 0 0 0 0 0 0 0 0  |
 ├─────────────┼─────────────┼──────────────────────────────────────────────────────────────────────────────────────────────────────────────────────────────────┤
 | 46          | 31          | 0 0 0 0 0 0 0 0 0 0 0 0 0 0 0 0 0 0 0 0 0 0 0 0 0 0 0 0 0 0 0 1 0 0 0 0 0 0 0 0 0 0 0 0 0 0 1 0 0 0 0 0 0 0 0 0 0 0 0 0 0 0 0 0  |
 ├─────────────┼─────────────┼──────────────────────────────────────────────────────────────────────────────────────────────────────────────────────────────────┤
 | 46          | 45          | 0 0 0 0 0 0 0 0 0 0 0 0 0 0 0 0 0 0 0 0 0 0 0 0 0 0 0 0 0 0 0 0 0 0 0 0 0 0 0 0 0 0 0 0 0 1 1 0 0 0 0 0 0 0 0 0 0 0 0 0 0 0 0 0  |
 ├─────────────┼─────────────┼──────────────────────────────────────────────────────────────────────────────────────────────────────────────────────────────────┤
 | 46          | 15          | 0 0 0 0 0 0 0 0 0 0 0 0 0 0 0 1 0 0 0 0 0 0 0 0 0 0 0 0 0 0 0 0 0 0 0 0 0 0 0 0 0 0 0 0 0 0 1 0 0 0 0 0 0 0 0 0 0 0 0 0 0 0 0 0  |
 ├─────────────┼─────────────┼──────────────────────────────────────────────────────────────────────────────────────────────────────────────────────────────────┤
 | 47          | 38          | 0 0 0 0 0 0 0 0 0 0 0 0 0 0 0 0 0 0 0 0 0 0 0 0 0 0 0 0 0 0 0 0 0 0 0 0 0 0 1 0 0 0 0 0 0 0 0 1 0 0 0 0 0 0 0 0 0 0 0 0 0 0 0 0  |
 ├─────────────┼─────────────┼──────────────────────────────────────────────────────────────────────────────────────────────────────────────────────────────────┤
 | 47          | 7           | 0 0 0 0 0 0 0 1 0 0 0 0 0 0 0 0 0 0 0 0 0 0 0 0 0 0 0 0 0 0 0 0 0 0 0 0 0 0 0 0 0 0 0 0 0 0 0 1 0 0 0 0 0 0 0 0 0 0 0 0 0 0 0 0  |
 ├─────────────┼─────────────┼──────────────────────────────────────────────────────────────────────────────────────────────────────────────────────────────────┤
 | 47          | 41          | 0 0 0 0 0 0 0 0 0 0 0 0 0 0 0 0 0 0 0 0 0 0 0 0 0 0 0 0 0 0 0 0 0 0 0 0 0 0 0 0 0 1 0 0 0 0 0 1 0 0 0 0 0 0 0 0 0 0 0 0 0 0 0 0  |
 ├─────────────┼─────────────┼──────────────────────────────────────────────────────────────────────────────────────────────────────────────────────────────────┤
 | 47          | 44          | 0 0 0 0 0 0 0 0 0 0 0 0 0 0 0 0 0 0 0 0 0 0 0 0 0 0 0 0 0 0 0 0 0 0 0 0 0 0 0 0 0 0 0 0 1 0 0 1 0 0 0 0 0 0 0 0 0 0 0 0 0 0 0 0  |
 ├─────────────┼─────────────┼──────────────────────────────────────────────────────────────────────────────────────────────────────────────────────────────────┤
 | 48          | 0           | 1 0 0 0 0 0 0 0 0 0 0 0 0 0 0 0 0 0 0 0 0 0 0 0 0 0 0 0 0 0 0 0 0 0 0 0 0 0 0 0 0 0 0 0 0 0 0 0 1 0 0 0 0 0 0 0 0 0 0 0 0 0 0 0  |
 ├─────────────┼─────────────┼──────────────────────────────────────────────────────────────────────────────────────────────────────────────────────────────────┤
 | 48          | 45          | 0 0 0 0 0 0 0 0 0 0 0 0 0 0 0 0 0 0 0 0 0 0 0 0 0 0 0 0 0 0 0 0 0 0 0 0 0 0 0 0 0 0 0 0 0 1 0 0 1 0 0 0 0 0 0 0 0 0 0 0 0 0 0 0  |
 ├─────────────┼─────────────┼──────────────────────────────────────────────────────────────────────────────────────────────────────────────────────────────────┤
 | 48          | 30          | 0 0 0 0 0 0 0 0 0 0 0 0 0 0 0 0 0 0 0 0 0 0 0 0 0 0 0 0 0 0 1 0 0 0 0 0 0 0 0 0 0 0 0 0 0 0 0 0 1 0 0 0 0 0 0 0 0 0 0 0 0 0 0 0  |
 ├─────────────┼─────────────┼──────────────────────────────────────────────────────────────────────────────────────────────────────────────────────────────────┤
 | 48          | 12          | 0 0 0 0 0 0 0 0 0 0 0 0 1 0 0 0 0 0 0 0 0 0 0 0 0 0 0 0 0 0 0 0 0 0 0 0 0 0 0 0 0 0 0 0 0 0 0 0 1 0 0 0 0 0 0 0 0 0 0 0 0 0 0 0  |
 ├─────────────┼─────────────┼──────────────────────────────────────────────────────────────────────────────────────────────────────────────────────────────────┤
 | 49          | 45          | 0 0 0 0 0 0 0 0 0 0 0 0 0 0 0 0 0 0 0 0 0 0 0 0 0 0 0 0 0 0 0 0 0 0 0 0 0 0 0 0 0 0 0 0 0 1 0 0 0 1 0 0 0 0 0 0 0 0 0 0 0 0 0 0  |
 ├─────────────┼─────────────┼──────────────────────────────────────────────────────────────────────────────────────────────────────────────────────────────────┤
 | 49          | 22          | 0 0 0 0 0 0 0 0 0 0 0 0 0 0 0 0 0 0 0 0 0 0 1 0 0 0 0 0 0 0 0 0 0 0 0 0 0 0 0 0 0 0 0 0 0 0 0 0 0 1 0 0 0 0 0 0 0 0 0 0 0 0 0 0  |
 ├─────────────┼─────────────┼──────────────────────────────────────────────────────────────────────────────────────────────────────────────────────────────────┤
 | 49          | 53          | 0 0 0 0 0 0 0 0 0 0 0 0 0 0 0 0 0 0 0 0 0 0 0 0 0 0 0 1 0 0 0 0 0 0 0 0 0 0 0 0 0 0 0 0 0 0 0 0 0 1 0 0 0 1 0 0 0 0 0 0 0 0 0 0  |
 ├─────────────┼─────────────┼──────────────────────────────────────────────────────────────────────────────────────────────────────────────────────────────────┤
 | 49          | 42          | 0 0 0 0 0 0 0 0 0 0 0 0 0 0 0 0 0 0 0 0 0 0 0 0 0 0 0 0 0 0 0 0 0 0 0 0 0 0 0 0 0 0 1 0 0 0 0 0 0 1 0 0 0 0 0 0 0 0 0 0 0 0 0 0  |
 ├─────────────┼─────────────┼──────────────────────────────────────────────────────────────────────────────────────────────────────────────────────────────────┤
 | 50          | 54          | 0 0 0 0 0 0 0 0 0 0 0 0 0 0 0 0 0 0 0 0 0 0 0 0 0 0 0 0 0 0 0 0 0 0 0 0 0 0 0 0 0 0 0 0 0 0 0 0 0 0 1 0 0 0 1 0 0 0 0 0 0 0 0 0  |
 ├─────────────┼─────────────┼──────────────────────────────────────────────────────────────────────────────────────────────────────────────────────────────────┤
 | 50          | 39          | 0 0 0 0 0 0 0 0 0 0 0 0 0 0 0 0 0 0 0 0 0 0 0 0 0 0 0 0 0 0 0 0 0 0 0 0 0 0 0 1 0 0 0 0 0 0 0 0 0 0 1 0 0 0 0 0 0 0 0 0 0 0 0 0  |
 ├─────────────┼─────────────┼──────────────────────────────────────────────────────────────────────────────────────────────────────────────────────────────────┤
 | 50          | 8           | 0 0 0 0 0 0 0 0 1 0 0 0 0 0 0 0 0 0 0 0 0 0 0 0 0 0 0 0 0 0 0 0 0 0 0 0 0 0 0 0 0 0 0 0 0 0 0 0 0 0 1 0 0 0 0 0 0 0 0 0 0 0 0 0  |
 ├─────────────┼─────────────┼──────────────────────────────────────────────────────────────────────────────────────────────────────────────────────────────────┤
 | 50          | 56          | 0 0 0 0 0 0 0 0 0 0 0 0 0 0 0 0 0 0 0 0 0 0 0 0 0 0 0 0 0 0 0 0 0 0 0 0 0 0 0 0 0 0 0 0 0 0 0 0 0 0 1 0 0 0 0 0 1 0 0 0 0 0 0 0  |
 ├─────────────┼─────────────┼──────────────────────────────────────────────────────────────────────────────────────────────────────────────────────────────────┤
 | 51          | 18          | 0 0 0 0 0 0 0 0 0 0 0 0 0 0 0 0 0 0 1 0 0 0 0 0 0 0 0 0 0 0 0 0 0 0 0 0 0 0 0 0 0 0 0 0 0 0 0 0 0 0 0 1 0 0 0 0 0 0 0 0 0 0 0 0  |
 ├─────────────┼─────────────┼──────────────────────────────────────────────────────────────────────────────────────────────────────────────────────────────────┤
 | 51          | 62          | 0 0 0 0 0 0 0 0 0 0 0 0 0 0 0 0 0 0 0 0 0 0 0 0 0 0 0 0 0 0 0 0 0 0 0 0 0 0 0 0 0 0 0 1 0 0 0 0 0 0 0 1 0 0 0 0 0 0 0 0 0 0 1 0  |
 ├─────────────┼─────────────┼──────────────────────────────────────────────────────────────────────────────────────────────────────────────────────────────────┤
 | 51          | 53          | 0 1 0 0 0 0 0 0 0 0 0 0 0 0 0 0 0 0 0 0 0 0 0 0 0 0 0 0 0 0 0 0 0 0 0 0 0 0 0 0 0 0 0 0 0 0 0 0 0 0 0 1 0 1 0 0 0 0 0 0 0 0 0 0  |
 ├─────────────┼─────────────┼──────────────────────────────────────────────────────────────────────────────────────────────────────────────────────────────────┤
 | 51          | 41          | 0 0 0 0 0 0 0 0 0 0 0 0 0 0 0 0 0 0 0 0 0 0 0 0 0 0 0 0 0 0 0 0 0 0 0 0 0 0 0 0 0 1 0 0 0 0 0 0 0 0 0 1 0 0 0 0 0 0 0 0 0 0 0 0  |
 ├─────────────┼─────────────┼──────────────────────────────────────────────────────────────────────────────────────────────────────────────────────────────────┤
 | 52          | 2           | 0 0 1 0 0 0 0 0 0 0 0 0 0 0 0 0 0 0 0 0 0 0 0 0 0 0 0 0 0 0 0 0 0 0 0 0 0 0 0 0 0 0 0 0 0 0 0 0 0 0 0 0 1 0 0 0 0 0 0 0 0 0 0 0  |
 ├─────────────┼─────────────┼──────────────────────────────────────────────────────────────────────────────────────────────────────────────────────────────────┤
 | 52          | 35          | 0 0 0 0 0 0 0 0 0 0 0 0 0 0 0 0 0 0 0 0 0 0 0 0 0 0 0 0 0 0 0 0 0 0 0 1 0 0 0 0 0 0 0 0 0 0 0 0 0 0 0 0 1 0 0 0 0 0 0 0 0 0 0 0  |
 ├─────────────┼─────────────┼──────────────────────────────────────────────────────────────────────────────────────────────────────────────────────────────────┤
 | 52          | 61          | 0 0 0 0 0 0 0 0 0 0 0 0 0 0 0 0 0 0 0 0 0 0 0 0 0 0 0 0 0 0 0 0 0 0 0 0 0 0 0 0 0 0 0 0 0 0 0 0 0 0 0 0 1 0 0 0 0 0 0 0 0 1 0 0  |
 ├─────────────┼─────────────┼──────────────────────────────────────────────────────────────────────────────────────────────────────────────────────────────────┤
 | 52          | 57          | 0 0 0 0 0 0 0 0 0 0 0 0 0 0 0 0 0 0 0 0 0 0 0 0 0 0 0 0 0 0 0 0 0 0 0 0 0 0 0 0 0 0 0 0 0 0 0 0 0 0 0 0 1 0 0 0 0 1 0 0 0 0 0 0  |
 ├─────────────┼─────────────┼──────────────────────────────────────────────────────────────────────────────────────────────────────────────────────────────────┤
 | 53          | 1           | 0 1 0 0 0 0 0 0 0 0 0 0 0 0 0 0 0 0 0 0 0 0 0 0 0 0 0 0 0 0 0 0 0 0 0 0 0 0 0 0 0 0 0 0 0 0 0 0 0 0 0 0 0 1 0 0 0 0 0 0 0 0 0 0  |
 ├─────────────┼─────────────┼──────────────────────────────────────────────────────────────────────────────────────────────────────────────────────────────────┤
 | 53          | 18          | 0 0 0 0 0 0 0 0 0 0 0 0 0 0 0 0 0 0 1 0 0 0 0 0 0 0 0 0 0 0 1 0 0 0 0 0 0 0 0 0 0 0 0 0 0 0 0 0 0 0 0 0 0 1 0 0 1 0 0 0 0 0 0 0  |
 ├─────────────┼─────────────┼──────────────────────────────────────────────────────────────────────────────────────────────────────────────────────────────────┤
 | 53          | 5           | 0 0 0 0 0 1 0 0 0 0 0 0 0 0 0 0 0 0 0 0 0 0 0 0 0 0 0 0 0 0 0 0 0 0 0 0 0 0 0 0 0 0 0 0 0 0 0 0 0 0 0 0 0 1 0 0 0 0 0 0 0 0 0 0  |
 ├─────────────┼─────────────┼──────────────────────────────────────────────────────────────────────────────────────────────────────────────────────────────────┤
 | 53          | 41          | 0 0 0 0 0 0 0 0 0 0 0 0 0 0 0 0 0 0 0 0 0 0 0 0 0 0 0 0 0 0 0 0 0 0 0 0 0 0 0 0 1 1 0 0 0 0 0 0 0 0 0 0 0 1 0 0 0 0 0 0 0 0 0 0  |
 ├─────────────┼─────────────┼──────────────────────────────────────────────────────────────────────────────────────────────────────────────────────────────────┤
 | 54          | 33          | 0 0 0 0 0 0 0 0 0 0 0 0 0 0 0 0 0 0 0 0 0 0 0 0 0 0 0 0 0 0 0 0 0 1 0 0 0 0 0 0 0 0 0 0 0 0 0 0 0 0 0 0 0 0 1 0 0 0 0 0 0 0 0 0  |
 ├─────────────┼─────────────┼──────────────────────────────────────────────────────────────────────────────────────────────────────────────────────────────────┤
 | 54          | 9           | 0 0 0 0 0 0 0 0 0 1 0 0 0 0 0 0 0 0 0 0 0 0 0 0 0 0 0 0 0 0 0 0 0 0 0 0 0 0 0 0 0 0 0 0 0 0 0 0 0 0 0 0 0 0 1 0 0 0 0 0 0 0 0 0  |
 ├─────────────┼─────────────┼──────────────────────────────────────────────────────────────────────────────────────────────────────────────────────────────────┤
 | 54          | 0           | 1 0 0 0 0 0 0 0 0 0 0 0 0 0 0 0 0 0 0 0 0 0 0 0 0 0 0 0 0 0 0 0 0 0 0 0 0 0 0 0 0 0 0 0 0 0 0 0 0 0 0 0 0 0 1 0 0 0 0 0 0 0 0 0  |
 ├─────────────┼─────────────┼──────────────────────────────────────────────────────────────────────────────────────────────────────────────────────────────────┤
 | 54          | 30          | 0 0 0 0 0 0 0 0 0 0 0 0 0 0 0 0 0 0 0 0 0 0 0 0 0 0 0 0 0 0 1 0 0 0 0 0 0 0 0 0 0 0 0 0 0 0 0 0 0 0 0 0 0 0 1 0 0 0 0 0 0 0 0 0  |
 ├─────────────┼─────────────┼──────────────────────────────────────────────────────────────────────────────────────────────────────────────────────────────────┤
 | 55          | 60          | 0 0 0 0 0 0 0 0 0 0 0 0 0 0 0 0 0 0 0 0 0 0 0 0 0 0 0 0 0 0 0 0 0 0 0 0 0 0 0 0 0 0 0 0 0 0 0 0 0 0 0 0 0 0 0 1 0 0 0 0 1 0 0 0  |
 ├─────────────┼─────────────┼──────────────────────────────────────────────────────────────────────────────────────────────────────────────────────────────────┤
 | 55          | 44          | 0 0 0 0 0 0 0 0 0 0 0 0 0 0 0 0 0 0 0 0 0 0 0 0 0 0 0 0 0 0 0 0 0 0 0 0 0 0 0 0 0 0 0 0 1 0 0 0 0 0 0 0 0 0 0 1 0 0 0 0 0 0 0 0  |
 ├─────────────┼─────────────┼──────────────────────────────────────────────────────────────────────────────────────────────────────────────────────────────────┤
 | 55          | 13          | 0 0 0 0 0 0 0 0 0 0 0 0 0 1 0 0 0 0 0 0 0 0 0 0 0 0 0 0 0 0 0 0 0 0 0 0 0 0 0 0 0 0 0 0 0 0 0 0 0 0 0 0 0 0 0 1 0 0 0 0 0 0 0 0  |
 ├─────────────┼─────────────┼──────────────────────────────────────────────────────────────────────────────────────────────────────────────────────────────────┤
 | 55          | 38          | 0 0 0 0 0 0 0 0 0 0 0 0 0 0 0 0 0 0 0 0 0 0 0 0 0 0 0 0 0 0 0 1 0 0 0 0 0 0 1 0 0 0 0 0 0 0 0 0 0 0 0 0 0 0 0 1 0 0 0 0 0 0 0 0  |
 ├─────────────┼─────────────┼──────────────────────────────────────────────────────────────────────────────────────────────────────────────────────────────────┤
 | 56          | 57          | 0 0 0 0 0 0 0 0 0 0 0 0 0 0 0 0 0 0 0 0 0 0 0 0 0 0 0 0 0 0 0 0 0 0 0 0 0 0 0 0 0 0 0 0 0 0 0 0 0 0 0 0 0 0 0 0 1 1 0 0 0 0 0 0  |
 ├─────────────┼─────────────┼──────────────────────────────────────────────────────────────────────────────────────────────────────────────────────────────────┤
 | 56          | 4           | 0 0 0 0 1 0 0 0 0 0 0 0 0 0 0 0 0 0 0 0 0 0 0 0 0 0 0 0 0 0 0 0 0 0 0 0 0 0 0 0 0 0 0 0 0 0 0 0 0 0 0 0 0 0 0 0 1 0 0 0 0 0 0 0  |
 ├─────────────┼─────────────┼──────────────────────────────────────────────────────────────────────────────────────────────────────────────────────────────────┤
 | 56          | 37          | 0 0 0 0 0 0 0 0 0 0 0 0 0 0 0 0 0 0 0 0 0 0 0 0 0 0 0 0 0 0 0 0 0 0 0 0 0 1 0 0 0 1 0 0 0 0 0 0 0 0 0 0 0 0 0 0 1 0 0 0 0 0 0 0  |
 ├─────────────┼─────────────┼──────────────────────────────────────────────────────────────────────────────────────────────────────────────────────────────────┤
 | 56          | 23          | 0 0 0 0 0 0 0 0 0 0 0 0 0 0 0 0 0 0 0 0 0 0 0 1 0 0 0 0 0 0 0 0 0 0 0 0 0 0 0 0 0 0 0 0 0 0 0 0 0 0 0 0 0 0 0 0 1 0 0 0 0 0 0 0  |
 ├─────────────┼─────────────┼──────────────────────────────────────────────────────────────────────────────────────────────────────────────────────────────────┤
 | 57          | 37          | 0 0 0 0 0 0 0 0 0 0 0 0 0 0 0 0 0 0 0 0 0 0 0 0 0 0 0 0 0 0 0 0 0 0 0 0 0 1 0 0 0 0 0 0 0 0 0 0 0 0 0 0 0 0 0 0 0 1 0 0 0 0 0 0  |
 ├─────────────┼─────────────┼──────────────────────────────────────────────────────────────────────────────────────────────────────────────────────────────────┤
 | 57          | 18          | 0 0 0 0 0 0 0 0 0 0 0 0 0 0 0 0 0 0 1 0 0 0 0 0 0 0 0 0 0 0 0 0 0 0 0 0 0 0 0 0 0 0 0 0 0 0 0 0 0 0 0 0 0 0 0 0 0 1 0 0 0 0 0 0  |
 ├─────────────┼─────────────┼──────────────────────────────────────────────────────────────────────────────────────────────────────────────────────────────────┤
 | 57          | 5           | 0 0 0 0 0 1 0 0 0 0 0 0 0 0 0 0 0 0 0 0 0 0 0 0 0 0 0 0 0 0 0 0 0 0 0 0 0 0 0 0 0 0 0 0 0 0 0 0 0 0 0 0 0 0 0 0 0 1 0 0 0 0 0 0  |
 ├─────────────┼─────────────┼──────────────────────────────────────────────────────────────────────────────────────────────────────────────────────────────────┤
 | 57          | 1           | 0 1 0 0 0 0 0 0 0 0 0 0 0 0 0 0 0 0 0 0 0 0 0 0 0 0 0 0 0 0 0 0 0 0 0 0 0 0 0 0 0 0 0 0 0 0 0 0 0 0 0 0 0 0 0 0 0 1 0 0 0 0 0 0  |
 ├─────────────┼─────────────┼──────────────────────────────────────────────────────────────────────────────────────────────────────────────────────────────────┤
 | 58          | 59          | 0 0 0 0 0 0 0 0 0 0 0 0 0 0 0 0 0 0 0 0 0 0 0 0 0 0 0 0 0 0 0 0 0 0 0 0 0 0 0 0 0 0 0 0 0 0 0 0 0 0 0 0 0 0 0 0 0 0 1 1 0 0 0 0  |
 ├─────────────┼─────────────┼──────────────────────────────────────────────────────────────────────────────────────────────────────────────────────────────────┤
 | 58          | 61          | 0 0 0 0 0 0 0 0 0 0 0 0 0 0 0 0 0 0 0 0 0 0 0 0 0 0 0 0 0 0 0 0 0 1 0 0 0 0 0 0 0 0 0 0 0 0 0 0 0 0 0 0 0 0 0 0 0 0 1 0 0 1 0 0  |
 ├─────────────┼─────────────┼──────────────────────────────────────────────────────────────────────────────────────────────────────────────────────────────────┤
 | 58          | 19          | 0 0 0 0 0 0 0 0 0 0 0 0 0 0 0 0 0 0 0 1 0 0 0 0 0 0 0 0 1 0 0 0 0 0 0 0 0 0 0 0 0 0 0 0 0 0 0 0 0 0 0 0 0 0 0 0 0 0 1 0 0 0 0 0  |
 ├─────────────┼─────────────┼──────────────────────────────────────────────────────────────────────────────────────────────────────────────────────────────────┤
 | 58          | 40          | 0 0 0 0 0 0 0 0 0 0 0 0 0 0 0 0 0 0 0 0 0 0 0 0 0 0 0 0 0 0 0 0 0 0 0 0 0 0 0 0 1 0 0 0 0 0 0 0 0 0 0 0 0 0 0 0 0 0 1 0 0 0 0 0  |
 ├─────────────┼─────────────┼──────────────────────────────────────────────────────────────────────────────────────────────────────────────────────────────────┤
 | 59          | 60          | 0 0 0 0 0 0 0 0 0 0 0 0 0 0 0 0 0 0 0 0 0 0 0 0 0 0 0 0 0 0 0 0 0 0 0 0 0 0 0 0 0 0 0 0 0 0 0 0 0 0 0 0 0 0 0 0 0 0 0 1 1 0 0 0  |
 ├─────────────┼─────────────┼──────────────────────────────────────────────────────────────────────────────────────────────────────────────────────────────────┤
 | 59          | 12          | 0 0 0 1 0 0 0 0 0 0 0 0 1 0 0 0 0 0 0 0 0 0 0 0 0 0 0 0 0 0 0 0 0 0 0 0 0 0 0 0 0 0 0 0 0 0 0 0 0 0 0 0 0 0 0 0 0 0 0 1 0 0 0 0  |
 ├─────────────┼─────────────┼──────────────────────────────────────────────────────────────────────────────────────────────────────────────────────────────────┤
 | 59          | 28          | 0 0 0 0 0 0 0 0 0 0 0 0 0 0 0 0 0 0 0 0 0 0 0 0 0 0 0 0 1 0 0 0 0 0 0 0 0 0 0 0 0 0 0 0 0 0 0 0 0 0 0 0 0 0 0 0 0 0 0 1 0 0 0 0  |
 ├─────────────┼─────────────┼──────────────────────────────────────────────────────────────────────────────────────────────────────────────────────────────────┤
 | 59          | 8           | 0 0 0 0 0 0 0 0 1 0 0 0 0 0 0 0 0 0 0 0 0 0 0 0 0 0 0 0 0 0 0 0 0 0 0 0 0 0 0 0 0 0 0 0 0 0 0 0 0 0 0 1 0 0 0 0 0 0 0 1 0 0 0 0  |
 ├─────────────┼─────────────┼──────────────────────────────────────────────────────────────────────────────────────────────────────────────────────────────────┤
 | 60          | 62          | 0 0 0 0 0 0 0 0 0 0 0 0 0 0 0 0 0 0 0 0 0 0 0 0 0 0 0 0 0 0 0 0 0 0 0 0 0 0 0 0 0 0 0 0 0 0 0 0 0 0 0 0 0 0 0 0 0 0 0 0 1 0 1 0  |
 ├─────────────┼─────────────┼──────────────────────────────────────────────────────────────────────────────────────────────────────────────────────────────────┤
 | 60          | 1           | 0 1 0 0 0 0 0 0 0 0 0 0 0 0 0 0 0 0 0 0 0 0 0 0 0 0 0 0 0 0 0 0 0 0 0 0 0 0 0 0 0 0 0 0 0 0 0 0 0 0 0 0 0 0 0 0 0 0 0 0 1 0 0 0  |
 ├─────────────┼─────────────┼──────────────────────────────────────────────────────────────────────────────────────────────────────────────────────────────────┤
 | 60          | 43          | 0 0 0 0 0 0 0 0 0 0 0 0 0 0 0 0 0 0 0 0 0 0 0 0 0 0 0 0 0 0 0 0 0 0 0 0 0 0 0 0 0 0 0 1 0 0 0 0 0 0 0 0 0 0 0 0 0 0 0 0 1 0 0 0  |
 ├─────────────┼─────────────┼──────────────────────────────────────────────────────────────────────────────────────────────────────────────────────────────────┤
 | 60          | 8           | 0 0 0 0 0 0 0 0 1 0 0 0 0 0 0 0 0 0 0 0 0 0 0 0 0 0 0 0 0 0 0 0 0 0 0 0 0 0 0 0 0 0 0 0 0 0 0 0 0 0 0 0 0 0 0 0 0 0 0 0 1 0 0 0  |
 ├─────────────┼─────────────┼──────────────────────────────────────────────────────────────────────────────────────────────────────────────────────────────────┤
 | 61          | 62          | 0 0 0 0 0 0 0 0 0 0 0 0 0 0 0 0 0 0 0 0 0 0 0 0 0 0 0 0 0 0 0 0 0 0 0 0 0 0 0 0 0 0 0 0 0 0 0 0 0 0 0 0 0 0 0 0 0 0 0 0 0 1 1 0  |
 ├─────────────┼─────────────┼──────────────────────────────────────────────────────────────────────────────────────────────────────────────────────────────────┤
 | 61          | 60          | 0 0 0 0 0 0 0 0 0 0 0 0 0 0 0 0 0 0 0 0 0 0 0 0 0 0 0 0 0 0 0 0 0 0 0 0 0 0 0 0 0 0 0 0 0 0 0 0 0 0 0 0 0 0 0 0 0 0 0 0 1 1 0 0  |
 ├─────────────┼─────────────┼──────────────────────────────────────────────────────────────────────────────────────────────────────────────────────────────────┤
 | 61          | 8           | 0 0 0 0 0 0 0 0 1 0 0 0 0 0 0 0 0 0 0 0 0 0 0 0 0 0 0 0 0 0 0 0 1 0 0 0 0 0 0 0 0 0 0 0 0 0 0 0 0 0 0 0 0 0 0 0 0 0 0 0 0 1 0 0  |
 ├─────────────┼─────────────┼──────────────────────────────────────────────────────────────────────────────────────────────────────────────────────────────────┤
 | 61          | 54          | 0 0 0 0 0 0 0 0 0 0 0 0 0 0 0 0 0 0 0 0 0 0 0 0 0 0 0 0 0 0 0 0 0 0 0 0 0 0 0 0 0 0 0 0 0 0 0 0 0 0 0 0 0 0 1 0 0 0 0 0 0 1 0 0  |
 ├─────────────┼─────────────┼──────────────────────────────────────────────────────────────────────────────────────────────────────────────────────────────────┤
 | 62          | 30          | 0 0 0 0 0 0 0 0 0 0 0 0 0 0 0 0 0 0 0 0 0 0 0 0 0 0 0 0 0 0 1 0 0 0 0 0 0 0 0 0 0 0 0 0 0 0 0 0 0 0 0 0 0 0 0 0 0 0 0 0 0 0 1 0  |
 ├─────────────┼─────────────┼──────────────────────────────────────────────────────────────────────────────────────────────────────────────────────────────────┤
 | 62          | 9           | 0 0 0 0 0 0 0 0 0 1 0 0 0 0 0 0 0 0 0 0 0 0 0 0 0 0 0 0 0 0 0 0 0 0 0 0 0 0 0 0 0 0 0 0 0 0 0 0 0 0 0 0 0 0 0 0 0 0 0 0 0 0 1 0  |
 ├─────────────┼─────────────┼──────────────────────────────────────────────────────────────────────────────────────────────────────────────────────────────────┤
 | 62          | 13          | 0 0 0 0 0 0 0 0 0 0 0 0 0 1 0 0 0 0 0 0 0 0 0 0 0 0 0 0 0 0 0 0 0 0 0 0 0 0 0 0 0 0 0 0 0 0 0 0 0 0 0 0 0 0 0 0 0 0 0 0 0 0 1 0  |
 ├─────────────┼─────────────┼──────────────────────────────────────────────────────────────────────────────────────────────────────────────────────────────────┤
 | 62          | 16          | 0 0 0 0 0 0 0 0 0 0 0 0 0 0 0 0 1 0 0 0 0 0 0 0 0 0 0 0 0 0 0 0 0 0 0 0 0 0 0 0 0 0 0 0 0 0 0 0 0 0 0 0 0 0 0 0 0 0 0 0 0 0 1 0  |
 ├─────────────┼─────────────┼──────────────────────────────────────────────────────────────────────────────────────────────────────────────────────────────────┤
 | 63          | 43          | 0 0 0 0 0 0 0 0 0 1 0 0 0 0 0 0 0 0 0 0 0 0 0 0 0 0 0 0 0 0 0 0 0 0 0 0 0 0 0 0 0 0 0 1 0 0 0 0 0 0 0 0 0 0 0 0 0 0 0 0 0 0 0 1  |
 ├─────────────┼─────────────┼──────────────────────────────────────────────────────────────────────────────────────────────────────────────────────────────────┤
 | 63          | 21          | 0 0 0 0 0 0 0 0 0 0 0 0 0 0 0 0 0 0 0 0 0 1 0 0 0 0 0 0 0 0 0 0 0 0 0 0 0 0 0 0 0 0 0 0 0 0 0 0 0 0 0 0 0 0 0 0 0 0 0 0 0 0 0 1  |
 ├─────────────┼─────────────┼──────────────────────────────────────────────────────────────────────────────────────────────────────────────────────────────────┤
 | 63          | 62          | 0 0 0 0 0 0 0 0 0 0 0 0 0 0 0 0 0 0 0 0 0 0 0 0 0 0 0 0 0 0 0 0 0 0 0 0 0 0 0 0 0 0 0 0 0 0 0 0 0 0 0 0 0 0 0 0 0 0 0 0 0 0 1 1  |
 ├─────────────┼─────────────┼──────────────────────────────────────────────────────────────────────────────────────────────────────────────────────────────────┤
 | 63          | 23          | 0 0 0 0 0 0 0 0 0 0 0 0 0 0 0 0 0 0 0 0 0 0 0 1 0 0 0 0 0 0 0 0 0 0 0 0 0 0 0 0 0 0 0 0 0 0 0 0 0 0 0 0 0 0 0 0 0 0 0 0 0 0 0 1  |
 └─────────────┴─────────────┴──────────────────────────────────────────────────────────────────────────────────────────────────────────────────────────────────┘
Pattern table end
Prefetch buffer begin
 ┌────────────────────┬────────────────────┬────────────────────┬────────────────────┬──────────────────────────────────────────────────────────────────────────────────────────────────────────────────────────────────┐
 | RegionNum          | Trigger            | Second             | Meta               | Pattern                                                                                                                          |
 ├────────────────────┼────────────────────┼────────────────────┼────────────────────┼──────────────────────────────────────────────────────────────────────────────────────────────────────────────────────────────────┤
 | 0x000000000000d59b | 0x0000000000000005 | 0x0000000000000006 | 0x0000000000000001 | 0 0 0 0 0 0 0 0 0 0 0 0 0 0 0 0 0 0 0 0 0 0 0 0 0 0 0 0 0 0 0 0 0 0 0 0 0 0 0 0 0 0 0 0 0 0 0 0 0 0 0 0 0 1 1 1 1 1 1 1 1 1 1 0  |
 ├────────────────────┼────────────────────┼────────────────────┼────────────────────┼──────────────────────────────────────────────────────────────────────────────────────────────────────────────────────────────────┤
 | 0x0000000000003b9e | 0x0000000000000006 | 0x0000000000000007 | 0x0000000000000001 | 0 0 0 0 0 0 1 0 0 0 0 0 0 0 0 0 0 0 0 0 0 1 1 1 0 0 0 0 0 0 0 0 0 0 0 0 0 0 0 0 0 0 0 0 0 0 0 0 0 0 0 0 0 0 0 0 0 0 0 0 0 0 0 0  |
 ├────────────────────┼────────────────────┼────────────────────┼────────────────────┼──────────────────────────────────────────────────────────────────────────────────────────────────────────────────────────────────┤
 | 0x0000000000014191 | 0x0000000000000000 | 0x0000000000000001 | 0x0000000000000001 | 1 0 0 0 0 0 0 0 0 0 0 0 1 1 1 1 1 1 1 1 1 1 1 1 1 1 1 1 1 1 1 0 0 0 0 0 0 0 0 0 0 0 0 0 0 0 0 0 0 0 0 0 0 0 0 0 0 0 0 0 0 0 0 0  |
 ├────────────────────┼────────────────────┼────────────────────┼────────────────────┼──────────────────────────────────────────────────────────────────────────────────────────────────────────────────────────────────┤
 | 0x000000000001406f | 0x0000000000000000 | 0x0000000000000001 | 0x0000000000000001 | 1 0 0 0 0 0 0 0 0 1 1 1 1 1 1 1 1 1 1 1 1 1 1 1 1 1 1 1 1 1 1 1 1 1 1 1 1 1 0 0 0 0 0 0 0 0 0 0 0 0 0 0 0 0 0 0 0 0 0 0 0 0 0 0  |
 ├────────────────────┼────────────────────┼────────────────────┼────────────────────┼──────────────────────────────────────────────────────────────────────────────────────────────────────────────────────────────────┤
 | 0x0000000000012df8 | 0x0000000000000000 | 0x0000000000000001 | 0x0000000000000001 | 1 0 0 0 0 0 0 0 0 1 1 1 1 1 1 1 1 1 1 1 1 1 1 1 1 1 1 1 1 1 1 1 1 1 1 1 1 1 1 1 1 1 1 1 1 1 1 1 1 1 1 1 1 1 1 1 1 1 1 1 1 1 1 1  |
 ├────────────────────┼────────────────────┼────────────────────┼────────────────────┼──────────────────────────────────────────────────────────────────────────────────────────────────────────────────────────────────┤
 | 0x00000000000140d1 | 0x0000000000000000 | 0x0000000000000001 | 0x0000000000000001 | 1 0 0 0 0 0 0 0 0 0 0 0 0 0 0 0 0 0 0 0 0 0 0 1 1 1 1 1 1 1 1 1 0 0 0 0 0 0 0 0 0 0 0 0 0 0 0 0 0 0 0 0 0 0 0 0 0 0 0 0 0 0 0 0  |
 ├────────────────────┼────────────────────┼────────────────────┼────────────────────┼──────────────────────────────────────────────────────────────────────────────────────────────────────────────────────────────────┤
 | 0x0000000000012059 | 0x0000000000000000 | 0x0000000000000001 | 0x0000000000000001 | 1 0 0 0 0 0 0 0 0 0 0 0 0 0 0 0 0 0 0 0 0 0 0 0 0 0 0 0 0 0 1 1 1 1 1 1 1 1 1 1 1 1 1 1 1 1 1 1 1 1 1 1 1 1 1 1 1 1 1 1 1 1 1 1  |
 ├────────────────────┼────────────────────┼────────────────────┼────────────────────┼──────────────────────────────────────────────────────────────────────────────────────────────────────────────────────────────────┤
 | 0x0000000000000936 | 0x0000000000000020 | 0x0000000000000021 | 0x0000000000000001 | 0 0 0 0 0 0 0 0 0 0 0 0 0 0 0 0 0 0 0 0 0 0 0 0 0 0 0 0 0 0 0 0 1 0 0 0 0 0 0 0 0 0 0 0 0 0 1 1 1 1 1 1 1 1 1 1 1 1 1 1 1 1 1 1  |
 ├────────────────────┼────────────────────┼────────────────────┼────────────────────┼──────────────────────────────────────────────────────────────────────────────────────────────────────────────────────────────────┤
 | 0x0000000000002385 | 0x0000000000000000 | 0x0000000000000001 | 0x0000000000000001 | 0 0 0 0 0 0 0 0 0 0 0 0 0 0 0 0 0 0 0 0 0 0 0 0 0 0 0 1 1 1 1 1 1 1 1 1 1 1 1 1 1 1 1 1 1 1 1 1 1 1 1 0 0 0 0 0 0 0 0 0 0 0 0 0  |
 ├────────────────────┼────────────────────┼────────────────────┼────────────────────┼──────────────────────────────────────────────────────────────────────────────────────────────────────────────────────────────────┤
 | 0x0000000000003dd3 | 0x0000000000000014 | 0x0000000000000015 | 0x0000000000000001 | 0 0 0 0 0 0 0 0 0 0 0 0 0 0 0 0 0 0 0 0 1 0 0 0 0 0 0 0 0 0 0 0 0 0 0 1 1 1 1 1 1 1 1 1 1 1 1 1 1 1 1 1 1 1 1 1 1 1 1 1 1 1 1 1  |
 ├────────────────────┼────────────────────┼────────────────────┼────────────────────┼──────────────────────────────────────────────────────────────────────────────────────────────────────────────────────────────────┤
 | 0x0000000000014189 | 0x0000000000000000 | 0x0000000000000001 | 0x0000000000000001 | 1 0 0 0 0 0 0 0 0 0 0 0 0 0 0 0 0 0 0 0 0 0 0 0 0 0 0 0 0 0 0 0 0 0 0 0 0 0 0 0 0 0 0 0 0 0 0 0 0 0 0 0 0 0 0 0 0 0 0 1 1 1 1 1  |
 ├────────────────────┼────────────────────┼────────────────────┼────────────────────┼──────────────────────────────────────────────────────────────────────────────────────────────────────────────────────────────────┤
 | 0x0000000000011cd7 | 0x0000000000000000 | 0x0000000000000001 | 0x0000000000000001 | 1 0 0 0 0 0 0 0 0 0 0 0 0 0 0 0 0 0 0 0 0 0 0 0 0 0 0 0 0 0 0 0 0 0 0 0 0 0 0 0 0 0 0 0 0 0 0 0 0 0 0 0 0 0 1 1 1 1 1 1 1 1 1 1  |
 ├────────────────────┼────────────────────┼────────────────────┼────────────────────┼──────────────────────────────────────────────────────────────────────────────────────────────────────────────────────────────────┤
 | 0x000000000001418f | 0x0000000000000000 | 0x0000000000000001 | 0x0000000000000001 | 1 0 0 0 0 0 0 0 0 0 0 0 0 0 0 0 0 0 0 0 0 1 1 1 1 1 1 0 0 0 0 0 0 0 0 0 0 0 0 0 0 0 0 0 0 0 0 0 0 0 0 0 0 0 0 0 0 0 0 0 0 0 0 0  |
 ├────────────────────┼────────────────────┼────────────────────┼────────────────────┼──────────────────────────────────────────────────────────────────────────────────────────────────────────────────────────────────┤
 | 0x0000000000013f20 | 0x0000000000000000 | 0x0000000000000001 | 0x0000000000000001 | 1 0 0 0 0 0 0 0 0 0 1 1 1 1 1 1 1 1 1 1 1 0 0 0 0 0 0 0 0 0 0 0 0 0 0 0 0 0 0 0 0 0 0 0 0 0 0 0 0 0 0 0 0 0 0 0 0 0 0 0 0 0 0 0  |
 ├────────────────────┼────────────────────┼────────────────────┼────────────────────┼──────────────────────────────────────────────────────────────────────────────────────────────────────────────────────────────────┤
 | 0x0000000000002191 | 0x0000000000000024 | 0x0000000000000025 | 0x0000000000000001 | 0 0 0 0 0 0 0 0 0 0 0 0 0 0 0 0 0 0 0 0 0 0 0 0 0 0 0 0 0 0 0 0 0 0 0 0 1 0 0 0 0 0 0 0 0 0 0 0 0 0 0 1 1 1 1 1 1 1 1 1 1 1 1 1  |
 ├────────────────────┼────────────────────┼────────────────────┼────────────────────┼──────────────────────────────────────────────────────────────────────────────────────────────────────────────────────────────────┤
 | 0x000000000000ac13 | 0x0000000000000018 | 0x0000000000000019 | 0x0000000000000001 | 0 0 0 0 0 0 0 0 0 0 0 0 0 0 0 0 0 0 0 0 0 0 0 0 0 0 0 0 0 0 0 0 0 0 0 0 0 0 0 0 0 1 0 0 0 0 0 0 0 0 0 0 0 0 0 0 0 0 0 0 0 0 0 0  |
 ├────────────────────┼────────────────────┼────────────────────┼────────────────────┼──────────────────────────────────────────────────────────────────────────────────────────────────────────────────────────────────┤
 | 0x000000000001165d | 0x0000000000000000 | 0x0000000000000001 | 0x0000000000000001 | 1 0 0 0 0 0 0 0 0 0 0 0 0 0 0 0 0 0 0 1 0 0 0 0 0 0 0 0 0 0 0 0 0 0 0 0 0 0 0 0 0 0 0 0 0 0 0 0 0 0 0 0 0 0 0 0 0 0 0 0 0 0 0 0  |
 ├────────────────────┼────────────────────┼────────────────────┼────────────────────┼──────────────────────────────────────────────────────────────────────────────────────────────────────────────────────────────────┤
 | 0x000000000000ca97 | 0x0000000000000000 | 0x0000000000000001 | 0x0000000000000001 | 1 0 0 0 0 0 0 0 0 0 0 0 0 0 0 0 0 0 0 0 0 0 0 0 0 0 0 0 0 0 0 0 0 0 0 0 0 0 0 0 0 0 0 0 0 0 0 0 0 0 0 1 1 1 1 1 1 1 1 1 1 1 1 1  |
 ├────────────────────┼────────────────────┼────────────────────┼────────────────────┼──────────────────────────────────────────────────────────────────────────────────────────────────────────────────────────────────┤
 | 0x00000000000099d5 | 0x0000000000000000 | 0x0000000000000001 | 0x0000000000000001 | 1 0 0 0 0 0 0 0 0 0 0 1 1 1 1 1 1 1 1 1 1 1 1 1 1 1 1 1 1 1 1 1 1 1 1 1 1 1 0 0 0 0 0 0 0 0 0 0 0 0 0 0 0 0 0 0 0 0 0 0 0 0 0 0  |
 ├────────────────────┼────────────────────┼────────────────────┼────────────────────┼──────────────────────────────────────────────────────────────────────────────────────────────────────────────────────────────────┤
 | 0x00000000000140a1 | 0x0000000000000026 | 0x0000000000000027 | 0x0000000000000001 | 0 0 0 0 0 0 0 0 0 0 0 0 0 0 0 0 0 0 0 0 0 0 0 0 0 0 0 0 0 0 0 0 0 0 0 0 0 0 1 0 0 0 0 0 0 0 0 0 0 0 0 0 1 1 1 1 0 0 0 0 0 0 0 0  |
 ├────────────────────┼────────────────────┼────────────────────┼────────────────────┼──────────────────────────────────────────────────────────────────────────────────────────────────────────────────────────────────┤
 | 0x0000000000014209 | 0x0000000000000000 | 0x0000000000000001 | 0x0000000000000001 | 1 0 0 0 0 0 0 0 0 0 0 0 0 0 0 0 0 0 0 0 0 0 0 0 0 0 0 0 0 0 0 0 0 0 0 0 0 0 0 0 0 0 0 0 0 0 0 0 0 0 0 0 0 0 0 0 1 1 1 1 1 1 1 1  |
 ├────────────────────┼────────────────────┼────────────────────┼────────────────────┼──────────────────────────────────────────────────────────────────────────────────────────────────────────────────────────────────┤
 | 0x00000000000056d3 | 0x0000000000000000 | 0x0000000000000001 | 0x0000000000000001 | 1 0 0 0 0 0 0 0 0 0 0 1 1 0 0 0 0 0 0 0 0 0 0 0 0 0 0 0 0 0 0 0 0 0 0 0 0 0 0 0 0 0 0 0 0 0 0 0 0 0 0 0 0 0 0 0 0 0 0 0 0 0 0 0  |
 ├────────────────────┼────────────────────┼────────────────────┼────────────────────┼──────────────────────────────────────────────────────────────────────────────────────────────────────────────────────────────────┤
 | 0x0000000000003dd2 | 0x0000000000000000 | 0x0000000000000001 | 0x0000000000000001 | 1 0 0 0 0 0 0 0 0 0 0 0 0 0 0 0 0 0 1 1 1 1 1 1 1 1 1 1 1 1 1 1 1 1 1 1 1 1 1 1 1 1 1 1 1 1 1 1 1 0 0 0 0 0 0 0 0 0 0 0 0 0 0 0  |
 ├────────────────────┼────────────────────┼────────────────────┼────────────────────┼──────────────────────────────────────────────────────────────────────────────────────────────────────────────────────────────────┤
 | 0x0000000000001af6 | 0x0000000000000000 | 0x0000000000000001 | 0x0000000000000001 | 1 0 0 0 0 0 0 0 0 0 0 0 0 0 0 0 0 0 0 0 0 0 0 0 0 0 0 0 1 1 1 1 1 0 0 0 0 0 0 0 0 0 0 0 0 0 0 0 0 0 0 0 0 0 0 0 0 0 0 0 0 0 0 0  |
 ├────────────────────┼────────────────────┼────────────────────┼────────────────────┼──────────────────────────────────────────────────────────────────────────────────────────────────────────────────────────────────┤
 | 0x00000000000140d9 | 0x0000000000000000 | 0x0000000000000001 | 0x0000000000000001 | 1 0 0 0 0 0 0 0 0 0 0 0 0 0 0 0 0 0 0 0 0 0 0 0 0 0 0 0 0 0 1 1 1 1 1 1 1 1 1 1 1 1 1 1 1 1 1 1 1 1 1 1 1 1 1 1 1 1 1 1 1 1 1 1  |
 └────────────────────┴────────────────────┴────────────────────┴────────────────────┴──────────────────────────────────────────────────────────────────────────────────────────────────────────────────────────────────┘
Prefetch buffer end
cpu0_L2C
Num Con Filled: 0
Num Con Useful: 0 Useless:0 Accuracy: -nan
LLC

gzip: stdout: Broken pipe
