41 41 41
Available num physical pages: 35184372088576
WARNING: physical memory size is smaller than virtual memory size

*** ChampSim Multicore Out-of-Order Simulator ***

Warmup Instructions: 200000000
Simulation Instructions: 200000000
Number of CPUs: 1
Page size: 4096

Basic BTB sets: 1024 ways: 8 indirect buffer size: 4096 RAS size: 64
cpu0_L1D Gaze NEW NEW prefetcher
Pattern Table index_len: 6
Off-chip DRAM Size: 4 GiB Channels: 1 Width: 64-bit Data Rate: 3200 MT/s
[PTW] 🔁 Switched page size to 2048 KB at cycle 500000
[PTW] 🔁 Switched page size to 4 KB at cycle 1000000
[PTW] 🔁 Switched page size to 2048 KB at cycle 1500000
[PTW] 🔁 Switched page size to 4 KB at cycle 2000000
[PTW] 🔁 Switched page size to 2048 KB at cycle 2500000
Heartbeat CPU 0 instructions: 10000001 cycles: 2611140 heartbeat IPC: 3.82975 cumulative IPC: 3.82975 (Simulation time: 0 hr 7 min 5 sec) 
[PTW] 🔁 Switched page size to 4 KB at cycle 3000000
[PTW] 🔁 Switched page size to 2048 KB at cycle 3500000
[PTW] 🔁 Switched page size to 4 KB at cycle 4000000
[PTW] 🔁 Switched page size to 2048 KB at cycle 4500000
[PTW] 🔁 Switched page size to 4 KB at cycle 5000000
Heartbeat CPU 0 instructions: 20000001 cycles: 5187678 heartbeat IPC: 3.88118 cumulative IPC: 3.85529 (Simulation time: 0 hr 14 min 35 sec) 
[PTW] 🔁 Switched page size to 2048 KB at cycle 5500000
[PTW] 🔁 Switched page size to 4 KB at cycle 6000000
[PTW] 🔁 Switched page size to 2048 KB at cycle 6500000
[PTW] 🔁 Switched page size to 4 KB at cycle 7000000
[PTW] 🔁 Switched page size to 2048 KB at cycle 7500000
Heartbeat CPU 0 instructions: 30000002 cycles: 7799233 heartbeat IPC: 3.82914 cumulative IPC: 3.84654 (Simulation time: 0 hr 22 min 9 sec) 
[PTW] 🔁 Switched page size to 4 KB at cycle 8000000
[PTW] 🔁 Switched page size to 2048 KB at cycle 8500000
[PTW] 🔁 Switched page size to 4 KB at cycle 9000000
[PTW] 🔁 Switched page size to 2048 KB at cycle 9500000
[PTW] 🔁 Switched page size to 4 KB at cycle 10000000
Heartbeat CPU 0 instructions: 40000001 cycles: 10380732 heartbeat IPC: 3.87372 cumulative IPC: 3.8533 (Simulation time: 0 hr 29 min 30 sec) 
[PTW] 🔁 Switched page size to 2048 KB at cycle 10500000
[PTW] 🔁 Switched page size to 4 KB at cycle 11000000
[PTW] 🔁 Switched page size to 2048 KB at cycle 11500000
[PTW] 🔁 Switched page size to 4 KB at cycle 12000000
[PTW] 🔁 Switched page size to 2048 KB at cycle 12500000
Heartbeat CPU 0 instructions: 50000000 cycles: 12991437 heartbeat IPC: 3.83039 cumulative IPC: 3.84869 (Simulation time: 0 hr 36 min 54 sec) 
[PTW] 🔁 Switched page size to 4 KB at cycle 13000000
[PTW] 🔁 Switched page size to 2048 KB at cycle 13500000
[PTW] 🔁 Switched page size to 4 KB at cycle 14000000
[PTW] 🔁 Switched page size to 2048 KB at cycle 14500000
[PTW] 🔁 Switched page size to 4 KB at cycle 15000000
[PTW] 🔁 Switched page size to 2048 KB at cycle 15500000
Heartbeat CPU 0 instructions: 60000003 cycles: 15573712 heartbeat IPC: 3.87256 cumulative IPC: 3.85265 (Simulation time: 0 hr 44 min 27 sec) 
[PTW] 🔁 Switched page size to 4 KB at cycle 16000000
[PTW] 🔁 Switched page size to 2048 KB at cycle 16500000
[PTW] 🔁 Switched page size to 4 KB at cycle 17000000
[PTW] 🔁 Switched page size to 2048 KB at cycle 17500000
[PTW] 🔁 Switched page size to 4 KB at cycle 18000000
Heartbeat CPU 0 instructions: 70000000 cycles: 18167510 heartbeat IPC: 3.85535 cumulative IPC: 3.85304 (Simulation time: 0 hr 51 min 56 sec) 
[PTW] 🔁 Switched page size to 2048 KB at cycle 18500000
[PTW] 🔁 Switched page size to 4 KB at cycle 19000000
[PTW] 🔁 Switched page size to 2048 KB at cycle 19500000
[PTW] 🔁 Switched page size to 4 KB at cycle 20000000
[PTW] 🔁 Switched page size to 2048 KB at cycle 20500000
Heartbeat CPU 0 instructions: 80000001 cycles: 20759085 heartbeat IPC: 3.85866 cumulative IPC: 3.85374 (Simulation time: 0 hr 59 min 19 sec) 
[PTW] 🔁 Switched page size to 4 KB at cycle 21000000
[PTW] 🔁 Switched page size to 2048 KB at cycle 21500000
[PTW] 🔁 Switched page size to 4 KB at cycle 22000000
[PTW] 🔁 Switched page size to 2048 KB at cycle 22500000
[PTW] 🔁 Switched page size to 4 KB at cycle 23000000
Heartbeat CPU 0 instructions: 90000002 cycles: 23332195 heartbeat IPC: 3.88635 cumulative IPC: 3.85734 (Simulation time: 1 hr 6 min 33 sec) 
[PTW] 🔁 Switched page size to 2048 KB at cycle 23500000
[PTW] 🔁 Switched page size to 4 KB at cycle 24000000
[PTW] 🔁 Switched page size to 2048 KB at cycle 24500000
[PTW] 🔁 Switched page size to 4 KB at cycle 25000000
[PTW] 🔁 Switched page size to 2048 KB at cycle 25500000
Heartbeat CPU 0 instructions: 100000000 cycles: 25943902 heartbeat IPC: 3.82892 cumulative IPC: 3.85448 (Simulation time: 1 hr 13 min 56 sec) 
[PTW] 🔁 Switched page size to 4 KB at cycle 26000000
[PTW] 🔁 Switched page size to 2048 KB at cycle 26500000
[PTW] 🔁 Switched page size to 4 KB at cycle 27000000
[PTW] 🔁 Switched page size to 2048 KB at cycle 27500000
[PTW] 🔁 Switched page size to 4 KB at cycle 28000000
[PTW] 🔁 Switched page size to 2048 KB at cycle 28500000
Heartbeat CPU 0 instructions: 110000003 cycles: 28520579 heartbeat IPC: 3.88097 cumulative IPC: 3.85687 (Simulation time: 1 hr 21 min 14 sec) 
[PTW] 🔁 Switched page size to 4 KB at cycle 29000000
[PTW] 🔁 Switched page size to 2048 KB at cycle 29500000
[PTW] 🔁 Switched page size to 4 KB at cycle 30000000
[PTW] 🔁 Switched page size to 2048 KB at cycle 30500000
[PTW] 🔁 Switched page size to 4 KB at cycle 31000000
Heartbeat CPU 0 instructions: 120000003 cycles: 31102546 heartbeat IPC: 3.87302 cumulative IPC: 3.85821 (Simulation time: 1 hr 28 min 43 sec) 
[PTW] 🔁 Switched page size to 2048 KB at cycle 31500000
[PTW] 🔁 Switched page size to 4 KB at cycle 32000000
[PTW] 🔁 Switched page size to 2048 KB at cycle 32500000
[PTW] 🔁 Switched page size to 4 KB at cycle 33000000
[PTW] 🔁 Switched page size to 2048 KB at cycle 33500000
Heartbeat CPU 0 instructions: 130000003 cycles: 33712864 heartbeat IPC: 3.83096 cumulative IPC: 3.8561 (Simulation time: 1 hr 35 min 58 sec) 
[PTW] 🔁 Switched page size to 4 KB at cycle 34000000
[PTW] 🔁 Switched page size to 2048 KB at cycle 34500000
[PTW] 🔁 Switched page size to 4 KB at cycle 35000000
[PTW] 🔁 Switched page size to 2048 KB at cycle 35500000
[PTW] 🔁 Switched page size to 4 KB at cycle 36000000
Heartbeat CPU 0 instructions: 140000002 cycles: 36294656 heartbeat IPC: 3.87328 cumulative IPC: 3.85732 (Simulation time: 1 hr 43 min 25 sec) 
[PTW] 🔁 Switched page size to 2048 KB at cycle 36500000
[PTW] 🔁 Switched page size to 4 KB at cycle 37000000
[PTW] 🔁 Switched page size to 2048 KB at cycle 37500000
[PTW] 🔁 Switched page size to 4 KB at cycle 38000000
[PTW] 🔁 Switched page size to 2048 KB at cycle 38500000
Heartbeat CPU 0 instructions: 150000003 cycles: 38884628 heartbeat IPC: 3.86105 cumulative IPC: 3.85757 (Simulation time: 1 hr 50 min 54 sec) 
[PTW] 🔁 Switched page size to 4 KB at cycle 39000000
[PTW] 🔁 Switched page size to 2048 KB at cycle 39500000
[PTW] 🔁 Switched page size to 4 KB at cycle 40000000
[PTW] 🔁 Switched page size to 2048 KB at cycle 40500000
[PTW] 🔁 Switched page size to 4 KB at cycle 41000000
Heartbeat CPU 0 instructions: 160000000 cycles: 41486809 heartbeat IPC: 3.84293 cumulative IPC: 3.85665 (Simulation time: 1 hr 58 min 21 sec) 
[PTW] 🔁 Switched page size to 2048 KB at cycle 41500000
[PTW] 🔁 Switched page size to 4 KB at cycle 42000000
[PTW] 🔁 Switched page size to 2048 KB at cycle 42500000
[PTW] 🔁 Switched page size to 4 KB at cycle 43000000
[PTW] 🔁 Switched page size to 2048 KB at cycle 43500000
[PTW] 🔁 Switched page size to 4 KB at cycle 44000000
Heartbeat CPU 0 instructions: 170000002 cycles: 44059770 heartbeat IPC: 3.88658 cumulative IPC: 3.8584 (Simulation time: 2 hr 5 min 23 sec) 
[PTW] 🔁 Switched page size to 2048 KB at cycle 44500000
[PTW] 🔁 Switched page size to 4 KB at cycle 45000000
[PTW] 🔁 Switched page size to 2048 KB at cycle 45500000
[PTW] 🔁 Switched page size to 4 KB at cycle 46000000
[PTW] 🔁 Switched page size to 2048 KB at cycle 46500000
Heartbeat CPU 0 instructions: 180000003 cycles: 46668179 heartbeat IPC: 3.83376 cumulative IPC: 3.85702 (Simulation time: 2 hr 12 min 48 sec) 
[PTW] 🔁 Switched page size to 4 KB at cycle 47000000
[PTW] 🔁 Switched page size to 2048 KB at cycle 47500000
[PTW] 🔁 Switched page size to 4 KB at cycle 48000000
[PTW] 🔁 Switched page size to 2048 KB at cycle 48500000
[PTW] 🔁 Switched page size to 4 KB at cycle 49000000
Heartbeat CPU 0 instructions: 190000003 cycles: 49243527 heartbeat IPC: 3.88298 cumulative IPC: 3.85838 (Simulation time: 2 hr 20 min 6 sec) 
[PTW] 🔁 Switched page size to 2048 KB at cycle 49500000
[PTW] 🔁 Switched page size to 4 KB at cycle 50000000
[PTW] 🔁 Switched page size to 2048 KB at cycle 50500000
[PTW] 🔁 Switched page size to 4 KB at cycle 51000000
[PTW] 🔁 Switched page size to 2048 KB at cycle 51500000
Heartbeat CPU 0 instructions: 200000004 cycles: 51847443 heartbeat IPC: 3.84038 cumulative IPC: 3.85748 (Simulation time: 2 hr 27 min 23 sec) 
Max paddr 504M
Warmup finished CPU 0 instructions: 200000004 cycles: 51847444 cumulative IPC: 3.85748 (Simulation time: 2 hr 27 min 23 sec) 

Warmup complete CPU 0 instructions: 200000004 cycles: 51847444 (Simulation time: 2 hr 27 min 23 sec) 

[PTW] 🔁 Switched page size to 4 KB at cycle 52000000
[PTW] 🔁 Switched page size to 2048 KB at cycle 52500000
[PTW] 🔁 Switched page size to 4 KB at cycle 53000000
[PTW] 🔁 Switched page size to 2048 KB at cycle 53500000
[PTW] 🔁 Switched page size to 4 KB at cycle 54000000
[PTW] 🔁 Switched page size to 2048 KB at cycle 54500000
[PTW] 🔁 Switched page size to 4 KB at cycle 55000000
[PTW] 🔁 Switched page size to 2048 KB at cycle 55500000
[PTW] 🔁 Switched page size to 4 KB at cycle 56000000
[PTW] 🔁 Switched page size to 2048 KB at cycle 56500000
[PTW] 🔁 Switched page size to 4 KB at cycle 57000000
[PTW] 🔁 Switched page size to 2048 KB at cycle 57500000
[PTW] 🔁 Switched page size to 4 KB at cycle 58000000
[PTW] 🔁 Switched page size to 2048 KB at cycle 58500000
[PTW] 🔁 Switched page size to 4 KB at cycle 59000000
[PTW] 🔁 Switched page size to 2048 KB at cycle 59500000
[PTW] 🔁 Switched page size to 4 KB at cycle 60000000
[PTW] 🔁 Switched page size to 2048 KB at cycle 60500000
[PTW] 🔁 Switched page size to 4 KB at cycle 61000000
[PTW] 🔁 Switched page size to 2048 KB at cycle 61500000
[PTW] 🔁 Switched page size to 4 KB at cycle 62000000
[PTW] 🔁 Switched page size to 2048 KB at cycle 62500000
[PTW] 🔁 Switched page size to 4 KB at cycle 63000000
[PTW] 🔁 Switched page size to 2048 KB at cycle 63500000
[PTW] 🔁 Switched page size to 4 KB at cycle 64000000
[PTW] 🔁 Switched page size to 2048 KB at cycle 64500000
[PTW] 🔁 Switched page size to 4 KB at cycle 65000000
[PTW] 🔁 Switched page size to 2048 KB at cycle 65500000
[PTW] 🔁 Switched page size to 4 KB at cycle 66000000
[PTW] 🔁 Switched page size to 2048 KB at cycle 66500000
[PTW] 🔁 Switched page size to 4 KB at cycle 67000000
[PTW] 🔁 Switched page size to 2048 KB at cycle 67500000
[PTW] 🔁 Switched page size to 4 KB at cycle 68000000
[PTW] 🔁 Switched page size to 2048 KB at cycle 68500000
[PTW] 🔁 Switched page size to 4 KB at cycle 69000000
[PTW] 🔁 Switched page size to 2048 KB at cycle 69500000
[PTW] 🔁 Switched page size to 4 KB at cycle 70000000
[PTW] 🔁 Switched page size to 2048 KB at cycle 70500000
[PTW] 🔁 Switched page size to 4 KB at cycle 71000000
[PTW] 🔁 Switched page size to 2048 KB at cycle 71500000
[PTW] 🔁 Switched page size to 4 KB at cycle 72000000
[PTW] 🔁 Switched page size to 2048 KB at cycle 72500000
[PTW] 🔁 Switched page size to 4 KB at cycle 73000000
[PTW] 🔁 Switched page size to 2048 KB at cycle 73500000
[PTW] 🔁 Switched page size to 4 KB at cycle 74000000
[PTW] 🔁 Switched page size to 2048 KB at cycle 74500000
[PTW] 🔁 Switched page size to 4 KB at cycle 75000000
[PTW] 🔁 Switched page size to 2048 KB at cycle 75500000
[PTW] 🔁 Switched page size to 4 KB at cycle 76000000
[PTW] 🔁 Switched page size to 2048 KB at cycle 76500000
[PTW] 🔁 Switched page size to 4 KB at cycle 77000000
[PTW] 🔁 Switched page size to 2048 KB at cycle 77500000
[PTW] 🔁 Switched page size to 4 KB at cycle 78000000
[PTW] 🔁 Switched page size to 2048 KB at cycle 78500000
[PTW] 🔁 Switched page size to 4 KB at cycle 79000000
[PTW] 🔁 Switched page size to 2048 KB at cycle 79500000
[PTW] 🔁 Switched page size to 4 KB at cycle 80000000
[PTW] 🔁 Switched page size to 2048 KB at cycle 80500000
[PTW] 🔁 Switched page size to 4 KB at cycle 81000000
[PTW] 🔁 Switched page size to 2048 KB at cycle 81500000
[PTW] 🔁 Switched page size to 4 KB at cycle 82000000
[PTW] 🔁 Switched page size to 2048 KB at cycle 82500000
[PTW] 🔁 Switched page size to 4 KB at cycle 83000000
[PTW] 🔁 Switched page size to 2048 KB at cycle 83500000
[PTW] 🔁 Switched page size to 4 KB at cycle 84000000
[PTW] 🔁 Switched page size to 2048 KB at cycle 84500000
[PTW] 🔁 Switched page size to 4 KB at cycle 85000000
[PTW] 🔁 Switched page size to 2048 KB at cycle 85500000
[PTW] 🔁 Switched page size to 4 KB at cycle 86000000
[PTW] 🔁 Switched page size to 2048 KB at cycle 86500000
[PTW] 🔁 Switched page size to 4 KB at cycle 87000000
[PTW] 🔁 Switched page size to 2048 KB at cycle 87500000
[PTW] 🔁 Switched page size to 4 KB at cycle 88000000
[PTW] 🔁 Switched page size to 2048 KB at cycle 88500000
[PTW] 🔁 Switched page size to 4 KB at cycle 89000000
[PTW] 🔁 Switched page size to 2048 KB at cycle 89500000
[PTW] 🔁 Switched page size to 4 KB at cycle 90000000
[PTW] 🔁 Switched page size to 2048 KB at cycle 90500000
[PTW] 🔁 Switched page size to 4 KB at cycle 91000000
[PTW] 🔁 Switched page size to 2048 KB at cycle 91500000
[PTW] 🔁 Switched page size to 4 KB at cycle 92000000
[PTW] 🔁 Switched page size to 2048 KB at cycle 92500000
[PTW] 🔁 Switched page size to 4 KB at cycle 93000000
[PTW] 🔁 Switched page size to 2048 KB at cycle 93500000
[PTW] 🔁 Switched page size to 4 KB at cycle 94000000
[PTW] 🔁 Switched page size to 2048 KB at cycle 94500000
[PTW] 🔁 Switched page size to 4 KB at cycle 95000000
[PTW] 🔁 Switched page size to 2048 KB at cycle 95500000
[PTW] 🔁 Switched page size to 4 KB at cycle 96000000
[PTW] 🔁 Switched page size to 2048 KB at cycle 96500000
[PTW] 🔁 Switched page size to 4 KB at cycle 97000000
[PTW] 🔁 Switched page size to 2048 KB at cycle 97500000
[PTW] 🔁 Switched page size to 4 KB at cycle 98000000
[PTW] 🔁 Switched page size to 2048 KB at cycle 98500000
[PTW] 🔁 Switched page size to 4 KB at cycle 99000000
[PTW] 🔁 Switched page size to 2048 KB at cycle 99500000
[PTW] 🔁 Switched page size to 4 KB at cycle 100000000
[PTW] 🔁 Switched page size to 2048 KB at cycle 100500000
[PTW] 🔁 Switched page size to 4 KB at cycle 101000000
[PTW] 🔁 Switched page size to 2048 KB at cycle 101500000
[PTW] 🔁 Switched page size to 4 KB at cycle 102000000
[PTW] 🔁 Switched page size to 2048 KB at cycle 102500000
[PTW] 🔁 Switched page size to 4 KB at cycle 103000000
[PTW] 🔁 Switched page size to 2048 KB at cycle 103500000
[PTW] 🔁 Switched page size to 4 KB at cycle 104000000
[PTW] 🔁 Switched page size to 2048 KB at cycle 104500000
[PTW] 🔁 Switched page size to 4 KB at cycle 105000000
[PTW] 🔁 Switched page size to 2048 KB at cycle 105500000
[PTW] 🔁 Switched page size to 4 KB at cycle 106000000
[PTW] 🔁 Switched page size to 2048 KB at cycle 106500000
[PTW] 🔁 Switched page size to 4 KB at cycle 107000000
[PTW] 🔁 Switched page size to 2048 KB at cycle 107500000
[PTW] 🔁 Switched page size to 4 KB at cycle 108000000
[PTW] 🔁 Switched page size to 2048 KB at cycle 108500000
[PTW] 🔁 Switched page size to 4 KB at cycle 109000000
[PTW] 🔁 Switched page size to 2048 KB at cycle 109500000
[PTW] 🔁 Switched page size to 4 KB at cycle 110000000
[PTW] 🔁 Switched page size to 2048 KB at cycle 110500000
[PTW] 🔁 Switched page size to 4 KB at cycle 111000000
[PTW] 🔁 Switched page size to 2048 KB at cycle 111500000
[PTW] 🔁 Switched page size to 4 KB at cycle 112000000
[PTW] 🔁 Switched page size to 2048 KB at cycle 112500000
[PTW] 🔁 Switched page size to 4 KB at cycle 113000000
[PTW] 🔁 Switched page size to 2048 KB at cycle 113500000
[PTW] 🔁 Switched page size to 4 KB at cycle 114000000
[PTW] 🔁 Switched page size to 2048 KB at cycle 114500000
[PTW] 🔁 Switched page size to 4 KB at cycle 115000000
[PTW] 🔁 Switched page size to 2048 KB at cycle 115500000
[PTW] 🔁 Switched page size to 4 KB at cycle 116000000
[PTW] 🔁 Switched page size to 2048 KB at cycle 116500000
[PTW] 🔁 Switched page size to 4 KB at cycle 117000000
[PTW] 🔁 Switched page size to 2048 KB at cycle 117500000
[PTW] 🔁 Switched page size to 4 KB at cycle 118000000
[PTW] 🔁 Switched page size to 2048 KB at cycle 118500000
[PTW] 🔁 Switched page size to 4 KB at cycle 119000000
[PTW] 🔁 Switched page size to 2048 KB at cycle 119500000
[PTW] 🔁 Switched page size to 4 KB at cycle 120000000
[PTW] 🔁 Switched page size to 2048 KB at cycle 120500000
[PTW] 🔁 Switched page size to 4 KB at cycle 121000000
[PTW] 🔁 Switched page size to 2048 KB at cycle 121500000
[PTW] 🔁 Switched page size to 4 KB at cycle 122000000
[PTW] 🔁 Switched page size to 2048 KB at cycle 122500000
[PTW] 🔁 Switched page size to 4 KB at cycle 123000000
[PTW] 🔁 Switched page size to 2048 KB at cycle 123500000
[PTW] 🔁 Switched page size to 4 KB at cycle 124000000
[PTW] 🔁 Switched page size to 2048 KB at cycle 124500000
[PTW] 🔁 Switched page size to 4 KB at cycle 125000000
[PTW] 🔁 Switched page size to 2048 KB at cycle 125500000
[PTW] 🔁 Switched page size to 4 KB at cycle 126000000
[PTW] 🔁 Switched page size to 2048 KB at cycle 126500000
[PTW] 🔁 Switched page size to 4 KB at cycle 127000000
[PTW] 🔁 Switched page size to 2048 KB at cycle 127500000
[PTW] 🔁 Switched page size to 4 KB at cycle 128000000
Heartbeat CPU 0 instructions: 210000000 cycles: 128180700 heartbeat IPC: 0.131005 cumulative IPC: 0.131005 (Simulation time: 3 hr 8 min 46 sec) 
[PTW] 🔁 Switched page size to 2048 KB at cycle 128500000
[PTW] 🔁 Switched page size to 4 KB at cycle 129000000
[PTW] 🔁 Switched page size to 2048 KB at cycle 129500000
[PTW] 🔁 Switched page size to 4 KB at cycle 130000000
[PTW] 🔁 Switched page size to 2048 KB at cycle 130500000
[PTW] 🔁 Switched page size to 4 KB at cycle 131000000
[PTW] 🔁 Switched page size to 2048 KB at cycle 131500000
[PTW] 🔁 Switched page size to 4 KB at cycle 132000000
[PTW] 🔁 Switched page size to 2048 KB at cycle 132500000
[PTW] 🔁 Switched page size to 4 KB at cycle 133000000
[PTW] 🔁 Switched page size to 2048 KB at cycle 133500000
[PTW] 🔁 Switched page size to 4 KB at cycle 134000000
[PTW] 🔁 Switched page size to 2048 KB at cycle 134500000
[PTW] 🔁 Switched page size to 4 KB at cycle 135000000
[PTW] 🔁 Switched page size to 2048 KB at cycle 135500000
[PTW] 🔁 Switched page size to 4 KB at cycle 136000000
[PTW] 🔁 Switched page size to 2048 KB at cycle 136500000
[PTW] 🔁 Switched page size to 4 KB at cycle 137000000
[PTW] 🔁 Switched page size to 2048 KB at cycle 137500000
[PTW] 🔁 Switched page size to 4 KB at cycle 138000000
[PTW] 🔁 Switched page size to 2048 KB at cycle 138500000
[PTW] 🔁 Switched page size to 4 KB at cycle 139000000
[PTW] 🔁 Switched page size to 2048 KB at cycle 139500000
[PTW] 🔁 Switched page size to 4 KB at cycle 140000000
[PTW] 🔁 Switched page size to 2048 KB at cycle 140500000
[PTW] 🔁 Switched page size to 4 KB at cycle 141000000
[PTW] 🔁 Switched page size to 2048 KB at cycle 141500000
[PTW] 🔁 Switched page size to 4 KB at cycle 142000000
[PTW] 🔁 Switched page size to 2048 KB at cycle 142500000
[PTW] 🔁 Switched page size to 4 KB at cycle 143000000
[PTW] 🔁 Switched page size to 2048 KB at cycle 143500000
[PTW] 🔁 Switched page size to 4 KB at cycle 144000000
[PTW] 🔁 Switched page size to 2048 KB at cycle 144500000
[PTW] 🔁 Switched page size to 4 KB at cycle 145000000
[PTW] 🔁 Switched page size to 2048 KB at cycle 145500000
[PTW] 🔁 Switched page size to 4 KB at cycle 146000000
[PTW] 🔁 Switched page size to 2048 KB at cycle 146500000
[PTW] 🔁 Switched page size to 4 KB at cycle 147000000
[PTW] 🔁 Switched page size to 2048 KB at cycle 147500000
[PTW] 🔁 Switched page size to 4 KB at cycle 148000000
[PTW] 🔁 Switched page size to 2048 KB at cycle 148500000
[PTW] 🔁 Switched page size to 4 KB at cycle 149000000
[PTW] 🔁 Switched page size to 2048 KB at cycle 149500000
[PTW] 🔁 Switched page size to 4 KB at cycle 150000000
[PTW] 🔁 Switched page size to 2048 KB at cycle 150500000
[PTW] 🔁 Switched page size to 4 KB at cycle 151000000
[PTW] 🔁 Switched page size to 2048 KB at cycle 151500000
[PTW] 🔁 Switched page size to 4 KB at cycle 152000000
[PTW] 🔁 Switched page size to 2048 KB at cycle 152500000
[PTW] 🔁 Switched page size to 4 KB at cycle 153000000
[PTW] 🔁 Switched page size to 2048 KB at cycle 153500000
[PTW] 🔁 Switched page size to 4 KB at cycle 154000000
[PTW] 🔁 Switched page size to 2048 KB at cycle 154500000
[PTW] 🔁 Switched page size to 4 KB at cycle 155000000
[PTW] 🔁 Switched page size to 2048 KB at cycle 155500000
[PTW] 🔁 Switched page size to 4 KB at cycle 156000000
[PTW] 🔁 Switched page size to 2048 KB at cycle 156500000
[PTW] 🔁 Switched page size to 4 KB at cycle 157000000
[PTW] 🔁 Switched page size to 2048 KB at cycle 157500000
[PTW] 🔁 Switched page size to 4 KB at cycle 158000000
[PTW] 🔁 Switched page size to 2048 KB at cycle 158500000
[PTW] 🔁 Switched page size to 4 KB at cycle 159000000
[PTW] 🔁 Switched page size to 2048 KB at cycle 159500000
[PTW] 🔁 Switched page size to 4 KB at cycle 160000000
[PTW] 🔁 Switched page size to 2048 KB at cycle 160500000
[PTW] 🔁 Switched page size to 4 KB at cycle 161000000
[PTW] 🔁 Switched page size to 2048 KB at cycle 161500000
[PTW] 🔁 Switched page size to 4 KB at cycle 162000000
[PTW] 🔁 Switched page size to 2048 KB at cycle 162500000
[PTW] 🔁 Switched page size to 4 KB at cycle 163000000
[PTW] 🔁 Switched page size to 2048 KB at cycle 163500000
[PTW] 🔁 Switched page size to 4 KB at cycle 164000000
[PTW] 🔁 Switched page size to 2048 KB at cycle 164500000
[PTW] 🔁 Switched page size to 4 KB at cycle 165000000
[PTW] 🔁 Switched page size to 2048 KB at cycle 165500000
[PTW] 🔁 Switched page size to 4 KB at cycle 166000000
[PTW] 🔁 Switched page size to 2048 KB at cycle 166500000
[PTW] 🔁 Switched page size to 4 KB at cycle 167000000
[PTW] 🔁 Switched page size to 2048 KB at cycle 167500000
[PTW] 🔁 Switched page size to 4 KB at cycle 168000000
[PTW] 🔁 Switched page size to 2048 KB at cycle 168500000
[PTW] 🔁 Switched page size to 4 KB at cycle 169000000
[PTW] 🔁 Switched page size to 2048 KB at cycle 169500000
[PTW] 🔁 Switched page size to 4 KB at cycle 170000000
[PTW] 🔁 Switched page size to 2048 KB at cycle 170500000
[PTW] 🔁 Switched page size to 4 KB at cycle 171000000
[PTW] 🔁 Switched page size to 2048 KB at cycle 171500000
[PTW] 🔁 Switched page size to 4 KB at cycle 172000000
[PTW] 🔁 Switched page size to 2048 KB at cycle 172500000
[PTW] 🔁 Switched page size to 4 KB at cycle 173000000
[PTW] 🔁 Switched page size to 2048 KB at cycle 173500000
[PTW] 🔁 Switched page size to 4 KB at cycle 174000000
[PTW] 🔁 Switched page size to 2048 KB at cycle 174500000
[PTW] 🔁 Switched page size to 4 KB at cycle 175000000
[PTW] 🔁 Switched page size to 2048 KB at cycle 175500000
[PTW] 🔁 Switched page size to 4 KB at cycle 176000000
[PTW] 🔁 Switched page size to 2048 KB at cycle 176500000
[PTW] 🔁 Switched page size to 4 KB at cycle 177000000
[PTW] 🔁 Switched page size to 2048 KB at cycle 177500000
[PTW] 🔁 Switched page size to 4 KB at cycle 178000000
[PTW] 🔁 Switched page size to 2048 KB at cycle 178500000
[PTW] 🔁 Switched page size to 4 KB at cycle 179000000
[PTW] 🔁 Switched page size to 2048 KB at cycle 179500000
[PTW] 🔁 Switched page size to 4 KB at cycle 180000000
[PTW] 🔁 Switched page size to 2048 KB at cycle 180500000
[PTW] 🔁 Switched page size to 4 KB at cycle 181000000
[PTW] 🔁 Switched page size to 2048 KB at cycle 181500000
[PTW] 🔁 Switched page size to 4 KB at cycle 182000000
[PTW] 🔁 Switched page size to 2048 KB at cycle 182500000
[PTW] 🔁 Switched page size to 4 KB at cycle 183000000
[PTW] 🔁 Switched page size to 2048 KB at cycle 183500000
[PTW] 🔁 Switched page size to 4 KB at cycle 184000000
[PTW] 🔁 Switched page size to 2048 KB at cycle 184500000
[PTW] 🔁 Switched page size to 4 KB at cycle 185000000
[PTW] 🔁 Switched page size to 2048 KB at cycle 185500000
[PTW] 🔁 Switched page size to 4 KB at cycle 186000000
[PTW] 🔁 Switched page size to 2048 KB at cycle 186500000
[PTW] 🔁 Switched page size to 4 KB at cycle 187000000
[PTW] 🔁 Switched page size to 2048 KB at cycle 187500000
[PTW] 🔁 Switched page size to 4 KB at cycle 188000000
[PTW] 🔁 Switched page size to 2048 KB at cycle 188500000
[PTW] 🔁 Switched page size to 4 KB at cycle 189000000
[PTW] 🔁 Switched page size to 2048 KB at cycle 189500000
[PTW] 🔁 Switched page size to 4 KB at cycle 190000000
[PTW] 🔁 Switched page size to 2048 KB at cycle 190500000
[PTW] 🔁 Switched page size to 4 KB at cycle 191000000
[PTW] 🔁 Switched page size to 2048 KB at cycle 191500000
[PTW] 🔁 Switched page size to 4 KB at cycle 192000000
[PTW] 🔁 Switched page size to 2048 KB at cycle 192500000
[PTW] 🔁 Switched page size to 4 KB at cycle 193000000
[PTW] 🔁 Switched page size to 2048 KB at cycle 193500000
[PTW] 🔁 Switched page size to 4 KB at cycle 194000000
[PTW] 🔁 Switched page size to 2048 KB at cycle 194500000
[PTW] 🔁 Switched page size to 4 KB at cycle 195000000
[PTW] 🔁 Switched page size to 2048 KB at cycle 195500000
[PTW] 🔁 Switched page size to 4 KB at cycle 196000000
[PTW] 🔁 Switched page size to 2048 KB at cycle 196500000
[PTW] 🔁 Switched page size to 4 KB at cycle 197000000
[PTW] 🔁 Switched page size to 2048 KB at cycle 197500000
[PTW] 🔁 Switched page size to 4 KB at cycle 198000000
[PTW] 🔁 Switched page size to 2048 KB at cycle 198500000
[PTW] 🔁 Switched page size to 4 KB at cycle 199000000
[PTW] 🔁 Switched page size to 2048 KB at cycle 199500000
[PTW] 🔁 Switched page size to 4 KB at cycle 200000000
[PTW] 🔁 Switched page size to 2048 KB at cycle 200500000
[PTW] 🔁 Switched page size to 4 KB at cycle 201000000
[PTW] 🔁 Switched page size to 2048 KB at cycle 201500000
[PTW] 🔁 Switched page size to 4 KB at cycle 202000000
[PTW] 🔁 Switched page size to 2048 KB at cycle 202500000
[PTW] 🔁 Switched page size to 4 KB at cycle 203000000
[PTW] 🔁 Switched page size to 2048 KB at cycle 203500000
[PTW] 🔁 Switched page size to 4 KB at cycle 204000000
[PTW] 🔁 Switched page size to 2048 KB at cycle 204500000
[PTW] 🔁 Switched page size to 4 KB at cycle 205000000
[PTW] 🔁 Switched page size to 2048 KB at cycle 205500000
[PTW] 🔁 Switched page size to 4 KB at cycle 206000000
[PTW] 🔁 Switched page size to 2048 KB at cycle 206500000
[PTW] 🔁 Switched page size to 4 KB at cycle 207000000
[PTW] 🔁 Switched page size to 2048 KB at cycle 207500000
[PTW] 🔁 Switched page size to 4 KB at cycle 208000000
[PTW] 🔁 Switched page size to 2048 KB at cycle 208500000
[PTW] 🔁 Switched page size to 4 KB at cycle 209000000
[PTW] 🔁 Switched page size to 2048 KB at cycle 209500000
[PTW] 🔁 Switched page size to 4 KB at cycle 210000000
[PTW] 🔁 Switched page size to 2048 KB at cycle 210500000
[PTW] 🔁 Switched page size to 4 KB at cycle 211000000
[PTW] 🔁 Switched page size to 2048 KB at cycle 211500000
[PTW] 🔁 Switched page size to 4 KB at cycle 212000000
[PTW] 🔁 Switched page size to 2048 KB at cycle 212500000
[PTW] 🔁 Switched page size to 4 KB at cycle 213000000
[PTW] 🔁 Switched page size to 2048 KB at cycle 213500000
[PTW] 🔁 Switched page size to 4 KB at cycle 214000000
[PTW] 🔁 Switched page size to 2048 KB at cycle 214500000
[PTW] 🔁 Switched page size to 4 KB at cycle 215000000
[PTW] 🔁 Switched page size to 2048 KB at cycle 215500000
[PTW] 🔁 Switched page size to 4 KB at cycle 216000000
[PTW] 🔁 Switched page size to 2048 KB at cycle 216500000
[PTW] 🔁 Switched page size to 4 KB at cycle 217000000
[PTW] 🔁 Switched page size to 2048 KB at cycle 217500000
Heartbeat CPU 0 instructions: 220000001 cycles: 217705783 heartbeat IPC: 0.111701 cumulative IPC: 0.120585 (Simulation time: 3 hr 54 min 52 sec) 
[PTW] 🔁 Switched page size to 4 KB at cycle 218000000
[PTW] 🔁 Switched page size to 2048 KB at cycle 218500000
[PTW] 🔁 Switched page size to 4 KB at cycle 219000000
[PTW] 🔁 Switched page size to 2048 KB at cycle 219500000
[PTW] 🔁 Switched page size to 4 KB at cycle 220000000
[PTW] 🔁 Switched page size to 2048 KB at cycle 220500000
[PTW] 🔁 Switched page size to 4 KB at cycle 221000000
[PTW] 🔁 Switched page size to 2048 KB at cycle 221500000
[PTW] 🔁 Switched page size to 4 KB at cycle 222000000
[PTW] 🔁 Switched page size to 2048 KB at cycle 222500000
[PTW] 🔁 Switched page size to 4 KB at cycle 223000000
[PTW] 🔁 Switched page size to 2048 KB at cycle 223500000
[PTW] 🔁 Switched page size to 4 KB at cycle 224000000
[PTW] 🔁 Switched page size to 2048 KB at cycle 224500000
[PTW] 🔁 Switched page size to 4 KB at cycle 225000000
[PTW] 🔁 Switched page size to 2048 KB at cycle 225500000
[PTW] 🔁 Switched page size to 4 KB at cycle 226000000
[PTW] 🔁 Switched page size to 2048 KB at cycle 226500000
[PTW] 🔁 Switched page size to 4 KB at cycle 227000000
[PTW] 🔁 Switched page size to 2048 KB at cycle 227500000
[PTW] 🔁 Switched page size to 4 KB at cycle 228000000
[PTW] 🔁 Switched page size to 2048 KB at cycle 228500000
[PTW] 🔁 Switched page size to 4 KB at cycle 229000000
[PTW] 🔁 Switched page size to 2048 KB at cycle 229500000
[PTW] 🔁 Switched page size to 4 KB at cycle 230000000
[PTW] 🔁 Switched page size to 2048 KB at cycle 230500000
[PTW] 🔁 Switched page size to 4 KB at cycle 231000000
[PTW] 🔁 Switched page size to 2048 KB at cycle 231500000
[PTW] 🔁 Switched page size to 4 KB at cycle 232000000
[PTW] 🔁 Switched page size to 2048 KB at cycle 232500000
[PTW] 🔁 Switched page size to 4 KB at cycle 233000000
[PTW] 🔁 Switched page size to 2048 KB at cycle 233500000
[PTW] 🔁 Switched page size to 4 KB at cycle 234000000
[PTW] 🔁 Switched page size to 2048 KB at cycle 234500000
[PTW] 🔁 Switched page size to 4 KB at cycle 235000000
[PTW] 🔁 Switched page size to 2048 KB at cycle 235500000
[PTW] 🔁 Switched page size to 4 KB at cycle 236000000
[PTW] 🔁 Switched page size to 2048 KB at cycle 236500000
[PTW] 🔁 Switched page size to 4 KB at cycle 237000000
[PTW] 🔁 Switched page size to 2048 KB at cycle 237500000
[PTW] 🔁 Switched page size to 4 KB at cycle 238000000
[PTW] 🔁 Switched page size to 2048 KB at cycle 238500000
[PTW] 🔁 Switched page size to 4 KB at cycle 239000000
[PTW] 🔁 Switched page size to 2048 KB at cycle 239500000
[PTW] 🔁 Switched page size to 4 KB at cycle 240000000
[PTW] 🔁 Switched page size to 2048 KB at cycle 240500000
[PTW] 🔁 Switched page size to 4 KB at cycle 241000000
[PTW] 🔁 Switched page size to 2048 KB at cycle 241500000
[PTW] 🔁 Switched page size to 4 KB at cycle 242000000
[PTW] 🔁 Switched page size to 2048 KB at cycle 242500000
[PTW] 🔁 Switched page size to 4 KB at cycle 243000000
[PTW] 🔁 Switched page size to 2048 KB at cycle 243500000
[PTW] 🔁 Switched page size to 4 KB at cycle 244000000
[PTW] 🔁 Switched page size to 2048 KB at cycle 244500000
[PTW] 🔁 Switched page size to 4 KB at cycle 245000000
[PTW] 🔁 Switched page size to 2048 KB at cycle 245500000
[PTW] 🔁 Switched page size to 4 KB at cycle 246000000
[PTW] 🔁 Switched page size to 2048 KB at cycle 246500000
[PTW] 🔁 Switched page size to 4 KB at cycle 247000000
[PTW] 🔁 Switched page size to 2048 KB at cycle 247500000
[PTW] 🔁 Switched page size to 4 KB at cycle 248000000
[PTW] 🔁 Switched page size to 2048 KB at cycle 248500000
[PTW] 🔁 Switched page size to 4 KB at cycle 249000000
[PTW] 🔁 Switched page size to 2048 KB at cycle 249500000
[PTW] 🔁 Switched page size to 4 KB at cycle 250000000
[PTW] 🔁 Switched page size to 2048 KB at cycle 250500000
[PTW] 🔁 Switched page size to 4 KB at cycle 251000000
[PTW] 🔁 Switched page size to 2048 KB at cycle 251500000
[PTW] 🔁 Switched page size to 4 KB at cycle 252000000
[PTW] 🔁 Switched page size to 2048 KB at cycle 252500000
[PTW] 🔁 Switched page size to 4 KB at cycle 253000000
[PTW] 🔁 Switched page size to 2048 KB at cycle 253500000
[PTW] 🔁 Switched page size to 4 KB at cycle 254000000
[PTW] 🔁 Switched page size to 2048 KB at cycle 254500000
[PTW] 🔁 Switched page size to 4 KB at cycle 255000000
[PTW] 🔁 Switched page size to 2048 KB at cycle 255500000
[PTW] 🔁 Switched page size to 4 KB at cycle 256000000
[PTW] 🔁 Switched page size to 2048 KB at cycle 256500000
[PTW] 🔁 Switched page size to 4 KB at cycle 257000000
[PTW] 🔁 Switched page size to 2048 KB at cycle 257500000
[PTW] 🔁 Switched page size to 4 KB at cycle 258000000
[PTW] 🔁 Switched page size to 2048 KB at cycle 258500000
[PTW] 🔁 Switched page size to 4 KB at cycle 259000000
[PTW] 🔁 Switched page size to 2048 KB at cycle 259500000
[PTW] 🔁 Switched page size to 4 KB at cycle 260000000
[PTW] 🔁 Switched page size to 2048 KB at cycle 260500000
[PTW] 🔁 Switched page size to 4 KB at cycle 261000000
[PTW] 🔁 Switched page size to 2048 KB at cycle 261500000
[PTW] 🔁 Switched page size to 4 KB at cycle 262000000
[PTW] 🔁 Switched page size to 2048 KB at cycle 262500000
[PTW] 🔁 Switched page size to 4 KB at cycle 263000000
[PTW] 🔁 Switched page size to 2048 KB at cycle 263500000
[PTW] 🔁 Switched page size to 4 KB at cycle 264000000
[PTW] 🔁 Switched page size to 2048 KB at cycle 264500000
[PTW] 🔁 Switched page size to 4 KB at cycle 265000000
[PTW] 🔁 Switched page size to 2048 KB at cycle 265500000
[PTW] 🔁 Switched page size to 4 KB at cycle 266000000
[PTW] 🔁 Switched page size to 2048 KB at cycle 266500000
[PTW] 🔁 Switched page size to 4 KB at cycle 267000000
[PTW] 🔁 Switched page size to 2048 KB at cycle 267500000
[PTW] 🔁 Switched page size to 4 KB at cycle 268000000
[PTW] 🔁 Switched page size to 2048 KB at cycle 268500000
[PTW] 🔁 Switched page size to 4 KB at cycle 269000000
[PTW] 🔁 Switched page size to 2048 KB at cycle 269500000
[PTW] 🔁 Switched page size to 4 KB at cycle 270000000
[PTW] 🔁 Switched page size to 2048 KB at cycle 270500000
[PTW] 🔁 Switched page size to 4 KB at cycle 271000000
[PTW] 🔁 Switched page size to 2048 KB at cycle 271500000
[PTW] 🔁 Switched page size to 4 KB at cycle 272000000
[PTW] 🔁 Switched page size to 2048 KB at cycle 272500000
[PTW] 🔁 Switched page size to 4 KB at cycle 273000000
[PTW] 🔁 Switched page size to 2048 KB at cycle 273500000
[PTW] 🔁 Switched page size to 4 KB at cycle 274000000
[PTW] 🔁 Switched page size to 2048 KB at cycle 274500000
[PTW] 🔁 Switched page size to 4 KB at cycle 275000000
[PTW] 🔁 Switched page size to 2048 KB at cycle 275500000
[PTW] 🔁 Switched page size to 4 KB at cycle 276000000
[PTW] 🔁 Switched page size to 2048 KB at cycle 276500000
[PTW] 🔁 Switched page size to 4 KB at cycle 277000000
[PTW] 🔁 Switched page size to 2048 KB at cycle 277500000
[PTW] 🔁 Switched page size to 4 KB at cycle 278000000
[PTW] 🔁 Switched page size to 2048 KB at cycle 278500000
[PTW] 🔁 Switched page size to 4 KB at cycle 279000000
[PTW] 🔁 Switched page size to 2048 KB at cycle 279500000
[PTW] 🔁 Switched page size to 4 KB at cycle 280000000
[PTW] 🔁 Switched page size to 2048 KB at cycle 280500000
[PTW] 🔁 Switched page size to 4 KB at cycle 281000000
[PTW] 🔁 Switched page size to 2048 KB at cycle 281500000
[PTW] 🔁 Switched page size to 4 KB at cycle 282000000
[PTW] 🔁 Switched page size to 2048 KB at cycle 282500000
[PTW] 🔁 Switched page size to 4 KB at cycle 283000000
[PTW] 🔁 Switched page size to 2048 KB at cycle 283500000
[PTW] 🔁 Switched page size to 4 KB at cycle 284000000
[PTW] 🔁 Switched page size to 2048 KB at cycle 284500000
[PTW] 🔁 Switched page size to 4 KB at cycle 285000000
[PTW] 🔁 Switched page size to 2048 KB at cycle 285500000
[PTW] 🔁 Switched page size to 4 KB at cycle 286000000
[PTW] 🔁 Switched page size to 2048 KB at cycle 286500000
[PTW] 🔁 Switched page size to 4 KB at cycle 287000000
[PTW] 🔁 Switched page size to 2048 KB at cycle 287500000
[PTW] 🔁 Switched page size to 4 KB at cycle 288000000
[PTW] 🔁 Switched page size to 2048 KB at cycle 288500000
[PTW] 🔁 Switched page size to 4 KB at cycle 289000000
[PTW] 🔁 Switched page size to 2048 KB at cycle 289500000
[PTW] 🔁 Switched page size to 4 KB at cycle 290000000
[PTW] 🔁 Switched page size to 2048 KB at cycle 290500000
[PTW] 🔁 Switched page size to 4 KB at cycle 291000000
[PTW] 🔁 Switched page size to 2048 KB at cycle 291500000
[PTW] 🔁 Switched page size to 4 KB at cycle 292000000
[PTW] 🔁 Switched page size to 2048 KB at cycle 292500000
[PTW] 🔁 Switched page size to 4 KB at cycle 293000000
[PTW] 🔁 Switched page size to 2048 KB at cycle 293500000
[PTW] 🔁 Switched page size to 4 KB at cycle 294000000
[PTW] 🔁 Switched page size to 2048 KB at cycle 294500000
[PTW] 🔁 Switched page size to 4 KB at cycle 295000000
[PTW] 🔁 Switched page size to 2048 KB at cycle 295500000
[PTW] 🔁 Switched page size to 4 KB at cycle 296000000
[PTW] 🔁 Switched page size to 2048 KB at cycle 296500000
[PTW] 🔁 Switched page size to 4 KB at cycle 297000000
[PTW] 🔁 Switched page size to 2048 KB at cycle 297500000
[PTW] 🔁 Switched page size to 4 KB at cycle 298000000
[PTW] 🔁 Switched page size to 2048 KB at cycle 298500000
[PTW] 🔁 Switched page size to 4 KB at cycle 299000000
[PTW] 🔁 Switched page size to 2048 KB at cycle 299500000
[PTW] 🔁 Switched page size to 4 KB at cycle 300000000
[PTW] 🔁 Switched page size to 2048 KB at cycle 300500000
Heartbeat CPU 0 instructions: 230000000 cycles: 300894129 heartbeat IPC: 0.12021 cumulative IPC: 0.12046 (Simulation time: 4 hr 40 min 37 sec) 
[PTW] 🔁 Switched page size to 4 KB at cycle 301000000
[PTW] 🔁 Switched page size to 2048 KB at cycle 301500000
[PTW] 🔁 Switched page size to 4 KB at cycle 302000000
[PTW] 🔁 Switched page size to 2048 KB at cycle 302500000
[PTW] 🔁 Switched page size to 4 KB at cycle 303000000
[PTW] 🔁 Switched page size to 2048 KB at cycle 303500000
[PTW] 🔁 Switched page size to 4 KB at cycle 304000000
[PTW] 🔁 Switched page size to 2048 KB at cycle 304500000
[PTW] 🔁 Switched page size to 4 KB at cycle 305000000
[PTW] 🔁 Switched page size to 2048 KB at cycle 305500000
[PTW] 🔁 Switched page size to 4 KB at cycle 306000000
[PTW] 🔁 Switched page size to 2048 KB at cycle 306500000
[PTW] 🔁 Switched page size to 4 KB at cycle 307000000
[PTW] 🔁 Switched page size to 2048 KB at cycle 307500000
[PTW] 🔁 Switched page size to 4 KB at cycle 308000000
[PTW] 🔁 Switched page size to 2048 KB at cycle 308500000
[PTW] 🔁 Switched page size to 4 KB at cycle 309000000
[PTW] 🔁 Switched page size to 2048 KB at cycle 309500000
[PTW] 🔁 Switched page size to 4 KB at cycle 310000000
[PTW] 🔁 Switched page size to 2048 KB at cycle 310500000
[PTW] 🔁 Switched page size to 4 KB at cycle 311000000
[PTW] 🔁 Switched page size to 2048 KB at cycle 311500000
[PTW] 🔁 Switched page size to 4 KB at cycle 312000000
[PTW] 🔁 Switched page size to 2048 KB at cycle 312500000
[PTW] 🔁 Switched page size to 4 KB at cycle 313000000
[PTW] 🔁 Switched page size to 2048 KB at cycle 313500000
[PTW] 🔁 Switched page size to 4 KB at cycle 314000000
[PTW] 🔁 Switched page size to 2048 KB at cycle 314500000
[PTW] 🔁 Switched page size to 4 KB at cycle 315000000
[PTW] 🔁 Switched page size to 2048 KB at cycle 315500000
[PTW] 🔁 Switched page size to 4 KB at cycle 316000000
[PTW] 🔁 Switched page size to 2048 KB at cycle 316500000
[PTW] 🔁 Switched page size to 4 KB at cycle 317000000
[PTW] 🔁 Switched page size to 2048 KB at cycle 317500000
[PTW] 🔁 Switched page size to 4 KB at cycle 318000000
[PTW] 🔁 Switched page size to 2048 KB at cycle 318500000
[PTW] 🔁 Switched page size to 4 KB at cycle 319000000
[PTW] 🔁 Switched page size to 2048 KB at cycle 319500000
[PTW] 🔁 Switched page size to 4 KB at cycle 320000000
[PTW] 🔁 Switched page size to 2048 KB at cycle 320500000
[PTW] 🔁 Switched page size to 4 KB at cycle 321000000
[PTW] 🔁 Switched page size to 2048 KB at cycle 321500000
[PTW] 🔁 Switched page size to 4 KB at cycle 322000000
[PTW] 🔁 Switched page size to 2048 KB at cycle 322500000
[PTW] 🔁 Switched page size to 4 KB at cycle 323000000
[PTW] 🔁 Switched page size to 2048 KB at cycle 323500000
[PTW] 🔁 Switched page size to 4 KB at cycle 324000000
[PTW] 🔁 Switched page size to 2048 KB at cycle 324500000
[PTW] 🔁 Switched page size to 4 KB at cycle 325000000
[PTW] 🔁 Switched page size to 2048 KB at cycle 325500000
[PTW] 🔁 Switched page size to 4 KB at cycle 326000000
[PTW] 🔁 Switched page size to 2048 KB at cycle 326500000
[PTW] 🔁 Switched page size to 4 KB at cycle 327000000
[PTW] 🔁 Switched page size to 2048 KB at cycle 327500000
[PTW] 🔁 Switched page size to 4 KB at cycle 328000000
[PTW] 🔁 Switched page size to 2048 KB at cycle 328500000
[PTW] 🔁 Switched page size to 4 KB at cycle 329000000
[PTW] 🔁 Switched page size to 2048 KB at cycle 329500000
[PTW] 🔁 Switched page size to 4 KB at cycle 330000000
[PTW] 🔁 Switched page size to 2048 KB at cycle 330500000
[PTW] 🔁 Switched page size to 4 KB at cycle 331000000
[PTW] 🔁 Switched page size to 2048 KB at cycle 331500000
[PTW] 🔁 Switched page size to 4 KB at cycle 332000000
[PTW] 🔁 Switched page size to 2048 KB at cycle 332500000
[PTW] 🔁 Switched page size to 4 KB at cycle 333000000
[PTW] 🔁 Switched page size to 2048 KB at cycle 333500000
[PTW] 🔁 Switched page size to 4 KB at cycle 334000000
[PTW] 🔁 Switched page size to 2048 KB at cycle 334500000
[PTW] 🔁 Switched page size to 4 KB at cycle 335000000
[PTW] 🔁 Switched page size to 2048 KB at cycle 335500000
[PTW] 🔁 Switched page size to 4 KB at cycle 336000000
[PTW] 🔁 Switched page size to 2048 KB at cycle 336500000
[PTW] 🔁 Switched page size to 4 KB at cycle 337000000
[PTW] 🔁 Switched page size to 2048 KB at cycle 337500000
[PTW] 🔁 Switched page size to 4 KB at cycle 338000000
[PTW] 🔁 Switched page size to 2048 KB at cycle 338500000
[PTW] 🔁 Switched page size to 4 KB at cycle 339000000
[PTW] 🔁 Switched page size to 2048 KB at cycle 339500000
[PTW] 🔁 Switched page size to 4 KB at cycle 340000000
[PTW] 🔁 Switched page size to 2048 KB at cycle 340500000
[PTW] 🔁 Switched page size to 4 KB at cycle 341000000
[PTW] 🔁 Switched page size to 2048 KB at cycle 341500000
[PTW] 🔁 Switched page size to 4 KB at cycle 342000000
[PTW] 🔁 Switched page size to 2048 KB at cycle 342500000
[PTW] 🔁 Switched page size to 4 KB at cycle 343000000
[PTW] 🔁 Switched page size to 2048 KB at cycle 343500000
[PTW] 🔁 Switched page size to 4 KB at cycle 344000000
[PTW] 🔁 Switched page size to 2048 KB at cycle 344500000
[PTW] 🔁 Switched page size to 4 KB at cycle 345000000
[PTW] 🔁 Switched page size to 2048 KB at cycle 345500000
[PTW] 🔁 Switched page size to 4 KB at cycle 346000000
[PTW] 🔁 Switched page size to 2048 KB at cycle 346500000
[PTW] 🔁 Switched page size to 4 KB at cycle 347000000
[PTW] 🔁 Switched page size to 2048 KB at cycle 347500000
[PTW] 🔁 Switched page size to 4 KB at cycle 348000000
[PTW] 🔁 Switched page size to 2048 KB at cycle 348500000
[PTW] 🔁 Switched page size to 4 KB at cycle 349000000
[PTW] 🔁 Switched page size to 2048 KB at cycle 349500000
[PTW] 🔁 Switched page size to 4 KB at cycle 350000000
[PTW] 🔁 Switched page size to 2048 KB at cycle 350500000
[PTW] 🔁 Switched page size to 4 KB at cycle 351000000
[PTW] 🔁 Switched page size to 2048 KB at cycle 351500000
[PTW] 🔁 Switched page size to 4 KB at cycle 352000000
[PTW] 🔁 Switched page size to 2048 KB at cycle 352500000
[PTW] 🔁 Switched page size to 4 KB at cycle 353000000
[PTW] 🔁 Switched page size to 2048 KB at cycle 353500000
[PTW] 🔁 Switched page size to 4 KB at cycle 354000000
[PTW] 🔁 Switched page size to 2048 KB at cycle 354500000
[PTW] 🔁 Switched page size to 4 KB at cycle 355000000
[PTW] 🔁 Switched page size to 2048 KB at cycle 355500000
[PTW] 🔁 Switched page size to 4 KB at cycle 356000000
[PTW] 🔁 Switched page size to 2048 KB at cycle 356500000
[PTW] 🔁 Switched page size to 4 KB at cycle 357000000
[PTW] 🔁 Switched page size to 2048 KB at cycle 357500000
[PTW] 🔁 Switched page size to 4 KB at cycle 358000000
[PTW] 🔁 Switched page size to 2048 KB at cycle 358500000
[PTW] 🔁 Switched page size to 4 KB at cycle 359000000
[PTW] 🔁 Switched page size to 2048 KB at cycle 359500000
[PTW] 🔁 Switched page size to 4 KB at cycle 360000000
[PTW] 🔁 Switched page size to 2048 KB at cycle 360500000
[PTW] 🔁 Switched page size to 4 KB at cycle 361000000
[PTW] 🔁 Switched page size to 2048 KB at cycle 361500000
[PTW] 🔁 Switched page size to 4 KB at cycle 362000000
[PTW] 🔁 Switched page size to 2048 KB at cycle 362500000
[PTW] 🔁 Switched page size to 4 KB at cycle 363000000
[PTW] 🔁 Switched page size to 2048 KB at cycle 363500000
[PTW] 🔁 Switched page size to 4 KB at cycle 364000000
[PTW] 🔁 Switched page size to 2048 KB at cycle 364500000
[PTW] 🔁 Switched page size to 4 KB at cycle 365000000
[PTW] 🔁 Switched page size to 2048 KB at cycle 365500000
[PTW] 🔁 Switched page size to 4 KB at cycle 366000000
[PTW] 🔁 Switched page size to 2048 KB at cycle 366500000
[PTW] 🔁 Switched page size to 4 KB at cycle 367000000
[PTW] 🔁 Switched page size to 2048 KB at cycle 367500000
[PTW] 🔁 Switched page size to 4 KB at cycle 368000000
[PTW] 🔁 Switched page size to 2048 KB at cycle 368500000
[PTW] 🔁 Switched page size to 4 KB at cycle 369000000
[PTW] 🔁 Switched page size to 2048 KB at cycle 369500000
[PTW] 🔁 Switched page size to 4 KB at cycle 370000000
[PTW] 🔁 Switched page size to 2048 KB at cycle 370500000
[PTW] 🔁 Switched page size to 4 KB at cycle 371000000
[PTW] 🔁 Switched page size to 2048 KB at cycle 371500000
[PTW] 🔁 Switched page size to 4 KB at cycle 372000000
[PTW] 🔁 Switched page size to 2048 KB at cycle 372500000
[PTW] 🔁 Switched page size to 4 KB at cycle 373000000
[PTW] 🔁 Switched page size to 2048 KB at cycle 373500000
[PTW] 🔁 Switched page size to 4 KB at cycle 374000000
[PTW] 🔁 Switched page size to 2048 KB at cycle 374500000
[PTW] 🔁 Switched page size to 4 KB at cycle 375000000
[PTW] 🔁 Switched page size to 2048 KB at cycle 375500000
[PTW] 🔁 Switched page size to 4 KB at cycle 376000000
[PTW] 🔁 Switched page size to 2048 KB at cycle 376500000
[PTW] 🔁 Switched page size to 4 KB at cycle 377000000
[PTW] 🔁 Switched page size to 2048 KB at cycle 377500000
[PTW] 🔁 Switched page size to 4 KB at cycle 378000000
[PTW] 🔁 Switched page size to 2048 KB at cycle 378500000
[PTW] 🔁 Switched page size to 4 KB at cycle 379000000
[PTW] 🔁 Switched page size to 2048 KB at cycle 379500000
[PTW] 🔁 Switched page size to 4 KB at cycle 380000000
Heartbeat CPU 0 instructions: 240000004 cycles: 380242890 heartbeat IPC: 0.126026 cumulative IPC: 0.121805 (Simulation time: 5 hr 13 min 46 sec) 
[PTW] 🔁 Switched page size to 2048 KB at cycle 380500000
[PTW] 🔁 Switched page size to 4 KB at cycle 381000000
[PTW] 🔁 Switched page size to 2048 KB at cycle 381500000
[PTW] 🔁 Switched page size to 4 KB at cycle 382000000
[PTW] 🔁 Switched page size to 2048 KB at cycle 382500000
[PTW] 🔁 Switched page size to 4 KB at cycle 383000000
[PTW] 🔁 Switched page size to 2048 KB at cycle 383500000
[PTW] 🔁 Switched page size to 4 KB at cycle 384000000
[PTW] 🔁 Switched page size to 2048 KB at cycle 384500000
[PTW] 🔁 Switched page size to 4 KB at cycle 385000000
[PTW] 🔁 Switched page size to 2048 KB at cycle 385500000
[PTW] 🔁 Switched page size to 4 KB at cycle 386000000
[PTW] 🔁 Switched page size to 2048 KB at cycle 386500000
[PTW] 🔁 Switched page size to 4 KB at cycle 387000000
[PTW] 🔁 Switched page size to 2048 KB at cycle 387500000
[PTW] 🔁 Switched page size to 4 KB at cycle 388000000
[PTW] 🔁 Switched page size to 2048 KB at cycle 388500000
[PTW] 🔁 Switched page size to 4 KB at cycle 389000000
[PTW] 🔁 Switched page size to 2048 KB at cycle 389500000
[PTW] 🔁 Switched page size to 4 KB at cycle 390000000
[PTW] 🔁 Switched page size to 2048 KB at cycle 390500000
[PTW] 🔁 Switched page size to 4 KB at cycle 391000000
[PTW] 🔁 Switched page size to 2048 KB at cycle 391500000
[PTW] 🔁 Switched page size to 4 KB at cycle 392000000
[PTW] 🔁 Switched page size to 2048 KB at cycle 392500000
[PTW] 🔁 Switched page size to 4 KB at cycle 393000000
[PTW] 🔁 Switched page size to 2048 KB at cycle 393500000
[PTW] 🔁 Switched page size to 4 KB at cycle 394000000
[PTW] 🔁 Switched page size to 2048 KB at cycle 394500000
[PTW] 🔁 Switched page size to 4 KB at cycle 395000000
[PTW] 🔁 Switched page size to 2048 KB at cycle 395500000
[PTW] 🔁 Switched page size to 4 KB at cycle 396000000
[PTW] 🔁 Switched page size to 2048 KB at cycle 396500000
[PTW] 🔁 Switched page size to 4 KB at cycle 397000000
[PTW] 🔁 Switched page size to 2048 KB at cycle 397500000
[PTW] 🔁 Switched page size to 4 KB at cycle 398000000
[PTW] 🔁 Switched page size to 2048 KB at cycle 398500000
[PTW] 🔁 Switched page size to 4 KB at cycle 399000000
[PTW] 🔁 Switched page size to 2048 KB at cycle 399500000
[PTW] 🔁 Switched page size to 4 KB at cycle 400000000
[PTW] 🔁 Switched page size to 2048 KB at cycle 400500000
[PTW] 🔁 Switched page size to 4 KB at cycle 401000000
[PTW] 🔁 Switched page size to 2048 KB at cycle 401500000
[PTW] 🔁 Switched page size to 4 KB at cycle 402000000
[PTW] 🔁 Switched page size to 2048 KB at cycle 402500000
[PTW] 🔁 Switched page size to 4 KB at cycle 403000000
[PTW] 🔁 Switched page size to 2048 KB at cycle 403500000
[PTW] 🔁 Switched page size to 4 KB at cycle 404000000
[PTW] 🔁 Switched page size to 2048 KB at cycle 404500000
[PTW] 🔁 Switched page size to 4 KB at cycle 405000000
[PTW] 🔁 Switched page size to 2048 KB at cycle 405500000
[PTW] 🔁 Switched page size to 4 KB at cycle 406000000
[PTW] 🔁 Switched page size to 2048 KB at cycle 406500000
[PTW] 🔁 Switched page size to 4 KB at cycle 407000000
[PTW] 🔁 Switched page size to 2048 KB at cycle 407500000
[PTW] 🔁 Switched page size to 4 KB at cycle 408000000
[PTW] 🔁 Switched page size to 2048 KB at cycle 408500000
[PTW] 🔁 Switched page size to 4 KB at cycle 409000000
[PTW] 🔁 Switched page size to 2048 KB at cycle 409500000
[PTW] 🔁 Switched page size to 4 KB at cycle 410000000
[PTW] 🔁 Switched page size to 2048 KB at cycle 410500000
[PTW] 🔁 Switched page size to 4 KB at cycle 411000000
[PTW] 🔁 Switched page size to 2048 KB at cycle 411500000
[PTW] 🔁 Switched page size to 4 KB at cycle 412000000
[PTW] 🔁 Switched page size to 2048 KB at cycle 412500000
[PTW] 🔁 Switched page size to 4 KB at cycle 413000000
[PTW] 🔁 Switched page size to 2048 KB at cycle 413500000
[PTW] 🔁 Switched page size to 4 KB at cycle 414000000
[PTW] 🔁 Switched page size to 2048 KB at cycle 414500000
[PTW] 🔁 Switched page size to 4 KB at cycle 415000000
[PTW] 🔁 Switched page size to 2048 KB at cycle 415500000
[PTW] 🔁 Switched page size to 4 KB at cycle 416000000
[PTW] 🔁 Switched page size to 2048 KB at cycle 416500000
[PTW] 🔁 Switched page size to 4 KB at cycle 417000000
[PTW] 🔁 Switched page size to 2048 KB at cycle 417500000
[PTW] 🔁 Switched page size to 4 KB at cycle 418000000
[PTW] 🔁 Switched page size to 2048 KB at cycle 418500000
[PTW] 🔁 Switched page size to 4 KB at cycle 419000000
[PTW] 🔁 Switched page size to 2048 KB at cycle 419500000
[PTW] 🔁 Switched page size to 4 KB at cycle 420000000
[PTW] 🔁 Switched page size to 2048 KB at cycle 420500000
[PTW] 🔁 Switched page size to 4 KB at cycle 421000000
[PTW] 🔁 Switched page size to 2048 KB at cycle 421500000
[PTW] 🔁 Switched page size to 4 KB at cycle 422000000
[PTW] 🔁 Switched page size to 2048 KB at cycle 422500000
[PTW] 🔁 Switched page size to 4 KB at cycle 423000000
[PTW] 🔁 Switched page size to 2048 KB at cycle 423500000
[PTW] 🔁 Switched page size to 4 KB at cycle 424000000
[PTW] 🔁 Switched page size to 2048 KB at cycle 424500000
[PTW] 🔁 Switched page size to 4 KB at cycle 425000000
[PTW] 🔁 Switched page size to 2048 KB at cycle 425500000
[PTW] 🔁 Switched page size to 4 KB at cycle 426000000
[PTW] 🔁 Switched page size to 2048 KB at cycle 426500000
[PTW] 🔁 Switched page size to 4 KB at cycle 427000000
[PTW] 🔁 Switched page size to 2048 KB at cycle 427500000
[PTW] 🔁 Switched page size to 4 KB at cycle 428000000
[PTW] 🔁 Switched page size to 2048 KB at cycle 428500000
[PTW] 🔁 Switched page size to 4 KB at cycle 429000000
[PTW] 🔁 Switched page size to 2048 KB at cycle 429500000
[PTW] 🔁 Switched page size to 4 KB at cycle 430000000
[PTW] 🔁 Switched page size to 2048 KB at cycle 430500000
[PTW] 🔁 Switched page size to 4 KB at cycle 431000000
[PTW] 🔁 Switched page size to 2048 KB at cycle 431500000
[PTW] 🔁 Switched page size to 4 KB at cycle 432000000
[PTW] 🔁 Switched page size to 2048 KB at cycle 432500000
[PTW] 🔁 Switched page size to 4 KB at cycle 433000000
[PTW] 🔁 Switched page size to 2048 KB at cycle 433500000
[PTW] 🔁 Switched page size to 4 KB at cycle 434000000
[PTW] 🔁 Switched page size to 2048 KB at cycle 434500000
[PTW] 🔁 Switched page size to 4 KB at cycle 435000000
[PTW] 🔁 Switched page size to 2048 KB at cycle 435500000
[PTW] 🔁 Switched page size to 4 KB at cycle 436000000
[PTW] 🔁 Switched page size to 2048 KB at cycle 436500000
[PTW] 🔁 Switched page size to 4 KB at cycle 437000000
[PTW] 🔁 Switched page size to 2048 KB at cycle 437500000
[PTW] 🔁 Switched page size to 4 KB at cycle 438000000
[PTW] 🔁 Switched page size to 2048 KB at cycle 438500000
[PTW] 🔁 Switched page size to 4 KB at cycle 439000000
[PTW] 🔁 Switched page size to 2048 KB at cycle 439500000
[PTW] 🔁 Switched page size to 4 KB at cycle 440000000
[PTW] 🔁 Switched page size to 2048 KB at cycle 440500000
[PTW] 🔁 Switched page size to 4 KB at cycle 441000000
[PTW] 🔁 Switched page size to 2048 KB at cycle 441500000
[PTW] 🔁 Switched page size to 4 KB at cycle 442000000
[PTW] 🔁 Switched page size to 2048 KB at cycle 442500000
[PTW] 🔁 Switched page size to 4 KB at cycle 443000000
[PTW] 🔁 Switched page size to 2048 KB at cycle 443500000
[PTW] 🔁 Switched page size to 4 KB at cycle 444000000
[PTW] 🔁 Switched page size to 2048 KB at cycle 444500000
[PTW] 🔁 Switched page size to 4 KB at cycle 445000000
[PTW] 🔁 Switched page size to 2048 KB at cycle 445500000
[PTW] 🔁 Switched page size to 4 KB at cycle 446000000
[PTW] 🔁 Switched page size to 2048 KB at cycle 446500000
[PTW] 🔁 Switched page size to 4 KB at cycle 447000000
[PTW] 🔁 Switched page size to 2048 KB at cycle 447500000
[PTW] 🔁 Switched page size to 4 KB at cycle 448000000
[PTW] 🔁 Switched page size to 2048 KB at cycle 448500000
[PTW] 🔁 Switched page size to 4 KB at cycle 449000000
[PTW] 🔁 Switched page size to 2048 KB at cycle 449500000
[PTW] 🔁 Switched page size to 4 KB at cycle 450000000
[PTW] 🔁 Switched page size to 2048 KB at cycle 450500000
[PTW] 🔁 Switched page size to 4 KB at cycle 451000000
[PTW] 🔁 Switched page size to 2048 KB at cycle 451500000
[PTW] 🔁 Switched page size to 4 KB at cycle 452000000
[PTW] 🔁 Switched page size to 2048 KB at cycle 452500000
[PTW] 🔁 Switched page size to 4 KB at cycle 453000000
[PTW] 🔁 Switched page size to 2048 KB at cycle 453500000
[PTW] 🔁 Switched page size to 4 KB at cycle 454000000
[PTW] 🔁 Switched page size to 2048 KB at cycle 454500000
[PTW] 🔁 Switched page size to 4 KB at cycle 455000000
[PTW] 🔁 Switched page size to 2048 KB at cycle 455500000
[PTW] 🔁 Switched page size to 4 KB at cycle 456000000
[PTW] 🔁 Switched page size to 2048 KB at cycle 456500000
[PTW] 🔁 Switched page size to 4 KB at cycle 457000000
[PTW] 🔁 Switched page size to 2048 KB at cycle 457500000
[PTW] 🔁 Switched page size to 4 KB at cycle 458000000
[PTW] 🔁 Switched page size to 2048 KB at cycle 458500000
[PTW] 🔁 Switched page size to 4 KB at cycle 459000000
[PTW] 🔁 Switched page size to 2048 KB at cycle 459500000
[PTW] 🔁 Switched page size to 4 KB at cycle 460000000
[PTW] 🔁 Switched page size to 2048 KB at cycle 460500000
[PTW] 🔁 Switched page size to 4 KB at cycle 461000000
[PTW] 🔁 Switched page size to 2048 KB at cycle 461500000
[PTW] 🔁 Switched page size to 4 KB at cycle 462000000
[PTW] 🔁 Switched page size to 2048 KB at cycle 462500000
[PTW] 🔁 Switched page size to 4 KB at cycle 463000000
[PTW] 🔁 Switched page size to 2048 KB at cycle 463500000
[PTW] 🔁 Switched page size to 4 KB at cycle 464000000
[PTW] 🔁 Switched page size to 2048 KB at cycle 464500000
[PTW] 🔁 Switched page size to 4 KB at cycle 465000000
[PTW] 🔁 Switched page size to 2048 KB at cycle 465500000
[PTW] 🔁 Switched page size to 4 KB at cycle 466000000
[PTW] 🔁 Switched page size to 2048 KB at cycle 466500000
[PTW] 🔁 Switched page size to 4 KB at cycle 467000000
[PTW] 🔁 Switched page size to 2048 KB at cycle 467500000
[PTW] 🔁 Switched page size to 4 KB at cycle 468000000
[PTW] 🔁 Switched page size to 2048 KB at cycle 468500000
[PTW] 🔁 Switched page size to 4 KB at cycle 469000000
[PTW] 🔁 Switched page size to 2048 KB at cycle 469500000
[PTW] 🔁 Switched page size to 4 KB at cycle 470000000
[PTW] 🔁 Switched page size to 2048 KB at cycle 470500000
[PTW] 🔁 Switched page size to 4 KB at cycle 471000000
[PTW] 🔁 Switched page size to 2048 KB at cycle 471500000
[PTW] 🔁 Switched page size to 4 KB at cycle 472000000
[PTW] 🔁 Switched page size to 2048 KB at cycle 472500000
[PTW] 🔁 Switched page size to 4 KB at cycle 473000000
[PTW] 🔁 Switched page size to 2048 KB at cycle 473500000
Heartbeat CPU 0 instructions: 250000004 cycles: 473536815 heartbeat IPC: 0.107189 cumulative IPC: 0.118571 (Simulation time: 5 hr 44 min 2 sec) 
[PTW] 🔁 Switched page size to 4 KB at cycle 474000000
[PTW] 🔁 Switched page size to 2048 KB at cycle 474500000
[PTW] 🔁 Switched page size to 4 KB at cycle 475000000
[PTW] 🔁 Switched page size to 2048 KB at cycle 475500000
[PTW] 🔁 Switched page size to 4 KB at cycle 476000000
[PTW] 🔁 Switched page size to 2048 KB at cycle 476500000
[PTW] 🔁 Switched page size to 4 KB at cycle 477000000
[PTW] 🔁 Switched page size to 2048 KB at cycle 477500000
[PTW] 🔁 Switched page size to 4 KB at cycle 478000000
[PTW] 🔁 Switched page size to 2048 KB at cycle 478500000
[PTW] 🔁 Switched page size to 4 KB at cycle 479000000
[PTW] 🔁 Switched page size to 2048 KB at cycle 479500000
[PTW] 🔁 Switched page size to 4 KB at cycle 480000000
[PTW] 🔁 Switched page size to 2048 KB at cycle 480500000
[PTW] 🔁 Switched page size to 4 KB at cycle 481000000
[PTW] 🔁 Switched page size to 2048 KB at cycle 481500000
[PTW] 🔁 Switched page size to 4 KB at cycle 482000000
[PTW] 🔁 Switched page size to 2048 KB at cycle 482500000
[PTW] 🔁 Switched page size to 4 KB at cycle 483000000
[PTW] 🔁 Switched page size to 2048 KB at cycle 483500000
[PTW] 🔁 Switched page size to 4 KB at cycle 484000000
[PTW] 🔁 Switched page size to 2048 KB at cycle 484500000
[PTW] 🔁 Switched page size to 4 KB at cycle 485000000
[PTW] 🔁 Switched page size to 2048 KB at cycle 485500000
[PTW] 🔁 Switched page size to 4 KB at cycle 486000000
[PTW] 🔁 Switched page size to 2048 KB at cycle 486500000
[PTW] 🔁 Switched page size to 4 KB at cycle 487000000
[PTW] 🔁 Switched page size to 2048 KB at cycle 487500000
[PTW] 🔁 Switched page size to 4 KB at cycle 488000000
[PTW] 🔁 Switched page size to 2048 KB at cycle 488500000
[PTW] 🔁 Switched page size to 4 KB at cycle 489000000
[PTW] 🔁 Switched page size to 2048 KB at cycle 489500000
[PTW] 🔁 Switched page size to 4 KB at cycle 490000000
[PTW] 🔁 Switched page size to 2048 KB at cycle 490500000
[PTW] 🔁 Switched page size to 4 KB at cycle 491000000
[PTW] 🔁 Switched page size to 2048 KB at cycle 491500000
[PTW] 🔁 Switched page size to 4 KB at cycle 492000000
[PTW] 🔁 Switched page size to 2048 KB at cycle 492500000
[PTW] 🔁 Switched page size to 4 KB at cycle 493000000
[PTW] 🔁 Switched page size to 2048 KB at cycle 493500000
[PTW] 🔁 Switched page size to 4 KB at cycle 494000000
[PTW] 🔁 Switched page size to 2048 KB at cycle 494500000
[PTW] 🔁 Switched page size to 4 KB at cycle 495000000
[PTW] 🔁 Switched page size to 2048 KB at cycle 495500000
[PTW] 🔁 Switched page size to 4 KB at cycle 496000000
[PTW] 🔁 Switched page size to 2048 KB at cycle 496500000
[PTW] 🔁 Switched page size to 4 KB at cycle 497000000
[PTW] 🔁 Switched page size to 2048 KB at cycle 497500000
[PTW] 🔁 Switched page size to 4 KB at cycle 498000000
[PTW] 🔁 Switched page size to 2048 KB at cycle 498500000
[PTW] 🔁 Switched page size to 4 KB at cycle 499000000
[PTW] 🔁 Switched page size to 2048 KB at cycle 499500000
[PTW] 🔁 Switched page size to 4 KB at cycle 500000000
[PTW] 🔁 Switched page size to 2048 KB at cycle 500500000
[PTW] 🔁 Switched page size to 4 KB at cycle 501000000
[PTW] 🔁 Switched page size to 2048 KB at cycle 501500000
[PTW] 🔁 Switched page size to 4 KB at cycle 502000000
[PTW] 🔁 Switched page size to 2048 KB at cycle 502500000
[PTW] 🔁 Switched page size to 4 KB at cycle 503000000
[PTW] 🔁 Switched page size to 2048 KB at cycle 503500000
[PTW] 🔁 Switched page size to 4 KB at cycle 504000000
[PTW] 🔁 Switched page size to 2048 KB at cycle 504500000
[PTW] 🔁 Switched page size to 4 KB at cycle 505000000
[PTW] 🔁 Switched page size to 2048 KB at cycle 505500000
[PTW] 🔁 Switched page size to 4 KB at cycle 506000000
[PTW] 🔁 Switched page size to 2048 KB at cycle 506500000
[PTW] 🔁 Switched page size to 4 KB at cycle 507000000
[PTW] 🔁 Switched page size to 2048 KB at cycle 507500000
[PTW] 🔁 Switched page size to 4 KB at cycle 508000000
[PTW] 🔁 Switched page size to 2048 KB at cycle 508500000
[PTW] 🔁 Switched page size to 4 KB at cycle 509000000
[PTW] 🔁 Switched page size to 2048 KB at cycle 509500000
[PTW] 🔁 Switched page size to 4 KB at cycle 510000000
[PTW] 🔁 Switched page size to 2048 KB at cycle 510500000
[PTW] 🔁 Switched page size to 4 KB at cycle 511000000
[PTW] 🔁 Switched page size to 2048 KB at cycle 511500000
[PTW] 🔁 Switched page size to 4 KB at cycle 512000000
[PTW] 🔁 Switched page size to 2048 KB at cycle 512500000
[PTW] 🔁 Switched page size to 4 KB at cycle 513000000
[PTW] 🔁 Switched page size to 2048 KB at cycle 513500000
[PTW] 🔁 Switched page size to 4 KB at cycle 514000000
[PTW] 🔁 Switched page size to 2048 KB at cycle 514500000
[PTW] 🔁 Switched page size to 4 KB at cycle 515000000
[PTW] 🔁 Switched page size to 2048 KB at cycle 515500000
[PTW] 🔁 Switched page size to 4 KB at cycle 516000000
[PTW] 🔁 Switched page size to 2048 KB at cycle 516500000
[PTW] 🔁 Switched page size to 4 KB at cycle 517000000
[PTW] 🔁 Switched page size to 2048 KB at cycle 517500000
[PTW] 🔁 Switched page size to 4 KB at cycle 518000000
[PTW] 🔁 Switched page size to 2048 KB at cycle 518500000
[PTW] 🔁 Switched page size to 4 KB at cycle 519000000
[PTW] 🔁 Switched page size to 2048 KB at cycle 519500000
[PTW] 🔁 Switched page size to 4 KB at cycle 520000000
[PTW] 🔁 Switched page size to 2048 KB at cycle 520500000
[PTW] 🔁 Switched page size to 4 KB at cycle 521000000
[PTW] 🔁 Switched page size to 2048 KB at cycle 521500000
[PTW] 🔁 Switched page size to 4 KB at cycle 522000000
[PTW] 🔁 Switched page size to 2048 KB at cycle 522500000
[PTW] 🔁 Switched page size to 4 KB at cycle 523000000
[PTW] 🔁 Switched page size to 2048 KB at cycle 523500000
[PTW] 🔁 Switched page size to 4 KB at cycle 524000000
[PTW] 🔁 Switched page size to 2048 KB at cycle 524500000
[PTW] 🔁 Switched page size to 4 KB at cycle 525000000
[PTW] 🔁 Switched page size to 2048 KB at cycle 525500000
[PTW] 🔁 Switched page size to 4 KB at cycle 526000000
[PTW] 🔁 Switched page size to 2048 KB at cycle 526500000
[PTW] 🔁 Switched page size to 4 KB at cycle 527000000
[PTW] 🔁 Switched page size to 2048 KB at cycle 527500000
[PTW] 🔁 Switched page size to 4 KB at cycle 528000000
[PTW] 🔁 Switched page size to 2048 KB at cycle 528500000
[PTW] 🔁 Switched page size to 4 KB at cycle 529000000
[PTW] 🔁 Switched page size to 2048 KB at cycle 529500000
[PTW] 🔁 Switched page size to 4 KB at cycle 530000000
[PTW] 🔁 Switched page size to 2048 KB at cycle 530500000
[PTW] 🔁 Switched page size to 4 KB at cycle 531000000
[PTW] 🔁 Switched page size to 2048 KB at cycle 531500000
[PTW] 🔁 Switched page size to 4 KB at cycle 532000000
[PTW] 🔁 Switched page size to 2048 KB at cycle 532500000
[PTW] 🔁 Switched page size to 4 KB at cycle 533000000
[PTW] 🔁 Switched page size to 2048 KB at cycle 533500000
[PTW] 🔁 Switched page size to 4 KB at cycle 534000000
[PTW] 🔁 Switched page size to 2048 KB at cycle 534500000
[PTW] 🔁 Switched page size to 4 KB at cycle 535000000
[PTW] 🔁 Switched page size to 2048 KB at cycle 535500000
[PTW] 🔁 Switched page size to 4 KB at cycle 536000000
[PTW] 🔁 Switched page size to 2048 KB at cycle 536500000
[PTW] 🔁 Switched page size to 4 KB at cycle 537000000
[PTW] 🔁 Switched page size to 2048 KB at cycle 537500000
[PTW] 🔁 Switched page size to 4 KB at cycle 538000000
[PTW] 🔁 Switched page size to 2048 KB at cycle 538500000
[PTW] 🔁 Switched page size to 4 KB at cycle 539000000
[PTW] 🔁 Switched page size to 2048 KB at cycle 539500000
[PTW] 🔁 Switched page size to 4 KB at cycle 540000000
[PTW] 🔁 Switched page size to 2048 KB at cycle 540500000
[PTW] 🔁 Switched page size to 4 KB at cycle 541000000
[PTW] 🔁 Switched page size to 2048 KB at cycle 541500000
[PTW] 🔁 Switched page size to 4 KB at cycle 542000000
[PTW] 🔁 Switched page size to 2048 KB at cycle 542500000
[PTW] 🔁 Switched page size to 4 KB at cycle 543000000
[PTW] 🔁 Switched page size to 2048 KB at cycle 543500000
[PTW] 🔁 Switched page size to 4 KB at cycle 544000000
[PTW] 🔁 Switched page size to 2048 KB at cycle 544500000
[PTW] 🔁 Switched page size to 4 KB at cycle 545000000
[PTW] 🔁 Switched page size to 2048 KB at cycle 545500000
[PTW] 🔁 Switched page size to 4 KB at cycle 546000000
[PTW] 🔁 Switched page size to 2048 KB at cycle 546500000
[PTW] 🔁 Switched page size to 4 KB at cycle 547000000
[PTW] 🔁 Switched page size to 2048 KB at cycle 547500000
[PTW] 🔁 Switched page size to 4 KB at cycle 548000000
[PTW] 🔁 Switched page size to 2048 KB at cycle 548500000
[PTW] 🔁 Switched page size to 4 KB at cycle 549000000
[PTW] 🔁 Switched page size to 2048 KB at cycle 549500000
[PTW] 🔁 Switched page size to 4 KB at cycle 550000000
[PTW] 🔁 Switched page size to 2048 KB at cycle 550500000
[PTW] 🔁 Switched page size to 4 KB at cycle 551000000
[PTW] 🔁 Switched page size to 2048 KB at cycle 551500000
[PTW] 🔁 Switched page size to 4 KB at cycle 552000000
[PTW] 🔁 Switched page size to 2048 KB at cycle 552500000
[PTW] 🔁 Switched page size to 4 KB at cycle 553000000
[PTW] 🔁 Switched page size to 2048 KB at cycle 553500000
[PTW] 🔁 Switched page size to 4 KB at cycle 554000000
[PTW] 🔁 Switched page size to 2048 KB at cycle 554500000
[PTW] 🔁 Switched page size to 4 KB at cycle 555000000
[PTW] 🔁 Switched page size to 2048 KB at cycle 555500000
[PTW] 🔁 Switched page size to 4 KB at cycle 556000000
[PTW] 🔁 Switched page size to 2048 KB at cycle 556500000
[PTW] 🔁 Switched page size to 4 KB at cycle 557000000
[PTW] 🔁 Switched page size to 2048 KB at cycle 557500000
[PTW] 🔁 Switched page size to 4 KB at cycle 558000000
[PTW] 🔁 Switched page size to 2048 KB at cycle 558500000
[PTW] 🔁 Switched page size to 4 KB at cycle 559000000
[PTW] 🔁 Switched page size to 2048 KB at cycle 559500000
Heartbeat CPU 0 instructions: 260000001 cycles: 559755106 heartbeat IPC: 0.115985 cumulative IPC: 0.118132 (Simulation time: 6 hr 5 min 38 sec) 
[PTW] 🔁 Switched page size to 4 KB at cycle 560000000
[PTW] 🔁 Switched page size to 2048 KB at cycle 560500000
[PTW] 🔁 Switched page size to 4 KB at cycle 561000000
[PTW] 🔁 Switched page size to 2048 KB at cycle 561500000
[PTW] 🔁 Switched page size to 4 KB at cycle 562000000
[PTW] 🔁 Switched page size to 2048 KB at cycle 562500000
[PTW] 🔁 Switched page size to 4 KB at cycle 563000000
[PTW] 🔁 Switched page size to 2048 KB at cycle 563500000
[PTW] 🔁 Switched page size to 4 KB at cycle 564000000
[PTW] 🔁 Switched page size to 2048 KB at cycle 564500000
[PTW] 🔁 Switched page size to 4 KB at cycle 565000000
[PTW] 🔁 Switched page size to 2048 KB at cycle 565500000
[PTW] 🔁 Switched page size to 4 KB at cycle 566000000
[PTW] 🔁 Switched page size to 2048 KB at cycle 566500000
[PTW] 🔁 Switched page size to 4 KB at cycle 567000000
[PTW] 🔁 Switched page size to 2048 KB at cycle 567500000
[PTW] 🔁 Switched page size to 4 KB at cycle 568000000
[PTW] 🔁 Switched page size to 2048 KB at cycle 568500000
[PTW] 🔁 Switched page size to 4 KB at cycle 569000000
[PTW] 🔁 Switched page size to 2048 KB at cycle 569500000
[PTW] 🔁 Switched page size to 4 KB at cycle 570000000
[PTW] 🔁 Switched page size to 2048 KB at cycle 570500000
[PTW] 🔁 Switched page size to 4 KB at cycle 571000000
[PTW] 🔁 Switched page size to 2048 KB at cycle 571500000
[PTW] 🔁 Switched page size to 4 KB at cycle 572000000
[PTW] 🔁 Switched page size to 2048 KB at cycle 572500000
[PTW] 🔁 Switched page size to 4 KB at cycle 573000000
[PTW] 🔁 Switched page size to 2048 KB at cycle 573500000
[PTW] 🔁 Switched page size to 4 KB at cycle 574000000
[PTW] 🔁 Switched page size to 2048 KB at cycle 574500000
[PTW] 🔁 Switched page size to 4 KB at cycle 575000000
[PTW] 🔁 Switched page size to 2048 KB at cycle 575500000
[PTW] 🔁 Switched page size to 4 KB at cycle 576000000
[PTW] 🔁 Switched page size to 2048 KB at cycle 576500000
[PTW] 🔁 Switched page size to 4 KB at cycle 577000000
[PTW] 🔁 Switched page size to 2048 KB at cycle 577500000
[PTW] 🔁 Switched page size to 4 KB at cycle 578000000
[PTW] 🔁 Switched page size to 2048 KB at cycle 578500000
[PTW] 🔁 Switched page size to 4 KB at cycle 579000000
[PTW] 🔁 Switched page size to 2048 KB at cycle 579500000
[PTW] 🔁 Switched page size to 4 KB at cycle 580000000
[PTW] 🔁 Switched page size to 2048 KB at cycle 580500000
[PTW] 🔁 Switched page size to 4 KB at cycle 581000000
[PTW] 🔁 Switched page size to 2048 KB at cycle 581500000
[PTW] 🔁 Switched page size to 4 KB at cycle 582000000
[PTW] 🔁 Switched page size to 2048 KB at cycle 582500000
[PTW] 🔁 Switched page size to 4 KB at cycle 583000000
[PTW] 🔁 Switched page size to 2048 KB at cycle 583500000
[PTW] 🔁 Switched page size to 4 KB at cycle 584000000
[PTW] 🔁 Switched page size to 2048 KB at cycle 584500000
[PTW] 🔁 Switched page size to 4 KB at cycle 585000000
[PTW] 🔁 Switched page size to 2048 KB at cycle 585500000
[PTW] 🔁 Switched page size to 4 KB at cycle 586000000
[PTW] 🔁 Switched page size to 2048 KB at cycle 586500000
[PTW] 🔁 Switched page size to 4 KB at cycle 587000000
[PTW] 🔁 Switched page size to 2048 KB at cycle 587500000
[PTW] 🔁 Switched page size to 4 KB at cycle 588000000
[PTW] 🔁 Switched page size to 2048 KB at cycle 588500000
[PTW] 🔁 Switched page size to 4 KB at cycle 589000000
[PTW] 🔁 Switched page size to 2048 KB at cycle 589500000
[PTW] 🔁 Switched page size to 4 KB at cycle 590000000
[PTW] 🔁 Switched page size to 2048 KB at cycle 590500000
[PTW] 🔁 Switched page size to 4 KB at cycle 591000000
[PTW] 🔁 Switched page size to 2048 KB at cycle 591500000
[PTW] 🔁 Switched page size to 4 KB at cycle 592000000
[PTW] 🔁 Switched page size to 2048 KB at cycle 592500000
[PTW] 🔁 Switched page size to 4 KB at cycle 593000000
[PTW] 🔁 Switched page size to 2048 KB at cycle 593500000
[PTW] 🔁 Switched page size to 4 KB at cycle 594000000
[PTW] 🔁 Switched page size to 2048 KB at cycle 594500000
[PTW] 🔁 Switched page size to 4 KB at cycle 595000000
[PTW] 🔁 Switched page size to 2048 KB at cycle 595500000
[PTW] 🔁 Switched page size to 4 KB at cycle 596000000
[PTW] 🔁 Switched page size to 2048 KB at cycle 596500000
[PTW] 🔁 Switched page size to 4 KB at cycle 597000000
[PTW] 🔁 Switched page size to 2048 KB at cycle 597500000
[PTW] 🔁 Switched page size to 4 KB at cycle 598000000
[PTW] 🔁 Switched page size to 2048 KB at cycle 598500000
[PTW] 🔁 Switched page size to 4 KB at cycle 599000000
[PTW] 🔁 Switched page size to 2048 KB at cycle 599500000
[PTW] 🔁 Switched page size to 4 KB at cycle 600000000
[PTW] 🔁 Switched page size to 2048 KB at cycle 600500000
[PTW] 🔁 Switched page size to 4 KB at cycle 601000000
[PTW] 🔁 Switched page size to 2048 KB at cycle 601500000
[PTW] 🔁 Switched page size to 4 KB at cycle 602000000
[PTW] 🔁 Switched page size to 2048 KB at cycle 602500000
[PTW] 🔁 Switched page size to 4 KB at cycle 603000000
[PTW] 🔁 Switched page size to 2048 KB at cycle 603500000
[PTW] 🔁 Switched page size to 4 KB at cycle 604000000
[PTW] 🔁 Switched page size to 2048 KB at cycle 604500000
[PTW] 🔁 Switched page size to 4 KB at cycle 605000000
[PTW] 🔁 Switched page size to 2048 KB at cycle 605500000
[PTW] 🔁 Switched page size to 4 KB at cycle 606000000
[PTW] 🔁 Switched page size to 2048 KB at cycle 606500000
[PTW] 🔁 Switched page size to 4 KB at cycle 607000000
[PTW] 🔁 Switched page size to 2048 KB at cycle 607500000
[PTW] 🔁 Switched page size to 4 KB at cycle 608000000
[PTW] 🔁 Switched page size to 2048 KB at cycle 608500000
[PTW] 🔁 Switched page size to 4 KB at cycle 609000000
[PTW] 🔁 Switched page size to 2048 KB at cycle 609500000
[PTW] 🔁 Switched page size to 4 KB at cycle 610000000
[PTW] 🔁 Switched page size to 2048 KB at cycle 610500000
[PTW] 🔁 Switched page size to 4 KB at cycle 611000000
[PTW] 🔁 Switched page size to 2048 KB at cycle 611500000
[PTW] 🔁 Switched page size to 4 KB at cycle 612000000
[PTW] 🔁 Switched page size to 2048 KB at cycle 612500000
[PTW] 🔁 Switched page size to 4 KB at cycle 613000000
[PTW] 🔁 Switched page size to 2048 KB at cycle 613500000
[PTW] 🔁 Switched page size to 4 KB at cycle 614000000
[PTW] 🔁 Switched page size to 2048 KB at cycle 614500000
[PTW] 🔁 Switched page size to 4 KB at cycle 615000000
[PTW] 🔁 Switched page size to 2048 KB at cycle 615500000
[PTW] 🔁 Switched page size to 4 KB at cycle 616000000
[PTW] 🔁 Switched page size to 2048 KB at cycle 616500000
[PTW] 🔁 Switched page size to 4 KB at cycle 617000000
[PTW] 🔁 Switched page size to 2048 KB at cycle 617500000
[PTW] 🔁 Switched page size to 4 KB at cycle 618000000
[PTW] 🔁 Switched page size to 2048 KB at cycle 618500000
[PTW] 🔁 Switched page size to 4 KB at cycle 619000000
[PTW] 🔁 Switched page size to 2048 KB at cycle 619500000
[PTW] 🔁 Switched page size to 4 KB at cycle 620000000
[PTW] 🔁 Switched page size to 2048 KB at cycle 620500000
[PTW] 🔁 Switched page size to 4 KB at cycle 621000000
[PTW] 🔁 Switched page size to 2048 KB at cycle 621500000
[PTW] 🔁 Switched page size to 4 KB at cycle 622000000
[PTW] 🔁 Switched page size to 2048 KB at cycle 622500000
[PTW] 🔁 Switched page size to 4 KB at cycle 623000000
[PTW] 🔁 Switched page size to 2048 KB at cycle 623500000
[PTW] 🔁 Switched page size to 4 KB at cycle 624000000
[PTW] 🔁 Switched page size to 2048 KB at cycle 624500000
[PTW] 🔁 Switched page size to 4 KB at cycle 625000000
[PTW] 🔁 Switched page size to 2048 KB at cycle 625500000
[PTW] 🔁 Switched page size to 4 KB at cycle 626000000
[PTW] 🔁 Switched page size to 2048 KB at cycle 626500000
[PTW] 🔁 Switched page size to 4 KB at cycle 627000000
[PTW] 🔁 Switched page size to 2048 KB at cycle 627500000
[PTW] 🔁 Switched page size to 4 KB at cycle 628000000
[PTW] 🔁 Switched page size to 2048 KB at cycle 628500000
[PTW] 🔁 Switched page size to 4 KB at cycle 629000000
[PTW] 🔁 Switched page size to 2048 KB at cycle 629500000
[PTW] 🔁 Switched page size to 4 KB at cycle 630000000
[PTW] 🔁 Switched page size to 2048 KB at cycle 630500000
[PTW] 🔁 Switched page size to 4 KB at cycle 631000000
[PTW] 🔁 Switched page size to 2048 KB at cycle 631500000
[PTW] 🔁 Switched page size to 4 KB at cycle 632000000
[PTW] 🔁 Switched page size to 2048 KB at cycle 632500000
[PTW] 🔁 Switched page size to 4 KB at cycle 633000000
[PTW] 🔁 Switched page size to 2048 KB at cycle 633500000
[PTW] 🔁 Switched page size to 4 KB at cycle 634000000
[PTW] 🔁 Switched page size to 2048 KB at cycle 634500000
[PTW] 🔁 Switched page size to 4 KB at cycle 635000000
[PTW] 🔁 Switched page size to 2048 KB at cycle 635500000
[PTW] 🔁 Switched page size to 4 KB at cycle 636000000
[PTW] 🔁 Switched page size to 2048 KB at cycle 636500000
[PTW] 🔁 Switched page size to 4 KB at cycle 637000000
[PTW] 🔁 Switched page size to 2048 KB at cycle 637500000
[PTW] 🔁 Switched page size to 4 KB at cycle 638000000
[PTW] 🔁 Switched page size to 2048 KB at cycle 638500000
[PTW] 🔁 Switched page size to 4 KB at cycle 639000000
[PTW] 🔁 Switched page size to 2048 KB at cycle 639500000
[PTW] 🔁 Switched page size to 4 KB at cycle 640000000
[PTW] 🔁 Switched page size to 2048 KB at cycle 640500000
[PTW] 🔁 Switched page size to 4 KB at cycle 641000000
[PTW] 🔁 Switched page size to 2048 KB at cycle 641500000
[PTW] 🔁 Switched page size to 4 KB at cycle 642000000
[PTW] 🔁 Switched page size to 2048 KB at cycle 642500000
[PTW] 🔁 Switched page size to 4 KB at cycle 643000000
[PTW] 🔁 Switched page size to 2048 KB at cycle 643500000
[PTW] 🔁 Switched page size to 4 KB at cycle 644000000
[PTW] 🔁 Switched page size to 2048 KB at cycle 644500000
[PTW] 🔁 Switched page size to 4 KB at cycle 645000000
[PTW] 🔁 Switched page size to 2048 KB at cycle 645500000
[PTW] 🔁 Switched page size to 4 KB at cycle 646000000
[PTW] 🔁 Switched page size to 2048 KB at cycle 646500000
[PTW] 🔁 Switched page size to 4 KB at cycle 647000000
[PTW] 🔁 Switched page size to 2048 KB at cycle 647500000
[PTW] 🔁 Switched page size to 4 KB at cycle 648000000
[PTW] 🔁 Switched page size to 2048 KB at cycle 648500000
[PTW] 🔁 Switched page size to 4 KB at cycle 649000000
[PTW] 🔁 Switched page size to 2048 KB at cycle 649500000
[PTW] 🔁 Switched page size to 4 KB at cycle 650000000
[PTW] 🔁 Switched page size to 2048 KB at cycle 650500000
[PTW] 🔁 Switched page size to 4 KB at cycle 651000000
[PTW] 🔁 Switched page size to 2048 KB at cycle 651500000
[PTW] 🔁 Switched page size to 4 KB at cycle 652000000
Heartbeat CPU 0 instructions: 270000003 cycles: 652441126 heartbeat IPC: 0.107892 cumulative IPC: 0.116552 (Simulation time: 6 hr 23 min 50 sec) 
[PTW] 🔁 Switched page size to 2048 KB at cycle 652500000
[PTW] 🔁 Switched page size to 4 KB at cycle 653000000
[PTW] 🔁 Switched page size to 2048 KB at cycle 653500000
[PTW] 🔁 Switched page size to 4 KB at cycle 654000000
[PTW] 🔁 Switched page size to 2048 KB at cycle 654500000
[PTW] 🔁 Switched page size to 4 KB at cycle 655000000
[PTW] 🔁 Switched page size to 2048 KB at cycle 655500000
[PTW] 🔁 Switched page size to 4 KB at cycle 656000000
[PTW] 🔁 Switched page size to 2048 KB at cycle 656500000
[PTW] 🔁 Switched page size to 4 KB at cycle 657000000
[PTW] 🔁 Switched page size to 2048 KB at cycle 657500000
[PTW] 🔁 Switched page size to 4 KB at cycle 658000000
[PTW] 🔁 Switched page size to 2048 KB at cycle 658500000
[PTW] 🔁 Switched page size to 4 KB at cycle 659000000
[PTW] 🔁 Switched page size to 2048 KB at cycle 659500000
[PTW] 🔁 Switched page size to 4 KB at cycle 660000000
[PTW] 🔁 Switched page size to 2048 KB at cycle 660500000
[PTW] 🔁 Switched page size to 4 KB at cycle 661000000
[PTW] 🔁 Switched page size to 2048 KB at cycle 661500000
[PTW] 🔁 Switched page size to 4 KB at cycle 662000000
[PTW] 🔁 Switched page size to 2048 KB at cycle 662500000
[PTW] 🔁 Switched page size to 4 KB at cycle 663000000
[PTW] 🔁 Switched page size to 2048 KB at cycle 663500000
[PTW] 🔁 Switched page size to 4 KB at cycle 664000000
[PTW] 🔁 Switched page size to 2048 KB at cycle 664500000
[PTW] 🔁 Switched page size to 4 KB at cycle 665000000
[PTW] 🔁 Switched page size to 2048 KB at cycle 665500000
[PTW] 🔁 Switched page size to 4 KB at cycle 666000000
[PTW] 🔁 Switched page size to 2048 KB at cycle 666500000
[PTW] 🔁 Switched page size to 4 KB at cycle 667000000
[PTW] 🔁 Switched page size to 2048 KB at cycle 667500000
[PTW] 🔁 Switched page size to 4 KB at cycle 668000000
[PTW] 🔁 Switched page size to 2048 KB at cycle 668500000
[PTW] 🔁 Switched page size to 4 KB at cycle 669000000
[PTW] 🔁 Switched page size to 2048 KB at cycle 669500000
[PTW] 🔁 Switched page size to 4 KB at cycle 670000000
[PTW] 🔁 Switched page size to 2048 KB at cycle 670500000
[PTW] 🔁 Switched page size to 4 KB at cycle 671000000
[PTW] 🔁 Switched page size to 2048 KB at cycle 671500000
[PTW] 🔁 Switched page size to 4 KB at cycle 672000000
[PTW] 🔁 Switched page size to 2048 KB at cycle 672500000
[PTW] 🔁 Switched page size to 4 KB at cycle 673000000
[PTW] 🔁 Switched page size to 2048 KB at cycle 673500000
[PTW] 🔁 Switched page size to 4 KB at cycle 674000000
[PTW] 🔁 Switched page size to 2048 KB at cycle 674500000
[PTW] 🔁 Switched page size to 4 KB at cycle 675000000
[PTW] 🔁 Switched page size to 2048 KB at cycle 675500000
[PTW] 🔁 Switched page size to 4 KB at cycle 676000000
[PTW] 🔁 Switched page size to 2048 KB at cycle 676500000
[PTW] 🔁 Switched page size to 4 KB at cycle 677000000
[PTW] 🔁 Switched page size to 2048 KB at cycle 677500000
[PTW] 🔁 Switched page size to 4 KB at cycle 678000000
[PTW] 🔁 Switched page size to 2048 KB at cycle 678500000
[PTW] 🔁 Switched page size to 4 KB at cycle 679000000
[PTW] 🔁 Switched page size to 2048 KB at cycle 679500000
[PTW] 🔁 Switched page size to 4 KB at cycle 680000000
[PTW] 🔁 Switched page size to 2048 KB at cycle 680500000
[PTW] 🔁 Switched page size to 4 KB at cycle 681000000
[PTW] 🔁 Switched page size to 2048 KB at cycle 681500000
[PTW] 🔁 Switched page size to 4 KB at cycle 682000000
[PTW] 🔁 Switched page size to 2048 KB at cycle 682500000
[PTW] 🔁 Switched page size to 4 KB at cycle 683000000
[PTW] 🔁 Switched page size to 2048 KB at cycle 683500000
[PTW] 🔁 Switched page size to 4 KB at cycle 684000000
[PTW] 🔁 Switched page size to 2048 KB at cycle 684500000
[PTW] 🔁 Switched page size to 4 KB at cycle 685000000
[PTW] 🔁 Switched page size to 2048 KB at cycle 685500000
[PTW] 🔁 Switched page size to 4 KB at cycle 686000000
[PTW] 🔁 Switched page size to 2048 KB at cycle 686500000
[PTW] 🔁 Switched page size to 4 KB at cycle 687000000
[PTW] 🔁 Switched page size to 2048 KB at cycle 687500000
[PTW] 🔁 Switched page size to 4 KB at cycle 688000000
[PTW] 🔁 Switched page size to 2048 KB at cycle 688500000
[PTW] 🔁 Switched page size to 4 KB at cycle 689000000
[PTW] 🔁 Switched page size to 2048 KB at cycle 689500000
[PTW] 🔁 Switched page size to 4 KB at cycle 690000000
[PTW] 🔁 Switched page size to 2048 KB at cycle 690500000
[PTW] 🔁 Switched page size to 4 KB at cycle 691000000
[PTW] 🔁 Switched page size to 2048 KB at cycle 691500000
[PTW] 🔁 Switched page size to 4 KB at cycle 692000000
[PTW] 🔁 Switched page size to 2048 KB at cycle 692500000
[PTW] 🔁 Switched page size to 4 KB at cycle 693000000
[PTW] 🔁 Switched page size to 2048 KB at cycle 693500000
[PTW] 🔁 Switched page size to 4 KB at cycle 694000000
[PTW] 🔁 Switched page size to 2048 KB at cycle 694500000
[PTW] 🔁 Switched page size to 4 KB at cycle 695000000
[PTW] 🔁 Switched page size to 2048 KB at cycle 695500000
[PTW] 🔁 Switched page size to 4 KB at cycle 696000000
[PTW] 🔁 Switched page size to 2048 KB at cycle 696500000
[PTW] 🔁 Switched page size to 4 KB at cycle 697000000
[PTW] 🔁 Switched page size to 2048 KB at cycle 697500000
[PTW] 🔁 Switched page size to 4 KB at cycle 698000000
[PTW] 🔁 Switched page size to 2048 KB at cycle 698500000
[PTW] 🔁 Switched page size to 4 KB at cycle 699000000
[PTW] 🔁 Switched page size to 2048 KB at cycle 699500000
[PTW] 🔁 Switched page size to 4 KB at cycle 700000000
[PTW] 🔁 Switched page size to 2048 KB at cycle 700500000
[PTW] 🔁 Switched page size to 4 KB at cycle 701000000
[PTW] 🔁 Switched page size to 2048 KB at cycle 701500000
[PTW] 🔁 Switched page size to 4 KB at cycle 702000000
[PTW] 🔁 Switched page size to 2048 KB at cycle 702500000
[PTW] 🔁 Switched page size to 4 KB at cycle 703000000
[PTW] 🔁 Switched page size to 2048 KB at cycle 703500000
[PTW] 🔁 Switched page size to 4 KB at cycle 704000000
[PTW] 🔁 Switched page size to 2048 KB at cycle 704500000
[PTW] 🔁 Switched page size to 4 KB at cycle 705000000
[PTW] 🔁 Switched page size to 2048 KB at cycle 705500000
[PTW] 🔁 Switched page size to 4 KB at cycle 706000000
[PTW] 🔁 Switched page size to 2048 KB at cycle 706500000
[PTW] 🔁 Switched page size to 4 KB at cycle 707000000
[PTW] 🔁 Switched page size to 2048 KB at cycle 707500000
[PTW] 🔁 Switched page size to 4 KB at cycle 708000000
[PTW] 🔁 Switched page size to 2048 KB at cycle 708500000
[PTW] 🔁 Switched page size to 4 KB at cycle 709000000
[PTW] 🔁 Switched page size to 2048 KB at cycle 709500000
[PTW] 🔁 Switched page size to 4 KB at cycle 710000000
[PTW] 🔁 Switched page size to 2048 KB at cycle 710500000
[PTW] 🔁 Switched page size to 4 KB at cycle 711000000
[PTW] 🔁 Switched page size to 2048 KB at cycle 711500000
[PTW] 🔁 Switched page size to 4 KB at cycle 712000000
[PTW] 🔁 Switched page size to 2048 KB at cycle 712500000
[PTW] 🔁 Switched page size to 4 KB at cycle 713000000
[PTW] 🔁 Switched page size to 2048 KB at cycle 713500000
[PTW] 🔁 Switched page size to 4 KB at cycle 714000000
[PTW] 🔁 Switched page size to 2048 KB at cycle 714500000
[PTW] 🔁 Switched page size to 4 KB at cycle 715000000
[PTW] 🔁 Switched page size to 2048 KB at cycle 715500000
[PTW] 🔁 Switched page size to 4 KB at cycle 716000000
[PTW] 🔁 Switched page size to 2048 KB at cycle 716500000
[PTW] 🔁 Switched page size to 4 KB at cycle 717000000
[PTW] 🔁 Switched page size to 2048 KB at cycle 717500000
[PTW] 🔁 Switched page size to 4 KB at cycle 718000000
[PTW] 🔁 Switched page size to 2048 KB at cycle 718500000
[PTW] 🔁 Switched page size to 4 KB at cycle 719000000
[PTW] 🔁 Switched page size to 2048 KB at cycle 719500000
[PTW] 🔁 Switched page size to 4 KB at cycle 720000000
[PTW] 🔁 Switched page size to 2048 KB at cycle 720500000
[PTW] 🔁 Switched page size to 4 KB at cycle 721000000
[PTW] 🔁 Switched page size to 2048 KB at cycle 721500000
[PTW] 🔁 Switched page size to 4 KB at cycle 722000000
[PTW] 🔁 Switched page size to 2048 KB at cycle 722500000
[PTW] 🔁 Switched page size to 4 KB at cycle 723000000
[PTW] 🔁 Switched page size to 2048 KB at cycle 723500000
[PTW] 🔁 Switched page size to 4 KB at cycle 724000000
[PTW] 🔁 Switched page size to 2048 KB at cycle 724500000
[PTW] 🔁 Switched page size to 4 KB at cycle 725000000
[PTW] 🔁 Switched page size to 2048 KB at cycle 725500000
[PTW] 🔁 Switched page size to 4 KB at cycle 726000000
[PTW] 🔁 Switched page size to 2048 KB at cycle 726500000
[PTW] 🔁 Switched page size to 4 KB at cycle 727000000
[PTW] 🔁 Switched page size to 2048 KB at cycle 727500000
[PTW] 🔁 Switched page size to 4 KB at cycle 728000000
[PTW] 🔁 Switched page size to 2048 KB at cycle 728500000
[PTW] 🔁 Switched page size to 4 KB at cycle 729000000
[PTW] 🔁 Switched page size to 2048 KB at cycle 729500000
[PTW] 🔁 Switched page size to 4 KB at cycle 730000000
[PTW] 🔁 Switched page size to 2048 KB at cycle 730500000
[PTW] 🔁 Switched page size to 4 KB at cycle 731000000
Heartbeat CPU 0 instructions: 280000000 cycles: 731418551 heartbeat IPC: 0.126619 cumulative IPC: 0.117722 (Simulation time: 6 hr 33 min 53 sec) 
[PTW] 🔁 Switched page size to 2048 KB at cycle 731500000
[PTW] 🔁 Switched page size to 4 KB at cycle 732000000
[PTW] 🔁 Switched page size to 2048 KB at cycle 732500000
[PTW] 🔁 Switched page size to 4 KB at cycle 733000000
[PTW] 🔁 Switched page size to 2048 KB at cycle 733500000
[PTW] 🔁 Switched page size to 4 KB at cycle 734000000
[PTW] 🔁 Switched page size to 2048 KB at cycle 734500000
[PTW] 🔁 Switched page size to 4 KB at cycle 735000000
[PTW] 🔁 Switched page size to 2048 KB at cycle 735500000
[PTW] 🔁 Switched page size to 4 KB at cycle 736000000
[PTW] 🔁 Switched page size to 2048 KB at cycle 736500000
[PTW] 🔁 Switched page size to 4 KB at cycle 737000000
[PTW] 🔁 Switched page size to 2048 KB at cycle 737500000
[PTW] 🔁 Switched page size to 4 KB at cycle 738000000
[PTW] 🔁 Switched page size to 2048 KB at cycle 738500000
[PTW] 🔁 Switched page size to 4 KB at cycle 739000000
[PTW] 🔁 Switched page size to 2048 KB at cycle 739500000
[PTW] 🔁 Switched page size to 4 KB at cycle 740000000
[PTW] 🔁 Switched page size to 2048 KB at cycle 740500000
[PTW] 🔁 Switched page size to 4 KB at cycle 741000000
[PTW] 🔁 Switched page size to 2048 KB at cycle 741500000
[PTW] 🔁 Switched page size to 4 KB at cycle 742000000
[PTW] 🔁 Switched page size to 2048 KB at cycle 742500000
[PTW] 🔁 Switched page size to 4 KB at cycle 743000000
[PTW] 🔁 Switched page size to 2048 KB at cycle 743500000
[PTW] 🔁 Switched page size to 4 KB at cycle 744000000
[PTW] 🔁 Switched page size to 2048 KB at cycle 744500000
[PTW] 🔁 Switched page size to 4 KB at cycle 745000000
[PTW] 🔁 Switched page size to 2048 KB at cycle 745500000
[PTW] 🔁 Switched page size to 4 KB at cycle 746000000
[PTW] 🔁 Switched page size to 2048 KB at cycle 746500000
[PTW] 🔁 Switched page size to 4 KB at cycle 747000000
[PTW] 🔁 Switched page size to 2048 KB at cycle 747500000
[PTW] 🔁 Switched page size to 4 KB at cycle 748000000
[PTW] 🔁 Switched page size to 2048 KB at cycle 748500000
[PTW] 🔁 Switched page size to 4 KB at cycle 749000000
[PTW] 🔁 Switched page size to 2048 KB at cycle 749500000
[PTW] 🔁 Switched page size to 4 KB at cycle 750000000
[PTW] 🔁 Switched page size to 2048 KB at cycle 750500000
[PTW] 🔁 Switched page size to 4 KB at cycle 751000000
[PTW] 🔁 Switched page size to 2048 KB at cycle 751500000
[PTW] 🔁 Switched page size to 4 KB at cycle 752000000
[PTW] 🔁 Switched page size to 2048 KB at cycle 752500000
[PTW] 🔁 Switched page size to 4 KB at cycle 753000000
[PTW] 🔁 Switched page size to 2048 KB at cycle 753500000
[PTW] 🔁 Switched page size to 4 KB at cycle 754000000
[PTW] 🔁 Switched page size to 2048 KB at cycle 754500000
[PTW] 🔁 Switched page size to 4 KB at cycle 755000000
[PTW] 🔁 Switched page size to 2048 KB at cycle 755500000
[PTW] 🔁 Switched page size to 4 KB at cycle 756000000
[PTW] 🔁 Switched page size to 2048 KB at cycle 756500000
[PTW] 🔁 Switched page size to 4 KB at cycle 757000000
[PTW] 🔁 Switched page size to 2048 KB at cycle 757500000
[PTW] 🔁 Switched page size to 4 KB at cycle 758000000
[PTW] 🔁 Switched page size to 2048 KB at cycle 758500000
[PTW] 🔁 Switched page size to 4 KB at cycle 759000000
[PTW] 🔁 Switched page size to 2048 KB at cycle 759500000
[PTW] 🔁 Switched page size to 4 KB at cycle 760000000
[PTW] 🔁 Switched page size to 2048 KB at cycle 760500000
[PTW] 🔁 Switched page size to 4 KB at cycle 761000000
[PTW] 🔁 Switched page size to 2048 KB at cycle 761500000
[PTW] 🔁 Switched page size to 4 KB at cycle 762000000
[PTW] 🔁 Switched page size to 2048 KB at cycle 762500000
[PTW] 🔁 Switched page size to 4 KB at cycle 763000000
[PTW] 🔁 Switched page size to 2048 KB at cycle 763500000
[PTW] 🔁 Switched page size to 4 KB at cycle 764000000
[PTW] 🔁 Switched page size to 2048 KB at cycle 764500000
[PTW] 🔁 Switched page size to 4 KB at cycle 765000000
[PTW] 🔁 Switched page size to 2048 KB at cycle 765500000
[PTW] 🔁 Switched page size to 4 KB at cycle 766000000
[PTW] 🔁 Switched page size to 2048 KB at cycle 766500000
[PTW] 🔁 Switched page size to 4 KB at cycle 767000000
[PTW] 🔁 Switched page size to 2048 KB at cycle 767500000
[PTW] 🔁 Switched page size to 4 KB at cycle 768000000
[PTW] 🔁 Switched page size to 2048 KB at cycle 768500000
[PTW] 🔁 Switched page size to 4 KB at cycle 769000000
[PTW] 🔁 Switched page size to 2048 KB at cycle 769500000
[PTW] 🔁 Switched page size to 4 KB at cycle 770000000
[PTW] 🔁 Switched page size to 2048 KB at cycle 770500000
[PTW] 🔁 Switched page size to 4 KB at cycle 771000000
[PTW] 🔁 Switched page size to 2048 KB at cycle 771500000
[PTW] 🔁 Switched page size to 4 KB at cycle 772000000
[PTW] 🔁 Switched page size to 2048 KB at cycle 772500000
[PTW] 🔁 Switched page size to 4 KB at cycle 773000000
[PTW] 🔁 Switched page size to 2048 KB at cycle 773500000
[PTW] 🔁 Switched page size to 4 KB at cycle 774000000
[PTW] 🔁 Switched page size to 2048 KB at cycle 774500000
[PTW] 🔁 Switched page size to 4 KB at cycle 775000000
[PTW] 🔁 Switched page size to 2048 KB at cycle 775500000
[PTW] 🔁 Switched page size to 4 KB at cycle 776000000
[PTW] 🔁 Switched page size to 2048 KB at cycle 776500000
[PTW] 🔁 Switched page size to 4 KB at cycle 777000000
[PTW] 🔁 Switched page size to 2048 KB at cycle 777500000
[PTW] 🔁 Switched page size to 4 KB at cycle 778000000
[PTW] 🔁 Switched page size to 2048 KB at cycle 778500000
[PTW] 🔁 Switched page size to 4 KB at cycle 779000000
[PTW] 🔁 Switched page size to 2048 KB at cycle 779500000
[PTW] 🔁 Switched page size to 4 KB at cycle 780000000
[PTW] 🔁 Switched page size to 2048 KB at cycle 780500000
[PTW] 🔁 Switched page size to 4 KB at cycle 781000000
[PTW] 🔁 Switched page size to 2048 KB at cycle 781500000
[PTW] 🔁 Switched page size to 4 KB at cycle 782000000
[PTW] 🔁 Switched page size to 2048 KB at cycle 782500000
[PTW] 🔁 Switched page size to 4 KB at cycle 783000000
[PTW] 🔁 Switched page size to 2048 KB at cycle 783500000
[PTW] 🔁 Switched page size to 4 KB at cycle 784000000
[PTW] 🔁 Switched page size to 2048 KB at cycle 784500000
[PTW] 🔁 Switched page size to 4 KB at cycle 785000000
[PTW] 🔁 Switched page size to 2048 KB at cycle 785500000
[PTW] 🔁 Switched page size to 4 KB at cycle 786000000
[PTW] 🔁 Switched page size to 2048 KB at cycle 786500000
[PTW] 🔁 Switched page size to 4 KB at cycle 787000000
[PTW] 🔁 Switched page size to 2048 KB at cycle 787500000
[PTW] 🔁 Switched page size to 4 KB at cycle 788000000
[PTW] 🔁 Switched page size to 2048 KB at cycle 788500000
[PTW] 🔁 Switched page size to 4 KB at cycle 789000000
[PTW] 🔁 Switched page size to 2048 KB at cycle 789500000
[PTW] 🔁 Switched page size to 4 KB at cycle 790000000
[PTW] 🔁 Switched page size to 2048 KB at cycle 790500000
[PTW] 🔁 Switched page size to 4 KB at cycle 791000000
[PTW] 🔁 Switched page size to 2048 KB at cycle 791500000
[PTW] 🔁 Switched page size to 4 KB at cycle 792000000
[PTW] 🔁 Switched page size to 2048 KB at cycle 792500000
[PTW] 🔁 Switched page size to 4 KB at cycle 793000000
[PTW] 🔁 Switched page size to 2048 KB at cycle 793500000
[PTW] 🔁 Switched page size to 4 KB at cycle 794000000
[PTW] 🔁 Switched page size to 2048 KB at cycle 794500000
[PTW] 🔁 Switched page size to 4 KB at cycle 795000000
[PTW] 🔁 Switched page size to 2048 KB at cycle 795500000
[PTW] 🔁 Switched page size to 4 KB at cycle 796000000
[PTW] 🔁 Switched page size to 2048 KB at cycle 796500000
[PTW] 🔁 Switched page size to 4 KB at cycle 797000000
[PTW] 🔁 Switched page size to 2048 KB at cycle 797500000
[PTW] 🔁 Switched page size to 4 KB at cycle 798000000
[PTW] 🔁 Switched page size to 2048 KB at cycle 798500000
[PTW] 🔁 Switched page size to 4 KB at cycle 799000000
[PTW] 🔁 Switched page size to 2048 KB at cycle 799500000
[PTW] 🔁 Switched page size to 4 KB at cycle 800000000
[PTW] 🔁 Switched page size to 2048 KB at cycle 800500000
[PTW] 🔁 Switched page size to 4 KB at cycle 801000000
[PTW] 🔁 Switched page size to 2048 KB at cycle 801500000
[PTW] 🔁 Switched page size to 4 KB at cycle 802000000
[PTW] 🔁 Switched page size to 2048 KB at cycle 802500000
[PTW] 🔁 Switched page size to 4 KB at cycle 803000000
[PTW] 🔁 Switched page size to 2048 KB at cycle 803500000
[PTW] 🔁 Switched page size to 4 KB at cycle 804000000
[PTW] 🔁 Switched page size to 2048 KB at cycle 804500000
[PTW] 🔁 Switched page size to 4 KB at cycle 805000000
[PTW] 🔁 Switched page size to 2048 KB at cycle 805500000
[PTW] 🔁 Switched page size to 4 KB at cycle 806000000
[PTW] 🔁 Switched page size to 2048 KB at cycle 806500000
[PTW] 🔁 Switched page size to 4 KB at cycle 807000000
[PTW] 🔁 Switched page size to 2048 KB at cycle 807500000
[PTW] 🔁 Switched page size to 4 KB at cycle 808000000
[PTW] 🔁 Switched page size to 2048 KB at cycle 808500000
[PTW] 🔁 Switched page size to 4 KB at cycle 809000000
[PTW] 🔁 Switched page size to 2048 KB at cycle 809500000
[PTW] 🔁 Switched page size to 4 KB at cycle 810000000
[PTW] 🔁 Switched page size to 2048 KB at cycle 810500000
[PTW] 🔁 Switched page size to 4 KB at cycle 811000000
[PTW] 🔁 Switched page size to 2048 KB at cycle 811500000
[PTW] 🔁 Switched page size to 4 KB at cycle 812000000
[PTW] 🔁 Switched page size to 2048 KB at cycle 812500000
[PTW] 🔁 Switched page size to 4 KB at cycle 813000000
[PTW] 🔁 Switched page size to 2048 KB at cycle 813500000
[PTW] 🔁 Switched page size to 4 KB at cycle 814000000
[PTW] 🔁 Switched page size to 2048 KB at cycle 814500000
[PTW] 🔁 Switched page size to 4 KB at cycle 815000000
[PTW] 🔁 Switched page size to 2048 KB at cycle 815500000
[PTW] 🔁 Switched page size to 4 KB at cycle 816000000
[PTW] 🔁 Switched page size to 2048 KB at cycle 816500000
[PTW] 🔁 Switched page size to 4 KB at cycle 817000000
[PTW] 🔁 Switched page size to 2048 KB at cycle 817500000
[PTW] 🔁 Switched page size to 4 KB at cycle 818000000
[PTW] 🔁 Switched page size to 2048 KB at cycle 818500000
Heartbeat CPU 0 instructions: 290000000 cycles: 818899198 heartbeat IPC: 0.114311 cumulative IPC: 0.117333 (Simulation time: 6 hr 44 min 0 sec) 
[PTW] 🔁 Switched page size to 4 KB at cycle 819000000
[PTW] 🔁 Switched page size to 2048 KB at cycle 819500000
[PTW] 🔁 Switched page size to 4 KB at cycle 820000000
[PTW] 🔁 Switched page size to 2048 KB at cycle 820500000
[PTW] 🔁 Switched page size to 4 KB at cycle 821000000
[PTW] 🔁 Switched page size to 2048 KB at cycle 821500000
[PTW] 🔁 Switched page size to 4 KB at cycle 822000000
[PTW] 🔁 Switched page size to 2048 KB at cycle 822500000
[PTW] 🔁 Switched page size to 4 KB at cycle 823000000
[PTW] 🔁 Switched page size to 2048 KB at cycle 823500000
[PTW] 🔁 Switched page size to 4 KB at cycle 824000000
[PTW] 🔁 Switched page size to 2048 KB at cycle 824500000
[PTW] 🔁 Switched page size to 4 KB at cycle 825000000
[PTW] 🔁 Switched page size to 2048 KB at cycle 825500000
[PTW] 🔁 Switched page size to 4 KB at cycle 826000000
[PTW] 🔁 Switched page size to 2048 KB at cycle 826500000
[PTW] 🔁 Switched page size to 4 KB at cycle 827000000
[PTW] 🔁 Switched page size to 2048 KB at cycle 827500000
[PTW] 🔁 Switched page size to 4 KB at cycle 828000000
[PTW] 🔁 Switched page size to 2048 KB at cycle 828500000
[PTW] 🔁 Switched page size to 4 KB at cycle 829000000
[PTW] 🔁 Switched page size to 2048 KB at cycle 829500000
[PTW] 🔁 Switched page size to 4 KB at cycle 830000000
[PTW] 🔁 Switched page size to 2048 KB at cycle 830500000
[PTW] 🔁 Switched page size to 4 KB at cycle 831000000
[PTW] 🔁 Switched page size to 2048 KB at cycle 831500000
[PTW] 🔁 Switched page size to 4 KB at cycle 832000000
[PTW] 🔁 Switched page size to 2048 KB at cycle 832500000
[PTW] 🔁 Switched page size to 4 KB at cycle 833000000
[PTW] 🔁 Switched page size to 2048 KB at cycle 833500000
[PTW] 🔁 Switched page size to 4 KB at cycle 834000000
[PTW] 🔁 Switched page size to 2048 KB at cycle 834500000
[PTW] 🔁 Switched page size to 4 KB at cycle 835000000
[PTW] 🔁 Switched page size to 2048 KB at cycle 835500000
[PTW] 🔁 Switched page size to 4 KB at cycle 836000000
[PTW] 🔁 Switched page size to 2048 KB at cycle 836500000
[PTW] 🔁 Switched page size to 4 KB at cycle 837000000
[PTW] 🔁 Switched page size to 2048 KB at cycle 837500000
[PTW] 🔁 Switched page size to 4 KB at cycle 838000000
[PTW] 🔁 Switched page size to 2048 KB at cycle 838500000
[PTW] 🔁 Switched page size to 4 KB at cycle 839000000
[PTW] 🔁 Switched page size to 2048 KB at cycle 839500000
[PTW] 🔁 Switched page size to 4 KB at cycle 840000000
[PTW] 🔁 Switched page size to 2048 KB at cycle 840500000
[PTW] 🔁 Switched page size to 4 KB at cycle 841000000
[PTW] 🔁 Switched page size to 2048 KB at cycle 841500000
[PTW] 🔁 Switched page size to 4 KB at cycle 842000000
[PTW] 🔁 Switched page size to 2048 KB at cycle 842500000
[PTW] 🔁 Switched page size to 4 KB at cycle 843000000
[PTW] 🔁 Switched page size to 2048 KB at cycle 843500000
[PTW] 🔁 Switched page size to 4 KB at cycle 844000000
[PTW] 🔁 Switched page size to 2048 KB at cycle 844500000
[PTW] 🔁 Switched page size to 4 KB at cycle 845000000
[PTW] 🔁 Switched page size to 2048 KB at cycle 845500000
[PTW] 🔁 Switched page size to 4 KB at cycle 846000000
[PTW] 🔁 Switched page size to 2048 KB at cycle 846500000
[PTW] 🔁 Switched page size to 4 KB at cycle 847000000
[PTW] 🔁 Switched page size to 2048 KB at cycle 847500000
[PTW] 🔁 Switched page size to 4 KB at cycle 848000000
[PTW] 🔁 Switched page size to 2048 KB at cycle 848500000
[PTW] 🔁 Switched page size to 4 KB at cycle 849000000
[PTW] 🔁 Switched page size to 2048 KB at cycle 849500000
[PTW] 🔁 Switched page size to 4 KB at cycle 850000000
[PTW] 🔁 Switched page size to 2048 KB at cycle 850500000
[PTW] 🔁 Switched page size to 4 KB at cycle 851000000
[PTW] 🔁 Switched page size to 2048 KB at cycle 851500000
[PTW] 🔁 Switched page size to 4 KB at cycle 852000000
[PTW] 🔁 Switched page size to 2048 KB at cycle 852500000
[PTW] 🔁 Switched page size to 4 KB at cycle 853000000
[PTW] 🔁 Switched page size to 2048 KB at cycle 853500000
[PTW] 🔁 Switched page size to 4 KB at cycle 854000000
[PTW] 🔁 Switched page size to 2048 KB at cycle 854500000
[PTW] 🔁 Switched page size to 4 KB at cycle 855000000
[PTW] 🔁 Switched page size to 2048 KB at cycle 855500000
[PTW] 🔁 Switched page size to 4 KB at cycle 856000000
[PTW] 🔁 Switched page size to 2048 KB at cycle 856500000
[PTW] 🔁 Switched page size to 4 KB at cycle 857000000
[PTW] 🔁 Switched page size to 2048 KB at cycle 857500000
[PTW] 🔁 Switched page size to 4 KB at cycle 858000000
[PTW] 🔁 Switched page size to 2048 KB at cycle 858500000
[PTW] 🔁 Switched page size to 4 KB at cycle 859000000
[PTW] 🔁 Switched page size to 2048 KB at cycle 859500000
[PTW] 🔁 Switched page size to 4 KB at cycle 860000000
[PTW] 🔁 Switched page size to 2048 KB at cycle 860500000
[PTW] 🔁 Switched page size to 4 KB at cycle 861000000
[PTW] 🔁 Switched page size to 2048 KB at cycle 861500000
[PTW] 🔁 Switched page size to 4 KB at cycle 862000000
[PTW] 🔁 Switched page size to 2048 KB at cycle 862500000
[PTW] 🔁 Switched page size to 4 KB at cycle 863000000
[PTW] 🔁 Switched page size to 2048 KB at cycle 863500000
[PTW] 🔁 Switched page size to 4 KB at cycle 864000000
[PTW] 🔁 Switched page size to 2048 KB at cycle 864500000
[PTW] 🔁 Switched page size to 4 KB at cycle 865000000
[PTW] 🔁 Switched page size to 2048 KB at cycle 865500000
[PTW] 🔁 Switched page size to 4 KB at cycle 866000000
[PTW] 🔁 Switched page size to 2048 KB at cycle 866500000
[PTW] 🔁 Switched page size to 4 KB at cycle 867000000
[PTW] 🔁 Switched page size to 2048 KB at cycle 867500000
[PTW] 🔁 Switched page size to 4 KB at cycle 868000000
[PTW] 🔁 Switched page size to 2048 KB at cycle 868500000
[PTW] 🔁 Switched page size to 4 KB at cycle 869000000
[PTW] 🔁 Switched page size to 2048 KB at cycle 869500000
[PTW] 🔁 Switched page size to 4 KB at cycle 870000000
[PTW] 🔁 Switched page size to 2048 KB at cycle 870500000
[PTW] 🔁 Switched page size to 4 KB at cycle 871000000
[PTW] 🔁 Switched page size to 2048 KB at cycle 871500000
[PTW] 🔁 Switched page size to 4 KB at cycle 872000000
[PTW] 🔁 Switched page size to 2048 KB at cycle 872500000
[PTW] 🔁 Switched page size to 4 KB at cycle 873000000
[PTW] 🔁 Switched page size to 2048 KB at cycle 873500000
[PTW] 🔁 Switched page size to 4 KB at cycle 874000000
[PTW] 🔁 Switched page size to 2048 KB at cycle 874500000
[PTW] 🔁 Switched page size to 4 KB at cycle 875000000
[PTW] 🔁 Switched page size to 2048 KB at cycle 875500000
[PTW] 🔁 Switched page size to 4 KB at cycle 876000000
[PTW] 🔁 Switched page size to 2048 KB at cycle 876500000
[PTW] 🔁 Switched page size to 4 KB at cycle 877000000
[PTW] 🔁 Switched page size to 2048 KB at cycle 877500000
[PTW] 🔁 Switched page size to 4 KB at cycle 878000000
[PTW] 🔁 Switched page size to 2048 KB at cycle 878500000
[PTW] 🔁 Switched page size to 4 KB at cycle 879000000
[PTW] 🔁 Switched page size to 2048 KB at cycle 879500000
[PTW] 🔁 Switched page size to 4 KB at cycle 880000000
[PTW] 🔁 Switched page size to 2048 KB at cycle 880500000
[PTW] 🔁 Switched page size to 4 KB at cycle 881000000
[PTW] 🔁 Switched page size to 2048 KB at cycle 881500000
[PTW] 🔁 Switched page size to 4 KB at cycle 882000000
[PTW] 🔁 Switched page size to 2048 KB at cycle 882500000
[PTW] 🔁 Switched page size to 4 KB at cycle 883000000
[PTW] 🔁 Switched page size to 2048 KB at cycle 883500000
[PTW] 🔁 Switched page size to 4 KB at cycle 884000000
[PTW] 🔁 Switched page size to 2048 KB at cycle 884500000
[PTW] 🔁 Switched page size to 4 KB at cycle 885000000
[PTW] 🔁 Switched page size to 2048 KB at cycle 885500000
[PTW] 🔁 Switched page size to 4 KB at cycle 886000000
[PTW] 🔁 Switched page size to 2048 KB at cycle 886500000
[PTW] 🔁 Switched page size to 4 KB at cycle 887000000
[PTW] 🔁 Switched page size to 2048 KB at cycle 887500000
[PTW] 🔁 Switched page size to 4 KB at cycle 888000000
[PTW] 🔁 Switched page size to 2048 KB at cycle 888500000
[PTW] 🔁 Switched page size to 4 KB at cycle 889000000
[PTW] 🔁 Switched page size to 2048 KB at cycle 889500000
[PTW] 🔁 Switched page size to 4 KB at cycle 890000000
[PTW] 🔁 Switched page size to 2048 KB at cycle 890500000
[PTW] 🔁 Switched page size to 4 KB at cycle 891000000
[PTW] 🔁 Switched page size to 2048 KB at cycle 891500000
[PTW] 🔁 Switched page size to 4 KB at cycle 892000000
[PTW] 🔁 Switched page size to 2048 KB at cycle 892500000
[PTW] 🔁 Switched page size to 4 KB at cycle 893000000
[PTW] 🔁 Switched page size to 2048 KB at cycle 893500000
[PTW] 🔁 Switched page size to 4 KB at cycle 894000000
[PTW] 🔁 Switched page size to 2048 KB at cycle 894500000
[PTW] 🔁 Switched page size to 4 KB at cycle 895000000
[PTW] 🔁 Switched page size to 2048 KB at cycle 895500000
[PTW] 🔁 Switched page size to 4 KB at cycle 896000000
[PTW] 🔁 Switched page size to 2048 KB at cycle 896500000
[PTW] 🔁 Switched page size to 4 KB at cycle 897000000
[PTW] 🔁 Switched page size to 2048 KB at cycle 897500000
[PTW] 🔁 Switched page size to 4 KB at cycle 898000000
[PTW] 🔁 Switched page size to 2048 KB at cycle 898500000
[PTW] 🔁 Switched page size to 4 KB at cycle 899000000
Heartbeat CPU 0 instructions: 300000000 cycles: 899419856 heartbeat IPC: 0.124192 cumulative IPC: 0.117985 (Simulation time: 6 hr 52 min 43 sec) 
[PTW] 🔁 Switched page size to 2048 KB at cycle 899500000
[PTW] 🔁 Switched page size to 4 KB at cycle 900000000
[PTW] 🔁 Switched page size to 2048 KB at cycle 900500000
[PTW] 🔁 Switched page size to 4 KB at cycle 901000000
[PTW] 🔁 Switched page size to 2048 KB at cycle 901500000
[PTW] 🔁 Switched page size to 4 KB at cycle 902000000
[PTW] 🔁 Switched page size to 2048 KB at cycle 902500000
[PTW] 🔁 Switched page size to 4 KB at cycle 903000000
[PTW] 🔁 Switched page size to 2048 KB at cycle 903500000
[PTW] 🔁 Switched page size to 4 KB at cycle 904000000
[PTW] 🔁 Switched page size to 2048 KB at cycle 904500000
[PTW] 🔁 Switched page size to 4 KB at cycle 905000000
[PTW] 🔁 Switched page size to 2048 KB at cycle 905500000
[PTW] 🔁 Switched page size to 4 KB at cycle 906000000
[PTW] 🔁 Switched page size to 2048 KB at cycle 906500000
[PTW] 🔁 Switched page size to 4 KB at cycle 907000000
[PTW] 🔁 Switched page size to 2048 KB at cycle 907500000
[PTW] 🔁 Switched page size to 4 KB at cycle 908000000
[PTW] 🔁 Switched page size to 2048 KB at cycle 908500000
[PTW] 🔁 Switched page size to 4 KB at cycle 909000000
[PTW] 🔁 Switched page size to 2048 KB at cycle 909500000
[PTW] 🔁 Switched page size to 4 KB at cycle 910000000
[PTW] 🔁 Switched page size to 2048 KB at cycle 910500000
[PTW] 🔁 Switched page size to 4 KB at cycle 911000000
[PTW] 🔁 Switched page size to 2048 KB at cycle 911500000
[PTW] 🔁 Switched page size to 4 KB at cycle 912000000
[PTW] 🔁 Switched page size to 2048 KB at cycle 912500000
[PTW] 🔁 Switched page size to 4 KB at cycle 913000000
[PTW] 🔁 Switched page size to 2048 KB at cycle 913500000
[PTW] 🔁 Switched page size to 4 KB at cycle 914000000
[PTW] 🔁 Switched page size to 2048 KB at cycle 914500000
[PTW] 🔁 Switched page size to 4 KB at cycle 915000000
[PTW] 🔁 Switched page size to 2048 KB at cycle 915500000
[PTW] 🔁 Switched page size to 4 KB at cycle 916000000
[PTW] 🔁 Switched page size to 2048 KB at cycle 916500000
[PTW] 🔁 Switched page size to 4 KB at cycle 917000000
[PTW] 🔁 Switched page size to 2048 KB at cycle 917500000
[PTW] 🔁 Switched page size to 4 KB at cycle 918000000
[PTW] 🔁 Switched page size to 2048 KB at cycle 918500000
[PTW] 🔁 Switched page size to 4 KB at cycle 919000000
[PTW] 🔁 Switched page size to 2048 KB at cycle 919500000
[PTW] 🔁 Switched page size to 4 KB at cycle 920000000
[PTW] 🔁 Switched page size to 2048 KB at cycle 920500000
[PTW] 🔁 Switched page size to 4 KB at cycle 921000000
[PTW] 🔁 Switched page size to 2048 KB at cycle 921500000
[PTW] 🔁 Switched page size to 4 KB at cycle 922000000
[PTW] 🔁 Switched page size to 2048 KB at cycle 922500000
[PTW] 🔁 Switched page size to 4 KB at cycle 923000000
[PTW] 🔁 Switched page size to 2048 KB at cycle 923500000
[PTW] 🔁 Switched page size to 4 KB at cycle 924000000
[PTW] 🔁 Switched page size to 2048 KB at cycle 924500000
[PTW] 🔁 Switched page size to 4 KB at cycle 925000000
[PTW] 🔁 Switched page size to 2048 KB at cycle 925500000
[PTW] 🔁 Switched page size to 4 KB at cycle 926000000
[PTW] 🔁 Switched page size to 2048 KB at cycle 926500000
[PTW] 🔁 Switched page size to 4 KB at cycle 927000000
[PTW] 🔁 Switched page size to 2048 KB at cycle 927500000
[PTW] 🔁 Switched page size to 4 KB at cycle 928000000
[PTW] 🔁 Switched page size to 2048 KB at cycle 928500000
[PTW] 🔁 Switched page size to 4 KB at cycle 929000000
[PTW] 🔁 Switched page size to 2048 KB at cycle 929500000
[PTW] 🔁 Switched page size to 4 KB at cycle 930000000
[PTW] 🔁 Switched page size to 2048 KB at cycle 930500000
[PTW] 🔁 Switched page size to 4 KB at cycle 931000000
[PTW] 🔁 Switched page size to 2048 KB at cycle 931500000
[PTW] 🔁 Switched page size to 4 KB at cycle 932000000
[PTW] 🔁 Switched page size to 2048 KB at cycle 932500000
[PTW] 🔁 Switched page size to 4 KB at cycle 933000000
[PTW] 🔁 Switched page size to 2048 KB at cycle 933500000
[PTW] 🔁 Switched page size to 4 KB at cycle 934000000
[PTW] 🔁 Switched page size to 2048 KB at cycle 934500000
[PTW] 🔁 Switched page size to 4 KB at cycle 935000000
[PTW] 🔁 Switched page size to 2048 KB at cycle 935500000
[PTW] 🔁 Switched page size to 4 KB at cycle 936000000
[PTW] 🔁 Switched page size to 2048 KB at cycle 936500000
[PTW] 🔁 Switched page size to 4 KB at cycle 937000000
[PTW] 🔁 Switched page size to 2048 KB at cycle 937500000
[PTW] 🔁 Switched page size to 4 KB at cycle 938000000
[PTW] 🔁 Switched page size to 2048 KB at cycle 938500000
[PTW] 🔁 Switched page size to 4 KB at cycle 939000000
[PTW] 🔁 Switched page size to 2048 KB at cycle 939500000
[PTW] 🔁 Switched page size to 4 KB at cycle 940000000
[PTW] 🔁 Switched page size to 2048 KB at cycle 940500000
[PTW] 🔁 Switched page size to 4 KB at cycle 941000000
[PTW] 🔁 Switched page size to 2048 KB at cycle 941500000
[PTW] 🔁 Switched page size to 4 KB at cycle 942000000
[PTW] 🔁 Switched page size to 2048 KB at cycle 942500000
[PTW] 🔁 Switched page size to 4 KB at cycle 943000000
[PTW] 🔁 Switched page size to 2048 KB at cycle 943500000
[PTW] 🔁 Switched page size to 4 KB at cycle 944000000
[PTW] 🔁 Switched page size to 2048 KB at cycle 944500000
[PTW] 🔁 Switched page size to 4 KB at cycle 945000000
[PTW] 🔁 Switched page size to 2048 KB at cycle 945500000
[PTW] 🔁 Switched page size to 4 KB at cycle 946000000
[PTW] 🔁 Switched page size to 2048 KB at cycle 946500000
[PTW] 🔁 Switched page size to 4 KB at cycle 947000000
[PTW] 🔁 Switched page size to 2048 KB at cycle 947500000
[PTW] 🔁 Switched page size to 4 KB at cycle 948000000
[PTW] 🔁 Switched page size to 2048 KB at cycle 948500000
[PTW] 🔁 Switched page size to 4 KB at cycle 949000000
[PTW] 🔁 Switched page size to 2048 KB at cycle 949500000
[PTW] 🔁 Switched page size to 4 KB at cycle 950000000
[PTW] 🔁 Switched page size to 2048 KB at cycle 950500000
[PTW] 🔁 Switched page size to 4 KB at cycle 951000000
[PTW] 🔁 Switched page size to 2048 KB at cycle 951500000
[PTW] 🔁 Switched page size to 4 KB at cycle 952000000
[PTW] 🔁 Switched page size to 2048 KB at cycle 952500000
[PTW] 🔁 Switched page size to 4 KB at cycle 953000000
[PTW] 🔁 Switched page size to 2048 KB at cycle 953500000
[PTW] 🔁 Switched page size to 4 KB at cycle 954000000
[PTW] 🔁 Switched page size to 2048 KB at cycle 954500000
[PTW] 🔁 Switched page size to 4 KB at cycle 955000000
[PTW] 🔁 Switched page size to 2048 KB at cycle 955500000
[PTW] 🔁 Switched page size to 4 KB at cycle 956000000
[PTW] 🔁 Switched page size to 2048 KB at cycle 956500000
[PTW] 🔁 Switched page size to 4 KB at cycle 957000000
[PTW] 🔁 Switched page size to 2048 KB at cycle 957500000
[PTW] 🔁 Switched page size to 4 KB at cycle 958000000
[PTW] 🔁 Switched page size to 2048 KB at cycle 958500000
[PTW] 🔁 Switched page size to 4 KB at cycle 959000000
[PTW] 🔁 Switched page size to 2048 KB at cycle 959500000
[PTW] 🔁 Switched page size to 4 KB at cycle 960000000
[PTW] 🔁 Switched page size to 2048 KB at cycle 960500000
[PTW] 🔁 Switched page size to 4 KB at cycle 961000000
[PTW] 🔁 Switched page size to 2048 KB at cycle 961500000
[PTW] 🔁 Switched page size to 4 KB at cycle 962000000
[PTW] 🔁 Switched page size to 2048 KB at cycle 962500000
[PTW] 🔁 Switched page size to 4 KB at cycle 963000000
[PTW] 🔁 Switched page size to 2048 KB at cycle 963500000
[PTW] 🔁 Switched page size to 4 KB at cycle 964000000
[PTW] 🔁 Switched page size to 2048 KB at cycle 964500000
[PTW] 🔁 Switched page size to 4 KB at cycle 965000000
[PTW] 🔁 Switched page size to 2048 KB at cycle 965500000
[PTW] 🔁 Switched page size to 4 KB at cycle 966000000
[PTW] 🔁 Switched page size to 2048 KB at cycle 966500000
[PTW] 🔁 Switched page size to 4 KB at cycle 967000000
[PTW] 🔁 Switched page size to 2048 KB at cycle 967500000
[PTW] 🔁 Switched page size to 4 KB at cycle 968000000
[PTW] 🔁 Switched page size to 2048 KB at cycle 968500000
[PTW] 🔁 Switched page size to 4 KB at cycle 969000000
[PTW] 🔁 Switched page size to 2048 KB at cycle 969500000
[PTW] 🔁 Switched page size to 4 KB at cycle 970000000
[PTW] 🔁 Switched page size to 2048 KB at cycle 970500000
[PTW] 🔁 Switched page size to 4 KB at cycle 971000000
[PTW] 🔁 Switched page size to 2048 KB at cycle 971500000
[PTW] 🔁 Switched page size to 4 KB at cycle 972000000
[PTW] 🔁 Switched page size to 2048 KB at cycle 972500000
[PTW] 🔁 Switched page size to 4 KB at cycle 973000000
[PTW] 🔁 Switched page size to 2048 KB at cycle 973500000
[PTW] 🔁 Switched page size to 4 KB at cycle 974000000
[PTW] 🔁 Switched page size to 2048 KB at cycle 974500000
[PTW] 🔁 Switched page size to 4 KB at cycle 975000000
[PTW] 🔁 Switched page size to 2048 KB at cycle 975500000
[PTW] 🔁 Switched page size to 4 KB at cycle 976000000
[PTW] 🔁 Switched page size to 2048 KB at cycle 976500000
[PTW] 🔁 Switched page size to 4 KB at cycle 977000000
[PTW] 🔁 Switched page size to 2048 KB at cycle 977500000
[PTW] 🔁 Switched page size to 4 KB at cycle 978000000
[PTW] 🔁 Switched page size to 2048 KB at cycle 978500000
[PTW] 🔁 Switched page size to 4 KB at cycle 979000000
[PTW] 🔁 Switched page size to 2048 KB at cycle 979500000
[PTW] 🔁 Switched page size to 4 KB at cycle 980000000
[PTW] 🔁 Switched page size to 2048 KB at cycle 980500000
[PTW] 🔁 Switched page size to 4 KB at cycle 981000000
[PTW] 🔁 Switched page size to 2048 KB at cycle 981500000
[PTW] 🔁 Switched page size to 4 KB at cycle 982000000
[PTW] 🔁 Switched page size to 2048 KB at cycle 982500000
[PTW] 🔁 Switched page size to 4 KB at cycle 983000000
[PTW] 🔁 Switched page size to 2048 KB at cycle 983500000
[PTW] 🔁 Switched page size to 4 KB at cycle 984000000
[PTW] 🔁 Switched page size to 2048 KB at cycle 984500000
[PTW] 🔁 Switched page size to 4 KB at cycle 985000000
Heartbeat CPU 0 instructions: 310000000 cycles: 985200209 heartbeat IPC: 0.116577 cumulative IPC: 0.117855 (Simulation time: 7 hr 1 min 39 sec) 
[PTW] 🔁 Switched page size to 2048 KB at cycle 985500000
[PTW] 🔁 Switched page size to 4 KB at cycle 986000000
[PTW] 🔁 Switched page size to 2048 KB at cycle 986500000
[PTW] 🔁 Switched page size to 4 KB at cycle 987000000
[PTW] 🔁 Switched page size to 2048 KB at cycle 987500000
[PTW] 🔁 Switched page size to 4 KB at cycle 988000000
[PTW] 🔁 Switched page size to 2048 KB at cycle 988500000
[PTW] 🔁 Switched page size to 4 KB at cycle 989000000
[PTW] 🔁 Switched page size to 2048 KB at cycle 989500000
[PTW] 🔁 Switched page size to 4 KB at cycle 990000000
[PTW] 🔁 Switched page size to 2048 KB at cycle 990500000
[PTW] 🔁 Switched page size to 4 KB at cycle 991000000
[PTW] 🔁 Switched page size to 2048 KB at cycle 991500000
[PTW] 🔁 Switched page size to 4 KB at cycle 992000000
[PTW] 🔁 Switched page size to 2048 KB at cycle 992500000
[PTW] 🔁 Switched page size to 4 KB at cycle 993000000
[PTW] 🔁 Switched page size to 2048 KB at cycle 993500000
[PTW] 🔁 Switched page size to 4 KB at cycle 994000000
[PTW] 🔁 Switched page size to 2048 KB at cycle 994500000
[PTW] 🔁 Switched page size to 4 KB at cycle 995000000
[PTW] 🔁 Switched page size to 2048 KB at cycle 995500000
[PTW] 🔁 Switched page size to 4 KB at cycle 996000000
[PTW] 🔁 Switched page size to 2048 KB at cycle 996500000
[PTW] 🔁 Switched page size to 4 KB at cycle 997000000
[PTW] 🔁 Switched page size to 2048 KB at cycle 997500000
[PTW] 🔁 Switched page size to 4 KB at cycle 998000000
[PTW] 🔁 Switched page size to 2048 KB at cycle 998500000
[PTW] 🔁 Switched page size to 4 KB at cycle 999000000
[PTW] 🔁 Switched page size to 2048 KB at cycle 999500000
[PTW] 🔁 Switched page size to 4 KB at cycle 1000000000
[PTW] 🔁 Switched page size to 2048 KB at cycle 1000500000
[PTW] 🔁 Switched page size to 4 KB at cycle 1001000000
[PTW] 🔁 Switched page size to 2048 KB at cycle 1001500000
[PTW] 🔁 Switched page size to 4 KB at cycle 1002000000
[PTW] 🔁 Switched page size to 2048 KB at cycle 1002500000
[PTW] 🔁 Switched page size to 4 KB at cycle 1003000000
[PTW] 🔁 Switched page size to 2048 KB at cycle 1003500000
[PTW] 🔁 Switched page size to 4 KB at cycle 1004000000
[PTW] 🔁 Switched page size to 2048 KB at cycle 1004500000
[PTW] 🔁 Switched page size to 4 KB at cycle 1005000000
[PTW] 🔁 Switched page size to 2048 KB at cycle 1005500000
[PTW] 🔁 Switched page size to 4 KB at cycle 1006000000
[PTW] 🔁 Switched page size to 2048 KB at cycle 1006500000
[PTW] 🔁 Switched page size to 4 KB at cycle 1007000000
[PTW] 🔁 Switched page size to 2048 KB at cycle 1007500000
[PTW] 🔁 Switched page size to 4 KB at cycle 1008000000
[PTW] 🔁 Switched page size to 2048 KB at cycle 1008500000
[PTW] 🔁 Switched page size to 4 KB at cycle 1009000000
[PTW] 🔁 Switched page size to 2048 KB at cycle 1009500000
[PTW] 🔁 Switched page size to 4 KB at cycle 1010000000
[PTW] 🔁 Switched page size to 2048 KB at cycle 1010500000
[PTW] 🔁 Switched page size to 4 KB at cycle 1011000000
[PTW] 🔁 Switched page size to 2048 KB at cycle 1011500000
[PTW] 🔁 Switched page size to 4 KB at cycle 1012000000
[PTW] 🔁 Switched page size to 2048 KB at cycle 1012500000
[PTW] 🔁 Switched page size to 4 KB at cycle 1013000000
[PTW] 🔁 Switched page size to 2048 KB at cycle 1013500000
[PTW] 🔁 Switched page size to 4 KB at cycle 1014000000
[PTW] 🔁 Switched page size to 2048 KB at cycle 1014500000
[PTW] 🔁 Switched page size to 4 KB at cycle 1015000000
[PTW] 🔁 Switched page size to 2048 KB at cycle 1015500000
[PTW] 🔁 Switched page size to 4 KB at cycle 1016000000
[PTW] 🔁 Switched page size to 2048 KB at cycle 1016500000
[PTW] 🔁 Switched page size to 4 KB at cycle 1017000000
[PTW] 🔁 Switched page size to 2048 KB at cycle 1017500000
[PTW] 🔁 Switched page size to 4 KB at cycle 1018000000
[PTW] 🔁 Switched page size to 2048 KB at cycle 1018500000
[PTW] 🔁 Switched page size to 4 KB at cycle 1019000000
[PTW] 🔁 Switched page size to 2048 KB at cycle 1019500000
[PTW] 🔁 Switched page size to 4 KB at cycle 1020000000
[PTW] 🔁 Switched page size to 2048 KB at cycle 1020500000
[PTW] 🔁 Switched page size to 4 KB at cycle 1021000000
[PTW] 🔁 Switched page size to 2048 KB at cycle 1021500000
[PTW] 🔁 Switched page size to 4 KB at cycle 1022000000
[PTW] 🔁 Switched page size to 2048 KB at cycle 1022500000
[PTW] 🔁 Switched page size to 4 KB at cycle 1023000000
[PTW] 🔁 Switched page size to 2048 KB at cycle 1023500000
[PTW] 🔁 Switched page size to 4 KB at cycle 1024000000
[PTW] 🔁 Switched page size to 2048 KB at cycle 1024500000
[PTW] 🔁 Switched page size to 4 KB at cycle 1025000000
[PTW] 🔁 Switched page size to 2048 KB at cycle 1025500000
[PTW] 🔁 Switched page size to 4 KB at cycle 1026000000
[PTW] 🔁 Switched page size to 2048 KB at cycle 1026500000
[PTW] 🔁 Switched page size to 4 KB at cycle 1027000000
[PTW] 🔁 Switched page size to 2048 KB at cycle 1027500000
[PTW] 🔁 Switched page size to 4 KB at cycle 1028000000
[PTW] 🔁 Switched page size to 2048 KB at cycle 1028500000
[PTW] 🔁 Switched page size to 4 KB at cycle 1029000000
[PTW] 🔁 Switched page size to 2048 KB at cycle 1029500000
[PTW] 🔁 Switched page size to 4 KB at cycle 1030000000
[PTW] 🔁 Switched page size to 2048 KB at cycle 1030500000
[PTW] 🔁 Switched page size to 4 KB at cycle 1031000000
[PTW] 🔁 Switched page size to 2048 KB at cycle 1031500000
[PTW] 🔁 Switched page size to 4 KB at cycle 1032000000
[PTW] 🔁 Switched page size to 2048 KB at cycle 1032500000
[PTW] 🔁 Switched page size to 4 KB at cycle 1033000000
[PTW] 🔁 Switched page size to 2048 KB at cycle 1033500000
[PTW] 🔁 Switched page size to 4 KB at cycle 1034000000
[PTW] 🔁 Switched page size to 2048 KB at cycle 1034500000
[PTW] 🔁 Switched page size to 4 KB at cycle 1035000000
[PTW] 🔁 Switched page size to 2048 KB at cycle 1035500000
[PTW] 🔁 Switched page size to 4 KB at cycle 1036000000
[PTW] 🔁 Switched page size to 2048 KB at cycle 1036500000
[PTW] 🔁 Switched page size to 4 KB at cycle 1037000000
[PTW] 🔁 Switched page size to 2048 KB at cycle 1037500000
[PTW] 🔁 Switched page size to 4 KB at cycle 1038000000
[PTW] 🔁 Switched page size to 2048 KB at cycle 1038500000
[PTW] 🔁 Switched page size to 4 KB at cycle 1039000000
[PTW] 🔁 Switched page size to 2048 KB at cycle 1039500000
[PTW] 🔁 Switched page size to 4 KB at cycle 1040000000
[PTW] 🔁 Switched page size to 2048 KB at cycle 1040500000
[PTW] 🔁 Switched page size to 4 KB at cycle 1041000000
[PTW] 🔁 Switched page size to 2048 KB at cycle 1041500000
[PTW] 🔁 Switched page size to 4 KB at cycle 1042000000
[PTW] 🔁 Switched page size to 2048 KB at cycle 1042500000
[PTW] 🔁 Switched page size to 4 KB at cycle 1043000000
[PTW] 🔁 Switched page size to 2048 KB at cycle 1043500000
[PTW] 🔁 Switched page size to 4 KB at cycle 1044000000
[PTW] 🔁 Switched page size to 2048 KB at cycle 1044500000
[PTW] 🔁 Switched page size to 4 KB at cycle 1045000000
[PTW] 🔁 Switched page size to 2048 KB at cycle 1045500000
[PTW] 🔁 Switched page size to 4 KB at cycle 1046000000
[PTW] 🔁 Switched page size to 2048 KB at cycle 1046500000
[PTW] 🔁 Switched page size to 4 KB at cycle 1047000000
[PTW] 🔁 Switched page size to 2048 KB at cycle 1047500000
[PTW] 🔁 Switched page size to 4 KB at cycle 1048000000
[PTW] 🔁 Switched page size to 2048 KB at cycle 1048500000
[PTW] 🔁 Switched page size to 4 KB at cycle 1049000000
[PTW] 🔁 Switched page size to 2048 KB at cycle 1049500000
[PTW] 🔁 Switched page size to 4 KB at cycle 1050000000
[PTW] 🔁 Switched page size to 2048 KB at cycle 1050500000
[PTW] 🔁 Switched page size to 4 KB at cycle 1051000000
[PTW] 🔁 Switched page size to 2048 KB at cycle 1051500000
[PTW] 🔁 Switched page size to 4 KB at cycle 1052000000
[PTW] 🔁 Switched page size to 2048 KB at cycle 1052500000
[PTW] 🔁 Switched page size to 4 KB at cycle 1053000000
[PTW] 🔁 Switched page size to 2048 KB at cycle 1053500000
[PTW] 🔁 Switched page size to 4 KB at cycle 1054000000
[PTW] 🔁 Switched page size to 2048 KB at cycle 1054500000
[PTW] 🔁 Switched page size to 4 KB at cycle 1055000000
[PTW] 🔁 Switched page size to 2048 KB at cycle 1055500000
[PTW] 🔁 Switched page size to 4 KB at cycle 1056000000
[PTW] 🔁 Switched page size to 2048 KB at cycle 1056500000
[PTW] 🔁 Switched page size to 4 KB at cycle 1057000000
[PTW] 🔁 Switched page size to 2048 KB at cycle 1057500000
[PTW] 🔁 Switched page size to 4 KB at cycle 1058000000
[PTW] 🔁 Switched page size to 2048 KB at cycle 1058500000
[PTW] 🔁 Switched page size to 4 KB at cycle 1059000000
[PTW] 🔁 Switched page size to 2048 KB at cycle 1059500000
[PTW] 🔁 Switched page size to 4 KB at cycle 1060000000
[PTW] 🔁 Switched page size to 2048 KB at cycle 1060500000
[PTW] 🔁 Switched page size to 4 KB at cycle 1061000000
[PTW] 🔁 Switched page size to 2048 KB at cycle 1061500000
[PTW] 🔁 Switched page size to 4 KB at cycle 1062000000
[PTW] 🔁 Switched page size to 2048 KB at cycle 1062500000
[PTW] 🔁 Switched page size to 4 KB at cycle 1063000000
[PTW] 🔁 Switched page size to 2048 KB at cycle 1063500000
[PTW] 🔁 Switched page size to 4 KB at cycle 1064000000
[PTW] 🔁 Switched page size to 2048 KB at cycle 1064500000
[PTW] 🔁 Switched page size to 4 KB at cycle 1065000000
Heartbeat CPU 0 instructions: 320000000 cycles: 1065382416 heartbeat IPC: 0.124716 cumulative IPC: 0.118398 (Simulation time: 7 hr 10 min 2 sec) 
[PTW] 🔁 Switched page size to 2048 KB at cycle 1065500000
[PTW] 🔁 Switched page size to 4 KB at cycle 1066000000
[PTW] 🔁 Switched page size to 2048 KB at cycle 1066500000
[PTW] 🔁 Switched page size to 4 KB at cycle 1067000000
[PTW] 🔁 Switched page size to 2048 KB at cycle 1067500000
[PTW] 🔁 Switched page size to 4 KB at cycle 1068000000
[PTW] 🔁 Switched page size to 2048 KB at cycle 1068500000
[PTW] 🔁 Switched page size to 4 KB at cycle 1069000000
[PTW] 🔁 Switched page size to 2048 KB at cycle 1069500000
[PTW] 🔁 Switched page size to 4 KB at cycle 1070000000
[PTW] 🔁 Switched page size to 2048 KB at cycle 1070500000
[PTW] 🔁 Switched page size to 4 KB at cycle 1071000000
[PTW] 🔁 Switched page size to 2048 KB at cycle 1071500000
[PTW] 🔁 Switched page size to 4 KB at cycle 1072000000
[PTW] 🔁 Switched page size to 2048 KB at cycle 1072500000
[PTW] 🔁 Switched page size to 4 KB at cycle 1073000000
[PTW] 🔁 Switched page size to 2048 KB at cycle 1073500000
[PTW] 🔁 Switched page size to 4 KB at cycle 1074000000
[PTW] 🔁 Switched page size to 2048 KB at cycle 1074500000
[PTW] 🔁 Switched page size to 4 KB at cycle 1075000000
[PTW] 🔁 Switched page size to 2048 KB at cycle 1075500000
[PTW] 🔁 Switched page size to 4 KB at cycle 1076000000
[PTW] 🔁 Switched page size to 2048 KB at cycle 1076500000
[PTW] 🔁 Switched page size to 4 KB at cycle 1077000000
[PTW] 🔁 Switched page size to 2048 KB at cycle 1077500000
[PTW] 🔁 Switched page size to 4 KB at cycle 1078000000
[PTW] 🔁 Switched page size to 2048 KB at cycle 1078500000
[PTW] 🔁 Switched page size to 4 KB at cycle 1079000000
[PTW] 🔁 Switched page size to 2048 KB at cycle 1079500000
[PTW] 🔁 Switched page size to 4 KB at cycle 1080000000
[PTW] 🔁 Switched page size to 2048 KB at cycle 1080500000
[PTW] 🔁 Switched page size to 4 KB at cycle 1081000000
[PTW] 🔁 Switched page size to 2048 KB at cycle 1081500000
[PTW] 🔁 Switched page size to 4 KB at cycle 1082000000
[PTW] 🔁 Switched page size to 2048 KB at cycle 1082500000
[PTW] 🔁 Switched page size to 4 KB at cycle 1083000000
[PTW] 🔁 Switched page size to 2048 KB at cycle 1083500000
[PTW] 🔁 Switched page size to 4 KB at cycle 1084000000
[PTW] 🔁 Switched page size to 2048 KB at cycle 1084500000
[PTW] 🔁 Switched page size to 4 KB at cycle 1085000000
[PTW] 🔁 Switched page size to 2048 KB at cycle 1085500000
[PTW] 🔁 Switched page size to 4 KB at cycle 1086000000
[PTW] 🔁 Switched page size to 2048 KB at cycle 1086500000
[PTW] 🔁 Switched page size to 4 KB at cycle 1087000000
[PTW] 🔁 Switched page size to 2048 KB at cycle 1087500000
[PTW] 🔁 Switched page size to 4 KB at cycle 1088000000
[PTW] 🔁 Switched page size to 2048 KB at cycle 1088500000
[PTW] 🔁 Switched page size to 4 KB at cycle 1089000000
[PTW] 🔁 Switched page size to 2048 KB at cycle 1089500000
[PTW] 🔁 Switched page size to 4 KB at cycle 1090000000
[PTW] 🔁 Switched page size to 2048 KB at cycle 1090500000
[PTW] 🔁 Switched page size to 4 KB at cycle 1091000000
[PTW] 🔁 Switched page size to 2048 KB at cycle 1091500000
[PTW] 🔁 Switched page size to 4 KB at cycle 1092000000
[PTW] 🔁 Switched page size to 2048 KB at cycle 1092500000
[PTW] 🔁 Switched page size to 4 KB at cycle 1093000000
[PTW] 🔁 Switched page size to 2048 KB at cycle 1093500000
[PTW] 🔁 Switched page size to 4 KB at cycle 1094000000
[PTW] 🔁 Switched page size to 2048 KB at cycle 1094500000
[PTW] 🔁 Switched page size to 4 KB at cycle 1095000000
[PTW] 🔁 Switched page size to 2048 KB at cycle 1095500000
[PTW] 🔁 Switched page size to 4 KB at cycle 1096000000
[PTW] 🔁 Switched page size to 2048 KB at cycle 1096500000
[PTW] 🔁 Switched page size to 4 KB at cycle 1097000000
[PTW] 🔁 Switched page size to 2048 KB at cycle 1097500000
[PTW] 🔁 Switched page size to 4 KB at cycle 1098000000
[PTW] 🔁 Switched page size to 2048 KB at cycle 1098500000
[PTW] 🔁 Switched page size to 4 KB at cycle 1099000000
[PTW] 🔁 Switched page size to 2048 KB at cycle 1099500000
[PTW] 🔁 Switched page size to 4 KB at cycle 1100000000
[PTW] 🔁 Switched page size to 2048 KB at cycle 1100500000
[PTW] 🔁 Switched page size to 4 KB at cycle 1101000000
[PTW] 🔁 Switched page size to 2048 KB at cycle 1101500000
[PTW] 🔁 Switched page size to 4 KB at cycle 1102000000
[PTW] 🔁 Switched page size to 2048 KB at cycle 1102500000
[PTW] 🔁 Switched page size to 4 KB at cycle 1103000000
[PTW] 🔁 Switched page size to 2048 KB at cycle 1103500000
[PTW] 🔁 Switched page size to 4 KB at cycle 1104000000
[PTW] 🔁 Switched page size to 2048 KB at cycle 1104500000
[PTW] 🔁 Switched page size to 4 KB at cycle 1105000000
[PTW] 🔁 Switched page size to 2048 KB at cycle 1105500000
[PTW] 🔁 Switched page size to 4 KB at cycle 1106000000
[PTW] 🔁 Switched page size to 2048 KB at cycle 1106500000
[PTW] 🔁 Switched page size to 4 KB at cycle 1107000000
[PTW] 🔁 Switched page size to 2048 KB at cycle 1107500000
[PTW] 🔁 Switched page size to 4 KB at cycle 1108000000
[PTW] 🔁 Switched page size to 2048 KB at cycle 1108500000
[PTW] 🔁 Switched page size to 4 KB at cycle 1109000000
[PTW] 🔁 Switched page size to 2048 KB at cycle 1109500000
[PTW] 🔁 Switched page size to 4 KB at cycle 1110000000
[PTW] 🔁 Switched page size to 2048 KB at cycle 1110500000
[PTW] 🔁 Switched page size to 4 KB at cycle 1111000000
[PTW] 🔁 Switched page size to 2048 KB at cycle 1111500000
[PTW] 🔁 Switched page size to 4 KB at cycle 1112000000
[PTW] 🔁 Switched page size to 2048 KB at cycle 1112500000
[PTW] 🔁 Switched page size to 4 KB at cycle 1113000000
[PTW] 🔁 Switched page size to 2048 KB at cycle 1113500000
[PTW] 🔁 Switched page size to 4 KB at cycle 1114000000
[PTW] 🔁 Switched page size to 2048 KB at cycle 1114500000
[PTW] 🔁 Switched page size to 4 KB at cycle 1115000000
[PTW] 🔁 Switched page size to 2048 KB at cycle 1115500000
[PTW] 🔁 Switched page size to 4 KB at cycle 1116000000
[PTW] 🔁 Switched page size to 2048 KB at cycle 1116500000
[PTW] 🔁 Switched page size to 4 KB at cycle 1117000000
[PTW] 🔁 Switched page size to 2048 KB at cycle 1117500000
[PTW] 🔁 Switched page size to 4 KB at cycle 1118000000
[PTW] 🔁 Switched page size to 2048 KB at cycle 1118500000
[PTW] 🔁 Switched page size to 4 KB at cycle 1119000000
[PTW] 🔁 Switched page size to 2048 KB at cycle 1119500000
[PTW] 🔁 Switched page size to 4 KB at cycle 1120000000
[PTW] 🔁 Switched page size to 2048 KB at cycle 1120500000
[PTW] 🔁 Switched page size to 4 KB at cycle 1121000000
[PTW] 🔁 Switched page size to 2048 KB at cycle 1121500000
[PTW] 🔁 Switched page size to 4 KB at cycle 1122000000
[PTW] 🔁 Switched page size to 2048 KB at cycle 1122500000
[PTW] 🔁 Switched page size to 4 KB at cycle 1123000000
[PTW] 🔁 Switched page size to 2048 KB at cycle 1123500000
[PTW] 🔁 Switched page size to 4 KB at cycle 1124000000
[PTW] 🔁 Switched page size to 2048 KB at cycle 1124500000
[PTW] 🔁 Switched page size to 4 KB at cycle 1125000000
[PTW] 🔁 Switched page size to 2048 KB at cycle 1125500000
[PTW] 🔁 Switched page size to 4 KB at cycle 1126000000
[PTW] 🔁 Switched page size to 2048 KB at cycle 1126500000
[PTW] 🔁 Switched page size to 4 KB at cycle 1127000000
[PTW] 🔁 Switched page size to 2048 KB at cycle 1127500000
[PTW] 🔁 Switched page size to 4 KB at cycle 1128000000
[PTW] 🔁 Switched page size to 2048 KB at cycle 1128500000
[PTW] 🔁 Switched page size to 4 KB at cycle 1129000000
[PTW] 🔁 Switched page size to 2048 KB at cycle 1129500000
[PTW] 🔁 Switched page size to 4 KB at cycle 1130000000
[PTW] 🔁 Switched page size to 2048 KB at cycle 1130500000
[PTW] 🔁 Switched page size to 4 KB at cycle 1131000000
[PTW] 🔁 Switched page size to 2048 KB at cycle 1131500000
[PTW] 🔁 Switched page size to 4 KB at cycle 1132000000
[PTW] 🔁 Switched page size to 2048 KB at cycle 1132500000
[PTW] 🔁 Switched page size to 4 KB at cycle 1133000000
[PTW] 🔁 Switched page size to 2048 KB at cycle 1133500000
[PTW] 🔁 Switched page size to 4 KB at cycle 1134000000
[PTW] 🔁 Switched page size to 2048 KB at cycle 1134500000
[PTW] 🔁 Switched page size to 4 KB at cycle 1135000000
[PTW] 🔁 Switched page size to 2048 KB at cycle 1135500000
[PTW] 🔁 Switched page size to 4 KB at cycle 1136000000
[PTW] 🔁 Switched page size to 2048 KB at cycle 1136500000
[PTW] 🔁 Switched page size to 4 KB at cycle 1137000000
[PTW] 🔁 Switched page size to 2048 KB at cycle 1137500000
[PTW] 🔁 Switched page size to 4 KB at cycle 1138000000
[PTW] 🔁 Switched page size to 2048 KB at cycle 1138500000
[PTW] 🔁 Switched page size to 4 KB at cycle 1139000000
[PTW] 🔁 Switched page size to 2048 KB at cycle 1139500000
[PTW] 🔁 Switched page size to 4 KB at cycle 1140000000
[PTW] 🔁 Switched page size to 2048 KB at cycle 1140500000
[PTW] 🔁 Switched page size to 4 KB at cycle 1141000000
[PTW] 🔁 Switched page size to 2048 KB at cycle 1141500000
[PTW] 🔁 Switched page size to 4 KB at cycle 1142000000
[PTW] 🔁 Switched page size to 2048 KB at cycle 1142500000
[PTW] 🔁 Switched page size to 4 KB at cycle 1143000000
[PTW] 🔁 Switched page size to 2048 KB at cycle 1143500000
[PTW] 🔁 Switched page size to 4 KB at cycle 1144000000
[PTW] 🔁 Switched page size to 2048 KB at cycle 1144500000
[PTW] 🔁 Switched page size to 4 KB at cycle 1145000000
[PTW] 🔁 Switched page size to 2048 KB at cycle 1145500000
[PTW] 🔁 Switched page size to 4 KB at cycle 1146000000
[PTW] 🔁 Switched page size to 2048 KB at cycle 1146500000
[PTW] 🔁 Switched page size to 4 KB at cycle 1147000000
[PTW] 🔁 Switched page size to 2048 KB at cycle 1147500000
[PTW] 🔁 Switched page size to 4 KB at cycle 1148000000
[PTW] 🔁 Switched page size to 2048 KB at cycle 1148500000
Heartbeat CPU 0 instructions: 330000003 cycles: 1148649990 heartbeat IPC: 0.120095 cumulative IPC: 0.118527 (Simulation time: 7 hr 18 min 15 sec) 
[PTW] 🔁 Switched page size to 4 KB at cycle 1149000000
[PTW] 🔁 Switched page size to 2048 KB at cycle 1149500000
[PTW] 🔁 Switched page size to 4 KB at cycle 1150000000
[PTW] 🔁 Switched page size to 2048 KB at cycle 1150500000
[PTW] 🔁 Switched page size to 4 KB at cycle 1151000000
[PTW] 🔁 Switched page size to 2048 KB at cycle 1151500000
[PTW] 🔁 Switched page size to 4 KB at cycle 1152000000
[PTW] 🔁 Switched page size to 2048 KB at cycle 1152500000
[PTW] 🔁 Switched page size to 4 KB at cycle 1153000000
[PTW] 🔁 Switched page size to 2048 KB at cycle 1153500000
[PTW] 🔁 Switched page size to 4 KB at cycle 1154000000
[PTW] 🔁 Switched page size to 2048 KB at cycle 1154500000
[PTW] 🔁 Switched page size to 4 KB at cycle 1155000000
[PTW] 🔁 Switched page size to 2048 KB at cycle 1155500000
[PTW] 🔁 Switched page size to 4 KB at cycle 1156000000
[PTW] 🔁 Switched page size to 2048 KB at cycle 1156500000
[PTW] 🔁 Switched page size to 4 KB at cycle 1157000000
[PTW] 🔁 Switched page size to 2048 KB at cycle 1157500000
[PTW] 🔁 Switched page size to 4 KB at cycle 1158000000
[PTW] 🔁 Switched page size to 2048 KB at cycle 1158500000
[PTW] 🔁 Switched page size to 4 KB at cycle 1159000000
[PTW] 🔁 Switched page size to 2048 KB at cycle 1159500000
[PTW] 🔁 Switched page size to 4 KB at cycle 1160000000
[PTW] 🔁 Switched page size to 2048 KB at cycle 1160500000
[PTW] 🔁 Switched page size to 4 KB at cycle 1161000000
[PTW] 🔁 Switched page size to 2048 KB at cycle 1161500000
[PTW] 🔁 Switched page size to 4 KB at cycle 1162000000
[PTW] 🔁 Switched page size to 2048 KB at cycle 1162500000
[PTW] 🔁 Switched page size to 4 KB at cycle 1163000000
[PTW] 🔁 Switched page size to 2048 KB at cycle 1163500000
[PTW] 🔁 Switched page size to 4 KB at cycle 1164000000
[PTW] 🔁 Switched page size to 2048 KB at cycle 1164500000
[PTW] 🔁 Switched page size to 4 KB at cycle 1165000000
[PTW] 🔁 Switched page size to 2048 KB at cycle 1165500000
[PTW] 🔁 Switched page size to 4 KB at cycle 1166000000
[PTW] 🔁 Switched page size to 2048 KB at cycle 1166500000
[PTW] 🔁 Switched page size to 4 KB at cycle 1167000000
[PTW] 🔁 Switched page size to 2048 KB at cycle 1167500000
[PTW] 🔁 Switched page size to 4 KB at cycle 1168000000
[PTW] 🔁 Switched page size to 2048 KB at cycle 1168500000
[PTW] 🔁 Switched page size to 4 KB at cycle 1169000000
[PTW] 🔁 Switched page size to 2048 KB at cycle 1169500000
[PTW] 🔁 Switched page size to 4 KB at cycle 1170000000
[PTW] 🔁 Switched page size to 2048 KB at cycle 1170500000
[PTW] 🔁 Switched page size to 4 KB at cycle 1171000000
[PTW] 🔁 Switched page size to 2048 KB at cycle 1171500000
[PTW] 🔁 Switched page size to 4 KB at cycle 1172000000
[PTW] 🔁 Switched page size to 2048 KB at cycle 1172500000
[PTW] 🔁 Switched page size to 4 KB at cycle 1173000000
[PTW] 🔁 Switched page size to 2048 KB at cycle 1173500000
[PTW] 🔁 Switched page size to 4 KB at cycle 1174000000
[PTW] 🔁 Switched page size to 2048 KB at cycle 1174500000
[PTW] 🔁 Switched page size to 4 KB at cycle 1175000000
[PTW] 🔁 Switched page size to 2048 KB at cycle 1175500000
[PTW] 🔁 Switched page size to 4 KB at cycle 1176000000
[PTW] 🔁 Switched page size to 2048 KB at cycle 1176500000
[PTW] 🔁 Switched page size to 4 KB at cycle 1177000000
[PTW] 🔁 Switched page size to 2048 KB at cycle 1177500000
[PTW] 🔁 Switched page size to 4 KB at cycle 1178000000
[PTW] 🔁 Switched page size to 2048 KB at cycle 1178500000
[PTW] 🔁 Switched page size to 4 KB at cycle 1179000000
[PTW] 🔁 Switched page size to 2048 KB at cycle 1179500000
[PTW] 🔁 Switched page size to 4 KB at cycle 1180000000
[PTW] 🔁 Switched page size to 2048 KB at cycle 1180500000
[PTW] 🔁 Switched page size to 4 KB at cycle 1181000000
[PTW] 🔁 Switched page size to 2048 KB at cycle 1181500000
[PTW] 🔁 Switched page size to 4 KB at cycle 1182000000
[PTW] 🔁 Switched page size to 2048 KB at cycle 1182500000
[PTW] 🔁 Switched page size to 4 KB at cycle 1183000000
[PTW] 🔁 Switched page size to 2048 KB at cycle 1183500000
[PTW] 🔁 Switched page size to 4 KB at cycle 1184000000
[PTW] 🔁 Switched page size to 2048 KB at cycle 1184500000
[PTW] 🔁 Switched page size to 4 KB at cycle 1185000000
[PTW] 🔁 Switched page size to 2048 KB at cycle 1185500000
[PTW] 🔁 Switched page size to 4 KB at cycle 1186000000
[PTW] 🔁 Switched page size to 2048 KB at cycle 1186500000
[PTW] 🔁 Switched page size to 4 KB at cycle 1187000000
[PTW] 🔁 Switched page size to 2048 KB at cycle 1187500000
[PTW] 🔁 Switched page size to 4 KB at cycle 1188000000
[PTW] 🔁 Switched page size to 2048 KB at cycle 1188500000
[PTW] 🔁 Switched page size to 4 KB at cycle 1189000000
[PTW] 🔁 Switched page size to 2048 KB at cycle 1189500000
[PTW] 🔁 Switched page size to 4 KB at cycle 1190000000
[PTW] 🔁 Switched page size to 2048 KB at cycle 1190500000
[PTW] 🔁 Switched page size to 4 KB at cycle 1191000000
[PTW] 🔁 Switched page size to 2048 KB at cycle 1191500000
[PTW] 🔁 Switched page size to 4 KB at cycle 1192000000
[PTW] 🔁 Switched page size to 2048 KB at cycle 1192500000
[PTW] 🔁 Switched page size to 4 KB at cycle 1193000000
[PTW] 🔁 Switched page size to 2048 KB at cycle 1193500000
[PTW] 🔁 Switched page size to 4 KB at cycle 1194000000
[PTW] 🔁 Switched page size to 2048 KB at cycle 1194500000
[PTW] 🔁 Switched page size to 4 KB at cycle 1195000000
[PTW] 🔁 Switched page size to 2048 KB at cycle 1195500000
[PTW] 🔁 Switched page size to 4 KB at cycle 1196000000
[PTW] 🔁 Switched page size to 2048 KB at cycle 1196500000
[PTW] 🔁 Switched page size to 4 KB at cycle 1197000000
[PTW] 🔁 Switched page size to 2048 KB at cycle 1197500000
[PTW] 🔁 Switched page size to 4 KB at cycle 1198000000
[PTW] 🔁 Switched page size to 2048 KB at cycle 1198500000
[PTW] 🔁 Switched page size to 4 KB at cycle 1199000000
[PTW] 🔁 Switched page size to 2048 KB at cycle 1199500000
[PTW] 🔁 Switched page size to 4 KB at cycle 1200000000
[PTW] 🔁 Switched page size to 2048 KB at cycle 1200500000
[PTW] 🔁 Switched page size to 4 KB at cycle 1201000000
[PTW] 🔁 Switched page size to 2048 KB at cycle 1201500000
[PTW] 🔁 Switched page size to 4 KB at cycle 1202000000
[PTW] 🔁 Switched page size to 2048 KB at cycle 1202500000
[PTW] 🔁 Switched page size to 4 KB at cycle 1203000000
[PTW] 🔁 Switched page size to 2048 KB at cycle 1203500000
[PTW] 🔁 Switched page size to 4 KB at cycle 1204000000
[PTW] 🔁 Switched page size to 2048 KB at cycle 1204500000
[PTW] 🔁 Switched page size to 4 KB at cycle 1205000000
[PTW] 🔁 Switched page size to 2048 KB at cycle 1205500000
[PTW] 🔁 Switched page size to 4 KB at cycle 1206000000
[PTW] 🔁 Switched page size to 2048 KB at cycle 1206500000
[PTW] 🔁 Switched page size to 4 KB at cycle 1207000000
[PTW] 🔁 Switched page size to 2048 KB at cycle 1207500000
[PTW] 🔁 Switched page size to 4 KB at cycle 1208000000
[PTW] 🔁 Switched page size to 2048 KB at cycle 1208500000
[PTW] 🔁 Switched page size to 4 KB at cycle 1209000000
[PTW] 🔁 Switched page size to 2048 KB at cycle 1209500000
[PTW] 🔁 Switched page size to 4 KB at cycle 1210000000
[PTW] 🔁 Switched page size to 2048 KB at cycle 1210500000
[PTW] 🔁 Switched page size to 4 KB at cycle 1211000000
[PTW] 🔁 Switched page size to 2048 KB at cycle 1211500000
[PTW] 🔁 Switched page size to 4 KB at cycle 1212000000
[PTW] 🔁 Switched page size to 2048 KB at cycle 1212500000
[PTW] 🔁 Switched page size to 4 KB at cycle 1213000000
[PTW] 🔁 Switched page size to 2048 KB at cycle 1213500000
[PTW] 🔁 Switched page size to 4 KB at cycle 1214000000
[PTW] 🔁 Switched page size to 2048 KB at cycle 1214500000
[PTW] 🔁 Switched page size to 4 KB at cycle 1215000000
[PTW] 🔁 Switched page size to 2048 KB at cycle 1215500000
[PTW] 🔁 Switched page size to 4 KB at cycle 1216000000
[PTW] 🔁 Switched page size to 2048 KB at cycle 1216500000
[PTW] 🔁 Switched page size to 4 KB at cycle 1217000000
[PTW] 🔁 Switched page size to 2048 KB at cycle 1217500000
[PTW] 🔁 Switched page size to 4 KB at cycle 1218000000
[PTW] 🔁 Switched page size to 2048 KB at cycle 1218500000
[PTW] 🔁 Switched page size to 4 KB at cycle 1219000000
[PTW] 🔁 Switched page size to 2048 KB at cycle 1219500000
[PTW] 🔁 Switched page size to 4 KB at cycle 1220000000
[PTW] 🔁 Switched page size to 2048 KB at cycle 1220500000
[PTW] 🔁 Switched page size to 4 KB at cycle 1221000000
[PTW] 🔁 Switched page size to 2048 KB at cycle 1221500000
[PTW] 🔁 Switched page size to 4 KB at cycle 1222000000
[PTW] 🔁 Switched page size to 2048 KB at cycle 1222500000
[PTW] 🔁 Switched page size to 4 KB at cycle 1223000000
[PTW] 🔁 Switched page size to 2048 KB at cycle 1223500000
[PTW] 🔁 Switched page size to 4 KB at cycle 1224000000
[PTW] 🔁 Switched page size to 2048 KB at cycle 1224500000
[PTW] 🔁 Switched page size to 4 KB at cycle 1225000000
[PTW] 🔁 Switched page size to 2048 KB at cycle 1225500000
[PTW] 🔁 Switched page size to 4 KB at cycle 1226000000
[PTW] 🔁 Switched page size to 2048 KB at cycle 1226500000
[PTW] 🔁 Switched page size to 4 KB at cycle 1227000000
[PTW] 🔁 Switched page size to 2048 KB at cycle 1227500000
[PTW] 🔁 Switched page size to 4 KB at cycle 1228000000
[PTW] 🔁 Switched page size to 2048 KB at cycle 1228500000
[PTW] 🔁 Switched page size to 4 KB at cycle 1229000000
Heartbeat CPU 0 instructions: 340000000 cycles: 1229090603 heartbeat IPC: 0.124316 cumulative IPC: 0.118922 (Simulation time: 7 hr 26 min 29 sec) 
[PTW] 🔁 Switched page size to 2048 KB at cycle 1229500000
[PTW] 🔁 Switched page size to 4 KB at cycle 1230000000
[PTW] 🔁 Switched page size to 2048 KB at cycle 1230500000
[PTW] 🔁 Switched page size to 4 KB at cycle 1231000000
[PTW] 🔁 Switched page size to 2048 KB at cycle 1231500000
[PTW] 🔁 Switched page size to 4 KB at cycle 1232000000
[PTW] 🔁 Switched page size to 2048 KB at cycle 1232500000
[PTW] 🔁 Switched page size to 4 KB at cycle 1233000000
[PTW] 🔁 Switched page size to 2048 KB at cycle 1233500000
[PTW] 🔁 Switched page size to 4 KB at cycle 1234000000
[PTW] 🔁 Switched page size to 2048 KB at cycle 1234500000
[PTW] 🔁 Switched page size to 4 KB at cycle 1235000000
[PTW] 🔁 Switched page size to 2048 KB at cycle 1235500000
[PTW] 🔁 Switched page size to 4 KB at cycle 1236000000
[PTW] 🔁 Switched page size to 2048 KB at cycle 1236500000
[PTW] 🔁 Switched page size to 4 KB at cycle 1237000000
[PTW] 🔁 Switched page size to 2048 KB at cycle 1237500000
[PTW] 🔁 Switched page size to 4 KB at cycle 1238000000
[PTW] 🔁 Switched page size to 2048 KB at cycle 1238500000
[PTW] 🔁 Switched page size to 4 KB at cycle 1239000000
[PTW] 🔁 Switched page size to 2048 KB at cycle 1239500000
[PTW] 🔁 Switched page size to 4 KB at cycle 1240000000
[PTW] 🔁 Switched page size to 2048 KB at cycle 1240500000
[PTW] 🔁 Switched page size to 4 KB at cycle 1241000000
[PTW] 🔁 Switched page size to 2048 KB at cycle 1241500000
[PTW] 🔁 Switched page size to 4 KB at cycle 1242000000
[PTW] 🔁 Switched page size to 2048 KB at cycle 1242500000
[PTW] 🔁 Switched page size to 4 KB at cycle 1243000000
[PTW] 🔁 Switched page size to 2048 KB at cycle 1243500000
[PTW] 🔁 Switched page size to 4 KB at cycle 1244000000
[PTW] 🔁 Switched page size to 2048 KB at cycle 1244500000
[PTW] 🔁 Switched page size to 4 KB at cycle 1245000000
[PTW] 🔁 Switched page size to 2048 KB at cycle 1245500000
[PTW] 🔁 Switched page size to 4 KB at cycle 1246000000
[PTW] 🔁 Switched page size to 2048 KB at cycle 1246500000
[PTW] 🔁 Switched page size to 4 KB at cycle 1247000000
[PTW] 🔁 Switched page size to 2048 KB at cycle 1247500000
[PTW] 🔁 Switched page size to 4 KB at cycle 1248000000
[PTW] 🔁 Switched page size to 2048 KB at cycle 1248500000
[PTW] 🔁 Switched page size to 4 KB at cycle 1249000000
[PTW] 🔁 Switched page size to 2048 KB at cycle 1249500000
[PTW] 🔁 Switched page size to 4 KB at cycle 1250000000
[PTW] 🔁 Switched page size to 2048 KB at cycle 1250500000
[PTW] 🔁 Switched page size to 4 KB at cycle 1251000000
[PTW] 🔁 Switched page size to 2048 KB at cycle 1251500000
[PTW] 🔁 Switched page size to 4 KB at cycle 1252000000
[PTW] 🔁 Switched page size to 2048 KB at cycle 1252500000
[PTW] 🔁 Switched page size to 4 KB at cycle 1253000000
[PTW] 🔁 Switched page size to 2048 KB at cycle 1253500000
[PTW] 🔁 Switched page size to 4 KB at cycle 1254000000
[PTW] 🔁 Switched page size to 2048 KB at cycle 1254500000
[PTW] 🔁 Switched page size to 4 KB at cycle 1255000000
[PTW] 🔁 Switched page size to 2048 KB at cycle 1255500000
[PTW] 🔁 Switched page size to 4 KB at cycle 1256000000
[PTW] 🔁 Switched page size to 2048 KB at cycle 1256500000
[PTW] 🔁 Switched page size to 4 KB at cycle 1257000000
[PTW] 🔁 Switched page size to 2048 KB at cycle 1257500000
[PTW] 🔁 Switched page size to 4 KB at cycle 1258000000
[PTW] 🔁 Switched page size to 2048 KB at cycle 1258500000
[PTW] 🔁 Switched page size to 4 KB at cycle 1259000000
[PTW] 🔁 Switched page size to 2048 KB at cycle 1259500000
[PTW] 🔁 Switched page size to 4 KB at cycle 1260000000
[PTW] 🔁 Switched page size to 2048 KB at cycle 1260500000
[PTW] 🔁 Switched page size to 4 KB at cycle 1261000000
[PTW] 🔁 Switched page size to 2048 KB at cycle 1261500000
[PTW] 🔁 Switched page size to 4 KB at cycle 1262000000
[PTW] 🔁 Switched page size to 2048 KB at cycle 1262500000
[PTW] 🔁 Switched page size to 4 KB at cycle 1263000000
[PTW] 🔁 Switched page size to 2048 KB at cycle 1263500000
[PTW] 🔁 Switched page size to 4 KB at cycle 1264000000
[PTW] 🔁 Switched page size to 2048 KB at cycle 1264500000
[PTW] 🔁 Switched page size to 4 KB at cycle 1265000000
[PTW] 🔁 Switched page size to 2048 KB at cycle 1265500000
[PTW] 🔁 Switched page size to 4 KB at cycle 1266000000
[PTW] 🔁 Switched page size to 2048 KB at cycle 1266500000
[PTW] 🔁 Switched page size to 4 KB at cycle 1267000000
[PTW] 🔁 Switched page size to 2048 KB at cycle 1267500000
[PTW] 🔁 Switched page size to 4 KB at cycle 1268000000
[PTW] 🔁 Switched page size to 2048 KB at cycle 1268500000
[PTW] 🔁 Switched page size to 4 KB at cycle 1269000000
[PTW] 🔁 Switched page size to 2048 KB at cycle 1269500000
[PTW] 🔁 Switched page size to 4 KB at cycle 1270000000
[PTW] 🔁 Switched page size to 2048 KB at cycle 1270500000
[PTW] 🔁 Switched page size to 4 KB at cycle 1271000000
[PTW] 🔁 Switched page size to 2048 KB at cycle 1271500000
[PTW] 🔁 Switched page size to 4 KB at cycle 1272000000
[PTW] 🔁 Switched page size to 2048 KB at cycle 1272500000
[PTW] 🔁 Switched page size to 4 KB at cycle 1273000000
[PTW] 🔁 Switched page size to 2048 KB at cycle 1273500000
[PTW] 🔁 Switched page size to 4 KB at cycle 1274000000
[PTW] 🔁 Switched page size to 2048 KB at cycle 1274500000
[PTW] 🔁 Switched page size to 4 KB at cycle 1275000000
[PTW] 🔁 Switched page size to 2048 KB at cycle 1275500000
[PTW] 🔁 Switched page size to 4 KB at cycle 1276000000
[PTW] 🔁 Switched page size to 2048 KB at cycle 1276500000
[PTW] 🔁 Switched page size to 4 KB at cycle 1277000000
[PTW] 🔁 Switched page size to 2048 KB at cycle 1277500000
[PTW] 🔁 Switched page size to 4 KB at cycle 1278000000
[PTW] 🔁 Switched page size to 2048 KB at cycle 1278500000
[PTW] 🔁 Switched page size to 4 KB at cycle 1279000000
[PTW] 🔁 Switched page size to 2048 KB at cycle 1279500000
[PTW] 🔁 Switched page size to 4 KB at cycle 1280000000
[PTW] 🔁 Switched page size to 2048 KB at cycle 1280500000
[PTW] 🔁 Switched page size to 4 KB at cycle 1281000000
[PTW] 🔁 Switched page size to 2048 KB at cycle 1281500000
[PTW] 🔁 Switched page size to 4 KB at cycle 1282000000
[PTW] 🔁 Switched page size to 2048 KB at cycle 1282500000
[PTW] 🔁 Switched page size to 4 KB at cycle 1283000000
[PTW] 🔁 Switched page size to 2048 KB at cycle 1283500000
[PTW] 🔁 Switched page size to 4 KB at cycle 1284000000
[PTW] 🔁 Switched page size to 2048 KB at cycle 1284500000
[PTW] 🔁 Switched page size to 4 KB at cycle 1285000000
[PTW] 🔁 Switched page size to 2048 KB at cycle 1285500000
[PTW] 🔁 Switched page size to 4 KB at cycle 1286000000
[PTW] 🔁 Switched page size to 2048 KB at cycle 1286500000
[PTW] 🔁 Switched page size to 4 KB at cycle 1287000000
[PTW] 🔁 Switched page size to 2048 KB at cycle 1287500000
[PTW] 🔁 Switched page size to 4 KB at cycle 1288000000
[PTW] 🔁 Switched page size to 2048 KB at cycle 1288500000
[PTW] 🔁 Switched page size to 4 KB at cycle 1289000000
[PTW] 🔁 Switched page size to 2048 KB at cycle 1289500000
[PTW] 🔁 Switched page size to 4 KB at cycle 1290000000
[PTW] 🔁 Switched page size to 2048 KB at cycle 1290500000
[PTW] 🔁 Switched page size to 4 KB at cycle 1291000000
[PTW] 🔁 Switched page size to 2048 KB at cycle 1291500000
[PTW] 🔁 Switched page size to 4 KB at cycle 1292000000
[PTW] 🔁 Switched page size to 2048 KB at cycle 1292500000
[PTW] 🔁 Switched page size to 4 KB at cycle 1293000000
[PTW] 🔁 Switched page size to 2048 KB at cycle 1293500000
[PTW] 🔁 Switched page size to 4 KB at cycle 1294000000
[PTW] 🔁 Switched page size to 2048 KB at cycle 1294500000
[PTW] 🔁 Switched page size to 4 KB at cycle 1295000000
[PTW] 🔁 Switched page size to 2048 KB at cycle 1295500000
[PTW] 🔁 Switched page size to 4 KB at cycle 1296000000
[PTW] 🔁 Switched page size to 2048 KB at cycle 1296500000
[PTW] 🔁 Switched page size to 4 KB at cycle 1297000000
[PTW] 🔁 Switched page size to 2048 KB at cycle 1297500000
[PTW] 🔁 Switched page size to 4 KB at cycle 1298000000
[PTW] 🔁 Switched page size to 2048 KB at cycle 1298500000
[PTW] 🔁 Switched page size to 4 KB at cycle 1299000000
[PTW] 🔁 Switched page size to 2048 KB at cycle 1299500000
[PTW] 🔁 Switched page size to 4 KB at cycle 1300000000
[PTW] 🔁 Switched page size to 2048 KB at cycle 1300500000
[PTW] 🔁 Switched page size to 4 KB at cycle 1301000000
[PTW] 🔁 Switched page size to 2048 KB at cycle 1301500000
[PTW] 🔁 Switched page size to 4 KB at cycle 1302000000
[PTW] 🔁 Switched page size to 2048 KB at cycle 1302500000
[PTW] 🔁 Switched page size to 4 KB at cycle 1303000000
[PTW] 🔁 Switched page size to 2048 KB at cycle 1303500000
[PTW] 🔁 Switched page size to 4 KB at cycle 1304000000
[PTW] 🔁 Switched page size to 2048 KB at cycle 1304500000
[PTW] 🔁 Switched page size to 4 KB at cycle 1305000000
[PTW] 🔁 Switched page size to 2048 KB at cycle 1305500000
[PTW] 🔁 Switched page size to 4 KB at cycle 1306000000
[PTW] 🔁 Switched page size to 2048 KB at cycle 1306500000
[PTW] 🔁 Switched page size to 4 KB at cycle 1307000000
[PTW] 🔁 Switched page size to 2048 KB at cycle 1307500000
Heartbeat CPU 0 instructions: 350000003 cycles: 1307707693 heartbeat IPC: 0.127199 cumulative IPC: 0.119441 (Simulation time: 7 hr 35 min 0 sec) 
[PTW] 🔁 Switched page size to 4 KB at cycle 1308000000
[PTW] 🔁 Switched page size to 2048 KB at cycle 1308500000
[PTW] 🔁 Switched page size to 4 KB at cycle 1309000000
[PTW] 🔁 Switched page size to 2048 KB at cycle 1309500000
[PTW] 🔁 Switched page size to 4 KB at cycle 1310000000
[PTW] 🔁 Switched page size to 2048 KB at cycle 1310500000
[PTW] 🔁 Switched page size to 4 KB at cycle 1311000000
[PTW] 🔁 Switched page size to 2048 KB at cycle 1311500000
[PTW] 🔁 Switched page size to 4 KB at cycle 1312000000
[PTW] 🔁 Switched page size to 2048 KB at cycle 1312500000
[PTW] 🔁 Switched page size to 4 KB at cycle 1313000000
[PTW] 🔁 Switched page size to 2048 KB at cycle 1313500000
[PTW] 🔁 Switched page size to 4 KB at cycle 1314000000
[PTW] 🔁 Switched page size to 2048 KB at cycle 1314500000
[PTW] 🔁 Switched page size to 4 KB at cycle 1315000000
[PTW] 🔁 Switched page size to 2048 KB at cycle 1315500000
[PTW] 🔁 Switched page size to 4 KB at cycle 1316000000
[PTW] 🔁 Switched page size to 2048 KB at cycle 1316500000
[PTW] 🔁 Switched page size to 4 KB at cycle 1317000000
[PTW] 🔁 Switched page size to 2048 KB at cycle 1317500000
[PTW] 🔁 Switched page size to 4 KB at cycle 1318000000
[PTW] 🔁 Switched page size to 2048 KB at cycle 1318500000
[PTW] 🔁 Switched page size to 4 KB at cycle 1319000000
[PTW] 🔁 Switched page size to 2048 KB at cycle 1319500000
[PTW] 🔁 Switched page size to 4 KB at cycle 1320000000
[PTW] 🔁 Switched page size to 2048 KB at cycle 1320500000
[PTW] 🔁 Switched page size to 4 KB at cycle 1321000000
[PTW] 🔁 Switched page size to 2048 KB at cycle 1321500000
[PTW] 🔁 Switched page size to 4 KB at cycle 1322000000
[PTW] 🔁 Switched page size to 2048 KB at cycle 1322500000
[PTW] 🔁 Switched page size to 4 KB at cycle 1323000000
[PTW] 🔁 Switched page size to 2048 KB at cycle 1323500000
[PTW] 🔁 Switched page size to 4 KB at cycle 1324000000
[PTW] 🔁 Switched page size to 2048 KB at cycle 1324500000
[PTW] 🔁 Switched page size to 4 KB at cycle 1325000000
[PTW] 🔁 Switched page size to 2048 KB at cycle 1325500000
[PTW] 🔁 Switched page size to 4 KB at cycle 1326000000
[PTW] 🔁 Switched page size to 2048 KB at cycle 1326500000
[PTW] 🔁 Switched page size to 4 KB at cycle 1327000000
[PTW] 🔁 Switched page size to 2048 KB at cycle 1327500000
[PTW] 🔁 Switched page size to 4 KB at cycle 1328000000
[PTW] 🔁 Switched page size to 2048 KB at cycle 1328500000
[PTW] 🔁 Switched page size to 4 KB at cycle 1329000000
[PTW] 🔁 Switched page size to 2048 KB at cycle 1329500000
[PTW] 🔁 Switched page size to 4 KB at cycle 1330000000
[PTW] 🔁 Switched page size to 2048 KB at cycle 1330500000
[PTW] 🔁 Switched page size to 4 KB at cycle 1331000000
[PTW] 🔁 Switched page size to 2048 KB at cycle 1331500000
[PTW] 🔁 Switched page size to 4 KB at cycle 1332000000
[PTW] 🔁 Switched page size to 2048 KB at cycle 1332500000
[PTW] 🔁 Switched page size to 4 KB at cycle 1333000000
[PTW] 🔁 Switched page size to 2048 KB at cycle 1333500000
[PTW] 🔁 Switched page size to 4 KB at cycle 1334000000
[PTW] 🔁 Switched page size to 2048 KB at cycle 1334500000
[PTW] 🔁 Switched page size to 4 KB at cycle 1335000000
[PTW] 🔁 Switched page size to 2048 KB at cycle 1335500000
[PTW] 🔁 Switched page size to 4 KB at cycle 1336000000
[PTW] 🔁 Switched page size to 2048 KB at cycle 1336500000
[PTW] 🔁 Switched page size to 4 KB at cycle 1337000000
[PTW] 🔁 Switched page size to 2048 KB at cycle 1337500000
[PTW] 🔁 Switched page size to 4 KB at cycle 1338000000
[PTW] 🔁 Switched page size to 2048 KB at cycle 1338500000
[PTW] 🔁 Switched page size to 4 KB at cycle 1339000000
[PTW] 🔁 Switched page size to 2048 KB at cycle 1339500000
[PTW] 🔁 Switched page size to 4 KB at cycle 1340000000
[PTW] 🔁 Switched page size to 2048 KB at cycle 1340500000
[PTW] 🔁 Switched page size to 4 KB at cycle 1341000000
[PTW] 🔁 Switched page size to 2048 KB at cycle 1341500000
[PTW] 🔁 Switched page size to 4 KB at cycle 1342000000
[PTW] 🔁 Switched page size to 2048 KB at cycle 1342500000
[PTW] 🔁 Switched page size to 4 KB at cycle 1343000000
[PTW] 🔁 Switched page size to 2048 KB at cycle 1343500000
[PTW] 🔁 Switched page size to 4 KB at cycle 1344000000
[PTW] 🔁 Switched page size to 2048 KB at cycle 1344500000
[PTW] 🔁 Switched page size to 4 KB at cycle 1345000000
[PTW] 🔁 Switched page size to 2048 KB at cycle 1345500000
[PTW] 🔁 Switched page size to 4 KB at cycle 1346000000
[PTW] 🔁 Switched page size to 2048 KB at cycle 1346500000
[PTW] 🔁 Switched page size to 4 KB at cycle 1347000000
[PTW] 🔁 Switched page size to 2048 KB at cycle 1347500000
[PTW] 🔁 Switched page size to 4 KB at cycle 1348000000
[PTW] 🔁 Switched page size to 2048 KB at cycle 1348500000
[PTW] 🔁 Switched page size to 4 KB at cycle 1349000000
[PTW] 🔁 Switched page size to 2048 KB at cycle 1349500000
[PTW] 🔁 Switched page size to 4 KB at cycle 1350000000
[PTW] 🔁 Switched page size to 2048 KB at cycle 1350500000
[PTW] 🔁 Switched page size to 4 KB at cycle 1351000000
[PTW] 🔁 Switched page size to 2048 KB at cycle 1351500000
[PTW] 🔁 Switched page size to 4 KB at cycle 1352000000
[PTW] 🔁 Switched page size to 2048 KB at cycle 1352500000
[PTW] 🔁 Switched page size to 4 KB at cycle 1353000000
[PTW] 🔁 Switched page size to 2048 KB at cycle 1353500000
[PTW] 🔁 Switched page size to 4 KB at cycle 1354000000
[PTW] 🔁 Switched page size to 2048 KB at cycle 1354500000
[PTW] 🔁 Switched page size to 4 KB at cycle 1355000000
[PTW] 🔁 Switched page size to 2048 KB at cycle 1355500000
[PTW] 🔁 Switched page size to 4 KB at cycle 1356000000
[PTW] 🔁 Switched page size to 2048 KB at cycle 1356500000
[PTW] 🔁 Switched page size to 4 KB at cycle 1357000000
[PTW] 🔁 Switched page size to 2048 KB at cycle 1357500000
[PTW] 🔁 Switched page size to 4 KB at cycle 1358000000
[PTW] 🔁 Switched page size to 2048 KB at cycle 1358500000
[PTW] 🔁 Switched page size to 4 KB at cycle 1359000000
[PTW] 🔁 Switched page size to 2048 KB at cycle 1359500000
[PTW] 🔁 Switched page size to 4 KB at cycle 1360000000
[PTW] 🔁 Switched page size to 2048 KB at cycle 1360500000
[PTW] 🔁 Switched page size to 4 KB at cycle 1361000000
[PTW] 🔁 Switched page size to 2048 KB at cycle 1361500000
[PTW] 🔁 Switched page size to 4 KB at cycle 1362000000
[PTW] 🔁 Switched page size to 2048 KB at cycle 1362500000
[PTW] 🔁 Switched page size to 4 KB at cycle 1363000000
[PTW] 🔁 Switched page size to 2048 KB at cycle 1363500000
[PTW] 🔁 Switched page size to 4 KB at cycle 1364000000
[PTW] 🔁 Switched page size to 2048 KB at cycle 1364500000
[PTW] 🔁 Switched page size to 4 KB at cycle 1365000000
[PTW] 🔁 Switched page size to 2048 KB at cycle 1365500000
[PTW] 🔁 Switched page size to 4 KB at cycle 1366000000
[PTW] 🔁 Switched page size to 2048 KB at cycle 1366500000
[PTW] 🔁 Switched page size to 4 KB at cycle 1367000000
[PTW] 🔁 Switched page size to 2048 KB at cycle 1367500000
[PTW] 🔁 Switched page size to 4 KB at cycle 1368000000
[PTW] 🔁 Switched page size to 2048 KB at cycle 1368500000
[PTW] 🔁 Switched page size to 4 KB at cycle 1369000000
[PTW] 🔁 Switched page size to 2048 KB at cycle 1369500000
[PTW] 🔁 Switched page size to 4 KB at cycle 1370000000
[PTW] 🔁 Switched page size to 2048 KB at cycle 1370500000
[PTW] 🔁 Switched page size to 4 KB at cycle 1371000000
[PTW] 🔁 Switched page size to 2048 KB at cycle 1371500000
[PTW] 🔁 Switched page size to 4 KB at cycle 1372000000
[PTW] 🔁 Switched page size to 2048 KB at cycle 1372500000
[PTW] 🔁 Switched page size to 4 KB at cycle 1373000000
[PTW] 🔁 Switched page size to 2048 KB at cycle 1373500000
[PTW] 🔁 Switched page size to 4 KB at cycle 1374000000
[PTW] 🔁 Switched page size to 2048 KB at cycle 1374500000
[PTW] 🔁 Switched page size to 4 KB at cycle 1375000000
[PTW] 🔁 Switched page size to 2048 KB at cycle 1375500000
[PTW] 🔁 Switched page size to 4 KB at cycle 1376000000
[PTW] 🔁 Switched page size to 2048 KB at cycle 1376500000
[PTW] 🔁 Switched page size to 4 KB at cycle 1377000000
[PTW] 🔁 Switched page size to 2048 KB at cycle 1377500000
[PTW] 🔁 Switched page size to 4 KB at cycle 1378000000
[PTW] 🔁 Switched page size to 2048 KB at cycle 1378500000
[PTW] 🔁 Switched page size to 4 KB at cycle 1379000000
[PTW] 🔁 Switched page size to 2048 KB at cycle 1379500000
[PTW] 🔁 Switched page size to 4 KB at cycle 1380000000
[PTW] 🔁 Switched page size to 2048 KB at cycle 1380500000
[PTW] 🔁 Switched page size to 4 KB at cycle 1381000000
[PTW] 🔁 Switched page size to 2048 KB at cycle 1381500000
[PTW] 🔁 Switched page size to 4 KB at cycle 1382000000
[PTW] 🔁 Switched page size to 2048 KB at cycle 1382500000
[PTW] 🔁 Switched page size to 4 KB at cycle 1383000000
[PTW] 🔁 Switched page size to 2048 KB at cycle 1383500000
[PTW] 🔁 Switched page size to 4 KB at cycle 1384000000
[PTW] 🔁 Switched page size to 2048 KB at cycle 1384500000
[PTW] 🔁 Switched page size to 4 KB at cycle 1385000000
[PTW] 🔁 Switched page size to 2048 KB at cycle 1385500000
[PTW] 🔁 Switched page size to 4 KB at cycle 1386000000
[PTW] 🔁 Switched page size to 2048 KB at cycle 1386500000
Heartbeat CPU 0 instructions: 360000002 cycles: 1386568303 heartbeat IPC: 0.126807 cumulative IPC: 0.119876 (Simulation time: 7 hr 44 min 6 sec) 
[PTW] 🔁 Switched page size to 4 KB at cycle 1387000000
[PTW] 🔁 Switched page size to 2048 KB at cycle 1387500000
[PTW] 🔁 Switched page size to 4 KB at cycle 1388000000
[PTW] 🔁 Switched page size to 2048 KB at cycle 1388500000
[PTW] 🔁 Switched page size to 4 KB at cycle 1389000000
[PTW] 🔁 Switched page size to 2048 KB at cycle 1389500000
[PTW] 🔁 Switched page size to 4 KB at cycle 1390000000
[PTW] 🔁 Switched page size to 2048 KB at cycle 1390500000
[PTW] 🔁 Switched page size to 4 KB at cycle 1391000000
[PTW] 🔁 Switched page size to 2048 KB at cycle 1391500000
[PTW] 🔁 Switched page size to 4 KB at cycle 1392000000
[PTW] 🔁 Switched page size to 2048 KB at cycle 1392500000
[PTW] 🔁 Switched page size to 4 KB at cycle 1393000000
[PTW] 🔁 Switched page size to 2048 KB at cycle 1393500000
[PTW] 🔁 Switched page size to 4 KB at cycle 1394000000
[PTW] 🔁 Switched page size to 2048 KB at cycle 1394500000
[PTW] 🔁 Switched page size to 4 KB at cycle 1395000000
[PTW] 🔁 Switched page size to 2048 KB at cycle 1395500000
[PTW] 🔁 Switched page size to 4 KB at cycle 1396000000
[PTW] 🔁 Switched page size to 2048 KB at cycle 1396500000
[PTW] 🔁 Switched page size to 4 KB at cycle 1397000000
[PTW] 🔁 Switched page size to 2048 KB at cycle 1397500000
[PTW] 🔁 Switched page size to 4 KB at cycle 1398000000
[PTW] 🔁 Switched page size to 2048 KB at cycle 1398500000
[PTW] 🔁 Switched page size to 4 KB at cycle 1399000000
[PTW] 🔁 Switched page size to 2048 KB at cycle 1399500000
[PTW] 🔁 Switched page size to 4 KB at cycle 1400000000
[PTW] 🔁 Switched page size to 2048 KB at cycle 1400500000
[PTW] 🔁 Switched page size to 4 KB at cycle 1401000000
[PTW] 🔁 Switched page size to 2048 KB at cycle 1401500000
[PTW] 🔁 Switched page size to 4 KB at cycle 1402000000
[PTW] 🔁 Switched page size to 2048 KB at cycle 1402500000
[PTW] 🔁 Switched page size to 4 KB at cycle 1403000000
[PTW] 🔁 Switched page size to 2048 KB at cycle 1403500000
[PTW] 🔁 Switched page size to 4 KB at cycle 1404000000
[PTW] 🔁 Switched page size to 2048 KB at cycle 1404500000
[PTW] 🔁 Switched page size to 4 KB at cycle 1405000000
[PTW] 🔁 Switched page size to 2048 KB at cycle 1405500000
[PTW] 🔁 Switched page size to 4 KB at cycle 1406000000
[PTW] 🔁 Switched page size to 2048 KB at cycle 1406500000
[PTW] 🔁 Switched page size to 4 KB at cycle 1407000000
[PTW] 🔁 Switched page size to 2048 KB at cycle 1407500000
[PTW] 🔁 Switched page size to 4 KB at cycle 1408000000
[PTW] 🔁 Switched page size to 2048 KB at cycle 1408500000
[PTW] 🔁 Switched page size to 4 KB at cycle 1409000000
[PTW] 🔁 Switched page size to 2048 KB at cycle 1409500000
[PTW] 🔁 Switched page size to 4 KB at cycle 1410000000
[PTW] 🔁 Switched page size to 2048 KB at cycle 1410500000
[PTW] 🔁 Switched page size to 4 KB at cycle 1411000000
[PTW] 🔁 Switched page size to 2048 KB at cycle 1411500000
[PTW] 🔁 Switched page size to 4 KB at cycle 1412000000
[PTW] 🔁 Switched page size to 2048 KB at cycle 1412500000
[PTW] 🔁 Switched page size to 4 KB at cycle 1413000000
[PTW] 🔁 Switched page size to 2048 KB at cycle 1413500000
[PTW] 🔁 Switched page size to 4 KB at cycle 1414000000
[PTW] 🔁 Switched page size to 2048 KB at cycle 1414500000
[PTW] 🔁 Switched page size to 4 KB at cycle 1415000000
[PTW] 🔁 Switched page size to 2048 KB at cycle 1415500000
[PTW] 🔁 Switched page size to 4 KB at cycle 1416000000
[PTW] 🔁 Switched page size to 2048 KB at cycle 1416500000
[PTW] 🔁 Switched page size to 4 KB at cycle 1417000000
[PTW] 🔁 Switched page size to 2048 KB at cycle 1417500000
[PTW] 🔁 Switched page size to 4 KB at cycle 1418000000
[PTW] 🔁 Switched page size to 2048 KB at cycle 1418500000
[PTW] 🔁 Switched page size to 4 KB at cycle 1419000000
[PTW] 🔁 Switched page size to 2048 KB at cycle 1419500000
[PTW] 🔁 Switched page size to 4 KB at cycle 1420000000
[PTW] 🔁 Switched page size to 2048 KB at cycle 1420500000
[PTW] 🔁 Switched page size to 4 KB at cycle 1421000000
[PTW] 🔁 Switched page size to 2048 KB at cycle 1421500000
[PTW] 🔁 Switched page size to 4 KB at cycle 1422000000
[PTW] 🔁 Switched page size to 2048 KB at cycle 1422500000
[PTW] 🔁 Switched page size to 4 KB at cycle 1423000000
[PTW] 🔁 Switched page size to 2048 KB at cycle 1423500000
[PTW] 🔁 Switched page size to 4 KB at cycle 1424000000
[PTW] 🔁 Switched page size to 2048 KB at cycle 1424500000
[PTW] 🔁 Switched page size to 4 KB at cycle 1425000000
[PTW] 🔁 Switched page size to 2048 KB at cycle 1425500000
[PTW] 🔁 Switched page size to 4 KB at cycle 1426000000
[PTW] 🔁 Switched page size to 2048 KB at cycle 1426500000
[PTW] 🔁 Switched page size to 4 KB at cycle 1427000000
[PTW] 🔁 Switched page size to 2048 KB at cycle 1427500000
[PTW] 🔁 Switched page size to 4 KB at cycle 1428000000
[PTW] 🔁 Switched page size to 2048 KB at cycle 1428500000
[PTW] 🔁 Switched page size to 4 KB at cycle 1429000000
[PTW] 🔁 Switched page size to 2048 KB at cycle 1429500000
[PTW] 🔁 Switched page size to 4 KB at cycle 1430000000
[PTW] 🔁 Switched page size to 2048 KB at cycle 1430500000
[PTW] 🔁 Switched page size to 4 KB at cycle 1431000000
[PTW] 🔁 Switched page size to 2048 KB at cycle 1431500000
[PTW] 🔁 Switched page size to 4 KB at cycle 1432000000
[PTW] 🔁 Switched page size to 2048 KB at cycle 1432500000
[PTW] 🔁 Switched page size to 4 KB at cycle 1433000000
[PTW] 🔁 Switched page size to 2048 KB at cycle 1433500000
[PTW] 🔁 Switched page size to 4 KB at cycle 1434000000
[PTW] 🔁 Switched page size to 2048 KB at cycle 1434500000
[PTW] 🔁 Switched page size to 4 KB at cycle 1435000000
[PTW] 🔁 Switched page size to 2048 KB at cycle 1435500000
[PTW] 🔁 Switched page size to 4 KB at cycle 1436000000
[PTW] 🔁 Switched page size to 2048 KB at cycle 1436500000
[PTW] 🔁 Switched page size to 4 KB at cycle 1437000000
[PTW] 🔁 Switched page size to 2048 KB at cycle 1437500000
[PTW] 🔁 Switched page size to 4 KB at cycle 1438000000
[PTW] 🔁 Switched page size to 2048 KB at cycle 1438500000
[PTW] 🔁 Switched page size to 4 KB at cycle 1439000000
[PTW] 🔁 Switched page size to 2048 KB at cycle 1439500000
[PTW] 🔁 Switched page size to 4 KB at cycle 1440000000
[PTW] 🔁 Switched page size to 2048 KB at cycle 1440500000
[PTW] 🔁 Switched page size to 4 KB at cycle 1441000000
[PTW] 🔁 Switched page size to 2048 KB at cycle 1441500000
[PTW] 🔁 Switched page size to 4 KB at cycle 1442000000
[PTW] 🔁 Switched page size to 2048 KB at cycle 1442500000
[PTW] 🔁 Switched page size to 4 KB at cycle 1443000000
[PTW] 🔁 Switched page size to 2048 KB at cycle 1443500000
[PTW] 🔁 Switched page size to 4 KB at cycle 1444000000
[PTW] 🔁 Switched page size to 2048 KB at cycle 1444500000
[PTW] 🔁 Switched page size to 4 KB at cycle 1445000000
[PTW] 🔁 Switched page size to 2048 KB at cycle 1445500000
[PTW] 🔁 Switched page size to 4 KB at cycle 1446000000
[PTW] 🔁 Switched page size to 2048 KB at cycle 1446500000
[PTW] 🔁 Switched page size to 4 KB at cycle 1447000000
[PTW] 🔁 Switched page size to 2048 KB at cycle 1447500000
[PTW] 🔁 Switched page size to 4 KB at cycle 1448000000
[PTW] 🔁 Switched page size to 2048 KB at cycle 1448500000
[PTW] 🔁 Switched page size to 4 KB at cycle 1449000000
[PTW] 🔁 Switched page size to 2048 KB at cycle 1449500000
[PTW] 🔁 Switched page size to 4 KB at cycle 1450000000
[PTW] 🔁 Switched page size to 2048 KB at cycle 1450500000
[PTW] 🔁 Switched page size to 4 KB at cycle 1451000000
[PTW] 🔁 Switched page size to 2048 KB at cycle 1451500000
[PTW] 🔁 Switched page size to 4 KB at cycle 1452000000
[PTW] 🔁 Switched page size to 2048 KB at cycle 1452500000
[PTW] 🔁 Switched page size to 4 KB at cycle 1453000000
[PTW] 🔁 Switched page size to 2048 KB at cycle 1453500000
[PTW] 🔁 Switched page size to 4 KB at cycle 1454000000
[PTW] 🔁 Switched page size to 2048 KB at cycle 1454500000
[PTW] 🔁 Switched page size to 4 KB at cycle 1455000000
[PTW] 🔁 Switched page size to 2048 KB at cycle 1455500000
[PTW] 🔁 Switched page size to 4 KB at cycle 1456000000
[PTW] 🔁 Switched page size to 2048 KB at cycle 1456500000
[PTW] 🔁 Switched page size to 4 KB at cycle 1457000000
[PTW] 🔁 Switched page size to 2048 KB at cycle 1457500000
[PTW] 🔁 Switched page size to 4 KB at cycle 1458000000
[PTW] 🔁 Switched page size to 2048 KB at cycle 1458500000
[PTW] 🔁 Switched page size to 4 KB at cycle 1459000000
[PTW] 🔁 Switched page size to 2048 KB at cycle 1459500000
[PTW] 🔁 Switched page size to 4 KB at cycle 1460000000
[PTW] 🔁 Switched page size to 2048 KB at cycle 1460500000
[PTW] 🔁 Switched page size to 4 KB at cycle 1461000000
[PTW] 🔁 Switched page size to 2048 KB at cycle 1461500000
[PTW] 🔁 Switched page size to 4 KB at cycle 1462000000
[PTW] 🔁 Switched page size to 2048 KB at cycle 1462500000
[PTW] 🔁 Switched page size to 4 KB at cycle 1463000000
[PTW] 🔁 Switched page size to 2048 KB at cycle 1463500000
[PTW] 🔁 Switched page size to 4 KB at cycle 1464000000
[PTW] 🔁 Switched page size to 2048 KB at cycle 1464500000
[PTW] 🔁 Switched page size to 4 KB at cycle 1465000000
[PTW] 🔁 Switched page size to 2048 KB at cycle 1465500000
[PTW] 🔁 Switched page size to 4 KB at cycle 1466000000
[PTW] 🔁 Switched page size to 2048 KB at cycle 1466500000
[PTW] 🔁 Switched page size to 4 KB at cycle 1467000000
[PTW] 🔁 Switched page size to 2048 KB at cycle 1467500000
[PTW] 🔁 Switched page size to 4 KB at cycle 1468000000
[PTW] 🔁 Switched page size to 2048 KB at cycle 1468500000
[PTW] 🔁 Switched page size to 4 KB at cycle 1469000000
[PTW] 🔁 Switched page size to 2048 KB at cycle 1469500000
[PTW] 🔁 Switched page size to 4 KB at cycle 1470000000
[PTW] 🔁 Switched page size to 2048 KB at cycle 1470500000
[PTW] 🔁 Switched page size to 4 KB at cycle 1471000000
[PTW] 🔁 Switched page size to 2048 KB at cycle 1471500000
[PTW] 🔁 Switched page size to 4 KB at cycle 1472000000
Heartbeat CPU 0 instructions: 370000001 cycles: 1472422629 heartbeat IPC: 0.116477 cumulative IPC: 0.11967 (Simulation time: 7 hr 53 min 33 sec) 
[PTW] 🔁 Switched page size to 2048 KB at cycle 1472500000
[PTW] 🔁 Switched page size to 4 KB at cycle 1473000000
[PTW] 🔁 Switched page size to 2048 KB at cycle 1473500000
[PTW] 🔁 Switched page size to 4 KB at cycle 1474000000
[PTW] 🔁 Switched page size to 2048 KB at cycle 1474500000
[PTW] 🔁 Switched page size to 4 KB at cycle 1475000000
[PTW] 🔁 Switched page size to 2048 KB at cycle 1475500000
[PTW] 🔁 Switched page size to 4 KB at cycle 1476000000
[PTW] 🔁 Switched page size to 2048 KB at cycle 1476500000
[PTW] 🔁 Switched page size to 4 KB at cycle 1477000000
[PTW] 🔁 Switched page size to 2048 KB at cycle 1477500000
[PTW] 🔁 Switched page size to 4 KB at cycle 1478000000
[PTW] 🔁 Switched page size to 2048 KB at cycle 1478500000
[PTW] 🔁 Switched page size to 4 KB at cycle 1479000000
[PTW] 🔁 Switched page size to 2048 KB at cycle 1479500000
[PTW] 🔁 Switched page size to 4 KB at cycle 1480000000
[PTW] 🔁 Switched page size to 2048 KB at cycle 1480500000
[PTW] 🔁 Switched page size to 4 KB at cycle 1481000000
[PTW] 🔁 Switched page size to 2048 KB at cycle 1481500000
[PTW] 🔁 Switched page size to 4 KB at cycle 1482000000
[PTW] 🔁 Switched page size to 2048 KB at cycle 1482500000
[PTW] 🔁 Switched page size to 4 KB at cycle 1483000000
[PTW] 🔁 Switched page size to 2048 KB at cycle 1483500000
[PTW] 🔁 Switched page size to 4 KB at cycle 1484000000
[PTW] 🔁 Switched page size to 2048 KB at cycle 1484500000
[PTW] 🔁 Switched page size to 4 KB at cycle 1485000000
[PTW] 🔁 Switched page size to 2048 KB at cycle 1485500000
[PTW] 🔁 Switched page size to 4 KB at cycle 1486000000
[PTW] 🔁 Switched page size to 2048 KB at cycle 1486500000
[PTW] 🔁 Switched page size to 4 KB at cycle 1487000000
[PTW] 🔁 Switched page size to 2048 KB at cycle 1487500000
[PTW] 🔁 Switched page size to 4 KB at cycle 1488000000
[PTW] 🔁 Switched page size to 2048 KB at cycle 1488500000
[PTW] 🔁 Switched page size to 4 KB at cycle 1489000000
[PTW] 🔁 Switched page size to 2048 KB at cycle 1489500000
[PTW] 🔁 Switched page size to 4 KB at cycle 1490000000
[PTW] 🔁 Switched page size to 2048 KB at cycle 1490500000
[PTW] 🔁 Switched page size to 4 KB at cycle 1491000000
[PTW] 🔁 Switched page size to 2048 KB at cycle 1491500000
[PTW] 🔁 Switched page size to 4 KB at cycle 1492000000
[PTW] 🔁 Switched page size to 2048 KB at cycle 1492500000
[PTW] 🔁 Switched page size to 4 KB at cycle 1493000000
[PTW] 🔁 Switched page size to 2048 KB at cycle 1493500000
[PTW] 🔁 Switched page size to 4 KB at cycle 1494000000
[PTW] 🔁 Switched page size to 2048 KB at cycle 1494500000
[PTW] 🔁 Switched page size to 4 KB at cycle 1495000000
[PTW] 🔁 Switched page size to 2048 KB at cycle 1495500000
[PTW] 🔁 Switched page size to 4 KB at cycle 1496000000
[PTW] 🔁 Switched page size to 2048 KB at cycle 1496500000
[PTW] 🔁 Switched page size to 4 KB at cycle 1497000000
[PTW] 🔁 Switched page size to 2048 KB at cycle 1497500000
[PTW] 🔁 Switched page size to 4 KB at cycle 1498000000
[PTW] 🔁 Switched page size to 2048 KB at cycle 1498500000
[PTW] 🔁 Switched page size to 4 KB at cycle 1499000000
[PTW] 🔁 Switched page size to 2048 KB at cycle 1499500000
[PTW] 🔁 Switched page size to 4 KB at cycle 1500000000
[PTW] 🔁 Switched page size to 2048 KB at cycle 1500500000
[PTW] 🔁 Switched page size to 4 KB at cycle 1501000000
[PTW] 🔁 Switched page size to 2048 KB at cycle 1501500000
[PTW] 🔁 Switched page size to 4 KB at cycle 1502000000
[PTW] 🔁 Switched page size to 2048 KB at cycle 1502500000
[PTW] 🔁 Switched page size to 4 KB at cycle 1503000000
[PTW] 🔁 Switched page size to 2048 KB at cycle 1503500000
[PTW] 🔁 Switched page size to 4 KB at cycle 1504000000
[PTW] 🔁 Switched page size to 2048 KB at cycle 1504500000
[PTW] 🔁 Switched page size to 4 KB at cycle 1505000000
[PTW] 🔁 Switched page size to 2048 KB at cycle 1505500000
[PTW] 🔁 Switched page size to 4 KB at cycle 1506000000
[PTW] 🔁 Switched page size to 2048 KB at cycle 1506500000
[PTW] 🔁 Switched page size to 4 KB at cycle 1507000000
[PTW] 🔁 Switched page size to 2048 KB at cycle 1507500000
[PTW] 🔁 Switched page size to 4 KB at cycle 1508000000
[PTW] 🔁 Switched page size to 2048 KB at cycle 1508500000
[PTW] 🔁 Switched page size to 4 KB at cycle 1509000000
[PTW] 🔁 Switched page size to 2048 KB at cycle 1509500000
[PTW] 🔁 Switched page size to 4 KB at cycle 1510000000
[PTW] 🔁 Switched page size to 2048 KB at cycle 1510500000
[PTW] 🔁 Switched page size to 4 KB at cycle 1511000000
[PTW] 🔁 Switched page size to 2048 KB at cycle 1511500000
[PTW] 🔁 Switched page size to 4 KB at cycle 1512000000
[PTW] 🔁 Switched page size to 2048 KB at cycle 1512500000
[PTW] 🔁 Switched page size to 4 KB at cycle 1513000000
[PTW] 🔁 Switched page size to 2048 KB at cycle 1513500000
[PTW] 🔁 Switched page size to 4 KB at cycle 1514000000
[PTW] 🔁 Switched page size to 2048 KB at cycle 1514500000
[PTW] 🔁 Switched page size to 4 KB at cycle 1515000000
[PTW] 🔁 Switched page size to 2048 KB at cycle 1515500000
[PTW] 🔁 Switched page size to 4 KB at cycle 1516000000
[PTW] 🔁 Switched page size to 2048 KB at cycle 1516500000
[PTW] 🔁 Switched page size to 4 KB at cycle 1517000000
[PTW] 🔁 Switched page size to 2048 KB at cycle 1517500000
[PTW] 🔁 Switched page size to 4 KB at cycle 1518000000
[PTW] 🔁 Switched page size to 2048 KB at cycle 1518500000
[PTW] 🔁 Switched page size to 4 KB at cycle 1519000000
[PTW] 🔁 Switched page size to 2048 KB at cycle 1519500000
[PTW] 🔁 Switched page size to 4 KB at cycle 1520000000
[PTW] 🔁 Switched page size to 2048 KB at cycle 1520500000
[PTW] 🔁 Switched page size to 4 KB at cycle 1521000000
[PTW] 🔁 Switched page size to 2048 KB at cycle 1521500000
[PTW] 🔁 Switched page size to 4 KB at cycle 1522000000
[PTW] 🔁 Switched page size to 2048 KB at cycle 1522500000
[PTW] 🔁 Switched page size to 4 KB at cycle 1523000000
[PTW] 🔁 Switched page size to 2048 KB at cycle 1523500000
[PTW] 🔁 Switched page size to 4 KB at cycle 1524000000
[PTW] 🔁 Switched page size to 2048 KB at cycle 1524500000
[PTW] 🔁 Switched page size to 4 KB at cycle 1525000000
[PTW] 🔁 Switched page size to 2048 KB at cycle 1525500000
[PTW] 🔁 Switched page size to 4 KB at cycle 1526000000
[PTW] 🔁 Switched page size to 2048 KB at cycle 1526500000
[PTW] 🔁 Switched page size to 4 KB at cycle 1527000000
[PTW] 🔁 Switched page size to 2048 KB at cycle 1527500000
[PTW] 🔁 Switched page size to 4 KB at cycle 1528000000
[PTW] 🔁 Switched page size to 2048 KB at cycle 1528500000
[PTW] 🔁 Switched page size to 4 KB at cycle 1529000000
[PTW] 🔁 Switched page size to 2048 KB at cycle 1529500000
[PTW] 🔁 Switched page size to 4 KB at cycle 1530000000
[PTW] 🔁 Switched page size to 2048 KB at cycle 1530500000
[PTW] 🔁 Switched page size to 4 KB at cycle 1531000000
[PTW] 🔁 Switched page size to 2048 KB at cycle 1531500000
[PTW] 🔁 Switched page size to 4 KB at cycle 1532000000
[PTW] 🔁 Switched page size to 2048 KB at cycle 1532500000
[PTW] 🔁 Switched page size to 4 KB at cycle 1533000000
[PTW] 🔁 Switched page size to 2048 KB at cycle 1533500000
[PTW] 🔁 Switched page size to 4 KB at cycle 1534000000
[PTW] 🔁 Switched page size to 2048 KB at cycle 1534500000
[PTW] 🔁 Switched page size to 4 KB at cycle 1535000000
[PTW] 🔁 Switched page size to 2048 KB at cycle 1535500000
[PTW] 🔁 Switched page size to 4 KB at cycle 1536000000
[PTW] 🔁 Switched page size to 2048 KB at cycle 1536500000
[PTW] 🔁 Switched page size to 4 KB at cycle 1537000000
[PTW] 🔁 Switched page size to 2048 KB at cycle 1537500000
[PTW] 🔁 Switched page size to 4 KB at cycle 1538000000
[PTW] 🔁 Switched page size to 2048 KB at cycle 1538500000
[PTW] 🔁 Switched page size to 4 KB at cycle 1539000000
[PTW] 🔁 Switched page size to 2048 KB at cycle 1539500000
[PTW] 🔁 Switched page size to 4 KB at cycle 1540000000
[PTW] 🔁 Switched page size to 2048 KB at cycle 1540500000
[PTW] 🔁 Switched page size to 4 KB at cycle 1541000000
[PTW] 🔁 Switched page size to 2048 KB at cycle 1541500000
[PTW] 🔁 Switched page size to 4 KB at cycle 1542000000
[PTW] 🔁 Switched page size to 2048 KB at cycle 1542500000
[PTW] 🔁 Switched page size to 4 KB at cycle 1543000000
[PTW] 🔁 Switched page size to 2048 KB at cycle 1543500000
[PTW] 🔁 Switched page size to 4 KB at cycle 1544000000
[PTW] 🔁 Switched page size to 2048 KB at cycle 1544500000
[PTW] 🔁 Switched page size to 4 KB at cycle 1545000000
[PTW] 🔁 Switched page size to 2048 KB at cycle 1545500000
[PTW] 🔁 Switched page size to 4 KB at cycle 1546000000
[PTW] 🔁 Switched page size to 2048 KB at cycle 1546500000
[PTW] 🔁 Switched page size to 4 KB at cycle 1547000000
[PTW] 🔁 Switched page size to 2048 KB at cycle 1547500000
[PTW] 🔁 Switched page size to 4 KB at cycle 1548000000
[PTW] 🔁 Switched page size to 2048 KB at cycle 1548500000
[PTW] 🔁 Switched page size to 4 KB at cycle 1549000000
[PTW] 🔁 Switched page size to 2048 KB at cycle 1549500000
[PTW] 🔁 Switched page size to 4 KB at cycle 1550000000
[PTW] 🔁 Switched page size to 2048 KB at cycle 1550500000
[PTW] 🔁 Switched page size to 4 KB at cycle 1551000000
[PTW] 🔁 Switched page size to 2048 KB at cycle 1551500000
[PTW] 🔁 Switched page size to 4 KB at cycle 1552000000
Heartbeat CPU 0 instructions: 380000001 cycles: 1552291970 heartbeat IPC: 0.125205 cumulative IPC: 0.119965 (Simulation time: 8 hr 2 min 43 sec) 
[PTW] 🔁 Switched page size to 2048 KB at cycle 1552500000
[PTW] 🔁 Switched page size to 4 KB at cycle 1553000000
[PTW] 🔁 Switched page size to 2048 KB at cycle 1553500000
[PTW] 🔁 Switched page size to 4 KB at cycle 1554000000
[PTW] 🔁 Switched page size to 2048 KB at cycle 1554500000
[PTW] 🔁 Switched page size to 4 KB at cycle 1555000000
[PTW] 🔁 Switched page size to 2048 KB at cycle 1555500000
[PTW] 🔁 Switched page size to 4 KB at cycle 1556000000
[PTW] 🔁 Switched page size to 2048 KB at cycle 1556500000
[PTW] 🔁 Switched page size to 4 KB at cycle 1557000000
[PTW] 🔁 Switched page size to 2048 KB at cycle 1557500000
[PTW] 🔁 Switched page size to 4 KB at cycle 1558000000
[PTW] 🔁 Switched page size to 2048 KB at cycle 1558500000
[PTW] 🔁 Switched page size to 4 KB at cycle 1559000000
[PTW] 🔁 Switched page size to 2048 KB at cycle 1559500000
[PTW] 🔁 Switched page size to 4 KB at cycle 1560000000
[PTW] 🔁 Switched page size to 2048 KB at cycle 1560500000
[PTW] 🔁 Switched page size to 4 KB at cycle 1561000000
[PTW] 🔁 Switched page size to 2048 KB at cycle 1561500000
[PTW] 🔁 Switched page size to 4 KB at cycle 1562000000
[PTW] 🔁 Switched page size to 2048 KB at cycle 1562500000
[PTW] 🔁 Switched page size to 4 KB at cycle 1563000000
[PTW] 🔁 Switched page size to 2048 KB at cycle 1563500000
[PTW] 🔁 Switched page size to 4 KB at cycle 1564000000
[PTW] 🔁 Switched page size to 2048 KB at cycle 1564500000
[PTW] 🔁 Switched page size to 4 KB at cycle 1565000000
[PTW] 🔁 Switched page size to 2048 KB at cycle 1565500000
[PTW] 🔁 Switched page size to 4 KB at cycle 1566000000
[PTW] 🔁 Switched page size to 2048 KB at cycle 1566500000
[PTW] 🔁 Switched page size to 4 KB at cycle 1567000000
[PTW] 🔁 Switched page size to 2048 KB at cycle 1567500000
[PTW] 🔁 Switched page size to 4 KB at cycle 1568000000
[PTW] 🔁 Switched page size to 2048 KB at cycle 1568500000
[PTW] 🔁 Switched page size to 4 KB at cycle 1569000000
[PTW] 🔁 Switched page size to 2048 KB at cycle 1569500000
[PTW] 🔁 Switched page size to 4 KB at cycle 1570000000
[PTW] 🔁 Switched page size to 2048 KB at cycle 1570500000
[PTW] 🔁 Switched page size to 4 KB at cycle 1571000000
[PTW] 🔁 Switched page size to 2048 KB at cycle 1571500000
[PTW] 🔁 Switched page size to 4 KB at cycle 1572000000
[PTW] 🔁 Switched page size to 2048 KB at cycle 1572500000
[PTW] 🔁 Switched page size to 4 KB at cycle 1573000000
[PTW] 🔁 Switched page size to 2048 KB at cycle 1573500000
[PTW] 🔁 Switched page size to 4 KB at cycle 1574000000
[PTW] 🔁 Switched page size to 2048 KB at cycle 1574500000
[PTW] 🔁 Switched page size to 4 KB at cycle 1575000000
[PTW] 🔁 Switched page size to 2048 KB at cycle 1575500000
[PTW] 🔁 Switched page size to 4 KB at cycle 1576000000
[PTW] 🔁 Switched page size to 2048 KB at cycle 1576500000
[PTW] 🔁 Switched page size to 4 KB at cycle 1577000000
[PTW] 🔁 Switched page size to 2048 KB at cycle 1577500000
[PTW] 🔁 Switched page size to 4 KB at cycle 1578000000
[PTW] 🔁 Switched page size to 2048 KB at cycle 1578500000
[PTW] 🔁 Switched page size to 4 KB at cycle 1579000000
[PTW] 🔁 Switched page size to 2048 KB at cycle 1579500000
[PTW] 🔁 Switched page size to 4 KB at cycle 1580000000
[PTW] 🔁 Switched page size to 2048 KB at cycle 1580500000
[PTW] 🔁 Switched page size to 4 KB at cycle 1581000000
[PTW] 🔁 Switched page size to 2048 KB at cycle 1581500000
[PTW] 🔁 Switched page size to 4 KB at cycle 1582000000
[PTW] 🔁 Switched page size to 2048 KB at cycle 1582500000
[PTW] 🔁 Switched page size to 4 KB at cycle 1583000000
[PTW] 🔁 Switched page size to 2048 KB at cycle 1583500000
[PTW] 🔁 Switched page size to 4 KB at cycle 1584000000
[PTW] 🔁 Switched page size to 2048 KB at cycle 1584500000
[PTW] 🔁 Switched page size to 4 KB at cycle 1585000000
[PTW] 🔁 Switched page size to 2048 KB at cycle 1585500000
[PTW] 🔁 Switched page size to 4 KB at cycle 1586000000
[PTW] 🔁 Switched page size to 2048 KB at cycle 1586500000
[PTW] 🔁 Switched page size to 4 KB at cycle 1587000000
[PTW] 🔁 Switched page size to 2048 KB at cycle 1587500000
[PTW] 🔁 Switched page size to 4 KB at cycle 1588000000
[PTW] 🔁 Switched page size to 2048 KB at cycle 1588500000
[PTW] 🔁 Switched page size to 4 KB at cycle 1589000000
[PTW] 🔁 Switched page size to 2048 KB at cycle 1589500000
[PTW] 🔁 Switched page size to 4 KB at cycle 1590000000
[PTW] 🔁 Switched page size to 2048 KB at cycle 1590500000
[PTW] 🔁 Switched page size to 4 KB at cycle 1591000000
[PTW] 🔁 Switched page size to 2048 KB at cycle 1591500000
[PTW] 🔁 Switched page size to 4 KB at cycle 1592000000
[PTW] 🔁 Switched page size to 2048 KB at cycle 1592500000
[PTW] 🔁 Switched page size to 4 KB at cycle 1593000000
[PTW] 🔁 Switched page size to 2048 KB at cycle 1593500000
[PTW] 🔁 Switched page size to 4 KB at cycle 1594000000
[PTW] 🔁 Switched page size to 2048 KB at cycle 1594500000
[PTW] 🔁 Switched page size to 4 KB at cycle 1595000000
[PTW] 🔁 Switched page size to 2048 KB at cycle 1595500000
[PTW] 🔁 Switched page size to 4 KB at cycle 1596000000
[PTW] 🔁 Switched page size to 2048 KB at cycle 1596500000
[PTW] 🔁 Switched page size to 4 KB at cycle 1597000000
[PTW] 🔁 Switched page size to 2048 KB at cycle 1597500000
[PTW] 🔁 Switched page size to 4 KB at cycle 1598000000
[PTW] 🔁 Switched page size to 2048 KB at cycle 1598500000
[PTW] 🔁 Switched page size to 4 KB at cycle 1599000000
[PTW] 🔁 Switched page size to 2048 KB at cycle 1599500000
[PTW] 🔁 Switched page size to 4 KB at cycle 1600000000
[PTW] 🔁 Switched page size to 2048 KB at cycle 1600500000
[PTW] 🔁 Switched page size to 4 KB at cycle 1601000000
[PTW] 🔁 Switched page size to 2048 KB at cycle 1601500000
[PTW] 🔁 Switched page size to 4 KB at cycle 1602000000
[PTW] 🔁 Switched page size to 2048 KB at cycle 1602500000
[PTW] 🔁 Switched page size to 4 KB at cycle 1603000000
[PTW] 🔁 Switched page size to 2048 KB at cycle 1603500000
[PTW] 🔁 Switched page size to 4 KB at cycle 1604000000
[PTW] 🔁 Switched page size to 2048 KB at cycle 1604500000
[PTW] 🔁 Switched page size to 4 KB at cycle 1605000000
[PTW] 🔁 Switched page size to 2048 KB at cycle 1605500000
[PTW] 🔁 Switched page size to 4 KB at cycle 1606000000
[PTW] 🔁 Switched page size to 2048 KB at cycle 1606500000
[PTW] 🔁 Switched page size to 4 KB at cycle 1607000000
[PTW] 🔁 Switched page size to 2048 KB at cycle 1607500000
[PTW] 🔁 Switched page size to 4 KB at cycle 1608000000
[PTW] 🔁 Switched page size to 2048 KB at cycle 1608500000
[PTW] 🔁 Switched page size to 4 KB at cycle 1609000000
[PTW] 🔁 Switched page size to 2048 KB at cycle 1609500000
[PTW] 🔁 Switched page size to 4 KB at cycle 1610000000
[PTW] 🔁 Switched page size to 2048 KB at cycle 1610500000
[PTW] 🔁 Switched page size to 4 KB at cycle 1611000000
[PTW] 🔁 Switched page size to 2048 KB at cycle 1611500000
[PTW] 🔁 Switched page size to 4 KB at cycle 1612000000
[PTW] 🔁 Switched page size to 2048 KB at cycle 1612500000
[PTW] 🔁 Switched page size to 4 KB at cycle 1613000000
[PTW] 🔁 Switched page size to 2048 KB at cycle 1613500000
[PTW] 🔁 Switched page size to 4 KB at cycle 1614000000
[PTW] 🔁 Switched page size to 2048 KB at cycle 1614500000
[PTW] 🔁 Switched page size to 4 KB at cycle 1615000000
[PTW] 🔁 Switched page size to 2048 KB at cycle 1615500000
[PTW] 🔁 Switched page size to 4 KB at cycle 1616000000
[PTW] 🔁 Switched page size to 2048 KB at cycle 1616500000
[PTW] 🔁 Switched page size to 4 KB at cycle 1617000000
[PTW] 🔁 Switched page size to 2048 KB at cycle 1617500000
[PTW] 🔁 Switched page size to 4 KB at cycle 1618000000
[PTW] 🔁 Switched page size to 2048 KB at cycle 1618500000
[PTW] 🔁 Switched page size to 4 KB at cycle 1619000000
[PTW] 🔁 Switched page size to 2048 KB at cycle 1619500000
[PTW] 🔁 Switched page size to 4 KB at cycle 1620000000
[PTW] 🔁 Switched page size to 2048 KB at cycle 1620500000
[PTW] 🔁 Switched page size to 4 KB at cycle 1621000000
[PTW] 🔁 Switched page size to 2048 KB at cycle 1621500000
[PTW] 🔁 Switched page size to 4 KB at cycle 1622000000
[PTW] 🔁 Switched page size to 2048 KB at cycle 1622500000
[PTW] 🔁 Switched page size to 4 KB at cycle 1623000000
[PTW] 🔁 Switched page size to 2048 KB at cycle 1623500000
[PTW] 🔁 Switched page size to 4 KB at cycle 1624000000
[PTW] 🔁 Switched page size to 2048 KB at cycle 1624500000
[PTW] 🔁 Switched page size to 4 KB at cycle 1625000000
[PTW] 🔁 Switched page size to 2048 KB at cycle 1625500000
[PTW] 🔁 Switched page size to 4 KB at cycle 1626000000
[PTW] 🔁 Switched page size to 2048 KB at cycle 1626500000
[PTW] 🔁 Switched page size to 4 KB at cycle 1627000000
[PTW] 🔁 Switched page size to 2048 KB at cycle 1627500000
[PTW] 🔁 Switched page size to 4 KB at cycle 1628000000
[PTW] 🔁 Switched page size to 2048 KB at cycle 1628500000
[PTW] 🔁 Switched page size to 4 KB at cycle 1629000000
[PTW] 🔁 Switched page size to 2048 KB at cycle 1629500000
[PTW] 🔁 Switched page size to 4 KB at cycle 1630000000
[PTW] 🔁 Switched page size to 2048 KB at cycle 1630500000
[PTW] 🔁 Switched page size to 4 KB at cycle 1631000000
[PTW] 🔁 Switched page size to 2048 KB at cycle 1631500000
[PTW] 🔁 Switched page size to 4 KB at cycle 1632000000
[PTW] 🔁 Switched page size to 2048 KB at cycle 1632500000
Heartbeat CPU 0 instructions: 390000000 cycles: 1632806803 heartbeat IPC: 0.124201 cumulative IPC: 0.120181 (Simulation time: 8 hr 11 min 51 sec) 
[PTW] 🔁 Switched page size to 4 KB at cycle 1633000000
[PTW] 🔁 Switched page size to 2048 KB at cycle 1633500000
[PTW] 🔁 Switched page size to 4 KB at cycle 1634000000
[PTW] 🔁 Switched page size to 2048 KB at cycle 1634500000
[PTW] 🔁 Switched page size to 4 KB at cycle 1635000000
[PTW] 🔁 Switched page size to 2048 KB at cycle 1635500000
[PTW] 🔁 Switched page size to 4 KB at cycle 1636000000
[PTW] 🔁 Switched page size to 2048 KB at cycle 1636500000
[PTW] 🔁 Switched page size to 4 KB at cycle 1637000000
[PTW] 🔁 Switched page size to 2048 KB at cycle 1637500000
[PTW] 🔁 Switched page size to 4 KB at cycle 1638000000
[PTW] 🔁 Switched page size to 2048 KB at cycle 1638500000
[PTW] 🔁 Switched page size to 4 KB at cycle 1639000000
[PTW] 🔁 Switched page size to 2048 KB at cycle 1639500000
[PTW] 🔁 Switched page size to 4 KB at cycle 1640000000
[PTW] 🔁 Switched page size to 2048 KB at cycle 1640500000
[PTW] 🔁 Switched page size to 4 KB at cycle 1641000000
[PTW] 🔁 Switched page size to 2048 KB at cycle 1641500000
[PTW] 🔁 Switched page size to 4 KB at cycle 1642000000
[PTW] 🔁 Switched page size to 2048 KB at cycle 1642500000
[PTW] 🔁 Switched page size to 4 KB at cycle 1643000000
[PTW] 🔁 Switched page size to 2048 KB at cycle 1643500000
[PTW] 🔁 Switched page size to 4 KB at cycle 1644000000
[PTW] 🔁 Switched page size to 2048 KB at cycle 1644500000
[PTW] 🔁 Switched page size to 4 KB at cycle 1645000000
[PTW] 🔁 Switched page size to 2048 KB at cycle 1645500000
[PTW] 🔁 Switched page size to 4 KB at cycle 1646000000
[PTW] 🔁 Switched page size to 2048 KB at cycle 1646500000
[PTW] 🔁 Switched page size to 4 KB at cycle 1647000000
[PTW] 🔁 Switched page size to 2048 KB at cycle 1647500000
[PTW] 🔁 Switched page size to 4 KB at cycle 1648000000
[PTW] 🔁 Switched page size to 2048 KB at cycle 1648500000
[PTW] 🔁 Switched page size to 4 KB at cycle 1649000000
[PTW] 🔁 Switched page size to 2048 KB at cycle 1649500000
[PTW] 🔁 Switched page size to 4 KB at cycle 1650000000
[PTW] 🔁 Switched page size to 2048 KB at cycle 1650500000
[PTW] 🔁 Switched page size to 4 KB at cycle 1651000000
[PTW] 🔁 Switched page size to 2048 KB at cycle 1651500000
[PTW] 🔁 Switched page size to 4 KB at cycle 1652000000
[PTW] 🔁 Switched page size to 2048 KB at cycle 1652500000
[PTW] 🔁 Switched page size to 4 KB at cycle 1653000000
[PTW] 🔁 Switched page size to 2048 KB at cycle 1653500000
[PTW] 🔁 Switched page size to 4 KB at cycle 1654000000
[PTW] 🔁 Switched page size to 2048 KB at cycle 1654500000
[PTW] 🔁 Switched page size to 4 KB at cycle 1655000000
[PTW] 🔁 Switched page size to 2048 KB at cycle 1655500000
[PTW] 🔁 Switched page size to 4 KB at cycle 1656000000
[PTW] 🔁 Switched page size to 2048 KB at cycle 1656500000
[PTW] 🔁 Switched page size to 4 KB at cycle 1657000000
[PTW] 🔁 Switched page size to 2048 KB at cycle 1657500000
[PTW] 🔁 Switched page size to 4 KB at cycle 1658000000
[PTW] 🔁 Switched page size to 2048 KB at cycle 1658500000
[PTW] 🔁 Switched page size to 4 KB at cycle 1659000000
[PTW] 🔁 Switched page size to 2048 KB at cycle 1659500000
[PTW] 🔁 Switched page size to 4 KB at cycle 1660000000
[PTW] 🔁 Switched page size to 2048 KB at cycle 1660500000
[PTW] 🔁 Switched page size to 4 KB at cycle 1661000000
[PTW] 🔁 Switched page size to 2048 KB at cycle 1661500000
[PTW] 🔁 Switched page size to 4 KB at cycle 1662000000
[PTW] 🔁 Switched page size to 2048 KB at cycle 1662500000
[PTW] 🔁 Switched page size to 4 KB at cycle 1663000000
[PTW] 🔁 Switched page size to 2048 KB at cycle 1663500000
[PTW] 🔁 Switched page size to 4 KB at cycle 1664000000
[PTW] 🔁 Switched page size to 2048 KB at cycle 1664500000
[PTW] 🔁 Switched page size to 4 KB at cycle 1665000000
[PTW] 🔁 Switched page size to 2048 KB at cycle 1665500000
[PTW] 🔁 Switched page size to 4 KB at cycle 1666000000
[PTW] 🔁 Switched page size to 2048 KB at cycle 1666500000
[PTW] 🔁 Switched page size to 4 KB at cycle 1667000000
[PTW] 🔁 Switched page size to 2048 KB at cycle 1667500000
[PTW] 🔁 Switched page size to 4 KB at cycle 1668000000
[PTW] 🔁 Switched page size to 2048 KB at cycle 1668500000
[PTW] 🔁 Switched page size to 4 KB at cycle 1669000000
[PTW] 🔁 Switched page size to 2048 KB at cycle 1669500000
[PTW] 🔁 Switched page size to 4 KB at cycle 1670000000
[PTW] 🔁 Switched page size to 2048 KB at cycle 1670500000
[PTW] 🔁 Switched page size to 4 KB at cycle 1671000000
[PTW] 🔁 Switched page size to 2048 KB at cycle 1671500000
[PTW] 🔁 Switched page size to 4 KB at cycle 1672000000
[PTW] 🔁 Switched page size to 2048 KB at cycle 1672500000
[PTW] 🔁 Switched page size to 4 KB at cycle 1673000000
[PTW] 🔁 Switched page size to 2048 KB at cycle 1673500000
[PTW] 🔁 Switched page size to 4 KB at cycle 1674000000
[PTW] 🔁 Switched page size to 2048 KB at cycle 1674500000
[PTW] 🔁 Switched page size to 4 KB at cycle 1675000000
[PTW] 🔁 Switched page size to 2048 KB at cycle 1675500000
[PTW] 🔁 Switched page size to 4 KB at cycle 1676000000
[PTW] 🔁 Switched page size to 2048 KB at cycle 1676500000
[PTW] 🔁 Switched page size to 4 KB at cycle 1677000000
[PTW] 🔁 Switched page size to 2048 KB at cycle 1677500000
[PTW] 🔁 Switched page size to 4 KB at cycle 1678000000
[PTW] 🔁 Switched page size to 2048 KB at cycle 1678500000
[PTW] 🔁 Switched page size to 4 KB at cycle 1679000000
[PTW] 🔁 Switched page size to 2048 KB at cycle 1679500000
[PTW] 🔁 Switched page size to 4 KB at cycle 1680000000
[PTW] 🔁 Switched page size to 2048 KB at cycle 1680500000
[PTW] 🔁 Switched page size to 4 KB at cycle 1681000000
[PTW] 🔁 Switched page size to 2048 KB at cycle 1681500000
[PTW] 🔁 Switched page size to 4 KB at cycle 1682000000
[PTW] 🔁 Switched page size to 2048 KB at cycle 1682500000
[PTW] 🔁 Switched page size to 4 KB at cycle 1683000000
[PTW] 🔁 Switched page size to 2048 KB at cycle 1683500000
[PTW] 🔁 Switched page size to 4 KB at cycle 1684000000
[PTW] 🔁 Switched page size to 2048 KB at cycle 1684500000
[PTW] 🔁 Switched page size to 4 KB at cycle 1685000000
[PTW] 🔁 Switched page size to 2048 KB at cycle 1685500000
[PTW] 🔁 Switched page size to 4 KB at cycle 1686000000
[PTW] 🔁 Switched page size to 2048 KB at cycle 1686500000
[PTW] 🔁 Switched page size to 4 KB at cycle 1687000000
[PTW] 🔁 Switched page size to 2048 KB at cycle 1687500000
[PTW] 🔁 Switched page size to 4 KB at cycle 1688000000
[PTW] 🔁 Switched page size to 2048 KB at cycle 1688500000
[PTW] 🔁 Switched page size to 4 KB at cycle 1689000000
[PTW] 🔁 Switched page size to 2048 KB at cycle 1689500000
[PTW] 🔁 Switched page size to 4 KB at cycle 1690000000
[PTW] 🔁 Switched page size to 2048 KB at cycle 1690500000
[PTW] 🔁 Switched page size to 4 KB at cycle 1691000000
[PTW] 🔁 Switched page size to 2048 KB at cycle 1691500000
[PTW] 🔁 Switched page size to 4 KB at cycle 1692000000
[PTW] 🔁 Switched page size to 2048 KB at cycle 1692500000
[PTW] 🔁 Switched page size to 4 KB at cycle 1693000000
[PTW] 🔁 Switched page size to 2048 KB at cycle 1693500000
[PTW] 🔁 Switched page size to 4 KB at cycle 1694000000
[PTW] 🔁 Switched page size to 2048 KB at cycle 1694500000
[PTW] 🔁 Switched page size to 4 KB at cycle 1695000000
[PTW] 🔁 Switched page size to 2048 KB at cycle 1695500000
[PTW] 🔁 Switched page size to 4 KB at cycle 1696000000
[PTW] 🔁 Switched page size to 2048 KB at cycle 1696500000
[PTW] 🔁 Switched page size to 4 KB at cycle 1697000000
[PTW] 🔁 Switched page size to 2048 KB at cycle 1697500000
[PTW] 🔁 Switched page size to 4 KB at cycle 1698000000
[PTW] 🔁 Switched page size to 2048 KB at cycle 1698500000
[PTW] 🔁 Switched page size to 4 KB at cycle 1699000000
[PTW] 🔁 Switched page size to 2048 KB at cycle 1699500000
[PTW] 🔁 Switched page size to 4 KB at cycle 1700000000
[PTW] 🔁 Switched page size to 2048 KB at cycle 1700500000
[PTW] 🔁 Switched page size to 4 KB at cycle 1701000000
[PTW] 🔁 Switched page size to 2048 KB at cycle 1701500000
[PTW] 🔁 Switched page size to 4 KB at cycle 1702000000
[PTW] 🔁 Switched page size to 2048 KB at cycle 1702500000
[PTW] 🔁 Switched page size to 4 KB at cycle 1703000000
[PTW] 🔁 Switched page size to 2048 KB at cycle 1703500000
[PTW] 🔁 Switched page size to 4 KB at cycle 1704000000
[PTW] 🔁 Switched page size to 2048 KB at cycle 1704500000
[PTW] 🔁 Switched page size to 4 KB at cycle 1705000000
[PTW] 🔁 Switched page size to 2048 KB at cycle 1705500000
[PTW] 🔁 Switched page size to 4 KB at cycle 1706000000
[PTW] 🔁 Switched page size to 2048 KB at cycle 1706500000
[PTW] 🔁 Switched page size to 4 KB at cycle 1707000000
[PTW] 🔁 Switched page size to 2048 KB at cycle 1707500000
[PTW] 🔁 Switched page size to 4 KB at cycle 1708000000
[PTW] 🔁 Switched page size to 2048 KB at cycle 1708500000
[PTW] 🔁 Switched page size to 4 KB at cycle 1709000000
[PTW] 🔁 Switched page size to 2048 KB at cycle 1709500000
[PTW] 🔁 Switched page size to 4 KB at cycle 1710000000
[PTW] 🔁 Switched page size to 2048 KB at cycle 1710500000
[PTW] 🔁 Switched page size to 4 KB at cycle 1711000000
[PTW] 🔁 Switched page size to 2048 KB at cycle 1711500000
[PTW] 🔁 Switched page size to 4 KB at cycle 1712000000
[PTW] 🔁 Switched page size to 2048 KB at cycle 1712500000
[PTW] 🔁 Switched page size to 4 KB at cycle 1713000000
[PTW] 🔁 Switched page size to 2048 KB at cycle 1713500000
[PTW] 🔁 Switched page size to 4 KB at cycle 1714000000
[PTW] 🔁 Switched page size to 2048 KB at cycle 1714500000
[PTW] 🔁 Switched page size to 4 KB at cycle 1715000000
[PTW] 🔁 Switched page size to 2048 KB at cycle 1715500000
[PTW] 🔁 Switched page size to 4 KB at cycle 1716000000
[PTW] 🔁 Switched page size to 2048 KB at cycle 1716500000
[PTW] 🔁 Switched page size to 4 KB at cycle 1717000000
[PTW] 🔁 Switched page size to 2048 KB at cycle 1717500000
[PTW] 🔁 Switched page size to 4 KB at cycle 1718000000
[PTW] 🔁 Switched page size to 2048 KB at cycle 1718500000
[PTW] 🔁 Switched page size to 4 KB at cycle 1719000000
[PTW] 🔁 Switched page size to 2048 KB at cycle 1719500000
Heartbeat CPU 0 instructions: 400000002 cycles: 1719505631 heartbeat IPC: 0.115342 cumulative IPC: 0.119929 (Simulation time: 8 hr 21 min 23 sec) 
Max paddr 879M
Simulation finished CPU 0 instructions: 200000000 cycles: 1667658338 cumulative IPC: 0.119929 (Simulation time: 8 hr 21 min 23 sec) 

Simulation complete CPU 0 instructions: 200000000 cycles: 1667658338 (Simulation time: 8 hr 21 min 23 sec) 


ChampSim completed all CPUs

[
  {
    "name": "Simulation",
    "traces": [
      "../traces/429.mcf-51B.champsimtrace.xz"
    ],
    "roi": {
      "cores": [
        {
          "instructions": 200000000,
          "cycles": 1667658338,
          "Avg ROB occupancy at mispredict": 17.8818, 
          "mispredict": {
            "BRANCH_DIRECT_JUMP": 147582,
            "BRANCH_INDIRECT": 0,
            "BRANCH_CONDITIONAL": 6273276,
            "BRANCH_DIRECT_CALL": 0,
            "BRANCH_INDIRECT_CALL": 0,
            "BRANCH_RETURN": 0
          }
        }
      ],
      "cpu0_L1I": {
        "LOAD": {
          "hit":1,
          "miss":0
        },
        "RFO": {
          "hit":0,
          "miss":0
        },
        "PREFETCH": {
          "hit":0,
          "miss":0
        },
        "WRITE": {
          "hit":0,
          "miss":0
        },
        "TRANSLATION": {
          "hit":0,
          "miss":0
        },
        "mshr full": 0,
        "prefetch requested": 0,
        "prefetch issued": 0,
        "prefetch filled": 0,
        "prefetch useful": 0,
        "prefetch useless": 0,
        "prefetch late": 0,
        "pf_useful_at_l2_from_l1":          0,
        "pf_late_at_l2_from_l1":          0,
        "pf_useless_at_l2_from_l1":          0,
        "pf_at_l2_to_l1":          0,
        "pf_fill_this_level":          0,
        "miss latency": null,
        "cache queues": {
          "PQ_ACCESS": 0,
          "PQ_FULL": 0,
          "PQ_TO_CACHE": 0,
          "PQ_MERGED": 0,
          "RQ_ACCESS": 1,
          "RQ_MERGED": 0,
          "RQ_FULL": 0,
          "WQ_ACCESS": 0,
          "WQ_MERGED": 0,
          "WQ_FULL": 0
        }
      },
      "cpu0_ITLB": {
        "LOAD": {
          "hit":1,
          "miss":0
        },
        "RFO": {
          "hit":0,
          "miss":0
        },
        "PREFETCH": {
          "hit":0,
          "miss":0
        },
        "WRITE": {
          "hit":0,
          "miss":0
        },
        "TRANSLATION": {
          "hit":0,
          "miss":0
        },
        "mshr full": 0,
        "prefetch requested": 0,
        "prefetch issued": 0,
        "prefetch filled": 0,
        "prefetch useful": 0,
        "prefetch useless": 0,
        "prefetch late": 0,
        "pf_useful_at_l2_from_l1":          0,
        "pf_late_at_l2_from_l1":          0,
        "pf_useless_at_l2_from_l1":          0,
        "pf_at_l2_to_l1":          0,
        "pf_fill_this_level":          0,
        "miss latency": null,
        "cache queues": {
          "PQ_ACCESS": 0,
          "PQ_FULL": 0,
          "PQ_TO_CACHE": 0,
          "PQ_MERGED": 0,
          "RQ_ACCESS": 1,
          "RQ_MERGED": 0,
          "RQ_FULL": 0,
          "WQ_ACCESS": 0,
          "WQ_MERGED": 0,
          "WQ_FULL": 0
        }
      },
      "cpu0_DTLB": {
        "LOAD": {
          "hit":36640798,
          "miss":33139860
        },
        "RFO": {
          "hit":0,
          "miss":0
        },
        "PREFETCH": {
          "hit":0,
          "miss":0
        },
        "WRITE": {
          "hit":0,
          "miss":0
        },
        "TRANSLATION": {
          "hit":0,
          "miss":0
        },
        "mshr full": 1694267,
        "prefetch requested": 0,
        "prefetch issued": 0,
        "prefetch filled": 0,
        "prefetch useful": 0,
        "prefetch useless": 0,
        "prefetch late": 0,
        "pf_useful_at_l2_from_l1":          0,
        "pf_late_at_l2_from_l1":          0,
        "pf_useless_at_l2_from_l1":          0,
        "pf_at_l2_to_l1":          0,
        "pf_fill_this_level":          0,
        "miss latency": 1.34594,
        "cache queues": {
          "PQ_ACCESS": 0,
          "PQ_FULL": 0,
          "PQ_TO_CACHE": 0,
          "PQ_MERGED": 0,
          "RQ_ACCESS": 81734675,
          "RQ_MERGED": 0,
          "RQ_FULL": 11954018,
          "WQ_ACCESS": 0,
          "WQ_MERGED": 0,
          "WQ_FULL": 0
        }
      },
      "cpu0_STLB": {
        "LOAD": {
          "hit":13583575,
          "miss":2278060
        },
        "RFO": {
          "hit":0,
          "miss":0
        },
        "PREFETCH": {
          "hit":0,
          "miss":0
        },
        "WRITE": {
          "hit":0,
          "miss":0
        },
        "TRANSLATION": {
          "hit":0,
          "miss":0
        },
        "mshr full": 0,
        "prefetch requested": 0,
        "prefetch issued": 0,
        "prefetch filled": 0,
        "prefetch useful": 0,
        "prefetch useless": 0,
        "prefetch late": 0,
        "pf_useful_at_l2_from_l1":          0,
        "pf_late_at_l2_from_l1":          0,
        "pf_useless_at_l2_from_l1":          0,
        "pf_at_l2_to_l1":          0,
        "pf_fill_this_level":          0,
        "miss latency": 16.077,
        "cache queues": {
          "PQ_ACCESS": 0,
          "PQ_FULL": 0,
          "PQ_TO_CACHE": 0,
          "PQ_MERGED": 0,
          "RQ_ACCESS": 15861635,
          "RQ_MERGED": 0,
          "RQ_FULL": 0,
          "WQ_ACCESS": 0,
          "WQ_MERGED": 0,
          "WQ_FULL": 0
        }
      },
      "cpu0_L1D": {
        "LOAD": {
          "hit":26140024,
          "miss":30975609
        },
        "RFO": {
          "hit":0,
          "miss":0
        },
        "PREFETCH": {
          "hit":192642,
          "miss":1827922
        },
        "WRITE": {
          "hit":9097092,
          "miss":1112602
        },
        "TRANSLATION": {
          "hit":404028,
          "miss":2573823
        },
        "mshr full": 97717915,
        "prefetch requested": 2020903,
        "prefetch issued": 2020903,
        "prefetch filled": 1765932,
        "prefetch useful": 126200,
        "prefetch useless": 1642812,
        "prefetch late": 2988,
        "pf_useful_at_l2_from_l1":          0,
        "pf_late_at_l2_from_l1":          0,
        "pf_useless_at_l2_from_l1":          0,
        "pf_at_l2_to_l1":          0,
        "pf_fill_this_level":    1765873,
        "miss latency": 14.0364,
        "cache queues": {
          "PQ_ACCESS": 2020903,
          "PQ_FULL": 0,
          "PQ_TO_CACHE": 2020903,
          "PQ_MERGED": 276,
          "RQ_ACCESS": 94901530,
          "RQ_MERGED": 5857386,
          "RQ_FULL": 31919511,
          "WQ_ACCESS": 10447526,
          "WQ_MERGED": 237564,
          "WQ_FULL": 269
        }
      },
      "cpu0_L2C": {
        "LOAD": {
          "hit":5432383,
          "miss":14073610
        },
        "RFO": {
          "hit":304969,
          "miss":312436
        },
        "PREFETCH": {
          "hit":453698,
          "miss":1315146
        },
        "WRITE": {
          "hit":3384041,
          "miss":0
        },
        "TRANSLATION": {
          "hit":744789,
          "miss":1829034
        },
        "mshr full": 0,
        "prefetch requested": 0,
        "prefetch issued": 0,
        "prefetch filled": 1315150,
        "prefetch useful": 0,
        "prefetch useless": 0,
        "prefetch late": 0,
        "pf_useful_at_l2_from_l1":          0,
        "pf_late_at_l2_from_l1":          0,
        "pf_useless_at_l2_from_l1":          0,
        "pf_at_l2_to_l1":          0,
        "pf_fill_this_level":          0,
        "miss latency": 29.2869,
        "cache queues": {
          "PQ_ACCESS": 1768911,
          "PQ_FULL": 0,
          "PQ_TO_CACHE": 1768911,
          "PQ_MERGED": 0,
          "RQ_ACCESS": 22698475,
          "RQ_MERGED": 0,
          "RQ_FULL": 0,
          "WQ_ACCESS": 3384290,
          "WQ_MERGED": 0,
          "WQ_FULL": 0
        }
      },
      "LLC": {
        "LOAD": {
          "hit": [2432996],
          "miss": [11640607]
        },
        "RFO": {
          "hit": [77001],
          "miss": [235435]
        },
        "PREFETCH": {
          "hit": [362133],
          "miss": [953017]
        },
        "WRITE": {
          "hit": [2218306],
          "miss": [0]
        },
        "TRANSLATION": {
          "hit": [168599],
          "miss": [1660435]
        },
        "mshr full": 0,
        "prefetch requested": 0,
        "prefetch issued": 0,
        "prefetch filled": 953017,
        "prefetch useful": 0,
        "prefetch useless": 0,
        "prefetch late": 0,
        "pf_useful_at_l2_from_l1":          0,
        "pf_late_at_l2_from_l1":          0,
        "pf_useless_at_l2_from_l1":          0,
        "pf_at_l2_to_l1":          0,
        "pf_fill_this_level":          0,
        "miss latency": 33.7213,
        "cache queues": {
          "PQ_ACCESS": 1315146,
          "PQ_FULL": 0,
          "PQ_TO_CACHE": 1315146,
          "PQ_MERGED": 0,
          "RQ_ACCESS": 16215080,
          "RQ_MERGED": 0,
          "RQ_FULL": 0,
          "WQ_ACCESS": 2228216,
          "WQ_MERGED": 0,
          "WQ_FULL": 0
        }
      },
      "DRAM": [
        {
          "RQ ROW_BUFFER_HIT": 378034,
          "RQ ROW_BUFFER_MISS": 14109261,
          "PQ FULL": 0,
          "WQ ROW_BUFFER_HIT": 64118,
          "WQ ROW_BUFFER_MISS": 1873745,
          "WQ FULL": 0,
          "AVG DBUS CONGESTED CYCLE": 3.89574
        }
      ]

    },
    "sim": {
      "cores": [
        {
          "instructions": 200000000,
          "cycles": 1667658338,
          "Avg ROB occupancy at mispredict": 17.8818, 
          "mispredict": {
            "BRANCH_DIRECT_JUMP": 147582,
            "BRANCH_INDIRECT": 0,
            "BRANCH_CONDITIONAL": 6273276,
            "BRANCH_DIRECT_CALL": 0,
            "BRANCH_INDIRECT_CALL": 0,
            "BRANCH_RETURN": 0
          }
        }
      ],
      "cpu0_L1I": {
        "LOAD": {
          "hit":1,
          "miss":0
        },
        "RFO": {
          "hit":0,
          "miss":0
        },
        "PREFETCH": {
          "hit":0,
          "miss":0
        },
        "WRITE": {
          "hit":0,
          "miss":0
        },
        "TRANSLATION": {
          "hit":0,
          "miss":0
        },
        "mshr full": 0,
        "prefetch requested": 0,
        "prefetch issued": 0,
        "prefetch filled": 0,
        "prefetch useful": 0,
        "prefetch useless": 0,
        "prefetch late": 0,
        "pf_useful_at_l2_from_l1":          0,
        "pf_late_at_l2_from_l1":          0,
        "pf_useless_at_l2_from_l1":          0,
        "pf_at_l2_to_l1":          0,
        "pf_fill_this_level":          0,
        "miss latency": null,
        "cache queues": {
          "PQ_ACCESS": 0,
          "PQ_FULL": 0,
          "PQ_TO_CACHE": 0,
          "PQ_MERGED": 0,
          "RQ_ACCESS": 1,
          "RQ_MERGED": 0,
          "RQ_FULL": 0,
          "WQ_ACCESS": 0,
          "WQ_MERGED": 0,
          "WQ_FULL": 0
        }
      },
      "cpu0_ITLB": {
        "LOAD": {
          "hit":1,
          "miss":0
        },
        "RFO": {
          "hit":0,
          "miss":0
        },
        "PREFETCH": {
          "hit":0,
          "miss":0
        },
        "WRITE": {
          "hit":0,
          "miss":0
        },
        "TRANSLATION": {
          "hit":0,
          "miss":0
        },
        "mshr full": 0,
        "prefetch requested": 0,
        "prefetch issued": 0,
        "prefetch filled": 0,
        "prefetch useful": 0,
        "prefetch useless": 0,
        "prefetch late": 0,
        "pf_useful_at_l2_from_l1":          0,
        "pf_late_at_l2_from_l1":          0,
        "pf_useless_at_l2_from_l1":          0,
        "pf_at_l2_to_l1":          0,
        "pf_fill_this_level":          0,
        "miss latency": null,
        "cache queues": {
          "PQ_ACCESS": 0,
          "PQ_FULL": 0,
          "PQ_TO_CACHE": 0,
          "PQ_MERGED": 0,
          "RQ_ACCESS": 1,
          "RQ_MERGED": 0,
          "RQ_FULL": 0,
          "WQ_ACCESS": 0,
          "WQ_MERGED": 0,
          "WQ_FULL": 0
        }
      },
      "cpu0_DTLB": {
        "LOAD": {
          "hit":36640798,
          "miss":33139860
        },
        "RFO": {
          "hit":0,
          "miss":0
        },
        "PREFETCH": {
          "hit":0,
          "miss":0
        },
        "WRITE": {
          "hit":0,
          "miss":0
        },
        "TRANSLATION": {
          "hit":0,
          "miss":0
        },
        "mshr full": 1694267,
        "prefetch requested": 0,
        "prefetch issued": 0,
        "prefetch filled": 0,
        "prefetch useful": 0,
        "prefetch useless": 0,
        "prefetch late": 0,
        "pf_useful_at_l2_from_l1":          0,
        "pf_late_at_l2_from_l1":          0,
        "pf_useless_at_l2_from_l1":          0,
        "pf_at_l2_to_l1":          0,
        "pf_fill_this_level":          0,
        "miss latency": 1.34594,
        "cache queues": {
          "PQ_ACCESS": 0,
          "PQ_FULL": 0,
          "PQ_TO_CACHE": 0,
          "PQ_MERGED": 0,
          "RQ_ACCESS": 81734675,
          "RQ_MERGED": 0,
          "RQ_FULL": 11954018,
          "WQ_ACCESS": 0,
          "WQ_MERGED": 0,
          "WQ_FULL": 0
        }
      },
      "cpu0_STLB": {
        "LOAD": {
          "hit":13583575,
          "miss":2278060
        },
        "RFO": {
          "hit":0,
          "miss":0
        },
        "PREFETCH": {
          "hit":0,
          "miss":0
        },
        "WRITE": {
          "hit":0,
          "miss":0
        },
        "TRANSLATION": {
          "hit":0,
          "miss":0
        },
        "mshr full": 0,
        "prefetch requested": 0,
        "prefetch issued": 0,
        "prefetch filled": 0,
        "prefetch useful": 0,
        "prefetch useless": 0,
        "prefetch late": 0,
        "pf_useful_at_l2_from_l1":          0,
        "pf_late_at_l2_from_l1":          0,
        "pf_useless_at_l2_from_l1":          0,
        "pf_at_l2_to_l1":          0,
        "pf_fill_this_level":          0,
        "miss latency": 16.077,
        "cache queues": {
          "PQ_ACCESS": 0,
          "PQ_FULL": 0,
          "PQ_TO_CACHE": 0,
          "PQ_MERGED": 0,
          "RQ_ACCESS": 15861635,
          "RQ_MERGED": 0,
          "RQ_FULL": 0,
          "WQ_ACCESS": 0,
          "WQ_MERGED": 0,
          "WQ_FULL": 0
        }
      },
      "cpu0_L1D": {
        "LOAD": {
          "hit":26140024,
          "miss":30975609
        },
        "RFO": {
          "hit":0,
          "miss":0
        },
        "PREFETCH": {
          "hit":192642,
          "miss":1827922
        },
        "WRITE": {
          "hit":9097092,
          "miss":1112602
        },
        "TRANSLATION": {
          "hit":404028,
          "miss":2573823
        },
        "mshr full": 97717915,
        "prefetch requested": 2020903,
        "prefetch issued": 2020903,
        "prefetch filled": 1765932,
        "prefetch useful": 126200,
        "prefetch useless": 1642812,
        "prefetch late": 2988,
        "pf_useful_at_l2_from_l1":          0,
        "pf_late_at_l2_from_l1":          0,
        "pf_useless_at_l2_from_l1":          0,
        "pf_at_l2_to_l1":          0,
        "pf_fill_this_level":    1765873,
        "miss latency": 14.0364,
        "cache queues": {
          "PQ_ACCESS": 2020903,
          "PQ_FULL": 0,
          "PQ_TO_CACHE": 2020903,
          "PQ_MERGED": 276,
          "RQ_ACCESS": 94901530,
          "RQ_MERGED": 5857386,
          "RQ_FULL": 31919511,
          "WQ_ACCESS": 10447526,
          "WQ_MERGED": 237564,
          "WQ_FULL": 269
        }
      },
      "cpu0_L2C": {
        "LOAD": {
          "hit":5432383,
          "miss":14073610
        },
        "RFO": {
          "hit":304969,
          "miss":312436
        },
        "PREFETCH": {
          "hit":453698,
          "miss":1315146
        },
        "WRITE": {
          "hit":3384041,
          "miss":0
        },
        "TRANSLATION": {
          "hit":744789,
          "miss":1829034
        },
        "mshr full": 0,
        "prefetch requested": 0,
        "prefetch issued": 0,
        "prefetch filled": 1315150,
        "prefetch useful": 0,
        "prefetch useless": 0,
        "prefetch late": 0,
        "pf_useful_at_l2_from_l1":          0,
        "pf_late_at_l2_from_l1":          0,
        "pf_useless_at_l2_from_l1":          0,
        "pf_at_l2_to_l1":          0,
        "pf_fill_this_level":          0,
        "miss latency": 29.2869,
        "cache queues": {
          "PQ_ACCESS": 1768911,
          "PQ_FULL": 0,
          "PQ_TO_CACHE": 1768911,
          "PQ_MERGED": 0,
          "RQ_ACCESS": 22698475,
          "RQ_MERGED": 0,
          "RQ_FULL": 0,
          "WQ_ACCESS": 3384290,
          "WQ_MERGED": 0,
          "WQ_FULL": 0
        }
      },
      "LLC": {
        "LOAD": {
          "hit": [2432996],
          "miss": [11640607]
        },
        "RFO": {
          "hit": [77001],
          "miss": [235435]
        },
        "PREFETCH": {
          "hit": [362133],
          "miss": [953017]
        },
        "WRITE": {
          "hit": [2218306],
          "miss": [0]
        },
        "TRANSLATION": {
          "hit": [168599],
          "miss": [1660435]
        },
        "mshr full": 0,
        "prefetch requested": 0,
        "prefetch issued": 0,
        "prefetch filled": 953017,
        "prefetch useful": 0,
        "prefetch useless": 0,
        "prefetch late": 0,
        "pf_useful_at_l2_from_l1":          0,
        "pf_late_at_l2_from_l1":          0,
        "pf_useless_at_l2_from_l1":          0,
        "pf_at_l2_to_l1":          0,
        "pf_fill_this_level":          0,
        "miss latency": 33.7213,
        "cache queues": {
          "PQ_ACCESS": 1315146,
          "PQ_FULL": 0,
          "PQ_TO_CACHE": 1315146,
          "PQ_MERGED": 0,
          "RQ_ACCESS": 16215080,
          "RQ_MERGED": 0,
          "RQ_FULL": 0,
          "WQ_ACCESS": 2228216,
          "WQ_MERGED": 0,
          "WQ_FULL": 0
        }
      },
      "DRAM": [
        {
          "RQ ROW_BUFFER_HIT": 378034,
          "RQ ROW_BUFFER_MISS": 14109261,
          "PQ FULL": 0,
          "WQ ROW_BUFFER_HIT": 64118,
          "WQ ROW_BUFFER_MISS": 1873745,
          "WQ FULL": 0,
          "AVG DBUS CONGESTED CYCLE": 3.89574
        }
      ]

    }
  }
]
cpu0_ITLB
cpu0_DTLB
cpu0_STLB
Filter table begin
 ┌────────────────────┬────────────────────┬────────────────────┐
 | RegionNum          | Trigger            | PC                 |
 ├────────────────────┼────────────────────┼────────────────────┤
 | 0x00000000000004e5 | 0x0000000000000017 | 0x0000000000402359 |
 ├────────────────────┼────────────────────┼────────────────────┤
 | 0x0000000000036e97 | 0x0000000000000022 | 0x000000000040234c |
 ├────────────────────┼────────────────────┼────────────────────┤
 | 0x0000000000036ee9 | 0x000000000000001a | 0x000000000040234c |
 ├────────────────────┼────────────────────┼────────────────────┤
 | 0x00000000000005a9 | 0x000000000000002e | 0x0000000000402363 |
 ├────────────────────┼────────────────────┼────────────────────┤
 | 0x0000000000036e07 | 0x0000000000000032 | 0x000000000040234c |
 ├────────────────────┼────────────────────┼────────────────────┤
 | 0x00000000000002ae | 0x000000000000002c | 0x0000000000402359 |
 ├────────────────────┼────────────────────┼────────────────────┤
 | 0x00000000000002c2 | 0x0000000000000016 | 0x0000000000402363 |
 ├────────────────────┼────────────────────┼────────────────────┤
 | 0x0000000000036e4f | 0x000000000000002a | 0x000000000040234c |
 ├────────────────────┼────────────────────┼────────────────────┤
 | 0x0000000000000144 | 0x000000000000003c | 0x0000000000402359 |
 ├────────────────────┼────────────────────┼────────────────────┤
 | 0x0000000000036fc1 | 0x0000000000000002 | 0x000000000040234c |
 ├────────────────────┼────────────────────┼────────────────────┤
 | 0x0000000000036ea0 | 0x0000000000000022 | 0x000000000040234c |
 ├────────────────────┼────────────────────┼────────────────────┤
 | 0x0000000000036dc0 | 0x000000000000003a | 0x000000000040234c |
 ├────────────────────┼────────────────────┼────────────────────┤
 | 0x0000000000036db7 | 0x000000000000003a | 0x000000000040234c |
 ├────────────────────┼────────────────────┼────────────────────┤
 | 0x00000000000006ad | 0x000000000000003d | 0x0000000000402359 |
 ├────────────────────┼────────────────────┼────────────────────┤
 | 0x0000000000036e06 | 0x0000000000000032 | 0x000000000040235c |
 ├────────────────────┼────────────────────┼────────────────────┤
 | 0x0000000000036f2f | 0x0000000000000012 | 0x000000000040234c |
 ├────────────────────┼────────────────────┼────────────────────┤
 | 0x0000000000036fc2 | 0x0000000000000002 | 0x000000000040234c |
 ├────────────────────┼────────────────────┼────────────────────┤
 | 0x00000000000007f9 | 0x0000000000000033 | 0x0000000000402359 |
 ├────────────────────┼────────────────────┼────────────────────┤
 | 0x0000000000036f76 | 0x000000000000000a | 0x000000000040234c |
 ├────────────────────┼────────────────────┼────────────────────┤
 | 0x00000000000003e0 | 0x000000000000002d | 0x0000000000402363 |
 ├────────────────────┼────────────────────┼────────────────────┤
 | 0x0000000000036e9c | 0x0000000000000022 | 0x000000000040234c |
 ├────────────────────┼────────────────────┼────────────────────┤
 | 0x0000000000036dbd | 0x000000000000003a | 0x000000000040234c |
 ├────────────────────┼────────────────────┼────────────────────┤
 | 0x000000000000026f | 0x0000000000000018 | 0x0000000000402359 |
 ├────────────────────┼────────────────────┼────────────────────┤
 | 0x0000000000000772 | 0x0000000000000038 | 0x0000000000402359 |
 ├────────────────────┼────────────────────┼────────────────────┤
 | 0x00000000000001fb | 0x0000000000000003 | 0x0000000000402359 |
 ├────────────────────┼────────────────────┼────────────────────┤
 | 0x0000000000036f6c | 0x000000000000000a | 0x000000000040234c |
 ├────────────────────┼────────────────────┼────────────────────┤
 | 0x000000000000206d | 0x0000000000000022 | 0x0000000000402359 |
 ├────────────────────┼────────────────────┼────────────────────┤
 | 0x0000000000000528 | 0x0000000000000028 | 0x0000000000402363 |
 ├────────────────────┼────────────────────┼────────────────────┤
 | 0x000000000000058e | 0x0000000000000011 | 0x0000000000402363 |
 ├────────────────────┼────────────────────┼────────────────────┤
 | 0x000000000000020b | 0x0000000000000021 | 0x0000000000402363 |
 ├────────────────────┼────────────────────┼────────────────────┤
 | 0x0000000000000569 | 0x0000000000000034 | 0x0000000000402363 |
 ├────────────────────┼────────────────────┼────────────────────┤
 | 0x0000000000000831 | 0x0000000000000030 | 0x0000000000402363 |
 ├────────────────────┼────────────────────┼────────────────────┤
 | 0x0000000000036e9a | 0x0000000000000022 | 0x000000000040234c |
 ├────────────────────┼────────────────────┼────────────────────┤
 | 0x00000000000005ec | 0x000000000000000d | 0x0000000000402359 |
 ├────────────────────┼────────────────────┼────────────────────┤
 | 0x000000000000029c | 0x0000000000000023 | 0x0000000000402359 |
 ├────────────────────┼────────────────────┼────────────────────┤
 | 0x0000000000036dbb | 0x000000000000003a | 0x000000000040234c |
 ├────────────────────┼────────────────────┼────────────────────┤
 | 0x00000000000003f4 | 0x000000000000002b | 0x0000000000402359 |
 ├────────────────────┼────────────────────┼────────────────────┤
 | 0x00000000000001bd | 0x0000000000000006 | 0x0000000000402359 |
 ├────────────────────┼────────────────────┼────────────────────┤
 | 0x0000000000036e4b | 0x000000000000002a | 0x000000000040234c |
 ├────────────────────┼────────────────────┼────────────────────┤
 | 0x0000000000000301 | 0x0000000000000017 | 0x0000000000402363 |
 ├────────────────────┼────────────────────┼────────────────────┤
 | 0x0000000000036f2b | 0x0000000000000012 | 0x000000000040234c |
 ├────────────────────┼────────────────────┼────────────────────┤
 | 0x0000000000036ee5 | 0x000000000000001a | 0x000000000040234c |
 ├────────────────────┼────────────────────┼────────────────────┤
 | 0x00000000000001ae | 0x000000000000000f | 0x0000000000402363 |
 ├────────────────────┼────────────────────┼────────────────────┤
 | 0x0000000000000542 | 0x000000000000000b | 0x0000000000402359 |
 ├────────────────────┼────────────────────┼────────────────────┤
 | 0x0000000000036e51 | 0x000000000000002a | 0x000000000040234c |
 ├────────────────────┼────────────────────┼────────────────────┤
 | 0x0000000000000630 | 0x0000000000000004 | 0x0000000000402363 |
 ├────────────────────┼────────────────────┼────────────────────┤
 | 0x00000000000005f6 | 0x0000000000000013 | 0x0000000000402359 |
 ├────────────────────┼────────────────────┼────────────────────┤
 | 0x0000000000000678 | 0x0000000000000006 | 0x0000000000402363 |
 ├────────────────────┼────────────────────┼────────────────────┤
 | 0x00000000000009cc | 0x0000000000000026 | 0x0000000000402359 |
 ├────────────────────┼────────────────────┼────────────────────┤
 | 0x0000000000036ee6 | 0x000000000000001a | 0x000000000040234c |
 ├────────────────────┼────────────────────┼────────────────────┤
 | 0x00000000000003d2 | 0x000000000000002e | 0x0000000000402359 |
 ├────────────────────┼────────────────────┼────────────────────┤
 | 0x00000000000003ed | 0x000000000000003e | 0x0000000000402363 |
 ├────────────────────┼────────────────────┼────────────────────┤
 | 0x00000000000005a6 | 0x0000000000000017 | 0x0000000000402363 |
 ├────────────────────┼────────────────────┼────────────────────┤
 | 0x0000000000000126 | 0x0000000000000028 | 0x0000000000402359 |
 ├────────────────────┼────────────────────┼────────────────────┤
 | 0x0000000000036e91 | 0x0000000000000022 | 0x000000000040234c |
 ├────────────────────┼────────────────────┼────────────────────┤
 | 0x0000000000000167 | 0x0000000000000006 | 0x0000000000402363 |
 ├────────────────────┼────────────────────┼────────────────────┤
 | 0x0000000000036f32 | 0x0000000000000012 | 0x000000000040234c |
 ├────────────────────┼────────────────────┼────────────────────┤
 | 0x0000000000036f29 | 0x0000000000000012 | 0x000000000040235c |
 ├────────────────────┼────────────────────┼────────────────────┤
 | 0x0000000000000620 | 0x0000000000000017 | 0x0000000000402363 |
 ├────────────────────┼────────────────────┼────────────────────┤
 | 0x0000000000036e53 | 0x000000000000002a | 0x000000000040234c |
 ├────────────────────┼────────────────────┼────────────────────┤
 | 0x0000000000036f73 | 0x000000000000000a | 0x000000000040234c |
 ├────────────────────┼────────────────────┼────────────────────┤
 | 0x000000000000068f | 0x0000000000000004 | 0x0000000000402363 |
 ├────────────────────┼────────────────────┼────────────────────┤
 | 0x00000000000003f7 | 0x0000000000000022 | 0x0000000000402363 |
 ├────────────────────┼────────────────────┼────────────────────┤
 | 0x0000000000036e99 | 0x0000000000000022 | 0x000000000040234c |
 └────────────────────┴────────────────────┴────────────────────┘
Filter table end
Accumulation table begin
 ┌────────────────────┬────────────────────┬────────────────────┬────────────────────┬──────────────────────────────────────────────────────────────────────────────────────────────────────────────────────────────────┬──────────────────────────────────────────────────────────────────────────────────────────────────────────────────────────────────────────────────────────────────────┐
 | RegionNum          | Trigger            | Second             | PC                 | Pattern                                                                                                                          | Order                                                                                                                                                                |
 ├────────────────────┼────────────────────┼────────────────────┼────────────────────┼──────────────────────────────────────────────────────────────────────────────────────────────────────────────────────────────────┼──────────────────────────────────────────────────────────────────────────────────────────────────────────────────────────────────────────────────────────────────────┤
 | 0x0000000000000116 | 0x0000000000000001 | 0x0000000000000000 | 0x0000000000401d7b | 1 1 0 0 0 0 0 0 0 0 0 0 0 0 0 0 0 0 0 0 0 0 0 0 0 0 0 0 0 0 0 1 1 1 1 0 0 0 0 0 0 0 0 0 0 0 0 0 0 0 0 0 0 0 0 0 0 0 0 0 0 0 0 0  | 2 1 0 0 0 0 0 0 0 0 0 0 0 0 0 0 0 0 0 0 0 0 0 0 0 0 0 0 0 0 0 5 6 3 4 0 0 0 0 0 0 0 0 0 0 0 0 0 0 0 0 0 0 0 0 0 0 0 0 0 0 0 0 0                                      |
 ├────────────────────┼────────────────────┼────────────────────┼────────────────────┼──────────────────────────────────────────────────────────────────────────────────────────────────────────────────────────────────┼──────────────────────────────────────────────────────────────────────────────────────────────────────────────────────────────────────────────────────────────────────┤
 | 0x000000000000017a | 0x0000000000000024 | 0x000000000000000f | 0x0000000000402363 | 0 0 0 0 0 0 0 0 0 0 0 0 0 0 0 1 0 0 0 0 0 0 0 0 0 0 0 0 0 0 0 0 0 0 0 0 1 0 0 0 0 0 0 0 0 0 0 0 0 0 0 0 0 0 0 0 0 0 0 0 0 0 0 0  | 0 0 0 0 0 0 0 0 0 0 0 0 0 0 0 2 0 0 0 0 0 0 0 0 0 0 0 0 0 0 0 0 0 0 0 0 1 0 0 0 0 0 0 0 0 0 0 0 0 0 0 0 0 0 0 0 0 0 0 0 0 0 0 0                                      |
 ├────────────────────┼────────────────────┼────────────────────┼────────────────────┼──────────────────────────────────────────────────────────────────────────────────────────────────────────────────────────────────┼──────────────────────────────────────────────────────────────────────────────────────────────────────────────────────────────────────────────────────────────────────┤
 | 0x00000000000001dc | 0x0000000000000016 | 0x000000000000003e | 0x0000000000402359 | 0 0 0 0 0 0 0 0 0 0 0 0 0 0 0 0 0 0 0 0 0 0 1 0 0 0 0 0 0 0 0 0 0 0 0 0 0 0 0 0 0 0 0 0 0 0 0 0 0 0 0 0 0 0 0 0 0 0 0 0 0 0 1 0  | 0 0 0 0 0 0 0 0 0 0 0 0 0 0 0 0 0 0 0 0 0 0 1 0 0 0 0 0 0 0 0 0 0 0 0 0 0 0 0 0 0 0 0 0 0 0 0 0 0 0 0 0 0 0 0 0 0 0 0 0 0 0 2 0                                      |
 ├────────────────────┼────────────────────┼────────────────────┼────────────────────┼──────────────────────────────────────────────────────────────────────────────────────────────────────────────────────────────────┼──────────────────────────────────────────────────────────────────────────────────────────────────────────────────────────────────────────────────────────────────────┤
 | 0x000000000000013b | 0x0000000000000024 | 0x0000000000000022 | 0x0000000000401d7b | 1 0 0 0 0 0 0 0 0 0 0 0 1 0 0 0 0 0 0 0 0 1 1 1 0 1 0 0 0 0 0 1 1 1 1 1 1 0 0 1 1 1 0 0 1 0 0 0 0 0 0 0 0 0 0 1 0 0 0 1 0 0 0 0  | 7 0 0 0 0 0 0 0 0 0 0 0 16 0 0 0 0 0 0 0 0 11 9 10 0 15 0 0 0 0 0 4 5 8 2 3 1 0 0 13 17 18 0 0 6 0 0 0 0 0 0 0 0 0 0 14 0 0 0 12 0 0 0 0                             |
 ├────────────────────┼────────────────────┼────────────────────┼────────────────────┼──────────────────────────────────────────────────────────────────────────────────────────────────────────────────────────────────┼──────────────────────────────────────────────────────────────────────────────────────────────────────────────────────────────────────────────────────────────────────┤
 | 0x0000000000000213 | 0x000000000000003b | 0x0000000000000005 | 0x0000000000402212 | 0 0 0 1 0 1 1 1 0 0 1 1 1 1 0 0 1 1 1 1 1 0 1 1 0 1 1 1 0 1 1 0 0 0 0 1 1 1 1 1 1 1 0 1 0 1 1 1 1 1 1 0 1 1 1 1 1 1 0 1 1 1 1 1  | 0 0 0 32 0 2 28 39 0 0 12 33 13 5 0 0 8 20 18 37 38 0 3 21 0 15 26 10 0 34 40 0 0 0 0 23 36 44 42 35 24 30 0 43 0 29 14 31 41 45 19 0 22 17 27 6 25 9 0 1 4 7 11 16  |
 ├────────────────────┼────────────────────┼────────────────────┼────────────────────┼──────────────────────────────────────────────────────────────────────────────────────────────────────────────────────────────────┼──────────────────────────────────────────────────────────────────────────────────────────────────────────────────────────────────────────────────────────────────────┤
 | 0x0000000000036c47 | 0x0000000000000022 | 0x0000000000000021 | 0x000000000040221d | 0 0 0 0 0 0 0 0 0 0 0 0 0 0 0 0 0 0 0 0 0 0 0 0 0 0 0 0 0 0 0 0 0 1 1 0 0 0 0 0 0 0 0 0 0 0 0 0 0 0 0 0 0 0 0 0 0 0 0 0 0 0 0 0  | 0 0 0 0 0 0 0 0 0 0 0 0 0 0 0 0 0 0 0 0 0 0 0 0 0 0 0 0 0 0 0 0 0 2 1 0 0 0 0 0 0 0 0 0 0 0 0 0 0 0 0 0 0 0 0 0 0 0 0 0 0 0 0 0                                      |
 ├────────────────────┼────────────────────┼────────────────────┼────────────────────┼──────────────────────────────────────────────────────────────────────────────────────────────────────────────────────────────────┼──────────────────────────────────────────────────────────────────────────────────────────────────────────────────────────────────────────────────────────────────────┤
 | 0x0000000000000868 | 0x0000000000000023 | 0x000000000000001c | 0x000000000040222b | 0 0 0 0 1 0 0 1 1 1 0 0 0 0 0 0 0 0 0 0 0 0 0 1 0 0 0 0 1 0 0 0 0 0 0 1 0 0 0 0 0 1 0 0 0 1 1 0 0 0 0 0 0 0 0 0 0 0 0 0 0 0 0 0  | 0 0 0 0 3 0 0 10 8 9 0 0 0 0 0 0 0 0 0 0 0 0 0 5 0 0 0 0 2 0 0 0 0 0 0 1 0 0 0 0 0 4 0 0 0 7 6 0 0 0 0 0 0 0 0 0 0 0 0 0 0 0 0 0                                     |
 ├────────────────────┼────────────────────┼────────────────────┼────────────────────┼──────────────────────────────────────────────────────────────────────────────────────────────────────────────────────────────────┼──────────────────────────────────────────────────────────────────────────────────────────────────────────────────────────────────────────────────────────────────────┤
 | 0x0000000000000168 | 0x0000000000000004 | 0x000000000000001a | 0x0000000000402363 | 0 0 0 0 1 0 0 0 0 0 0 0 0 0 0 0 0 0 0 0 0 0 0 0 0 0 1 0 0 0 0 0 0 0 0 0 0 0 0 0 0 0 0 0 0 0 0 0 0 0 0 0 0 0 0 0 0 0 0 0 0 0 0 0  | 0 0 0 0 1 0 0 0 0 0 0 0 0 0 0 0 0 0 0 0 0 0 0 0 0 0 2 0 0 0 0 0 0 0 0 0 0 0 0 0 0 0 0 0 0 0 0 0 0 0 0 0 0 0 0 0 0 0 0 0 0 0 0 0                                      |
 ├────────────────────┼────────────────────┼────────────────────┼────────────────────┼──────────────────────────────────────────────────────────────────────────────────────────────────────────────────────────────────┼──────────────────────────────────────────────────────────────────────────────────────────────────────────────────────────────────────────────────────────────────────┤
 | 0x00000000000001f0 | 0x0000000000000003 | 0x0000000000000013 | 0x0000000000402359 | 0 0 0 1 0 0 0 0 0 0 0 0 0 0 0 0 0 0 0 1 0 0 0 0 0 0 0 0 0 0 0 0 0 0 0 0 0 0 0 0 0 0 0 0 0 0 0 0 0 0 0 0 0 0 0 1 0 0 0 0 0 0 0 0  | 0 0 0 1 0 0 0 0 0 0 0 0 0 0 0 0 0 0 0 2 0 0 0 0 0 0 0 0 0 0 0 0 0 0 0 0 0 0 0 0 0 0 0 0 0 0 0 0 0 0 0 0 0 0 0 3 0 0 0 0 0 0 0 0                                      |
 ├────────────────────┼────────────────────┼────────────────────┼────────────────────┼──────────────────────────────────────────────────────────────────────────────────────────────────────────────────────────────────┼──────────────────────────────────────────────────────────────────────────────────────────────────────────────────────────────────────────────────────────────────────┤
 | 0x0000000000000706 | 0x0000000000000010 | 0x0000000000000032 | 0x0000000000402221 | 0 0 0 0 0 0 0 0 0 0 0 0 0 0 0 0 1 0 0 0 0 0 0 0 0 0 0 0 0 0 0 0 0 0 0 0 0 0 0 0 0 0 0 0 0 0 0 0 0 0 1 0 0 0 0 0 0 0 0 0 0 0 0 0  | 0 0 0 0 0 0 0 0 0 0 0 0 0 0 0 0 1 0 0 0 0 0 0 0 0 0 0 0 0 0 0 0 0 0 0 0 0 0 0 0 0 0 0 0 0 0 0 0 0 0 2 0 0 0 0 0 0 0 0 0 0 0 0 0                                      |
 ├────────────────────┼────────────────────┼────────────────────┼────────────────────┼──────────────────────────────────────────────────────────────────────────────────────────────────────────────────────────────────┼──────────────────────────────────────────────────────────────────────────────────────────────────────────────────────────────────────────────────────────────────────┤
 | 0x00000000000001e2 | 0x0000000000000038 | 0x000000000000001f | 0x0000000000402359 | 0 0 0 0 0 0 0 0 0 0 0 0 0 0 1 0 0 0 0 0 0 0 0 0 0 0 0 0 0 0 0 1 0 0 0 0 0 0 0 0 0 0 0 0 0 0 0 0 0 0 0 0 0 0 0 0 1 0 0 0 0 0 0 0  | 0 0 0 0 0 0 0 0 0 0 0 0 0 0 3 0 0 0 0 0 0 0 0 0 0 0 0 0 0 0 0 2 0 0 0 0 0 0 0 0 0 0 0 0 0 0 0 0 0 0 0 0 0 0 0 0 1 0 0 0 0 0 0 0                                      |
 ├────────────────────┼────────────────────┼────────────────────┼────────────────────┼──────────────────────────────────────────────────────────────────────────────────────────────────────────────────────────────────┼──────────────────────────────────────────────────────────────────────────────────────────────────────────────────────────────────────────────────────────────────────┤
 | 0x00000000000002d1 | 0x000000000000002d | 0x0000000000000034 | 0x0000000000402363 | 0 0 0 0 0 0 0 0 0 0 0 0 0 0 0 0 0 0 1 0 0 0 0 0 0 0 0 0 0 0 0 0 1 0 0 0 0 0 0 0 0 0 0 0 0 1 0 0 0 0 0 0 1 0 0 0 0 0 0 0 0 0 0 0  | 0 0 0 0 0 0 0 0 0 0 0 0 0 0 0 0 0 0 4 0 0 0 0 0 0 0 0 0 0 0 0 0 3 0 0 0 0 0 0 0 0 0 0 0 0 1 0 0 0 0 0 0 2 0 0 0 0 0 0 0 0 0 0 0                                      |
 ├────────────────────┼────────────────────┼────────────────────┼────────────────────┼──────────────────────────────────────────────────────────────────────────────────────────────────────────────────────────────────┼──────────────────────────────────────────────────────────────────────────────────────────────────────────────────────────────────────────────────────────────────────┤
 | 0x0000000000036ddb | 0x0000000000000036 | 0x000000000000000b | 0x000000000040234c | 0 0 0 0 0 0 0 0 0 0 0 1 0 0 0 0 0 0 0 0 0 0 0 0 0 0 0 0 1 0 0 0 0 0 0 0 0 0 0 0 0 0 1 0 0 0 0 1 0 0 0 0 0 0 1 1 1 1 0 0 0 0 0 0  | 0 0 0 0 0 0 0 0 0 0 0 2 0 0 0 0 0 0 0 0 0 0 0 0 0 0 0 0 3 0 0 0 0 0 0 0 0 0 0 0 0 0 4 0 0 0 0 5 0 0 0 0 0 0 1 6 7 8 0 0 0 0 0 0                                      |
 ├────────────────────┼────────────────────┼────────────────────┼────────────────────┼──────────────────────────────────────────────────────────────────────────────────────────────────────────────────────────────────┼──────────────────────────────────────────────────────────────────────────────────────────────────────────────────────────────────────────────────────────────────────┤
 | 0x00000000000002fc | 0x000000000000000c | 0x0000000000000028 | 0x0000000000402359 | 0 0 0 0 0 0 0 0 0 0 0 0 1 0 0 0 0 0 0 0 0 0 0 0 0 0 0 0 0 0 0 0 0 0 0 0 0 0 0 0 1 0 0 0 0 0 0 0 0 0 0 0 0 0 0 0 0 0 0 0 0 0 0 0  | 0 0 0 0 0 0 0 0 0 0 0 0 1 0 0 0 0 0 0 0 0 0 0 0 0 0 0 0 0 0 0 0 0 0 0 0 0 0 0 0 2 0 0 0 0 0 0 0 0 0 0 0 0 0 0 0 0 0 0 0 0 0 0 0                                      |
 ├────────────────────┼────────────────────┼────────────────────┼────────────────────┼──────────────────────────────────────────────────────────────────────────────────────────────────────────────────────────────────┼──────────────────────────────────────────────────────────────────────────────────────────────────────────────────────────────────────────────────────────────────────┤
 | 0x0000000000000643 | 0x0000000000000037 | 0x0000000000000006 | 0x000000000040222b | 1 1 0 0 0 1 1 0 1 0 0 1 0 0 0 0 0 0 0 0 0 1 0 0 0 0 0 0 0 0 0 0 0 0 0 0 0 0 0 0 0 0 0 0 0 0 0 0 0 0 0 0 0 0 0 1 0 0 0 0 0 0 0 0  | 6 5 0 0 0 8 2 0 4 0 0 3 0 0 0 0 0 0 0 0 0 7 0 0 0 0 0 0 0 0 0 0 0 0 0 0 0 0 0 0 0 0 0 0 0 0 0 0 0 0 0 0 0 0 0 1 0 0 0 0 0 0 0 0                                      |
 ├────────────────────┼────────────────────┼────────────────────┼────────────────────┼──────────────────────────────────────────────────────────────────────────────────────────────────────────────────────────────────┼──────────────────────────────────────────────────────────────────────────────────────────────────────────────────────────────────────────────────────────────────────┤
 | 0x00000000000005e9 | 0x000000000000000b | 0x0000000000000032 | 0x0000000000402363 | 0 0 0 0 0 0 0 0 0 0 0 1 0 0 0 0 0 0 0 0 0 0 0 0 0 0 0 0 0 0 0 0 0 0 0 0 0 0 0 0 0 0 0 0 0 0 0 0 0 0 1 0 0 0 0 0 0 0 0 0 0 0 0 0  | 0 0 0 0 0 0 0 0 0 0 0 1 0 0 0 0 0 0 0 0 0 0 0 0 0 0 0 0 0 0 0 0 0 0 0 0 0 0 0 0 0 0 0 0 0 0 0 0 0 0 2 0 0 0 0 0 0 0 0 0 0 0 0 0                                      |
 ├────────────────────┼────────────────────┼────────────────────┼────────────────────┼──────────────────────────────────────────────────────────────────────────────────────────────────────────────────────────────────┼──────────────────────────────────────────────────────────────────────────────────────────────────────────────────────────────────────────────────────────────────────┤
 | 0x00000000000005b9 | 0x0000000000000030 | 0x000000000000002f | 0x0000000000401d77 | 0 0 0 0 0 0 0 0 0 0 0 0 0 0 0 0 0 0 0 0 0 0 0 0 0 0 0 0 0 0 0 0 0 0 0 0 0 0 0 0 0 0 0 0 0 0 0 1 1 0 0 0 0 0 0 0 0 0 0 0 0 0 0 0  | 0 0 0 0 0 0 0 0 0 0 0 0 0 0 0 0 0 0 0 0 0 0 0 0 0 0 0 0 0 0 0 0 0 0 0 0 0 0 0 0 0 0 0 0 0 0 0 2 1 0 0 0 0 0 0 0 0 0 0 0 0 0 0 0                                      |
 ├────────────────────┼────────────────────┼────────────────────┼────────────────────┼──────────────────────────────────────────────────────────────────────────────────────────────────────────────────────────────────┼──────────────────────────────────────────────────────────────────────────────────────────────────────────────────────────────────────────────────────────────────────┤
 | 0x0000000000000482 | 0x000000000000001c | 0x000000000000001e | 0x0000000000402359 | 0 0 0 0 0 0 0 0 0 0 0 0 0 0 0 0 0 0 0 0 0 0 0 0 0 0 0 0 1 0 1 0 0 0 0 0 0 0 0 0 0 0 0 0 0 0 0 0 0 0 0 0 0 0 0 0 0 0 0 0 0 0 0 0  | 0 0 0 0 0 0 0 0 0 0 0 0 0 0 0 0 0 0 0 0 0 0 0 0 0 0 0 0 1 0 2 0 0 0 0 0 0 0 0 0 0 0 0 0 0 0 0 0 0 0 0 0 0 0 0 0 0 0 0 0 0 0 0 0                                      |
 ├────────────────────┼────────────────────┼────────────────────┼────────────────────┼──────────────────────────────────────────────────────────────────────────────────────────────────────────────────────────────────┼──────────────────────────────────────────────────────────────────────────────────────────────────────────────────────────────────────────────────────────────────────┤
 | 0x00000000000007aa | 0x000000000000003e | 0x000000000000003d | 0x0000000000401d77 | 0 0 0 0 0 0 0 0 0 0 0 0 0 0 0 0 0 0 0 0 0 0 0 0 0 0 0 0 0 0 0 0 0 0 0 0 0 0 0 0 0 0 0 0 0 0 0 0 0 0 0 0 0 0 0 0 0 0 0 0 0 1 1 0  | 0 0 0 0 0 0 0 0 0 0 0 0 0 0 0 0 0 0 0 0 0 0 0 0 0 0 0 0 0 0 0 0 0 0 0 0 0 0 0 0 0 0 0 0 0 0 0 0 0 0 0 0 0 0 0 0 0 0 0 0 0 2 1 0                                      |
 ├────────────────────┼────────────────────┼────────────────────┼────────────────────┼──────────────────────────────────────────────────────────────────────────────────────────────────────────────────────────────────┼──────────────────────────────────────────────────────────────────────────────────────────────────────────────────────────────────────────────────────────────────────┤
 | 0x0000000000000346 | 0x000000000000000e | 0x000000000000000f | 0x0000000000401de4 | 0 0 0 0 0 0 0 1 0 0 0 0 0 0 1 1 0 0 0 0 0 0 0 0 0 0 0 0 0 0 0 0 0 0 0 0 0 0 0 0 0 0 0 0 0 0 0 0 0 0 0 0 0 0 0 0 0 0 0 0 0 0 0 0  | 0 0 0 0 0 0 0 3 0 0 0 0 0 0 1 2 0 0 0 0 0 0 0 0 0 0 0 0 0 0 0 0 0 0 0 0 0 0 0 0 0 0 0 0 0 0 0 0 0 0 0 0 0 0 0 0 0 0 0 0 0 0 0 0                                      |
 ├────────────────────┼────────────────────┼────────────────────┼────────────────────┼──────────────────────────────────────────────────────────────────────────────────────────────────────────────────────────────────┼──────────────────────────────────────────────────────────────────────────────────────────────────────────────────────────────────────────────────────────────────────┤
 | 0x0000000000000568 | 0x000000000000000d | 0x000000000000000c | 0x0000000000401d7b | 0 0 0 0 0 0 0 0 0 0 0 0 1 1 0 0 0 0 0 0 0 0 0 0 0 0 0 0 0 0 0 0 0 0 0 0 0 0 0 0 0 0 0 1 0 0 0 0 1 1 0 0 0 0 0 0 0 1 0 0 0 0 0 0  | 0 0 0 0 0 0 0 0 0 0 0 0 2 1 0 0 0 0 0 0 0 0 0 0 0 0 0 0 0 0 0 0 0 0 0 0 0 0 0 0 0 0 0 5 0 0 0 0 4 3 0 0 0 0 0 0 0 6 0 0 0 0 0 0                                      |
 ├────────────────────┼────────────────────┼────────────────────┼────────────────────┼──────────────────────────────────────────────────────────────────────────────────────────────────────────────────────────────────┼──────────────────────────────────────────────────────────────────────────────────────────────────────────────────────────────────────────────────────────────────────┤
 | 0x0000000000036e69 | 0x0000000000000025 | 0x0000000000000003 | 0x000000000040234c | 0 0 0 1 0 0 0 0 0 0 0 0 0 0 0 0 0 0 0 0 0 0 0 0 0 0 0 0 0 0 0 0 0 0 0 0 0 1 1 1 1 1 0 0 0 0 0 0 0 0 0 0 0 0 0 0 0 0 0 0 0 0 0 0  | 0 0 0 2 0 0 0 0 0 0 0 0 0 0 0 0 0 0 0 0 0 0 0 0 0 0 0 0 0 0 0 0 0 0 0 0 0 1 3 4 5 6 0 0 0 0 0 0 0 0 0 0 0 0 0 0 0 0 0 0 0 0 0 0                                      |
 ├────────────────────┼────────────────────┼────────────────────┼────────────────────┼──────────────────────────────────────────────────────────────────────────────────────────────────────────────────────────────────┼──────────────────────────────────────────────────────────────────────────────────────────────────────────────────────────────────────────────────────────────────────┤
 | 0x00000000000001bb | 0x0000000000000038 | 0x000000000000003f | 0x0000000000402359 | 0 0 0 0 0 0 0 0 0 0 0 0 0 0 0 0 0 0 0 0 0 0 0 0 0 0 0 0 0 0 0 0 0 0 0 0 0 0 0 0 0 0 0 0 0 0 0 0 0 0 1 1 0 0 0 0 1 0 0 0 0 0 0 1  | 0 0 0 0 0 0 0 0 0 0 0 0 0 0 0 0 0 0 0 0 0 0 0 0 0 0 0 0 0 0 0 0 0 0 0 0 0 0 0 0 0 0 0 0 0 0 0 0 0 0 3 4 0 0 0 0 1 0 0 0 0 0 0 2                                      |
 ├────────────────────┼────────────────────┼────────────────────┼────────────────────┼──────────────────────────────────────────────────────────────────────────────────────────────────────────────────────────────────┼──────────────────────────────────────────────────────────────────────────────────────────────────────────────────────────────────────────────────────────────────────┤
 | 0x00000000000006b5 | 0x0000000000000013 | 0x0000000000000014 | 0x0000000000401db4 | 0 0 0 0 0 0 0 0 0 0 0 0 0 0 0 0 0 0 0 1 1 0 0 0 0 0 0 0 0 0 0 0 0 0 0 0 0 0 0 0 0 0 0 0 0 0 0 0 0 0 0 0 0 0 0 0 0 0 0 0 0 0 0 0  | 0 0 0 0 0 0 0 0 0 0 0 0 0 0 0 0 0 0 0 1 2 0 0 0 0 0 0 0 0 0 0 0 0 0 0 0 0 0 0 0 0 0 0 0 0 0 0 0 0 0 0 0 0 0 0 0 0 0 0 0 0 0 0 0                                      |
 ├────────────────────┼────────────────────┼────────────────────┼────────────────────┼──────────────────────────────────────────────────────────────────────────────────────────────────────────────────────────────────┼──────────────────────────────────────────────────────────────────────────────────────────────────────────────────────────────────────────────────────────────────────┤
 | 0x00000000000007b9 | 0x0000000000000026 | 0x0000000000000025 | 0x0000000000401d77 | 0 0 0 0 0 0 0 0 0 0 0 0 0 0 0 0 0 0 0 0 0 0 0 0 0 0 0 0 0 0 0 0 0 0 0 0 0 1 1 0 0 0 0 0 0 0 0 0 0 0 0 0 0 0 0 0 0 0 0 0 0 0 0 0  | 0 0 0 0 0 0 0 0 0 0 0 0 0 0 0 0 0 0 0 0 0 0 0 0 0 0 0 0 0 0 0 0 0 0 0 0 0 2 1 0 0 0 0 0 0 0 0 0 0 0 0 0 0 0 0 0 0 0 0 0 0 0 0 0                                      |
 ├────────────────────┼────────────────────┼────────────────────┼────────────────────┼──────────────────────────────────────────────────────────────────────────────────────────────────────────────────────────────────┼──────────────────────────────────────────────────────────────────────────────────────────────────────────────────────────────────────────────────────────────────────┤
 | 0x000000000000023d | 0x000000000000002c | 0x000000000000001f | 0x0000000000402221 | 0 0 0 0 0 0 0 0 1 0 0 0 1 0 0 0 0 0 0 0 0 0 0 1 0 0 0 0 0 0 0 1 0 0 0 0 0 0 0 0 0 1 0 0 1 0 0 0 0 0 0 0 0 0 0 0 0 0 0 0 0 0 0 0  | 0 0 0 0 0 0 0 0 6 0 0 0 5 0 0 0 0 0 0 0 0 0 0 4 0 0 0 0 0 0 0 2 0 0 0 0 0 0 0 0 0 3 0 0 1 0 0 0 0 0 0 0 0 0 0 0 0 0 0 0 0 0 0 0                                      |
 ├────────────────────┼────────────────────┼────────────────────┼────────────────────┼──────────────────────────────────────────────────────────────────────────────────────────────────────────────────────────────────┼──────────────────────────────────────────────────────────────────────────────────────────────────────────────────────────────────────────────────────────────────────┤
 | 0x0000000000000815 | 0x000000000000003c | 0x000000000000003d | 0x0000000000401d81 | 0 0 0 0 0 0 0 0 0 0 0 0 0 0 0 0 0 0 0 0 0 0 0 0 0 0 0 0 0 0 0 0 0 0 0 0 0 0 0 0 0 0 0 0 0 0 0 0 0 0 0 0 0 0 0 0 0 0 0 0 1 1 0 0  | 0 0 0 0 0 0 0 0 0 0 0 0 0 0 0 0 0 0 0 0 0 0 0 0 0 0 0 0 0 0 0 0 0 0 0 0 0 0 0 0 0 0 0 0 0 0 0 0 0 0 0 0 0 0 0 0 0 0 0 0 1 2 0 0                                      |
 ├────────────────────┼────────────────────┼────────────────────┼────────────────────┼──────────────────────────────────────────────────────────────────────────────────────────────────────────────────────────────────┼──────────────────────────────────────────────────────────────────────────────────────────────────────────────────────────────────────────────────────────────────────┤
 | 0x0000000000036eb9 | 0x0000000000000021 | 0x000000000000001d | 0x000000000040234c | 0 0 0 0 0 0 0 0 0 0 1 0 0 0 0 0 0 0 0 0 0 0 0 0 0 0 0 0 0 1 0 0 0 1 0 0 0 0 0 0 0 0 0 0 0 0 0 0 0 0 0 0 0 0 0 0 0 0 0 0 0 0 0 0  | 0 0 0 0 0 0 0 0 0 0 3 0 0 0 0 0 0 0 0 0 0 0 0 0 0 0 0 0 0 2 0 0 0 1 0 0 0 0 0 0 0 0 0 0 0 0 0 0 0 0 0 0 0 0 0 0 0 0 0 0 0 0 0 0                                      |
 ├────────────────────┼────────────────────┼────────────────────┼────────────────────┼──────────────────────────────────────────────────────────────────────────────────────────────────────────────────────────────────┼──────────────────────────────────────────────────────────────────────────────────────────────────────────────────────────────────────────────────────────────────────┤
 | 0x00000000000001df | 0x0000000000000028 | 0x0000000000000029 | 0x0000000000401db4 | 0 0 0 0 0 0 0 0 0 0 0 0 0 0 0 0 0 0 0 0 0 0 0 0 0 0 0 0 0 0 0 0 0 0 0 0 0 0 0 0 1 1 0 0 0 0 0 0 0 0 0 0 0 0 0 0 0 0 0 0 0 0 0 0  | 0 0 0 0 0 0 0 0 0 0 0 0 0 0 0 0 0 0 0 0 0 0 0 0 0 0 0 0 0 0 0 0 0 0 0 0 0 0 0 0 1 2 0 0 0 0 0 0 0 0 0 0 0 0 0 0 0 0 0 0 0 0 0 0                                      |
 ├────────────────────┼────────────────────┼────────────────────┼────────────────────┼──────────────────────────────────────────────────────────────────────────────────────────────────────────────────────────────────┼──────────────────────────────────────────────────────────────────────────────────────────────────────────────────────────────────────────────────────────────────────┤
 | 0x0000000000036b75 | 0x000000000000002d | 0x0000000000000030 | 0x000000000040221d | 0 0 0 0 0 0 0 0 0 0 0 1 0 0 0 0 0 0 0 0 0 0 0 0 0 0 0 0 0 0 0 0 0 0 0 0 0 0 0 0 0 0 1 0 0 1 0 1 1 0 0 0 0 1 0 1 0 0 0 0 0 1 0 1  | 0 0 0 0 0 0 0 0 0 0 0 7 0 0 0 0 0 0 0 0 0 0 0 0 0 0 0 0 0 0 0 0 0 0 0 0 0 0 0 0 0 0 4 0 0 1 0 5 2 0 0 0 0 8 0 6 0 0 0 0 0 3 0 9                                      |
 ├────────────────────┼────────────────────┼────────────────────┼────────────────────┼──────────────────────────────────────────────────────────────────────────────────────────────────────────────────────────────────┼──────────────────────────────────────────────────────────────────────────────────────────────────────────────────────────────────────────────────────────────────────┤
 | 0x000000000000022f | 0x0000000000000031 | 0x000000000000002f | 0x0000000000401d7b | 0 0 0 0 0 0 0 0 0 0 1 0 0 0 0 0 0 0 0 0 0 0 0 0 0 0 0 0 0 0 0 0 0 0 0 0 0 0 0 0 0 0 0 0 0 0 0 1 1 1 0 0 0 0 0 0 0 0 0 0 0 0 0 0  | 0 0 0 0 0 0 0 0 0 0 4 0 0 0 0 0 0 0 0 0 0 0 0 0 0 0 0 0 0 0 0 0 0 0 0 0 0 0 0 0 0 0 0 0 0 0 0 2 3 1 0 0 0 0 0 0 0 0 0 0 0 0 0 0                                      |
 ├────────────────────┼────────────────────┼────────────────────┼────────────────────┼──────────────────────────────────────────────────────────────────────────────────────────────────────────────────────────────────┼──────────────────────────────────────────────────────────────────────────────────────────────────────────────────────────────────────────────────────────────────────┤
 | 0x000000000000018c | 0x0000000000000025 | 0x000000000000000b | 0x0000000000402359 | 0 1 0 1 1 0 1 0 0 0 0 1 0 0 0 0 0 1 1 1 1 0 0 0 1 1 0 1 0 1 1 0 0 0 0 0 0 1 1 0 0 0 0 1 1 1 1 0 1 1 0 1 0 0 0 0 0 0 1 0 0 1 0 0  | 0 18 0 13 14 0 17 0 0 0 0 2 0 0 0 0 0 7 8 6 12 0 0 0 10 9 0 16 0 11 25 0 0 0 0 0 0 1 15 0 0 0 0 22 20 21 4 0 3 5 0 23 0 0 0 0 0 0 19 0 0 24 0 0                      |
 ├────────────────────┼────────────────────┼────────────────────┼────────────────────┼──────────────────────────────────────────────────────────────────────────────────────────────────────────────────────────────────┼──────────────────────────────────────────────────────────────────────────────────────────────────────────────────────────────────────────────────────────────────────┤
 | 0x000000000000015a | 0x000000000000001a | 0x0000000000000019 | 0x0000000000401d7b | 0 0 0 0 0 0 0 0 0 0 0 0 0 0 0 0 0 0 0 0 0 0 0 0 0 1 1 0 0 0 0 0 0 0 0 0 0 0 0 0 0 0 0 0 0 0 0 0 0 0 0 0 0 0 0 0 0 0 0 0 0 0 0 0  | 0 0 0 0 0 0 0 0 0 0 0 0 0 0 0 0 0 0 0 0 0 0 0 0 0 2 1 0 0 0 0 0 0 0 0 0 0 0 0 0 0 0 0 0 0 0 0 0 0 0 0 0 0 0 0 0 0 0 0 0 0 0 0 0                                      |
 ├────────────────────┼────────────────────┼────────────────────┼────────────────────┼──────────────────────────────────────────────────────────────────────────────────────────────────────────────────────────────────┼──────────────────────────────────────────────────────────────────────────────────────────────────────────────────────────────────────────────────────────────────────┤
 | 0x000000000000018b | 0x0000000000000015 | 0x0000000000000014 | 0x0000000000401d77 | 0 0 0 0 0 0 0 0 0 0 0 0 0 0 0 0 0 0 0 1 1 1 0 0 0 0 0 0 0 0 0 0 0 0 0 0 1 1 0 0 0 0 0 0 0 0 0 0 0 0 0 0 0 0 0 0 0 0 0 0 0 0 0 0  | 0 0 0 0 0 0 0 0 0 0 0 0 0 0 0 0 0 0 0 3 2 1 0 0 0 0 0 0 0 0 0 0 0 0 0 0 4 5 0 0 0 0 0 0 0 0 0 0 0 0 0 0 0 0 0 0 0 0 0 0 0 0 0 0                                      |
 ├────────────────────┼────────────────────┼────────────────────┼────────────────────┼──────────────────────────────────────────────────────────────────────────────────────────────────────────────────────────────────┼──────────────────────────────────────────────────────────────────────────────────────────────────────────────────────────────────────────────────────────────────────┤
 | 0x00000000000004c5 | 0x0000000000000025 | 0x0000000000000030 | 0x0000000000402363 | 0 0 0 0 0 0 0 0 0 0 0 0 1 0 0 0 0 1 0 0 0 0 0 0 0 0 0 0 0 0 0 0 1 0 0 0 0 1 0 0 0 0 0 0 0 0 0 0 1 0 0 0 0 0 0 0 0 0 0 0 0 0 0 0  | 0 0 0 0 0 0 0 0 0 0 0 0 4 0 0 0 0 3 0 0 0 0 0 0 0 0 0 0 0 0 0 0 5 0 0 0 0 1 0 0 0 0 0 0 0 0 0 0 2 0 0 0 0 0 0 0 0 0 0 0 0 0 0 0                                      |
 ├────────────────────┼────────────────────┼────────────────────┼────────────────────┼──────────────────────────────────────────────────────────────────────────────────────────────────────────────────────────────────┼──────────────────────────────────────────────────────────────────────────────────────────────────────────────────────────────────────────────────────────────────────┤
 | 0x0000000000000646 | 0x0000000000000007 | 0x0000000000000006 | 0x0000000000401d77 | 0 0 0 0 0 0 1 1 0 0 0 0 0 0 0 0 0 0 0 0 0 0 0 0 0 0 0 0 0 0 0 0 0 0 0 0 0 0 0 0 0 0 0 0 0 0 0 0 0 0 0 0 0 0 0 0 0 0 0 0 0 0 0 0  | 0 0 0 0 0 0 2 1 0 0 0 0 0 0 0 0 0 0 0 0 0 0 0 0 0 0 0 0 0 0 0 0 0 0 0 0 0 0 0 0 0 0 0 0 0 0 0 0 0 0 0 0 0 0 0 0 0 0 0 0 0 0 0 0                                      |
 ├────────────────────┼────────────────────┼────────────────────┼────────────────────┼──────────────────────────────────────────────────────────────────────────────────────────────────────────────────────────────────┼──────────────────────────────────────────────────────────────────────────────────────────────────────────────────────────────────────────────────────────────────────┤
 | 0x0000000000000800 | 0x0000000000000003 | 0x0000000000000004 | 0x0000000000401db4 | 0 0 0 1 1 0 0 0 0 0 0 0 0 0 0 0 0 0 0 0 0 0 0 0 0 0 0 0 0 0 0 0 0 0 0 0 0 0 0 0 0 0 0 0 0 0 0 0 0 0 0 0 0 0 0 0 0 0 0 0 0 0 0 0  | 0 0 0 1 2 0 0 0 0 0 0 0 0 0 0 0 0 0 0 0 0 0 0 0 0 0 0 0 0 0 0 0 0 0 0 0 0 0 0 0 0 0 0 0 0 0 0 0 0 0 0 0 0 0 0 0 0 0 0 0 0 0 0 0                                      |
 ├────────────────────┼────────────────────┼────────────────────┼────────────────────┼──────────────────────────────────────────────────────────────────────────────────────────────────────────────────────────────────┼──────────────────────────────────────────────────────────────────────────────────────────────────────────────────────────────────────────────────────────────────────┤
 | 0x000000000000086c | 0x0000000000000030 | 0x0000000000000031 | 0x0000000000401d50 | 0 0 0 0 0 0 0 0 0 0 0 0 0 0 0 0 0 0 0 0 0 0 0 0 0 0 0 0 0 0 0 0 0 0 0 0 0 0 0 0 0 0 0 0 0 0 0 0 1 1 0 0 0 0 0 0 0 0 0 0 0 0 0 0  | 0 0 0 0 0 0 0 0 0 0 0 0 0 0 0 0 0 0 0 0 0 0 0 0 0 0 0 0 0 0 0 0 0 0 0 0 0 0 0 0 0 0 0 0 0 0 0 0 1 2 0 0 0 0 0 0 0 0 0 0 0 0 0 0                                      |
 ├────────────────────┼────────────────────┼────────────────────┼────────────────────┼──────────────────────────────────────────────────────────────────────────────────────────────────────────────────────────────────┼──────────────────────────────────────────────────────────────────────────────────────────────────────────────────────────────────────────────────────────────────────┤
 | 0x00000000000005c8 | 0x0000000000000028 | 0x0000000000000029 | 0x0000000000401d81 | 0 0 0 0 0 0 0 0 0 0 0 0 0 0 0 0 0 0 0 0 0 0 0 0 0 0 0 0 0 0 0 0 0 0 0 0 0 0 0 0 1 1 0 0 0 0 0 0 0 0 0 0 0 0 0 0 0 0 0 0 0 0 0 0  | 0 0 0 0 0 0 0 0 0 0 0 0 0 0 0 0 0 0 0 0 0 0 0 0 0 0 0 0 0 0 0 0 0 0 0 0 0 0 0 0 1 2 0 0 0 0 0 0 0 0 0 0 0 0 0 0 0 0 0 0 0 0 0 0                                      |
 ├────────────────────┼────────────────────┼────────────────────┼────────────────────┼──────────────────────────────────────────────────────────────────────────────────────────────────────────────────────────────────┼──────────────────────────────────────────────────────────────────────────────────────────────────────────────────────────────────────────────────────────────────────┤
 | 0x00000000000005c1 | 0x0000000000000027 | 0x0000000000000028 | 0x0000000000401db4 | 0 0 0 0 0 0 0 0 0 0 0 0 0 0 0 0 0 0 0 0 0 0 0 0 0 0 0 0 0 0 0 0 0 0 0 0 0 0 1 1 1 0 0 0 0 0 0 0 0 0 0 0 0 0 0 0 0 0 0 0 0 0 0 0  | 0 0 0 0 0 0 0 0 0 0 0 0 0 0 0 0 0 0 0 0 0 0 0 0 0 0 0 0 0 0 0 0 0 0 0 0 0 0 3 1 2 0 0 0 0 0 0 0 0 0 0 0 0 0 0 0 0 0 0 0 0 0 0 0                                      |
 ├────────────────────┼────────────────────┼────────────────────┼────────────────────┼──────────────────────────────────────────────────────────────────────────────────────────────────────────────────────────────────┼──────────────────────────────────────────────────────────────────────────────────────────────────────────────────────────────────────────────────────────────────────┤
 | 0x000000000000066a | 0x000000000000000e | 0x000000000000000c | 0x0000000000401d77 | 0 0 0 0 0 0 0 0 0 0 0 0 1 1 1 0 0 0 0 0 0 0 0 0 0 0 0 0 0 0 0 0 0 0 0 0 0 0 0 0 0 0 0 0 0 0 0 0 0 0 0 0 0 0 0 0 0 0 0 0 0 0 0 0  | 0 0 0 0 0 0 0 0 0 0 0 0 2 3 1 0 0 0 0 0 0 0 0 0 0 0 0 0 0 0 0 0 0 0 0 0 0 0 0 0 0 0 0 0 0 0 0 0 0 0 0 0 0 0 0 0 0 0 0 0 0 0 0 0                                      |
 ├────────────────────┼────────────────────┼────────────────────┼────────────────────┼──────────────────────────────────────────────────────────────────────────────────────────────────────────────────────────────────┼──────────────────────────────────────────────────────────────────────────────────────────────────────────────────────────────────────────────────────────────────────┤
 | 0x0000000000000671 | 0x000000000000001e | 0x0000000000000016 | 0x0000000000402363 | 0 1 0 0 0 0 0 0 0 0 0 0 0 0 0 0 0 0 0 0 0 0 1 0 0 0 0 0 0 0 1 0 0 0 0 0 0 0 0 0 0 0 0 0 0 0 0 0 0 0 0 0 0 0 0 0 0 0 0 0 0 0 0 0  | 0 3 0 0 0 0 0 0 0 0 0 0 0 0 0 0 0 0 0 0 0 0 2 0 0 0 0 0 0 0 1 0 0 0 0 0 0 0 0 0 0 0 0 0 0 0 0 0 0 0 0 0 0 0 0 0 0 0 0 0 0 0 0 0                                      |
 ├────────────────────┼────────────────────┼────────────────────┼────────────────────┼──────────────────────────────────────────────────────────────────────────────────────────────────────────────────────────────────┼──────────────────────────────────────────────────────────────────────────────────────────────────────────────────────────────────────────────────────────────────────┤
 | 0x00000000000008c2 | 0x000000000000001e | 0x0000000000000029 | 0x000000000040222b | 0 0 1 0 1 0 0 0 0 0 1 0 0 0 0 0 0 0 0 0 0 0 0 0 0 0 0 0 0 0 1 0 0 0 0 0 0 0 0 0 0 1 0 0 0 0 0 0 0 0 0 0 1 0 0 0 0 0 0 0 0 0 1 0  | 0 0 3 0 7 0 0 0 0 0 5 0 0 0 0 0 0 0 0 0 0 0 0 0 0 0 0 0 0 0 1 0 0 0 0 0 0 0 0 0 0 2 0 0 0 0 0 0 0 0 0 0 6 0 0 0 0 0 0 0 0 0 4 0                                      |
 ├────────────────────┼────────────────────┼────────────────────┼────────────────────┼──────────────────────────────────────────────────────────────────────────────────────────────────────────────────────────────────┼──────────────────────────────────────────────────────────────────────────────────────────────────────────────────────────────────────────────────────────────────────┤
 | 0x0000000000036c6f | 0x000000000000002b | 0x0000000000000004 | 0x000000000040221d | 0 0 0 0 1 0 0 0 0 0 0 0 0 0 0 0 0 0 0 0 0 0 0 0 0 0 0 0 0 0 0 0 0 0 0 0 0 0 0 0 0 0 0 1 0 0 0 0 0 0 0 0 0 0 0 0 0 0 0 0 0 0 0 0  | 0 0 0 0 2 0 0 0 0 0 0 0 0 0 0 0 0 0 0 0 0 0 0 0 0 0 0 0 0 0 0 0 0 0 0 0 0 0 0 0 0 0 0 1 0 0 0 0 0 0 0 0 0 0 0 0 0 0 0 0 0 0 0 0                                      |
 ├────────────────────┼────────────────────┼────────────────────┼────────────────────┼──────────────────────────────────────────────────────────────────────────────────────────────────────────────────────────────────┼──────────────────────────────────────────────────────────────────────────────────────────────────────────────────────────────────────────────────────────────────────┤
 | 0x0000000000000216 | 0x0000000000000000 | 0x0000000000000001 | 0x0000000000402212 | 1 1 1 1 1 1 0 0 0 0 0 0 0 0 0 0 0 0 0 0 0 0 0 0 0 0 0 0 0 0 0 0 0 0 0 0 0 0 0 1 0 0 0 0 0 0 0 0 0 0 0 0 0 0 0 0 0 0 0 0 0 0 0 0  | 1 2 4 5 6 7 0 0 0 0 0 0 0 0 0 0 0 0 0 0 0 0 0 0 0 0 0 0 0 0 0 0 0 0 0 0 0 0 0 3 0 0 0 0 0 0 0 0 0 0 0 0 0 0 0 0 0 0 0 0 0 0 0 0                                      |
 ├────────────────────┼────────────────────┼────────────────────┼────────────────────┼──────────────────────────────────────────────────────────────────────────────────────────────────────────────────────────────────┼──────────────────────────────────────────────────────────────────────────────────────────────────────────────────────────────────────────────────────────────────────┤
 | 0x0000000000000758 | 0x0000000000000003 | 0x0000000000000002 | 0x0000000000401d77 | 0 0 1 1 0 0 0 0 0 0 0 0 0 0 0 0 0 0 0 0 0 0 0 0 0 0 0 0 0 0 0 0 0 0 0 0 0 0 0 0 0 0 0 0 0 0 0 0 0 0 0 0 0 0 0 0 0 0 0 0 0 0 0 0  | 0 0 2 1 0 0 0 0 0 0 0 0 0 0 0 0 0 0 0 0 0 0 0 0 0 0 0 0 0 0 0 0 0 0 0 0 0 0 0 0 0 0 0 0 0 0 0 0 0 0 0 0 0 0 0 0 0 0 0 0 0 0 0 0                                      |
 ├────────────────────┼────────────────────┼────────────────────┼────────────────────┼──────────────────────────────────────────────────────────────────────────────────────────────────────────────────────────────────┼──────────────────────────────────────────────────────────────────────────────────────────────────────────────────────────────────────────────────────────────────────┤
 | 0x00000000000007ec | 0x0000000000000036 | 0x0000000000000026 | 0x0000000000402363 | 0 0 0 0 0 0 0 0 0 0 0 0 0 0 0 0 0 0 0 0 0 0 0 0 0 0 0 0 0 0 0 0 0 0 0 0 0 0 1 0 0 0 0 0 0 0 0 0 0 0 0 0 0 0 1 0 0 0 0 0 0 0 0 0  | 0 0 0 0 0 0 0 0 0 0 0 0 0 0 0 0 0 0 0 0 0 0 0 0 0 0 0 0 0 0 0 0 0 0 0 0 0 0 2 0 0 0 0 0 0 0 0 0 0 0 0 0 0 0 1 0 0 0 0 0 0 0 0 0                                      |
 ├────────────────────┼────────────────────┼────────────────────┼────────────────────┼──────────────────────────────────────────────────────────────────────────────────────────────────────────────────────────────────┼──────────────────────────────────────────────────────────────────────────────────────────────────────────────────────────────────────────────────────────────────────┤
 | 0x0000000000000446 | 0x0000000000000035 | 0x0000000000000001 | 0x0000000000402359 | 0 1 0 0 0 0 0 0 0 0 0 0 0 0 0 0 0 0 0 0 0 0 0 0 0 0 0 0 0 0 0 0 0 0 0 0 0 0 0 0 0 0 0 0 0 0 0 0 0 0 0 0 0 1 0 0 0 0 0 0 0 0 0 0  | 0 2 0 0 0 0 0 0 0 0 0 0 0 0 0 0 0 0 0 0 0 0 0 0 0 0 0 0 0 0 0 0 0 0 0 0 0 0 0 0 0 0 0 0 0 0 0 0 0 0 0 0 0 1 0 0 0 0 0 0 0 0 0 0                                      |
 ├────────────────────┼────────────────────┼────────────────────┼────────────────────┼──────────────────────────────────────────────────────────────────────────────────────────────────────────────────────────────────┼──────────────────────────────────────────────────────────────────────────────────────────────────────────────────────────────────────────────────────────────────────┤
 | 0x0000000000000628 | 0x0000000000000039 | 0x000000000000001f | 0x0000000000402363 | 0 0 0 0 0 0 0 0 0 0 0 1 0 0 0 0 0 0 0 0 0 0 0 0 0 0 0 0 0 0 0 1 0 0 0 0 0 0 0 0 0 0 0 0 0 0 0 0 0 0 0 0 0 0 0 0 0 1 0 0 0 0 0 0  | 0 0 0 0 0 0 0 0 0 0 0 3 0 0 0 0 0 0 0 0 0 0 0 0 0 0 0 0 0 0 0 2 0 0 0 0 0 0 0 0 0 0 0 0 0 0 0 0 0 0 0 0 0 0 0 0 0 1 0 0 0 0 0 0                                      |
 ├────────────────────┼────────────────────┼────────────────────┼────────────────────┼──────────────────────────────────────────────────────────────────────────────────────────────────────────────────────────────────┼──────────────────────────────────────────────────────────────────────────────────────────────────────────────────────────────────────────────────────────────────────┤
 | 0x0000000000036eb5 | 0x000000000000001f | 0x000000000000001e | 0x000000000040234c | 0 0 0 0 0 0 0 0 0 0 0 0 0 0 0 0 0 0 0 0 0 0 0 0 0 0 0 0 0 0 1 1 1 1 0 0 0 0 0 0 0 0 0 0 0 0 0 0 0 0 0 0 0 0 0 0 0 0 0 0 0 0 0 0  | 0 0 0 0 0 0 0 0 0 0 0 0 0 0 0 0 0 0 0 0 0 0 0 0 0 0 0 0 0 0 2 1 3 4 0 0 0 0 0 0 0 0 0 0 0 0 0 0 0 0 0 0 0 0 0 0 0 0 0 0 0 0 0 0                                      |
 ├────────────────────┼────────────────────┼────────────────────┼────────────────────┼──────────────────────────────────────────────────────────────────────────────────────────────────────────────────────────────────┼──────────────────────────────────────────────────────────────────────────────────────────────────────────────────────────────────────────────────────────────────────┤
 | 0x00000000000007a7 | 0x0000000000000004 | 0x0000000000000009 | 0x0000000000402359 | 0 0 0 0 1 0 0 0 0 1 0 0 0 0 0 0 0 0 0 0 0 0 0 0 0 0 0 0 0 0 0 0 0 0 0 0 0 0 0 0 0 0 0 0 0 0 0 0 0 0 0 0 0 0 0 0 0 0 0 0 0 0 0 0  | 0 0 0 0 1 0 0 0 0 2 0 0 0 0 0 0 0 0 0 0 0 0 0 0 0 0 0 0 0 0 0 0 0 0 0 0 0 0 0 0 0 0 0 0 0 0 0 0 0 0 0 0 0 0 0 0 0 0 0 0 0 0 0 0                                      |
 ├────────────────────┼────────────────────┼────────────────────┼────────────────────┼──────────────────────────────────────────────────────────────────────────────────────────────────────────────────────────────────┼──────────────────────────────────────────────────────────────────────────────────────────────────────────────────────────────────────────────────────────────────────┤
 | 0x0000000000000541 | 0x0000000000000024 | 0x0000000000000014 | 0x0000000000402359 | 0 0 0 0 0 0 0 0 0 0 0 0 0 0 0 0 0 0 0 0 1 0 0 0 0 0 0 0 0 0 0 0 0 0 0 0 1 0 0 0 0 0 0 0 0 0 0 0 0 0 0 0 0 0 1 1 1 0 0 0 0 0 1 0  | 0 0 0 0 0 0 0 0 0 0 0 0 0 0 0 0 0 0 0 0 2 0 0 0 0 0 0 0 0 0 0 0 0 0 0 0 1 0 0 0 0 0 0 0 0 0 0 0 0 0 0 0 0 0 5 3 4 0 0 0 0 0 6 0                                      |
 ├────────────────────┼────────────────────┼────────────────────┼────────────────────┼──────────────────────────────────────────────────────────────────────────────────────────────────────────────────────────────────┼──────────────────────────────────────────────────────────────────────────────────────────────────────────────────────────────────────────────────────────────────────┤
 | 0x0000000000000215 | 0x0000000000000039 | 0x000000000000003c | 0x000000000040210f | 0 0 0 0 1 0 0 0 0 0 0 0 0 0 0 0 0 0 0 0 0 0 0 0 0 0 0 0 0 0 0 0 0 0 0 0 0 0 0 0 0 0 0 0 0 0 0 0 0 0 0 0 0 0 0 1 0 1 0 0 1 0 1 0  | 0 0 0 0 4 0 0 0 0 0 0 0 0 0 0 0 0 0 0 0 0 0 0 0 0 0 0 0 0 0 0 0 0 0 0 0 0 0 0 0 0 0 0 0 0 0 0 0 0 0 0 0 0 0 0 5 0 1 0 0 2 0 3 0                                      |
 ├────────────────────┼────────────────────┼────────────────────┼────────────────────┼──────────────────────────────────────────────────────────────────────────────────────────────────────────────────────────────────┼──────────────────────────────────────────────────────────────────────────────────────────────────────────────────────────────────────────────────────────────────────┤
 | 0x0000000000000867 | 0x0000000000000006 | 0x0000000000000005 | 0x0000000000401d77 | 0 0 0 0 0 1 1 0 0 0 0 0 0 0 0 0 0 0 0 0 0 0 0 1 1 0 0 0 0 0 0 0 0 0 0 0 0 0 0 0 0 0 0 0 0 0 0 0 0 0 0 0 0 0 0 0 0 0 0 0 0 0 0 0  | 0 0 0 0 0 2 1 0 0 0 0 0 0 0 0 0 0 0 0 0 0 0 0 3 4 0 0 0 0 0 0 0 0 0 0 0 0 0 0 0 0 0 0 0 0 0 0 0 0 0 0 0 0 0 0 0 0 0 0 0 0 0 0 0                                      |
 ├────────────────────┼────────────────────┼────────────────────┼────────────────────┼──────────────────────────────────────────────────────────────────────────────────────────────────────────────────────────────────┼──────────────────────────────────────────────────────────────────────────────────────────────────────────────────────────────────────────────────────────────────────┤
 | 0x00000000000002cd | 0x0000000000000021 | 0x000000000000003b | 0x0000000000402359 | 0 0 0 0 0 0 0 0 0 0 0 0 0 0 0 0 0 0 0 0 0 0 0 0 0 0 0 0 0 0 0 0 0 1 0 0 0 0 0 0 0 0 0 0 0 0 0 0 0 0 0 0 0 0 0 0 0 0 0 1 0 0 0 0  | 0 0 0 0 0 0 0 0 0 0 0 0 0 0 0 0 0 0 0 0 0 0 0 0 0 0 0 0 0 0 0 0 0 1 0 0 0 0 0 0 0 0 0 0 0 0 0 0 0 0 0 0 0 0 0 0 0 0 0 2 0 0 0 0                                      |
 ├────────────────────┼────────────────────┼────────────────────┼────────────────────┼──────────────────────────────────────────────────────────────────────────────────────────────────────────────────────────────────┼──────────────────────────────────────────────────────────────────────────────────────────────────────────────────────────────────────────────────────────────────────┤
 | 0x0000000000036f8e | 0x0000000000000002 | 0x0000000000000001 | 0x000000000040234c | 0 1 1 1 1 1 1 1 1 1 0 0 0 0 0 0 0 0 0 0 0 0 0 0 0 0 0 0 0 0 0 0 0 0 0 0 0 0 0 0 0 0 0 0 0 0 0 0 0 0 0 0 0 0 0 0 0 0 0 0 0 0 0 0  | 0 2 1 3 4 5 6 7 8 9 0 0 0 0 0 0 0 0 0 0 0 0 0 0 0 0 0 0 0 0 0 0 0 0 0 0 0 0 0 0 0 0 0 0 0 0 0 0 0 0 0 0 0 0 0 0 0 0 0 0 0 0 0 0                                      |
 ├────────────────────┼────────────────────┼────────────────────┼────────────────────┼──────────────────────────────────────────────────────────────────────────────────────────────────────────────────────────────────┼──────────────────────────────────────────────────────────────────────────────────────────────────────────────────────────────────────────────────────────────────────┤
 | 0x000000000000021d | 0x0000000000000023 | 0x0000000000000022 | 0x0000000000401f00 | 0 0 0 0 0 0 0 0 0 0 0 0 0 0 0 0 0 0 0 0 0 0 0 0 0 0 0 0 0 0 0 0 0 0 1 1 0 0 0 0 0 0 0 0 0 0 0 0 0 0 0 0 0 0 0 0 0 0 0 0 0 0 0 0  | 0 0 0 0 0 0 0 0 0 0 0 0 0 0 0 0 0 0 0 0 0 0 0 0 0 0 0 0 0 0 0 0 0 0 2 1 0 0 0 0 0 0 0 0 0 0 0 0 0 0 0 0 0 0 0 0 0 0 0 0 0 0 0 0                                      |
 ├────────────────────┼────────────────────┼────────────────────┼────────────────────┼──────────────────────────────────────────────────────────────────────────────────────────────────────────────────────────────────┼──────────────────────────────────────────────────────────────────────────────────────────────────────────────────────────────────────────────────────────────────────┤
 | 0x0000000000000214 | 0x0000000000000023 | 0x000000000000001d | 0x000000000040210f | 1 1 1 1 1 0 1 1 0 0 1 1 0 0 0 1 1 1 1 1 1 1 0 0 0 0 0 1 1 1 1 0 0 1 1 1 1 1 1 1 0 0 1 0 0 1 1 0 0 1 1 1 1 0 1 0 0 1 0 1 0 1 1 1  | 24 19 18 15 7 0 29 30 0 0 39 8 0 0 0 34 27 20 23 28 6 11 0 0 0 0 0 12 37 2 9 0 0 13 14 1 25 17 35 40 0 0 33 0 0 4 3 0 0 31 26 22 10 0 38 0 0 21 0 5 0 32 36 16       |
 ├────────────────────┼────────────────────┼────────────────────┼────────────────────┼──────────────────────────────────────────────────────────────────────────────────────────────────────────────────────────────────┼──────────────────────────────────────────────────────────────────────────────────────────────────────────────────────────────────────────────────────────────────────┤
 | 0x000000000000076c | 0x0000000000000025 | 0x000000000000000a | 0x0000000000402363 | 0 0 0 0 0 0 0 0 0 0 1 0 0 0 0 0 0 0 0 0 0 0 0 0 0 0 0 0 0 0 0 0 0 0 0 0 0 1 0 0 0 0 0 0 0 0 0 0 0 0 0 0 0 0 0 0 0 0 0 0 0 0 0 0  | 0 0 0 0 0 0 0 0 0 0 2 0 0 0 0 0 0 0 0 0 0 0 0 0 0 0 0 0 0 0 0 0 0 0 0 0 0 1 0 0 0 0 0 0 0 0 0 0 0 0 0 0 0 0 0 0 0 0 0 0 0 0 0 0                                      |
 ├────────────────────┼────────────────────┼────────────────────┼────────────────────┼──────────────────────────────────────────────────────────────────────────────────────────────────────────────────────────────────┼──────────────────────────────────────────────────────────────────────────────────────────────────────────────────────────────────────────────────────────────────────┤
 | 0x0000000000000508 | 0x000000000000003b | 0x000000000000003c | 0x0000000000401de4 | 0 0 0 0 0 0 0 0 0 0 0 0 0 0 0 0 0 0 0 0 0 0 0 0 0 0 0 0 0 0 0 0 0 0 0 0 0 0 0 0 0 0 0 0 0 0 0 0 0 0 0 0 0 0 0 0 0 0 0 1 1 0 0 0  | 0 0 0 0 0 0 0 0 0 0 0 0 0 0 0 0 0 0 0 0 0 0 0 0 0 0 0 0 0 0 0 0 0 0 0 0 0 0 0 0 0 0 0 0 0 0 0 0 0 0 0 0 0 0 0 0 0 0 0 1 2 0 0 0                                      |
 ├────────────────────┼────────────────────┼────────────────────┼────────────────────┼──────────────────────────────────────────────────────────────────────────────────────────────────────────────────────────────────┼──────────────────────────────────────────────────────────────────────────────────────────────────────────────────────────────────────────────────────────────────────┤
 | 0x0000000000000255 | 0x0000000000000022 | 0x0000000000000021 | 0x0000000000401d7b | 0 0 0 0 0 0 0 0 0 0 0 0 0 0 0 0 0 0 0 0 0 0 0 0 0 0 0 0 0 0 0 0 0 1 1 0 0 0 0 0 0 0 0 0 0 0 0 0 0 0 0 0 0 0 0 0 0 0 0 0 0 0 0 0  | 0 0 0 0 0 0 0 0 0 0 0 0 0 0 0 0 0 0 0 0 0 0 0 0 0 0 0 0 0 0 0 0 0 2 1 0 0 0 0 0 0 0 0 0 0 0 0 0 0 0 0 0 0 0 0 0 0 0 0 0 0 0 0 0                                      |
 ├────────────────────┼────────────────────┼────────────────────┼────────────────────┼──────────────────────────────────────────────────────────────────────────────────────────────────────────────────────────────────┼──────────────────────────────────────────────────────────────────────────────────────────────────────────────────────────────────────────────────────────────────────┤
 | 0x00000000000007c3 | 0x000000000000000f | 0x0000000000000010 | 0x0000000000401db4 | 0 0 0 0 0 1 1 0 0 0 0 0 0 0 0 1 1 0 0 0 0 0 0 0 0 0 0 0 0 0 0 0 0 0 0 0 0 0 0 0 0 0 0 0 0 0 0 0 0 0 0 0 0 0 0 0 0 0 0 0 0 0 0 0  | 0 0 0 0 0 4 3 0 0 0 0 0 0 0 0 1 2 0 0 0 0 0 0 0 0 0 0 0 0 0 0 0 0 0 0 0 0 0 0 0 0 0 0 0 0 0 0 0 0 0 0 0 0 0 0 0 0 0 0 0 0 0 0 0                                      |
 ├────────────────────┼────────────────────┼────────────────────┼────────────────────┼──────────────────────────────────────────────────────────────────────────────────────────────────────────────────────────────────┼──────────────────────────────────────────────────────────────────────────────────────────────────────────────────────────────────────────────────────────────────────┤
 | 0x00000000000008ff | 0x0000000000000029 | 0x000000000000002a | 0x0000000000401de4 | 0 0 0 0 0 0 0 0 0 0 0 0 0 0 0 0 0 0 0 0 0 0 0 0 0 0 0 0 0 0 0 0 0 0 0 0 0 0 0 0 1 1 1 0 0 0 0 0 0 0 0 0 0 0 0 0 0 0 0 0 0 0 0 0  | 0 0 0 0 0 0 0 0 0 0 0 0 0 0 0 0 0 0 0 0 0 0 0 0 0 0 0 0 0 0 0 0 0 0 0 0 0 0 0 0 3 1 2 0 0 0 0 0 0 0 0 0 0 0 0 0 0 0 0 0 0 0 0 0                                      |
 ├────────────────────┼────────────────────┼────────────────────┼────────────────────┼──────────────────────────────────────────────────────────────────────────────────────────────────────────────────────────────────┼──────────────────────────────────────────────────────────────────────────────────────────────────────────────────────────────────────────────────────────────────────┤
 | 0x00000000000005fd | 0x0000000000000008 | 0x0000000000000037 | 0x000000000040222b | 0 0 0 0 1 0 0 0 1 0 0 0 0 0 0 0 0 0 0 0 0 0 0 0 1 0 0 0 0 0 0 0 0 0 0 0 0 0 0 0 0 0 0 0 0 0 0 0 0 0 0 0 0 0 0 1 0 0 0 0 0 0 0 0  | 0 0 0 0 4 0 0 0 1 0 0 0 0 0 0 0 0 0 0 0 0 0 0 0 3 0 0 0 0 0 0 0 0 0 0 0 0 0 0 0 0 0 0 0 0 0 0 0 0 0 0 0 0 0 0 2 0 0 0 0 0 0 0 0                                      |
 └────────────────────┴────────────────────┴────────────────────┴────────────────────┴──────────────────────────────────────────────────────────────────────────────────────────────────────────────────────────────────┴──────────────────────────────────────────────────────────────────────────────────────────────────────────────────────────────────────────────────────────────────────┘
Accumulation table end
Pattern table begin
 ┌─────────────┬─────────────┬──────────────────────────────────────────────────────────────────────────────────────────────────────────────────────────────────┐
 | Trigger     | Second      | Pattern                                                                                                                          |
 ├─────────────┼─────────────┼──────────────────────────────────────────────────────────────────────────────────────────────────────────────────────────────────┤
 | 0           | 5           | 1 0 0 0 0 1 0 0 0 0 0 0 0 0 0 0 0 0 0 0 0 0 0 0 0 0 0 0 0 0 0 0 0 0 0 0 0 0 0 0 0 0 0 0 0 0 0 0 0 0 0 0 0 0 1 0 0 0 0 0 0 0 0 0  |
 ├─────────────┼─────────────┼──────────────────────────────────────────────────────────────────────────────────────────────────────────────────────────────────┤
 | 0           | 44          | 1 0 0 0 0 0 0 0 0 0 0 0 0 0 0 0 0 0 0 0 0 0 0 0 0 0 0 0 0 0 0 0 0 0 0 0 0 0 0 0 0 0 0 0 1 0 0 0 0 0 0 0 0 0 0 0 0 0 0 0 0 0 0 0  |
 ├─────────────┼─────────────┼──────────────────────────────────────────────────────────────────────────────────────────────────────────────────────────────────┤
 | 0           | 1           | 1 1 0 0 0 0 0 0 0 0 0 0 0 0 0 0 0 0 0 0 0 0 0 0 0 0 0 0 0 0 0 0 0 0 0 0 0 0 0 0 0 0 0 0 0 0 0 0 0 0 0 0 0 0 0 0 0 0 0 0 0 0 0 0  |
 ├─────────────┼─────────────┼──────────────────────────────────────────────────────────────────────────────────────────────────────────────────────────────────┤
 | 0           | 33          | 1 0 0 0 0 0 0 0 0 0 0 0 0 0 0 0 0 0 0 0 0 0 0 0 0 0 0 0 0 0 0 0 0 1 0 0 0 0 0 0 0 0 0 0 0 0 0 0 0 0 0 0 0 0 0 0 0 0 0 0 0 0 0 0  |
 ├─────────────┼─────────────┼──────────────────────────────────────────────────────────────────────────────────────────────────────────────────────────────────┤
 | 1           | 0           | 1 1 0 0 0 0 0 0 0 0 0 0 0 0 0 0 0 0 0 0 0 0 0 0 0 0 0 0 0 0 0 0 0 0 0 0 0 0 0 0 0 0 0 0 0 0 0 0 0 0 0 0 0 0 0 0 0 0 0 0 0 0 0 0  |
 ├─────────────┼─────────────┼──────────────────────────────────────────────────────────────────────────────────────────────────────────────────────────────────┤
 | 1           | 9           | 0 1 0 0 0 0 0 0 0 1 0 0 0 0 0 0 0 0 0 0 0 0 0 0 0 0 0 0 0 0 0 0 0 0 0 0 0 0 0 0 0 0 0 0 0 0 0 0 0 0 0 0 0 0 0 0 0 0 1 0 0 0 0 0  |
 ├─────────────┼─────────────┼──────────────────────────────────────────────────────────────────────────────────────────────────────────────────────────────────┤
 | 1           | 43          | 0 1 0 0 0 0 0 0 0 0 0 0 0 0 0 0 0 0 0 0 0 0 0 0 0 0 0 0 0 0 0 0 0 0 0 0 0 0 0 0 0 0 0 1 0 0 0 0 0 0 0 0 0 0 0 0 0 0 0 0 0 0 0 0  |
 ├─────────────┼─────────────┼──────────────────────────────────────────────────────────────────────────────────────────────────────────────────────────────────┤
 | 1           | 38          | 0 1 0 0 0 0 0 0 0 0 0 0 0 0 0 0 0 0 0 0 0 0 0 0 0 0 0 0 0 0 0 0 0 0 0 0 0 0 1 0 0 0 0 0 0 0 0 0 0 0 0 0 0 0 0 0 0 0 0 0 0 0 0 0  |
 ├─────────────┼─────────────┼──────────────────────────────────────────────────────────────────────────────────────────────────────────────────────────────────┤
 | 2           | 41          | 0 0 1 0 1 0 0 0 0 0 1 0 0 0 0 0 0 0 0 0 0 0 0 0 0 0 0 0 0 0 1 0 0 0 0 0 0 0 0 0 0 1 0 0 0 0 0 0 0 0 0 0 1 0 0 0 0 0 0 0 0 0 1 0  |
 ├─────────────┼─────────────┼──────────────────────────────────────────────────────────────────────────────────────────────────────────────────────────────────┤
 | 2           | 30          | 0 0 1 0 1 0 0 0 0 0 1 0 0 0 0 0 0 0 0 0 0 0 0 0 0 0 0 0 0 0 1 0 0 0 0 0 0 0 0 0 0 1 0 0 0 0 0 0 0 0 0 0 1 0 0 0 0 0 0 0 0 0 1 0  |
 ├─────────────┼─────────────┼──────────────────────────────────────────────────────────────────────────────────────────────────────────────────────────────────┤
 | 2           | 50          | 0 0 1 0 0 0 0 0 0 0 0 0 0 0 0 0 0 0 0 0 0 0 0 0 0 0 0 0 0 0 0 0 0 0 0 0 0 0 0 0 0 0 0 0 0 0 0 0 0 0 1 0 1 0 0 0 0 0 0 0 0 0 0 0  |
 ├─────────────┼─────────────┼──────────────────────────────────────────────────────────────────────────────────────────────────────────────────────────────────┤
 | 2           | 52          | 0 0 1 0 0 0 0 0 0 0 0 0 0 0 0 0 0 0 0 0 0 0 0 0 0 0 0 0 0 0 0 0 0 0 0 0 0 0 0 0 0 0 0 0 0 0 0 0 0 0 0 0 1 0 0 0 0 0 0 0 0 0 0 0  |
 ├─────────────┼─────────────┼──────────────────────────────────────────────────────────────────────────────────────────────────────────────────────────────────┤
 | 3           | 2           | 0 0 1 1 0 0 0 0 0 0 0 0 0 0 0 0 0 0 0 0 0 0 0 0 0 0 0 0 0 0 0 0 0 0 0 0 0 0 0 0 0 0 0 0 0 0 0 0 0 0 0 0 0 0 0 0 0 0 0 0 0 0 0 0  |
 ├─────────────┼─────────────┼──────────────────────────────────────────────────────────────────────────────────────────────────────────────────────────────────┤
 | 3           | 4           | 0 0 0 1 1 0 0 0 0 0 0 0 0 0 1 0 0 0 0 0 0 0 0 0 0 0 0 0 0 0 0 0 0 0 0 0 0 0 0 0 0 0 0 0 0 0 0 0 0 0 0 0 0 0 0 0 0 0 0 0 0 0 0 0  |
 ├─────────────┼─────────────┼──────────────────────────────────────────────────────────────────────────────────────────────────────────────────────────────────┤
 | 3           | 24          | 0 0 0 1 0 0 0 0 0 0 0 0 0 0 0 0 0 0 0 0 0 0 0 1 1 0 0 0 0 0 0 0 0 0 0 0 0 0 0 0 0 0 0 0 0 0 0 0 0 0 1 0 0 0 0 0 0 0 0 0 0 0 1 0  |
 ├─────────────┼─────────────┼──────────────────────────────────────────────────────────────────────────────────────────────────────────────────────────────────┤
 | 3           | 56          | 0 0 0 1 0 0 0 0 0 0 0 0 0 0 0 0 0 0 0 0 0 0 0 0 0 0 0 0 0 0 0 0 0 0 0 0 0 0 0 0 0 0 0 0 0 0 0 0 0 0 0 0 0 0 0 0 1 0 0 0 0 0 0 0  |
 ├─────────────┼─────────────┼──────────────────────────────────────────────────────────────────────────────────────────────────────────────────────────────────┤
 | 4           | 5           | 0 0 0 0 1 1 0 0 0 0 0 0 0 0 0 0 0 0 0 0 0 0 0 0 0 0 0 0 0 0 0 0 0 0 0 0 0 0 0 0 0 0 0 0 0 0 0 0 0 0 0 0 0 0 0 0 0 0 0 0 0 0 0 0  |
 ├─────────────┼─────────────┼──────────────────────────────────────────────────────────────────────────────────────────────────────────────────────────────────┤
 | 4           | 56          | 0 0 0 0 1 0 0 0 0 0 0 0 0 0 0 0 0 0 0 0 0 0 0 0 0 0 0 0 0 0 0 0 0 0 0 0 0 0 0 0 0 0 0 0 0 0 0 0 0 0 0 0 0 0 0 0 1 0 0 0 0 0 0 0  |
 ├─────────────┼─────────────┼──────────────────────────────────────────────────────────────────────────────────────────────────────────────────────────────────┤
 | 4           | 3           | 0 0 0 1 1 0 0 0 0 0 0 0 0 0 0 0 0 0 0 0 0 0 0 0 0 0 0 0 0 0 0 0 0 0 0 0 0 0 0 0 0 0 0 0 0 0 0 0 0 0 0 0 0 0 0 0 0 0 0 0 0 0 0 0  |
 ├─────────────┼─────────────┼──────────────────────────────────────────────────────────────────────────────────────────────────────────────────────────────────┤
 | 4           | 43          | 0 0 0 0 1 0 0 0 0 0 0 0 0 0 0 0 0 0 0 0 0 0 0 0 0 0 0 0 0 0 0 0 0 0 0 0 0 0 0 0 0 0 0 1 0 0 0 0 0 0 0 0 0 0 0 0 0 0 0 0 0 0 0 0  |
 ├─────────────┼─────────────┼──────────────────────────────────────────────────────────────────────────────────────────────────────────────────────────────────┤
 | 5           | 4           | 0 0 0 0 1 1 0 0 0 0 0 0 0 0 0 0 0 0 0 0 0 0 0 0 0 0 0 0 0 0 0 0 0 0 0 0 0 0 0 0 0 0 0 0 0 0 0 0 0 0 0 0 0 0 0 0 0 0 0 0 0 0 0 0  |
 ├─────────────┼─────────────┼──────────────────────────────────────────────────────────────────────────────────────────────────────────────────────────────────┤
 | 5           | 6           | 0 0 0 0 0 1 1 0 0 0 0 0 0 0 0 0 0 0 0 0 0 0 0 0 0 0 0 0 0 0 0 0 0 0 0 0 0 0 0 0 0 0 0 0 0 0 0 0 0 0 0 0 0 0 0 0 0 0 0 0 0 0 0 0  |
 ├─────────────┼─────────────┼──────────────────────────────────────────────────────────────────────────────────────────────────────────────────────────────────┤
 | 5           | 11          | 0 0 0 0 0 1 0 0 0 0 0 1 0 0 0 0 0 0 0 0 0 0 0 0 0 0 0 0 0 0 0 0 0 0 0 0 0 0 0 0 0 0 0 0 0 0 0 0 0 0 0 0 0 0 0 0 0 0 0 0 0 0 0 0  |
 ├─────────────┼─────────────┼──────────────────────────────────────────────────────────────────────────────────────────────────────────────────────────────────┤
 | 5           | 54          | 0 0 0 0 0 1 0 0 0 0 0 0 0 0 0 0 0 0 0 0 0 0 0 0 0 0 0 0 0 0 0 0 0 0 0 0 0 0 0 0 0 0 0 0 0 0 0 0 0 0 0 0 0 0 1 0 0 0 0 0 0 0 0 0  |
 ├─────────────┼─────────────┼──────────────────────────────────────────────────────────────────────────────────────────────────────────────────────────────────┤
 | 6           | 29          | 0 0 0 0 0 0 1 0 0 0 0 0 0 0 0 0 0 0 0 0 0 0 0 0 0 0 0 0 0 1 0 0 0 0 0 0 0 0 0 0 0 0 0 0 0 0 0 0 0 0 0 0 0 0 0 0 0 0 0 0 1 0 0 0  |
 ├─────────────┼─────────────┼──────────────────────────────────────────────────────────────────────────────────────────────────────────────────────────────────┤
 | 6           | 5           | 0 0 0 0 0 1 1 0 0 0 0 0 0 0 0 0 0 0 0 0 0 0 0 0 0 0 0 0 0 0 0 0 0 0 0 0 0 0 0 0 0 0 0 0 0 0 0 0 0 0 0 0 0 0 0 0 0 0 0 0 0 0 0 0  |
 ├─────────────┼─────────────┼──────────────────────────────────────────────────────────────────────────────────────────────────────────────────────────────────┤
 | 6           | 55          | 1 1 0 0 0 1 1 0 1 0 0 1 0 0 0 0 0 0 0 0 0 1 0 0 0 0 0 0 0 0 0 0 0 0 0 0 0 0 0 0 0 0 0 0 0 0 0 0 0 0 0 0 0 0 0 1 0 0 0 0 0 0 0 0  |
 ├─────────────┼─────────────┼──────────────────────────────────────────────────────────────────────────────────────────────────────────────────────────────────┤
 | 6           | 32          | 0 0 0 0 0 0 1 0 0 0 0 0 0 0 0 0 0 0 0 0 0 0 0 0 0 0 0 0 0 0 0 0 1 0 0 0 0 0 0 0 0 0 0 0 0 0 0 0 0 0 0 0 0 1 0 0 0 0 0 0 0 0 0 0  |
 ├─────────────┼─────────────┼──────────────────────────────────────────────────────────────────────────────────────────────────────────────────────────────────┤
 | 7           | 48          | 0 0 0 0 0 0 0 1 0 0 0 0 0 0 0 0 0 0 0 0 0 0 0 0 0 1 0 0 0 0 0 0 0 0 0 0 0 0 0 0 0 0 0 0 0 0 0 0 1 0 0 0 0 0 0 0 0 0 0 0 0 0 0 0  |
 ├─────────────┼─────────────┼──────────────────────────────────────────────────────────────────────────────────────────────────────────────────────────────────┤
 | 7           | 40          | 0 0 0 0 0 0 0 1 0 1 0 0 0 0 0 0 0 0 0 0 0 0 0 0 0 0 0 0 0 0 0 0 0 0 0 0 0 0 0 0 1 0 0 0 0 0 0 0 0 0 0 0 0 0 0 0 0 0 0 0 0 0 0 0  |
 ├─────────────┼─────────────┼──────────────────────────────────────────────────────────────────────────────────────────────────────────────────────────────────┤
 | 7           | 28          | 0 0 0 0 0 0 0 1 0 0 0 0 0 0 0 0 0 0 0 0 0 0 0 0 0 0 0 0 1 0 0 0 0 0 0 0 0 0 0 0 0 0 0 0 1 0 0 0 0 0 0 0 0 0 0 0 0 0 0 0 0 0 0 0  |
 ├─────────────┼─────────────┼──────────────────────────────────────────────────────────────────────────────────────────────────────────────────────────────────┤
 | 7           | 6           | 0 0 0 0 0 0 1 1 0 0 0 0 0 0 0 0 0 0 0 0 0 0 0 0 0 0 0 0 0 0 0 0 0 0 0 0 0 0 0 0 0 0 0 0 0 0 0 1 0 0 0 0 0 0 0 0 0 0 0 0 0 0 0 0  |
 ├─────────────┼─────────────┼──────────────────────────────────────────────────────────────────────────────────────────────────────────────────────────────────┤
 | 8           | 55          | 0 0 0 0 0 0 0 0 1 0 0 0 0 0 0 0 0 0 0 0 0 0 0 0 0 0 0 0 0 0 0 0 0 0 0 0 0 0 0 0 0 0 0 0 0 0 0 0 0 0 0 0 0 0 0 1 0 0 0 0 0 0 0 0  |
 ├─────────────┼─────────────┼──────────────────────────────────────────────────────────────────────────────────────────────────────────────────────────────────┤
 | 8           | 27          | 0 0 0 0 0 0 0 0 1 0 0 0 0 0 0 0 0 0 0 0 0 0 0 0 0 0 0 1 0 0 0 0 0 0 0 0 0 0 0 0 0 0 0 0 0 0 0 0 0 0 0 0 0 0 0 0 0 0 0 0 0 0 0 0  |
 ├─────────────┼─────────────┼──────────────────────────────────────────────────────────────────────────────────────────────────────────────────────────────────┤
 | 8           | 21          | 0 0 0 0 0 0 0 0 1 0 0 0 0 0 0 0 0 0 0 0 0 1 0 0 0 0 0 0 0 0 0 0 0 0 0 0 0 0 0 0 0 0 0 0 0 0 0 0 0 0 0 0 0 0 0 0 0 0 0 0 0 0 0 0  |
 ├─────────────┼─────────────┼──────────────────────────────────────────────────────────────────────────────────────────────────────────────────────────────────┤
 | 8           | 41          | 0 0 0 0 0 0 0 0 1 0 0 0 0 0 0 0 0 0 0 0 0 0 0 0 0 0 0 0 0 0 0 0 0 0 0 0 0 0 0 0 0 1 0 0 0 0 0 0 0 0 0 0 0 0 0 0 0 0 0 0 0 0 0 0  |
 ├─────────────┼─────────────┼──────────────────────────────────────────────────────────────────────────────────────────────────────────────────────────────────┤
 | 9           | 7           | 0 0 0 0 0 0 0 1 1 1 0 0 0 0 0 0 0 0 0 0 0 0 0 0 0 0 0 0 0 0 0 0 0 0 0 0 0 0 0 0 0 0 0 0 0 0 0 0 0 0 0 0 0 0 0 0 0 0 0 0 0 0 0 0  |
 ├─────────────┼─────────────┼──────────────────────────────────────────────────────────────────────────────────────────────────────────────────────────────────┤
 | 9           | 8           | 0 1 0 0 0 0 0 0 1 1 0 0 0 0 0 0 0 0 0 0 0 0 0 0 0 0 0 0 0 0 0 0 0 0 0 0 0 0 0 0 0 0 0 0 0 0 0 0 0 0 0 0 0 0 0 0 0 0 0 0 0 0 0 0  |
 ├─────────────┼─────────────┼──────────────────────────────────────────────────────────────────────────────────────────────────────────────────────────────────┤
 | 9           | 53          | 0 0 0 0 0 0 0 0 0 1 0 0 0 0 0 0 0 0 0 0 0 1 0 0 0 0 0 0 0 0 0 0 0 0 0 0 0 0 0 0 0 0 0 0 0 0 0 0 0 0 0 0 0 1 0 0 0 0 0 0 0 0 0 0  |
 ├─────────────┼─────────────┼──────────────────────────────────────────────────────────────────────────────────────────────────────────────────────────────────┤
 | 9           | 10          | 0 0 0 0 0 0 0 0 0 1 1 0 0 0 0 0 0 0 0 0 0 0 0 0 0 0 0 0 0 0 0 0 0 0 0 0 0 0 0 0 0 0 0 0 0 0 0 0 0 0 0 0 0 0 0 0 0 0 0 0 0 0 0 0  |
 ├─────────────┼─────────────┼──────────────────────────────────────────────────────────────────────────────────────────────────────────────────────────────────┤
 | 10          | 49          | 0 0 0 0 0 0 0 0 0 0 1 0 0 0 0 0 0 0 0 0 0 0 0 0 0 0 0 0 0 0 0 0 0 0 0 0 0 0 0 0 0 1 0 0 0 0 0 0 0 1 0 0 0 0 0 0 0 0 0 0 0 0 0 0  |
 ├─────────────┼─────────────┼──────────────────────────────────────────────────────────────────────────────────────────────────────────────────────────────────┤
 | 10          | 33          | 0 0 0 0 0 0 0 0 0 0 1 0 0 0 0 0 0 0 0 0 0 0 0 0 0 0 0 0 0 0 0 0 0 1 0 0 0 0 0 0 0 0 0 0 0 0 0 0 0 0 0 0 0 0 0 0 0 0 0 0 0 0 0 0  |
 ├─────────────┼─────────────┼──────────────────────────────────────────────────────────────────────────────────────────────────────────────────────────────────┤
 | 10          | 61          | 0 0 0 0 0 1 0 0 0 0 1 0 0 0 0 0 0 0 0 0 0 0 0 0 0 0 0 0 0 0 0 0 0 0 0 0 0 0 0 0 0 0 0 0 1 0 0 0 0 0 0 0 0 0 0 0 0 0 0 0 0 1 0 0  |
 ├─────────────┼─────────────┼──────────────────────────────────────────────────────────────────────────────────────────────────────────────────────────────────┤
 | 10          | 9           | 0 0 0 0 0 0 0 0 0 1 1 0 0 0 0 0 0 0 0 0 0 0 0 0 0 0 0 0 0 0 0 0 0 0 0 0 0 0 0 0 0 0 0 0 0 0 0 0 0 0 0 0 0 0 0 0 0 0 0 0 0 0 0 0  |
 ├─────────────┼─────────────┼──────────────────────────────────────────────────────────────────────────────────────────────────────────────────────────────────┤
 | 11          | 50          | 0 0 0 0 0 0 0 0 0 0 0 1 0 0 0 0 0 0 0 0 0 0 0 0 0 0 0 0 0 0 0 0 0 0 0 0 0 0 0 0 0 0 0 0 0 0 0 0 0 0 1 0 0 0 0 0 0 0 0 0 0 0 0 0  |
 ├─────────────┼─────────────┼──────────────────────────────────────────────────────────────────────────────────────────────────────────────────────────────────┤
 | 11          | 56          | 0 0 0 0 0 0 0 0 0 0 0 1 0 0 0 0 0 0 0 0 0 0 0 0 0 0 0 0 0 0 0 0 0 0 0 0 0 0 0 0 0 0 0 0 0 0 0 0 0 0 0 0 0 0 0 0 1 0 0 0 1 0 0 0  |
 ├─────────────┼─────────────┼──────────────────────────────────────────────────────────────────────────────────────────────────────────────────────────────────┤
 | 11          | 55          | 1 1 0 0 0 1 1 0 1 0 0 1 0 0 0 0 0 0 0 0 0 1 0 0 0 0 0 0 0 0 0 0 0 0 0 0 0 0 0 0 0 0 0 0 0 0 0 0 0 0 0 0 0 0 0 1 0 0 0 0 0 0 0 0  |
 ├─────────────┼─────────────┼──────────────────────────────────────────────────────────────────────────────────────────────────────────────────────────────────┤
 | 11          | 24          | 0 0 0 0 0 0 0 0 0 0 0 1 0 0 0 0 0 0 0 0 0 0 0 0 1 1 0 0 0 0 0 0 0 0 0 0 0 0 0 0 0 0 0 0 0 0 0 0 0 0 0 0 0 0 0 0 0 0 0 0 0 0 0 0  |
 ├─────────────┼─────────────┼──────────────────────────────────────────────────────────────────────────────────────────────────────────────────────────────────┤
 | 12          | 10          | 0 0 0 0 0 0 0 0 0 0 1 1 1 0 0 0 0 0 0 0 0 0 0 0 0 0 0 0 0 0 0 0 0 0 0 0 0 0 0 0 0 0 0 0 0 0 0 0 0 0 0 0 0 0 0 0 0 0 0 0 0 0 0 0  |
 ├─────────────┼─────────────┼──────────────────────────────────────────────────────────────────────────────────────────────────────────────────────────────────┤
 | 12          | 49          | 0 0 0 0 0 0 0 0 0 0 0 0 1 0 0 0 0 0 0 0 0 0 0 0 0 0 0 0 0 0 0 0 0 0 0 0 0 0 0 0 0 0 0 0 0 0 0 0 0 1 0 0 0 0 0 0 0 0 0 0 0 0 0 0  |
 ├─────────────┼─────────────┼──────────────────────────────────────────────────────────────────────────────────────────────────────────────────────────────────┤
 | 12          | 59          | 0 0 0 0 0 0 0 0 0 0 0 0 1 0 0 0 0 0 0 0 0 0 0 0 0 0 0 0 0 0 0 0 0 0 0 0 0 0 0 0 0 0 0 0 0 0 0 0 0 0 0 0 0 0 0 0 0 0 0 1 0 0 0 0  |
 ├─────────────┼─────────────┼──────────────────────────────────────────────────────────────────────────────────────────────────────────────────────────────────┤
 | 12          | 25          | 0 0 0 0 0 0 0 0 0 0 0 0 1 0 0 0 0 0 0 0 1 0 0 0 0 1 0 0 0 0 0 0 0 0 0 0 0 0 0 0 0 0 0 0 0 0 0 0 0 0 0 0 0 0 0 0 0 0 0 0 0 0 0 0  |
 ├─────────────┼─────────────┼──────────────────────────────────────────────────────────────────────────────────────────────────────────────────────────────────┤
 | 13          | 12          | 0 0 0 0 0 0 0 1 1 0 0 0 1 1 0 0 0 0 0 0 0 0 0 0 0 0 0 0 0 0 0 0 0 0 0 0 0 0 0 0 0 0 0 0 0 0 0 0 0 0 0 0 0 0 0 0 0 0 0 0 0 0 0 0  |
 ├─────────────┼─────────────┼──────────────────────────────────────────────────────────────────────────────────────────────────────────────────────────────────┤
 | 13          | 14          | 0 0 0 0 0 0 0 0 0 0 0 0 0 1 1 0 0 0 0 0 0 0 0 0 0 0 0 0 0 0 0 0 0 0 0 0 0 0 0 0 0 0 0 0 0 0 0 0 0 0 0 0 0 0 0 0 0 0 0 0 0 0 0 0  |
 ├─────────────┼─────────────┼──────────────────────────────────────────────────────────────────────────────────────────────────────────────────────────────────┤
 | 13          | 54          | 0 0 0 0 0 0 0 0 0 0 0 0 0 1 0 0 0 0 0 0 0 0 0 0 0 0 0 0 0 0 0 0 0 0 0 0 0 0 0 0 0 0 0 0 0 0 0 0 0 0 0 0 0 0 1 0 0 0 0 0 0 0 0 0  |
 ├─────────────┼─────────────┼──────────────────────────────────────────────────────────────────────────────────────────────────────────────────────────────────┤
 | 13          | 15          | 0 0 0 0 0 0 0 0 0 0 0 0 0 1 0 1 0 0 0 0 0 0 0 0 0 0 0 0 0 0 0 0 0 0 0 0 0 0 0 0 0 0 0 0 0 0 0 0 0 0 0 0 0 0 0 0 0 0 0 0 0 0 0 0  |
 ├─────────────┼─────────────┼──────────────────────────────────────────────────────────────────────────────────────────────────────────────────────────────────┤
 | 14          | 42          | 0 0 0 0 0 0 0 0 0 0 0 0 0 0 1 0 0 0 0 0 0 0 0 0 0 0 0 0 0 0 0 0 0 0 0 0 0 0 0 0 0 0 1 0 0 0 0 0 0 0 0 0 0 0 0 0 0 0 0 0 0 0 0 0  |
 ├─────────────┼─────────────┼──────────────────────────────────────────────────────────────────────────────────────────────────────────────────────────────────┤
 | 14          | 12          | 0 0 0 0 0 0 0 0 0 0 0 0 1 1 1 0 0 0 0 0 0 0 0 0 0 0 0 0 0 0 0 0 0 0 0 0 0 0 0 0 0 0 0 0 0 0 0 0 0 0 0 0 0 0 0 0 0 0 0 0 0 0 0 0  |
 ├─────────────┼─────────────┼──────────────────────────────────────────────────────────────────────────────────────────────────────────────────────────────────┤
 | 14          | 39          | 0 0 0 0 0 0 0 0 0 0 0 0 0 0 1 0 0 0 0 0 0 0 0 0 0 0 0 0 0 0 0 0 0 0 0 0 0 0 0 1 0 0 0 0 0 0 0 0 0 0 0 0 0 0 0 0 0 0 0 0 0 0 0 0  |
 ├─────────────┼─────────────┼──────────────────────────────────────────────────────────────────────────────────────────────────────────────────────────────────┤
 | 14          | 57          | 0 0 0 0 0 0 0 0 0 0 0 0 0 0 1 0 0 0 0 0 0 0 0 0 0 0 0 0 0 0 0 0 0 0 0 0 0 0 0 0 0 0 0 0 0 0 0 0 0 0 0 1 0 0 0 0 0 1 0 0 0 0 0 0  |
 ├─────────────┼─────────────┼──────────────────────────────────────────────────────────────────────────────────────────────────────────────────────────────────┤
 | 15          | 23          | 0 0 0 0 0 0 0 0 0 0 0 0 0 0 0 1 0 0 0 0 0 0 0 1 0 0 0 0 0 0 0 0 0 0 0 0 0 0 0 0 0 0 0 0 0 0 0 0 0 0 0 0 0 0 0 0 0 0 0 0 0 0 0 0  |
 ├─────────────┼─────────────┼──────────────────────────────────────────────────────────────────────────────────────────────────────────────────────────────────┤
 | 15          | 16          | 0 0 1 0 0 0 0 0 0 0 0 0 0 0 0 1 1 0 0 0 0 0 0 0 0 0 0 0 0 0 0 0 0 0 0 0 0 0 0 0 0 0 0 0 0 0 0 0 0 0 0 0 0 0 0 0 0 0 0 0 0 0 0 0  |
 ├─────────────┼─────────────┼──────────────────────────────────────────────────────────────────────────────────────────────────────────────────────────────────┤
 | 15          | 34          | 0 0 0 0 0 0 0 0 0 0 0 0 0 0 0 1 0 0 0 0 0 0 0 0 0 0 0 0 0 0 0 0 0 0 1 0 0 0 0 0 0 0 0 0 0 0 0 0 0 0 0 0 0 0 0 0 0 0 0 0 0 0 0 0  |
 ├─────────────┼─────────────┼──────────────────────────────────────────────────────────────────────────────────────────────────────────────────────────────────┤
 | 15          | 62          | 0 0 0 0 0 0 0 0 0 0 0 0 0 0 0 1 0 0 0 0 0 0 0 0 0 0 0 0 0 0 0 0 0 0 0 0 0 0 0 0 0 0 0 0 0 0 0 0 0 0 0 0 0 0 0 0 0 0 0 0 0 0 1 0  |
 ├─────────────┼─────────────┼──────────────────────────────────────────────────────────────────────────────────────────────────────────────────────────────────┤
 | 16          | 15          | 0 0 0 0 0 0 0 0 0 0 0 0 0 0 0 1 1 0 0 0 0 0 0 1 0 0 0 0 0 0 0 0 0 0 0 0 0 0 0 0 0 0 0 0 0 0 0 0 0 0 0 0 0 0 0 0 0 0 0 0 0 0 0 0  |
 ├─────────────┼─────────────┼──────────────────────────────────────────────────────────────────────────────────────────────────────────────────────────────────┤
 | 16          | 18          | 0 0 0 0 0 0 0 0 0 0 0 0 0 0 0 0 1 0 1 0 0 0 0 0 0 0 1 1 0 0 0 0 0 0 0 0 0 0 0 0 0 0 0 0 0 0 0 0 0 0 0 0 0 0 0 0 0 0 0 0 0 0 0 0  |
 ├─────────────┼─────────────┼──────────────────────────────────────────────────────────────────────────────────────────────────────────────────────────────────┤
 | 16          | 50          | 0 0 0 0 0 0 0 0 0 0 0 0 0 0 0 0 1 0 0 0 0 0 0 0 0 0 0 0 0 0 0 0 0 0 0 0 0 0 0 0 0 0 0 0 0 0 0 0 0 0 1 0 0 0 0 0 0 0 0 0 0 0 0 0  |
 ├─────────────┼─────────────┼──────────────────────────────────────────────────────────────────────────────────────────────────────────────────────────────────┤
 | 16          | 63          | 0 0 0 0 0 0 0 0 0 0 0 0 0 0 0 0 1 0 0 0 0 0 0 0 0 0 0 0 0 0 0 0 0 0 0 0 0 0 0 0 0 0 0 1 0 0 0 0 0 0 0 0 0 0 0 0 0 0 0 0 0 0 0 1  |
 ├─────────────┼─────────────┼──────────────────────────────────────────────────────────────────────────────────────────────────────────────────────────────────┤
 | 17          | 46          | 0 0 0 0 0 0 0 0 0 0 0 0 0 0 0 0 0 1 0 0 0 0 0 0 0 0 0 0 0 0 0 0 0 0 0 0 0 0 1 0 0 0 0 0 0 0 1 0 0 0 0 0 0 0 0 0 0 0 0 1 0 0 0 0  |
 ├─────────────┼─────────────┼──────────────────────────────────────────────────────────────────────────────────────────────────────────────────────────────────┤
 | 17          | 9           | 0 0 0 0 0 0 0 0 0 1 0 0 1 0 0 0 0 1 0 0 0 0 0 0 0 0 0 0 0 0 0 0 0 0 0 0 0 0 0 0 0 0 0 0 0 0 1 0 0 0 0 0 0 0 0 0 0 0 0 0 0 0 0 0  |
 ├─────────────┼─────────────┼──────────────────────────────────────────────────────────────────────────────────────────────────────────────────────────────────┤
 | 17          | 43          | 0 0 0 0 0 0 0 0 0 0 0 0 0 0 0 0 0 1 0 0 0 0 0 0 0 0 0 0 0 0 0 0 0 0 0 0 0 0 0 0 0 0 0 1 0 0 0 0 0 0 0 0 0 0 0 0 0 0 0 0 0 0 0 0  |
 ├─────────────┼─────────────┼──────────────────────────────────────────────────────────────────────────────────────────────────────────────────────────────────┤
 | 17          | 59          | 0 0 0 0 0 0 0 0 0 0 0 0 1 0 0 0 0 1 0 0 0 0 0 0 0 1 0 0 0 0 0 1 0 0 0 0 0 0 0 0 0 0 0 0 0 0 0 0 0 0 0 0 0 0 0 0 0 0 0 1 0 0 0 0  |
 ├─────────────┼─────────────┼──────────────────────────────────────────────────────────────────────────────────────────────────────────────────────────────────┤
 | 18          | 32          | 0 0 0 0 0 0 0 0 0 0 0 0 0 0 0 0 0 0 1 0 0 0 0 0 0 0 0 0 0 0 0 0 1 0 0 0 0 0 0 0 0 0 0 0 0 0 0 0 0 0 0 0 0 0 0 0 0 0 0 0 0 0 0 0  |
 ├─────────────┼─────────────┼──────────────────────────────────────────────────────────────────────────────────────────────────────────────────────────────────┤
 | 18          | 43          | 0 0 0 0 0 0 0 0 0 0 0 0 0 0 0 0 0 0 1 0 1 0 0 0 0 0 0 0 0 0 0 0 0 0 0 0 0 0 0 0 0 0 0 1 1 0 0 0 0 0 0 0 0 0 0 0 0 0 0 0 0 0 0 0  |
 ├─────────────┼─────────────┼──────────────────────────────────────────────────────────────────────────────────────────────────────────────────────────────────┤
 | 18          | 30          | 0 0 0 0 0 0 0 0 0 0 0 0 0 0 0 0 0 0 1 0 0 0 0 0 0 0 0 0 0 0 1 0 0 0 0 0 0 0 0 0 0 0 0 0 0 0 0 0 0 0 0 0 0 0 0 0 0 0 0 0 0 0 0 0  |
 ├─────────────┼─────────────┼──────────────────────────────────────────────────────────────────────────────────────────────────────────────────────────────────┤
 | 18          | 10          | 0 0 0 0 0 0 0 0 0 0 1 0 0 0 0 0 0 0 1 0 0 0 0 0 0 0 0 0 0 0 0 0 0 0 0 0 0 0 0 0 0 0 0 0 0 0 0 0 0 0 0 0 0 0 0 0 0 0 0 0 0 0 0 0  |
 ├─────────────┼─────────────┼──────────────────────────────────────────────────────────────────────────────────────────────────────────────────────────────────┤
 | 19          | 8           | 0 0 0 0 0 0 0 0 1 0 0 0 0 0 0 0 0 0 0 1 0 0 0 0 0 0 0 0 0 0 0 0 0 0 0 0 0 0 0 0 0 0 0 0 0 0 0 0 1 0 0 0 0 0 0 0 0 0 0 0 0 0 0 0  |
 ├─────────────┼─────────────┼──────────────────────────────────────────────────────────────────────────────────────────────────────────────────────────────────┤
 | 19          | 34          | 0 0 0 0 0 0 0 0 0 0 0 0 0 0 0 0 0 0 0 1 0 0 0 0 0 0 0 0 0 0 0 0 0 0 1 0 0 0 0 0 0 0 0 0 0 0 0 0 0 0 0 0 0 0 0 0 0 0 0 0 0 0 0 0  |
 ├─────────────┼─────────────┼──────────────────────────────────────────────────────────────────────────────────────────────────────────────────────────────────┤
 | 19          | 18          | 0 0 0 0 0 0 0 0 0 0 0 0 0 0 0 0 0 0 1 1 0 0 0 0 0 0 0 0 0 0 0 0 0 0 0 0 0 0 0 0 0 0 0 0 0 0 0 0 0 0 0 0 0 0 0 0 0 0 0 0 0 0 0 0  |
 ├─────────────┼─────────────┼──────────────────────────────────────────────────────────────────────────────────────────────────────────────────────────────────┤
 | 19          | 20          | 0 0 0 0 0 0 0 0 0 0 0 0 0 0 0 0 0 0 0 1 1 0 0 0 0 0 0 0 0 0 0 0 0 0 0 0 0 0 0 0 0 0 0 0 0 0 0 0 0 0 0 0 0 0 0 0 0 0 0 0 0 0 0 0  |
 ├─────────────┼─────────────┼──────────────────────────────────────────────────────────────────────────────────────────────────────────────────────────────────┤
 | 20          | 19          | 0 0 0 0 0 0 0 0 0 0 0 0 0 0 0 0 0 0 0 1 1 0 1 1 0 1 1 1 1 0 0 0 0 0 0 0 0 0 0 0 0 0 0 0 0 0 1 1 1 0 0 0 0 1 0 0 0 0 0 0 0 0 1 1  |
 ├─────────────┼─────────────┼──────────────────────────────────────────────────────────────────────────────────────────────────────────────────────────────────┤
 | 20          | 46          | 0 0 0 0 0 0 0 0 0 0 0 0 0 0 0 0 0 0 0 0 1 0 0 0 0 0 0 0 0 0 0 0 0 0 0 0 0 0 0 1 0 0 0 0 0 0 1 0 0 0 0 0 0 0 0 0 0 0 0 0 0 0 0 0  |
 ├─────────────┼─────────────┼──────────────────────────────────────────────────────────────────────────────────────────────────────────────────────────────────┤
 | 20          | 60          | 0 0 0 0 0 0 0 0 0 0 0 0 0 0 0 0 0 0 0 0 1 0 0 0 0 0 0 0 0 0 0 0 0 0 0 0 0 0 0 0 0 0 0 0 0 0 0 0 0 0 0 0 0 0 0 0 0 0 0 0 1 0 0 0  |
 ├─────────────┼─────────────┼──────────────────────────────────────────────────────────────────────────────────────────────────────────────────────────────────┤
 | 20          | 25          | 0 0 0 0 0 0 0 0 0 0 0 0 1 0 0 0 0 0 0 0 1 0 0 0 0 1 0 0 0 0 0 0 0 0 0 0 0 0 0 0 0 0 0 0 0 0 0 0 0 0 0 0 0 0 0 0 0 0 0 0 0 0 0 0  |
 ├─────────────┼─────────────┼──────────────────────────────────────────────────────────────────────────────────────────────────────────────────────────────────┤
 | 21          | 22          | 0 0 0 0 0 0 0 0 0 0 0 0 0 0 0 0 0 0 0 0 0 1 1 0 0 0 0 0 0 0 0 0 0 0 0 0 0 0 0 0 0 0 0 0 0 0 0 0 0 0 0 0 0 0 0 0 0 0 0 0 0 0 0 0  |
 ├─────────────┼─────────────┼──────────────────────────────────────────────────────────────────────────────────────────────────────────────────────────────────┤
 | 21          | 39          | 0 0 0 0 0 0 0 0 0 0 0 0 0 0 0 0 0 0 0 0 0 1 0 0 0 0 0 0 0 0 0 0 0 0 0 0 0 0 0 1 0 0 0 0 0 0 0 0 0 0 0 0 0 0 0 0 0 0 0 0 0 0 0 0  |
 ├─────────────┼─────────────┼──────────────────────────────────────────────────────────────────────────────────────────────────────────────────────────────────┤
 | 21          | 29          | 0 0 0 0 0 0 0 0 0 0 0 0 0 0 0 0 0 0 0 0 0 1 0 0 0 0 0 0 0 1 0 0 0 0 0 0 0 0 0 0 0 0 0 0 0 0 0 0 0 0 0 0 0 0 0 0 0 0 0 0 0 0 0 0  |
 ├─────────────┼─────────────┼──────────────────────────────────────────────────────────────────────────────────────────────────────────────────────────────────┤
 | 21          | 20          | 0 0 0 0 0 0 0 0 0 0 0 0 0 0 0 0 0 0 0 0 1 1 0 0 0 0 0 0 0 0 0 0 0 0 0 0 0 0 0 0 0 0 0 0 0 0 0 0 0 0 0 0 0 0 0 0 0 0 0 0 0 0 0 0  |
 ├─────────────┼─────────────┼──────────────────────────────────────────────────────────────────────────────────────────────────────────────────────────────────┤
 | 22          | 20          | 0 0 0 0 0 0 0 0 0 0 0 0 0 0 0 0 0 0 0 0 1 1 1 0 0 0 0 0 0 0 0 0 0 0 0 0 0 0 0 0 0 0 0 0 0 0 0 0 0 0 0 0 0 0 1 1 1 0 0 0 0 0 1 0  |
 ├─────────────┼─────────────┼──────────────────────────────────────────────────────────────────────────────────────────────────────────────────────────────────┤
 | 22          | 47          | 0 0 0 0 0 0 0 0 0 0 0 0 0 0 0 0 0 0 0 0 0 0 1 0 0 0 0 0 0 0 0 0 0 0 1 0 0 0 0 0 0 0 0 0 0 0 0 1 1 0 0 0 0 0 0 0 0 0 0 0 0 0 0 0  |
 ├─────────────┼─────────────┼──────────────────────────────────────────────────────────────────────────────────────────────────────────────────────────────────┤
 | 22          | 33          | 0 0 0 0 0 0 0 0 0 0 0 0 0 0 0 0 0 0 0 0 0 0 1 0 0 0 0 0 0 0 0 0 0 1 0 0 0 0 0 0 0 0 0 0 0 0 0 0 0 0 0 0 0 0 0 0 0 0 0 0 0 0 0 0  |
 ├─────────────┼─────────────┼──────────────────────────────────────────────────────────────────────────────────────────────────────────────────────────────────┤
 | 22          | 23          | 0 0 0 0 0 0 0 0 0 0 0 0 0 0 0 0 0 0 0 0 0 0 1 1 0 0 0 0 0 0 0 0 0 0 0 0 0 0 0 0 0 0 0 0 0 0 0 0 0 0 0 0 0 0 0 0 0 0 0 0 0 0 0 0  |
 ├─────────────┼─────────────┼──────────────────────────────────────────────────────────────────────────────────────────────────────────────────────────────────┤
 | 23          | 18          | 0 0 0 0 0 0 0 0 0 0 0 0 0 0 0 0 0 0 1 0 0 0 0 1 0 0 0 0 0 0 0 0 0 0 0 0 0 0 0 0 0 0 0 0 0 0 0 0 0 0 0 0 0 0 0 0 0 0 0 0 0 0 0 0  |
 ├─────────────┼─────────────┼──────────────────────────────────────────────────────────────────────────────────────────────────────────────────────────────────┤
 | 23          | 38          | 0 0 0 0 0 0 0 0 0 0 0 0 0 0 0 0 0 0 0 0 0 0 0 1 0 0 0 0 0 0 0 0 0 0 0 0 0 0 1 0 0 0 0 0 0 0 0 0 0 0 0 0 0 0 0 0 0 0 0 0 0 0 0 0  |
 ├─────────────┼─────────────┼──────────────────────────────────────────────────────────────────────────────────────────────────────────────────────────────────┤
 | 23          | 41          | 0 0 0 0 0 0 0 0 0 0 0 0 0 0 0 0 0 0 0 0 0 0 0 1 0 0 0 0 0 0 0 0 0 0 0 0 0 0 0 0 0 1 0 0 0 0 0 0 0 0 0 0 0 0 0 0 0 0 0 0 0 0 0 0  |
 ├─────────────┼─────────────┼──────────────────────────────────────────────────────────────────────────────────────────────────────────────────────────────────┤
 | 23          | 57          | 0 0 0 0 0 0 0 0 0 0 0 0 0 0 0 0 0 0 0 0 0 0 0 1 0 0 0 0 0 0 0 0 0 0 0 0 0 0 0 0 0 0 0 0 1 0 0 0 0 0 0 0 0 0 0 0 0 1 0 0 0 0 0 0  |
 ├─────────────┼─────────────┼──────────────────────────────────────────────────────────────────────────────────────────────────────────────────────────────────┤
 | 24          | 23          | 1 0 0 0 0 0 0 0 0 0 0 0 0 0 0 0 0 0 0 0 0 0 0 1 1 0 0 0 0 0 0 0 0 0 0 0 0 0 0 0 0 0 0 0 0 0 0 0 0 0 0 0 0 0 0 0 0 0 0 0 0 0 0 0  |
 ├─────────────┼─────────────┼──────────────────────────────────────────────────────────────────────────────────────────────────────────────────────────────────┤
 | 24          | 4           | 0 0 0 0 1 0 0 0 0 0 0 0 0 0 0 0 0 0 0 0 0 0 0 0 1 0 0 0 0 0 0 0 0 0 0 0 0 0 0 0 0 0 0 0 0 0 0 0 0 0 0 0 0 0 0 0 0 0 0 0 0 0 0 0  |
 ├─────────────┼─────────────┼──────────────────────────────────────────────────────────────────────────────────────────────────────────────────────────────────┤
 | 24          | 25          | 0 0 0 0 0 0 0 0 0 0 0 0 0 0 0 0 0 0 0 0 0 0 0 0 1 1 0 0 0 0 0 0 0 1 0 0 0 0 0 0 0 0 0 0 0 0 0 0 0 0 0 0 0 0 0 0 0 0 0 0 0 0 0 0  |
 ├─────────────┼─────────────┼──────────────────────────────────────────────────────────────────────────────────────────────────────────────────────────────────┤
 | 24          | 22          | 0 0 0 0 0 0 0 0 0 0 0 0 0 0 0 0 0 0 0 0 0 0 1 1 1 0 0 0 0 0 0 0 0 0 0 0 0 0 0 0 0 0 0 0 0 0 0 0 0 0 0 0 0 0 0 0 0 0 0 0 0 0 0 0  |
 ├─────────────┼─────────────┼──────────────────────────────────────────────────────────────────────────────────────────────────────────────────────────────────┤
 | 25          | 23          | 0 0 0 0 0 0 0 0 0 0 0 0 0 0 0 0 0 0 0 0 0 0 0 1 1 1 0 0 0 0 0 0 0 0 0 0 0 0 0 0 0 0 0 0 0 0 0 0 0 0 0 0 0 0 0 0 0 0 0 0 0 0 0 0  |
 ├─────────────┼─────────────┼──────────────────────────────────────────────────────────────────────────────────────────────────────────────────────────────────┤
 | 25          | 20          | 0 0 0 0 0 0 0 0 0 0 0 0 1 0 0 0 0 0 0 0 1 0 0 0 0 1 0 0 0 0 0 0 0 0 0 0 0 0 0 0 0 0 0 0 0 0 0 0 0 0 0 0 0 0 0 0 0 0 0 0 0 0 0 0  |
 ├─────────────┼─────────────┼──────────────────────────────────────────────────────────────────────────────────────────────────────────────────────────────────┤
 | 25          | 24          | 0 0 0 0 0 0 0 0 0 0 0 0 0 0 0 0 0 0 0 0 0 0 0 0 1 1 0 0 0 0 0 0 0 0 0 0 0 0 0 0 0 0 0 0 0 0 0 0 0 0 0 0 0 0 0 0 0 0 0 0 0 0 0 0  |
 ├─────────────┼─────────────┼──────────────────────────────────────────────────────────────────────────────────────────────────────────────────────────────────┤
 | 25          | 30          | 0 0 0 0 0 0 0 0 0 0 0 0 0 0 0 0 0 0 0 0 0 0 0 0 0 1 0 0 0 0 1 0 0 0 0 0 0 0 0 0 0 0 0 0 0 0 0 0 0 0 0 0 0 0 0 0 0 0 0 0 0 0 0 0  |
 ├─────────────┼─────────────┼──────────────────────────────────────────────────────────────────────────────────────────────────────────────────────────────────┤
 | 26          | 57          | 0 0 0 0 0 0 0 0 0 0 0 0 0 0 0 0 0 0 0 0 0 0 0 0 0 0 1 1 0 0 0 0 0 0 0 0 0 0 0 0 0 0 0 0 0 0 0 0 0 0 0 0 0 0 0 0 0 1 0 0 0 0 0 0  |
 ├─────────────┼─────────────┼──────────────────────────────────────────────────────────────────────────────────────────────────────────────────────────────────┤
 | 26          | 16          | 0 0 0 0 0 0 0 0 0 0 0 0 0 0 0 0 1 0 0 0 0 0 0 0 0 0 1 0 0 0 0 0 0 0 0 0 0 0 0 0 0 0 0 0 0 0 0 0 0 0 0 0 0 0 0 0 0 0 0 0 0 0 0 0  |
 ├─────────────┼─────────────┼──────────────────────────────────────────────────────────────────────────────────────────────────────────────────────────────────┤
 | 26          | 25          | 0 0 0 0 0 0 0 0 0 0 0 0 0 0 0 0 0 0 0 0 0 0 0 0 0 1 1 0 0 0 0 0 0 0 0 0 0 0 0 0 0 0 0 0 0 0 0 0 0 0 0 0 0 0 0 0 0 0 0 0 0 0 0 0  |
 ├─────────────┼─────────────┼──────────────────────────────────────────────────────────────────────────────────────────────────────────────────────────────────┤
 | 26          | 43          | 0 0 0 0 0 0 0 0 0 0 0 0 1 0 0 0 0 0 0 0 0 0 0 0 0 0 1 0 0 0 0 0 0 0 0 0 0 0 0 0 0 0 0 1 0 0 0 0 0 0 0 0 0 0 0 0 0 0 0 0 0 0 0 0  |
 ├─────────────┼─────────────┼──────────────────────────────────────────────────────────────────────────────────────────────────────────────────────────────────┤
 | 27          | 58          | 0 0 0 0 0 0 0 0 0 0 0 0 0 0 1 0 0 0 0 0 0 0 0 0 0 0 0 1 0 0 1 1 0 0 0 1 0 0 0 0 0 0 0 0 0 0 0 0 0 0 0 0 0 0 0 0 0 0 1 0 0 0 0 0  |
 ├─────────────┼─────────────┼──────────────────────────────────────────────────────────────────────────────────────────────────────────────────────────────────┤
 | 27          | 40          | 0 0 0 0 0 0 0 0 0 0 0 0 0 0 0 0 0 0 0 0 0 0 0 0 0 0 0 1 0 0 0 0 0 0 0 0 0 0 0 0 1 0 0 0 0 0 0 0 0 0 0 0 0 0 0 0 0 0 0 0 0 0 0 0  |
 ├─────────────┼─────────────┼──────────────────────────────────────────────────────────────────────────────────────────────────────────────────────────────────┤
 | 27          | 26          | 0 0 0 0 0 0 0 0 0 0 0 0 0 0 0 0 0 0 0 0 0 0 0 0 0 0 1 1 0 0 0 0 0 0 0 0 0 0 0 0 0 0 0 0 0 0 0 0 0 0 0 0 0 0 0 0 0 0 0 0 0 0 0 0  |
 ├─────────────┼─────────────┼──────────────────────────────────────────────────────────────────────────────────────────────────────────────────────────────────┤
 | 27          | 28          | 0 0 0 0 0 0 0 0 0 0 0 0 0 0 0 0 0 0 0 0 0 0 0 0 0 0 0 1 1 0 0 0 0 0 0 0 0 0 0 0 0 0 0 0 0 0 0 0 0 0 0 0 0 0 0 0 0 0 0 0 0 0 0 0  |
 ├─────────────┼─────────────┼──────────────────────────────────────────────────────────────────────────────────────────────────────────────────────────────────┤
 | 28          | 27          | 0 0 0 0 0 0 0 0 0 0 0 0 0 0 0 0 0 0 0 0 0 0 0 0 0 0 0 1 1 0 0 0 0 0 0 0 0 0 0 0 0 0 0 0 0 0 0 0 0 0 0 0 0 0 0 0 0 0 0 0 0 0 0 0  |
 ├─────────────┼─────────────┼──────────────────────────────────────────────────────────────────────────────────────────────────────────────────────────────────┤
 | 28          | 39          | 0 0 0 0 0 0 0 0 0 0 0 0 0 0 0 0 0 0 0 0 0 0 0 0 0 0 0 0 1 0 0 0 0 0 0 0 0 0 0 1 0 0 0 0 0 0 0 0 0 0 0 0 0 0 0 0 0 0 0 0 0 0 0 1  |
 ├─────────────┼─────────────┼──────────────────────────────────────────────────────────────────────────────────────────────────────────────────────────────────┤
 | 28          | 11          | 0 0 0 0 0 0 0 0 0 0 0 1 0 0 0 0 0 0 0 0 0 0 0 0 0 0 0 0 1 0 0 0 0 0 0 0 0 0 0 0 0 0 1 0 0 0 0 1 0 0 0 0 1 1 0 0 0 0 0 0 0 0 0 0  |
 ├─────────────┼─────────────┼──────────────────────────────────────────────────────────────────────────────────────────────────────────────────────────────────┤
 | 28          | 10          | 0 0 0 0 0 0 0 0 0 0 1 0 0 0 0 0 0 0 0 0 0 0 0 0 0 0 0 0 1 0 0 0 0 0 0 0 0 0 0 0 0 0 0 0 0 0 0 0 0 0 0 0 0 0 0 0 0 0 0 0 0 0 0 0  |
 ├─────────────┼─────────────┼──────────────────────────────────────────────────────────────────────────────────────────────────────────────────────────────────┤
 | 29          | 30          | 0 0 0 0 0 0 0 0 0 0 0 0 0 0 0 0 0 0 0 0 0 0 0 0 0 0 0 1 1 1 1 1 1 1 1 0 0 0 0 0 0 0 0 0 0 0 0 0 0 0 0 0 0 0 0 0 0 0 0 0 0 0 0 0  |
 ├─────────────┼─────────────┼──────────────────────────────────────────────────────────────────────────────────────────────────────────────────────────────────┤
 | 29          | 56          | 0 0 0 0 0 0 0 0 0 0 0 0 0 0 0 0 0 0 0 0 0 0 0 0 0 0 0 0 0 1 0 0 0 0 0 0 0 0 0 0 0 0 0 0 0 0 0 0 0 0 0 0 0 0 0 0 1 0 0 0 0 0 0 0  |
 ├─────────────┼─────────────┼──────────────────────────────────────────────────────────────────────────────────────────────────────────────────────────────────┤
 | 29          | 40          | 0 0 0 0 0 0 0 0 0 0 0 0 0 0 0 0 0 0 0 0 0 0 0 0 0 0 0 0 0 1 0 0 0 0 0 0 0 0 0 0 1 0 0 0 0 0 0 0 0 0 0 0 0 0 0 0 0 0 0 0 0 0 0 0  |
 ├─────────────┼─────────────┼──────────────────────────────────────────────────────────────────────────────────────────────────────────────────────────────────┤
 | 29          | 10          | 0 0 0 0 0 0 0 0 0 0 1 0 0 0 0 0 0 0 0 0 0 0 0 0 0 0 0 0 0 1 1 0 0 0 0 0 0 0 0 0 0 0 0 0 0 0 0 0 0 0 0 0 0 0 0 0 0 0 0 0 0 0 0 0  |
 ├─────────────┼─────────────┼──────────────────────────────────────────────────────────────────────────────────────────────────────────────────────────────────┤
 | 30          | 11          | 0 0 0 0 0 0 0 0 0 0 0 1 0 0 0 0 0 0 0 0 0 0 0 0 0 0 0 0 0 0 1 0 0 0 0 0 0 0 0 0 0 0 0 0 0 0 0 0 0 0 0 0 0 0 0 0 0 0 0 0 0 0 0 0  |
 ├─────────────┼─────────────┼──────────────────────────────────────────────────────────────────────────────────────────────────────────────────────────────────┤
 | 30          | 1           | 0 1 0 0 0 0 0 0 0 0 0 0 0 0 0 0 0 0 0 0 0 0 0 0 0 0 0 0 0 0 1 0 0 0 0 0 0 0 0 0 0 0 0 0 0 0 0 0 0 0 0 0 0 0 0 0 0 0 0 0 0 0 0 0  |
 ├─────────────┼─────────────┼──────────────────────────────────────────────────────────────────────────────────────────────────────────────────────────────────┤
 | 30          | 41          | 0 0 1 0 1 0 0 0 0 0 1 0 0 0 0 0 0 0 0 0 0 0 0 0 0 0 0 0 0 0 1 0 0 0 0 0 0 0 0 0 0 1 0 0 0 0 0 0 0 0 0 0 1 0 0 0 0 0 0 0 0 0 1 0  |
 ├─────────────┼─────────────┼──────────────────────────────────────────────────────────────────────────────────────────────────────────────────────────────────┤
 | 30          | 46          | 0 0 0 0 0 0 0 0 0 0 0 0 0 0 0 0 0 0 0 0 0 0 0 0 0 0 0 0 0 0 1 0 0 0 0 0 0 0 0 0 0 0 0 0 0 0 1 0 0 0 0 0 0 0 0 0 0 0 0 0 0 0 0 0  |
 ├─────────────┼─────────────┼──────────────────────────────────────────────────────────────────────────────────────────────────────────────────────────────────┤
 | 31          | 30          | 0 0 0 0 0 0 0 0 0 0 0 0 0 0 0 0 0 0 0 0 0 0 0 0 0 0 0 0 0 0 1 1 0 0 0 0 0 0 0 0 0 0 0 0 0 0 0 0 0 0 0 0 0 0 0 0 0 0 0 0 0 0 0 0  |
 ├─────────────┼─────────────┼──────────────────────────────────────────────────────────────────────────────────────────────────────────────────────────────────┤
 | 31          | 29          | 0 0 0 0 0 0 0 0 0 0 1 0 0 0 0 0 0 0 0 0 0 0 0 0 0 0 0 0 0 1 0 1 0 0 0 0 0 0 0 0 0 0 0 0 0 0 0 0 0 0 0 0 0 0 0 0 0 0 0 0 0 0 0 0  |
 ├─────────────┼─────────────┼──────────────────────────────────────────────────────────────────────────────────────────────────────────────────────────────────┤
 | 31          | 33          | 0 0 0 0 0 0 0 0 1 0 0 0 0 0 0 0 0 0 0 0 0 0 0 0 0 0 0 0 0 0 0 1 0 1 0 0 0 0 0 0 0 1 0 0 0 0 0 0 0 0 0 0 0 0 0 0 0 0 0 0 0 0 0 0  |
 ├─────────────┼─────────────┼──────────────────────────────────────────────────────────────────────────────────────────────────────────────────────────────────┤
 | 31          | 46          | 0 0 0 0 0 0 0 0 0 0 0 0 0 0 0 0 0 0 0 0 0 0 0 0 0 0 0 0 0 0 0 1 0 0 0 0 0 0 0 0 0 0 1 0 0 0 1 1 0 0 0 0 0 0 0 0 0 0 0 0 0 0 0 0  |
 ├─────────────┼─────────────┼──────────────────────────────────────────────────────────────────────────────────────────────────────────────────────────────────┤
 | 32          | 33          | 0 0 0 0 0 0 0 0 0 0 0 0 0 0 0 0 0 0 0 0 0 0 0 0 0 0 0 0 0 0 0 0 1 1 0 0 0 0 0 0 0 0 0 0 0 0 0 0 0 0 0 0 0 0 0 0 0 0 0 0 0 0 0 0  |
 ├─────────────┼─────────────┼──────────────────────────────────────────────────────────────────────────────────────────────────────────────────────────────────┤
 | 32          | 31          | 0 0 0 0 0 0 0 0 0 0 0 0 0 0 0 0 0 0 0 0 0 0 0 0 0 0 0 0 0 0 0 1 1 0 0 0 0 0 0 0 0 0 0 0 0 0 0 0 0 0 0 0 0 0 0 0 0 0 0 0 0 0 0 0  |
 ├─────────────┼─────────────┼──────────────────────────────────────────────────────────────────────────────────────────────────────────────────────────────────┤
 | 32          | 37          | 0 0 0 0 0 0 0 0 0 0 0 0 0 0 0 0 0 0 0 0 0 0 0 0 0 0 0 0 0 0 0 0 1 0 0 0 0 1 0 0 0 0 0 0 0 0 0 0 0 0 0 0 0 0 0 0 0 0 0 0 0 0 0 0  |
 ├─────────────┼─────────────┼──────────────────────────────────────────────────────────────────────────────────────────────────────────────────────────────────┤
 | 32          | 10          | 0 0 0 0 0 0 0 0 0 0 1 0 0 0 0 0 0 0 0 0 0 0 0 0 0 0 0 0 0 1 0 0 1 0 0 0 0 0 0 0 0 0 0 0 0 0 0 0 0 0 0 0 0 0 0 0 0 0 0 0 0 0 0 0  |
 ├─────────────┼─────────────┼──────────────────────────────────────────────────────────────────────────────────────────────────────────────────────────────────┤
 | 33          | 32          | 0 0 0 0 0 0 0 0 0 0 0 0 0 0 0 0 0 0 0 0 0 0 0 0 0 0 0 0 0 0 0 0 1 1 0 0 0 0 0 0 0 0 0 0 0 0 0 0 0 0 0 0 0 0 0 0 0 0 0 0 0 0 0 0  |
 ├─────────────┼─────────────┼──────────────────────────────────────────────────────────────────────────────────────────────────────────────────────────────────┤
 | 33          | 35          | 0 0 0 0 0 0 0 0 0 0 0 0 0 0 0 0 0 0 0 0 0 0 0 0 0 0 0 0 0 0 0 0 0 1 0 1 0 0 0 0 0 0 0 0 0 0 0 0 0 0 0 0 0 0 0 0 0 0 0 0 0 0 0 0  |
 ├─────────────┼─────────────┼──────────────────────────────────────────────────────────────────────────────────────────────────────────────────────────────────┤
 | 33          | 34          | 0 0 0 0 0 0 0 0 0 0 0 0 0 0 0 0 0 0 0 0 0 0 0 0 0 0 0 0 0 0 0 0 0 1 1 0 0 0 0 0 0 0 0 0 0 0 0 0 0 0 0 0 0 0 0 0 0 0 0 0 0 0 0 0  |
 ├─────────────┼─────────────┼──────────────────────────────────────────────────────────────────────────────────────────────────────────────────────────────────┤
 | 33          | 41          | 0 0 0 0 0 0 0 0 0 0 0 0 0 1 0 0 0 0 0 0 0 0 0 0 0 0 0 0 0 0 0 0 0 1 0 0 0 0 0 0 0 1 0 0 0 0 0 0 0 0 0 0 0 0 0 0 0 0 0 0 0 0 0 0  |
 ├─────────────┼─────────────┼──────────────────────────────────────────────────────────────────────────────────────────────────────────────────────────────────┤
 | 34          | 21          | 0 0 0 0 0 0 0 0 0 0 0 0 0 0 0 1 0 0 0 0 0 1 0 0 0 0 0 0 0 0 0 0 0 0 1 0 0 0 0 0 0 0 0 0 0 0 0 0 0 0 0 0 0 0 0 0 0 0 0 0 0 0 0 0  |
 ├─────────────┼─────────────┼──────────────────────────────────────────────────────────────────────────────────────────────────────────────────────────────────┤
 | 34          | 47          | 0 0 0 0 0 0 0 0 0 0 0 0 0 0 0 0 0 0 0 0 0 0 0 0 0 0 0 0 0 0 0 0 0 0 1 0 0 0 0 0 0 0 0 0 0 0 0 1 0 0 0 0 0 0 0 0 0 0 0 0 0 0 0 0  |
 ├─────────────┼─────────────┼──────────────────────────────────────────────────────────────────────────────────────────────────────────────────────────────────┤
 | 34          | 0           | 1 0 0 0 0 0 0 0 0 0 0 0 0 0 0 0 0 0 0 0 0 0 0 0 0 0 0 0 0 0 0 0 0 1 1 0 0 0 0 0 0 0 0 0 0 0 0 0 0 0 0 0 0 0 0 0 0 0 0 0 0 0 0 0  |
 ├─────────────┼─────────────┼──────────────────────────────────────────────────────────────────────────────────────────────────────────────────────────────────┤
 | 34          | 33          | 0 0 0 0 0 0 0 0 0 0 0 0 0 0 0 0 0 0 0 0 0 0 0 0 0 0 0 0 0 0 0 0 0 1 1 0 0 0 0 0 0 0 0 0 0 0 0 0 0 0 0 0 0 0 0 0 0 0 0 0 0 0 0 0  |
 ├─────────────┼─────────────┼──────────────────────────────────────────────────────────────────────────────────────────────────────────────────────────────────┤
 | 35          | 38          | 0 0 0 0 1 0 0 0 0 0 0 0 1 0 0 0 0 0 0 0 0 0 0 0 0 0 0 0 0 0 0 0 0 0 0 1 0 0 1 0 0 0 0 0 0 0 0 0 0 0 0 0 0 0 0 0 0 0 0 0 0 0 0 0  |
 ├─────────────┼─────────────┼──────────────────────────────────────────────────────────────────────────────────────────────────────────────────────────────────┤
 | 35          | 44          | 0 0 0 0 0 0 0 0 0 0 0 0 0 0 0 0 0 0 0 0 0 0 0 0 0 0 0 0 0 0 0 0 0 0 0 1 0 0 0 0 0 0 0 0 1 0 0 0 0 0 0 0 0 0 0 0 0 0 0 0 0 0 0 0  |
 ├─────────────┼─────────────┼──────────────────────────────────────────────────────────────────────────────────────────────────────────────────────────────────┤
 | 35          | 33          | 0 0 0 0 0 0 0 0 0 0 0 0 0 0 0 0 0 0 0 0 0 0 0 0 0 0 0 0 0 0 0 0 0 1 1 1 0 0 0 0 0 0 0 0 0 0 0 0 0 0 0 0 0 0 0 0 0 0 0 0 0 0 0 0  |
 ├─────────────┼─────────────┼──────────────────────────────────────────────────────────────────────────────────────────────────────────────────────────────────┤
 | 35          | 34          | 0 0 0 0 0 0 0 0 0 0 0 0 0 0 0 0 0 0 0 0 0 0 0 0 0 0 0 0 0 0 0 0 0 0 1 1 0 0 0 0 0 0 0 0 0 0 0 0 0 0 0 0 0 0 0 0 0 0 0 0 0 0 0 0  |
 ├─────────────┼─────────────┼──────────────────────────────────────────────────────────────────────────────────────────────────────────────────────────────────┤
 | 36          | 35          | 0 0 0 0 0 0 0 0 0 0 0 0 0 0 0 0 0 0 0 0 0 0 0 0 0 0 0 0 0 0 0 0 0 0 0 1 1 0 0 0 0 0 0 0 0 0 1 0 0 0 0 0 0 0 0 0 0 0 0 0 0 0 0 0  |
 ├─────────────┼─────────────┼──────────────────────────────────────────────────────────────────────────────────────────────────────────────────────────────────┤
 | 36          | 41          | 0 0 0 0 0 0 0 0 0 0 0 0 0 0 0 0 0 0 0 0 0 0 0 0 0 0 0 0 0 0 0 0 0 0 0 0 1 0 0 0 0 1 0 0 0 0 0 0 0 0 0 0 0 0 0 0 0 0 0 0 0 0 0 0  |
 ├─────────────┼─────────────┼──────────────────────────────────────────────────────────────────────────────────────────────────────────────────────────────────┤
 | 36          | 43          | 0 0 0 0 1 0 0 0 0 0 0 0 0 0 0 0 0 0 0 0 0 0 0 0 0 0 0 0 0 0 0 0 0 0 0 0 1 0 0 0 0 0 0 1 0 0 0 0 0 0 0 0 0 0 0 0 0 0 0 0 0 0 1 0  |
 ├─────────────┼─────────────┼──────────────────────────────────────────────────────────────────────────────────────────────────────────────────────────────────┤
 | 36          | 38          | 0 0 0 0 0 0 0 0 0 0 0 0 0 0 0 0 0 0 0 0 0 0 0 0 0 0 0 0 0 0 0 0 0 0 0 0 1 0 1 0 0 0 0 0 0 0 0 0 0 1 0 0 0 0 0 0 0 0 0 0 0 0 0 0  |
 ├─────────────┼─────────────┼──────────────────────────────────────────────────────────────────────────────────────────────────────────────────────────────────┤
 | 37          | 57          | 0 0 0 0 0 0 0 0 0 0 0 0 0 0 0 0 0 0 0 0 0 0 0 0 0 0 0 0 0 0 0 0 0 0 0 0 0 1 0 0 0 0 0 0 0 0 0 0 0 0 0 0 0 0 0 0 0 1 0 0 0 0 0 0  |
 ├─────────────┼─────────────┼──────────────────────────────────────────────────────────────────────────────────────────────────────────────────────────────────┤
 | 37          | 63          | 0 0 0 0 0 0 0 0 0 0 0 0 0 0 0 0 0 0 0 0 0 0 0 0 1 0 1 0 0 0 0 0 0 0 0 0 0 1 0 0 0 0 0 0 0 0 0 0 0 0 0 0 0 0 0 0 0 0 0 0 0 0 0 1  |
 ├─────────────┼─────────────┼──────────────────────────────────────────────────────────────────────────────────────────────────────────────────────────────────┤
 | 37          | 13          | 0 0 0 0 0 0 0 0 0 0 0 0 0 1 0 0 0 0 0 0 0 0 0 0 0 0 0 0 0 0 0 0 0 0 0 0 0 1 0 0 0 0 0 0 0 0 0 0 0 0 0 0 0 0 0 0 0 0 0 0 0 0 0 0  |
 ├─────────────┼─────────────┼──────────────────────────────────────────────────────────────────────────────────────────────────────────────────────────────────┤
 | 37          | 42          | 0 0 0 0 0 0 0 0 0 0 0 0 0 0 0 0 0 0 0 0 0 0 0 0 0 0 0 0 0 0 0 0 0 0 0 0 0 1 0 0 0 0 1 0 0 0 0 0 0 0 0 0 0 0 0 0 0 0 0 0 1 0 0 0  |
 ├─────────────┼─────────────┼──────────────────────────────────────────────────────────────────────────────────────────────────────────────────────────────────┤
 | 38          | 37          | 0 0 0 0 0 0 0 0 0 0 0 0 0 0 0 0 0 0 0 0 0 0 0 0 0 0 0 0 0 0 0 0 0 0 0 0 0 1 1 0 0 0 0 0 0 0 0 0 0 0 0 0 0 0 0 0 0 0 0 0 0 0 0 0  |
 ├─────────────┼─────────────┼──────────────────────────────────────────────────────────────────────────────────────────────────────────────────────────────────┤
 | 38          | 49          | 0 0 0 0 0 0 0 0 0 0 0 0 0 0 0 0 0 0 0 0 0 0 0 0 0 0 0 0 0 0 0 0 0 0 0 0 0 0 1 0 0 0 0 0 0 0 0 0 0 1 0 0 0 0 0 0 0 0 0 0 0 0 0 0  |
 ├─────────────┼─────────────┼──────────────────────────────────────────────────────────────────────────────────────────────────────────────────────────────────┤
 | 38          | 31          | 0 0 0 0 0 0 0 0 0 0 0 0 0 0 0 0 0 0 0 0 0 0 0 0 0 0 0 0 0 0 0 1 0 0 0 0 0 0 1 0 0 0 0 0 0 0 0 0 0 0 0 0 0 0 0 0 0 0 0 0 0 0 0 0  |
 ├─────────────┼─────────────┼──────────────────────────────────────────────────────────────────────────────────────────────────────────────────────────────────┤
 | 38          | 19          | 0 0 0 0 0 0 0 0 0 0 0 0 0 0 0 0 0 0 0 1 0 0 0 0 0 0 0 0 0 0 0 0 0 0 0 0 0 0 1 0 0 0 0 0 0 0 0 0 0 0 0 0 0 0 0 0 0 0 0 0 0 0 0 0  |
 ├─────────────┼─────────────┼──────────────────────────────────────────────────────────────────────────────────────────────────────────────────────────────────┤
 | 39          | 40          | 0 0 0 0 0 0 0 0 0 0 0 0 0 0 0 0 0 0 0 0 0 0 0 0 0 0 0 0 0 0 0 0 0 0 0 0 0 0 1 1 1 0 0 0 0 0 0 0 0 0 0 0 0 0 0 0 0 0 0 0 0 0 0 0  |
 ├─────────────┼─────────────┼──────────────────────────────────────────────────────────────────────────────────────────────────────────────────────────────────┤
 | 39          | 63          | 0 0 0 0 0 0 0 0 0 0 0 0 0 0 0 0 0 0 0 0 0 0 0 0 0 0 0 0 0 0 0 0 0 0 0 0 0 0 0 1 0 0 0 0 0 0 0 0 0 0 0 0 0 0 0 0 0 0 0 0 0 0 0 1  |
 ├─────────────┼─────────────┼──────────────────────────────────────────────────────────────────────────────────────────────────────────────────────────────────┤
 | 39          | 56          | 0 0 0 0 0 0 0 0 0 0 0 0 0 0 0 0 0 0 0 0 0 0 0 0 0 0 0 0 0 0 0 0 0 0 0 0 0 0 0 1 0 0 0 0 0 0 0 0 0 0 0 0 0 0 0 0 1 0 0 0 0 0 0 0  |
 ├─────────────┼─────────────┼──────────────────────────────────────────────────────────────────────────────────────────────────────────────────────────────────┤
 | 39          | 3           | 0 0 0 1 0 0 0 0 0 0 0 0 0 0 0 0 0 0 0 0 0 0 0 0 0 0 0 0 0 0 0 0 0 0 0 0 0 0 0 1 0 0 0 0 0 0 0 0 0 0 0 0 0 0 0 0 0 0 0 0 0 0 0 0  |
 ├─────────────┼─────────────┼──────────────────────────────────────────────────────────────────────────────────────────────────────────────────────────────────┤
 | 40          | 39          | 0 0 0 0 0 0 0 0 0 0 0 0 0 0 0 0 0 0 0 0 0 0 0 0 0 0 0 0 0 0 0 0 0 0 0 0 0 0 0 1 1 0 0 0 0 0 0 0 0 0 0 0 0 0 0 0 0 0 0 0 0 0 0 1  |
 ├─────────────┼─────────────┼──────────────────────────────────────────────────────────────────────────────────────────────────────────────────────────────────┤
 | 40          | 59          | 0 1 0 0 0 0 0 0 0 0 0 0 0 0 0 0 0 0 0 0 0 0 0 0 0 0 0 0 0 0 0 0 0 0 0 0 0 0 0 0 1 0 0 1 0 0 0 0 0 0 0 0 0 0 0 0 0 0 0 1 0 0 0 0  |
 ├─────────────┼─────────────┼──────────────────────────────────────────────────────────────────────────────────────────────────────────────────────────────────┤
 | 40          | 14          | 0 0 0 0 0 0 0 0 0 0 0 0 0 0 1 0 0 0 0 0 0 0 0 0 0 0 0 0 0 0 0 0 0 0 0 0 0 0 0 0 1 0 0 0 0 0 0 0 0 0 0 0 0 0 0 0 0 0 0 0 0 0 0 0  |
 ├─────────────┼─────────────┼──────────────────────────────────────────────────────────────────────────────────────────────────────────────────────────────────┤
 | 40          | 41          | 0 0 0 0 0 0 0 0 0 0 0 0 0 0 0 0 0 0 0 0 0 0 0 0 0 0 0 0 0 0 0 0 0 0 0 0 0 0 0 0 1 1 0 0 0 0 0 0 0 0 0 0 0 0 0 0 0 0 0 0 0 0 0 0  |
 ├─────────────┼─────────────┼──────────────────────────────────────────────────────────────────────────────────────────────────────────────────────────────────┤
 | 41          | 28          | 0 0 0 0 1 0 0 0 0 0 0 0 0 0 0 0 0 0 0 0 0 0 0 0 0 0 0 0 1 0 0 0 0 0 0 1 0 0 0 0 0 1 0 0 0 0 0 0 0 0 0 0 0 0 0 0 0 0 0 0 0 0 0 0  |
 ├─────────────┼─────────────┼──────────────────────────────────────────────────────────────────────────────────────────────────────────────────────────────────┤
 | 41          | 39          | 0 0 0 0 0 0 0 0 0 0 0 0 0 0 0 0 0 0 0 0 0 0 0 0 0 0 0 0 0 0 0 0 0 0 0 0 0 0 0 1 1 1 0 0 0 0 0 0 0 0 0 0 0 0 0 0 0 0 0 0 0 0 0 0  |
 ├─────────────┼─────────────┼──────────────────────────────────────────────────────────────────────────────────────────────────────────────────────────────────┤
 | 41          | 15          | 0 0 0 0 0 0 0 0 0 0 0 0 0 0 0 1 0 0 0 0 0 0 0 0 0 0 0 0 0 0 0 0 0 0 0 0 0 0 0 0 0 1 0 0 0 0 0 0 0 0 0 0 0 0 0 0 0 0 0 0 0 0 0 0  |
 ├─────────────┼─────────────┼──────────────────────────────────────────────────────────────────────────────────────────────────────────────────────────────────┤
 | 41          | 42          | 0 0 0 0 0 0 0 0 0 0 0 0 0 0 0 0 0 0 0 0 0 0 0 0 0 0 0 0 0 0 0 0 0 0 0 0 0 0 0 0 1 1 1 0 0 0 0 0 0 0 0 0 0 0 0 0 0 0 0 0 0 0 0 0  |
 ├─────────────┼─────────────┼──────────────────────────────────────────────────────────────────────────────────────────────────────────────────────────────────┤
 | 42          | 60          | 0 0 0 0 0 0 0 0 0 0 0 0 0 0 0 0 0 0 0 0 0 0 0 0 0 0 0 0 0 0 0 0 0 0 0 0 0 0 0 0 0 0 1 0 0 0 0 0 0 0 0 0 0 0 0 0 0 0 0 0 1 0 0 0  |
 ├─────────────┼─────────────┼──────────────────────────────────────────────────────────────────────────────────────────────────────────────────────────────────┤
 | 42          | 61          | 0 0 0 0 0 0 0 0 0 0 0 0 0 0 0 0 0 0 0 0 0 0 0 0 1 0 0 0 0 0 0 0 0 0 0 0 0 0 0 0 0 0 1 0 0 0 0 0 0 0 0 0 0 0 0 0 0 0 0 0 0 1 0 0  |
 ├─────────────┼─────────────┼──────────────────────────────────────────────────────────────────────────────────────────────────────────────────────────────────┤
 | 42          | 40          | 0 0 0 0 0 1 1 0 0 0 0 0 0 0 0 0 0 0 0 0 0 0 0 0 0 0 0 0 0 0 0 0 0 0 0 0 0 0 0 0 1 1 1 0 0 0 0 0 0 0 0 0 0 0 0 0 0 0 0 0 0 0 0 0  |
 ├─────────────┼─────────────┼──────────────────────────────────────────────────────────────────────────────────────────────────────────────────────────────────┤
 | 42          | 53          | 0 0 0 0 0 0 0 0 0 0 0 0 0 0 0 0 0 0 0 0 0 0 0 0 0 0 0 0 0 0 0 0 0 0 0 0 0 0 0 0 0 0 1 0 0 0 0 0 0 0 0 0 0 1 0 0 0 0 0 0 0 0 0 0  |
 ├─────────────┼─────────────┼──────────────────────────────────────────────────────────────────────────────────────────────────────────────────────────────────┤
 | 43          | 46          | 0 0 0 0 0 0 0 0 0 0 0 0 0 0 0 0 0 0 0 0 0 0 0 0 0 0 0 0 0 0 0 0 0 0 0 0 0 0 0 0 0 0 0 1 0 0 1 0 0 0 0 0 0 0 0 0 0 0 0 0 0 0 0 0  |
 ├─────────────┼─────────────┼──────────────────────────────────────────────────────────────────────────────────────────────────────────────────────────────────┤
 | 43          | 44          | 0 0 0 0 0 0 0 0 0 0 0 0 0 0 0 0 0 0 0 0 0 0 0 0 0 0 0 0 0 0 0 0 0 0 0 0 0 0 0 1 0 0 1 1 1 0 0 0 0 0 0 0 0 0 0 0 0 0 0 0 0 0 0 1  |
 ├─────────────┼─────────────┼──────────────────────────────────────────────────────────────────────────────────────────────────────────────────────────────────┤
 | 43          | 29          | 0 0 0 0 0 0 0 0 0 0 0 0 0 0 0 0 0 0 0 0 0 0 0 0 0 0 0 0 0 1 0 0 0 0 0 0 0 0 0 0 0 0 0 1 0 0 0 0 0 0 0 0 0 0 0 0 0 0 0 0 0 0 0 0  |
 ├─────────────┼─────────────┼──────────────────────────────────────────────────────────────────────────────────────────────────────────────────────────────────┤
 | 43          | 4           | 0 0 0 0 1 0 0 0 0 0 0 0 0 0 0 0 0 0 0 0 0 0 0 0 0 0 0 0 0 0 0 0 0 0 0 0 0 0 0 0 0 0 0 1 0 0 0 0 0 0 0 0 0 0 0 0 0 0 0 0 0 0 0 0  |
 ├─────────────┼─────────────┼──────────────────────────────────────────────────────────────────────────────────────────────────────────────────────────────────┤
 | 44          | 12          | 0 0 0 0 0 0 0 0 1 0 0 0 1 0 0 0 0 1 1 0 0 0 0 1 0 0 1 0 0 0 0 0 0 0 0 0 0 0 0 0 0 0 0 1 1 0 0 0 0 0 0 0 0 0 0 0 0 0 0 0 0 0 0 0  |
 ├─────────────┼─────────────┼──────────────────────────────────────────────────────────────────────────────────────────────────────────────────────────────────┤
 | 44          | 31          | 0 0 0 0 0 0 0 0 0 0 0 0 0 0 0 1 0 0 0 0 0 0 0 1 0 0 1 0 0 0 0 1 0 0 0 0 0 0 0 0 0 0 0 0 1 0 0 0 0 0 0 0 0 0 0 0 0 0 0 1 1 0 0 0  |
 ├─────────────┼─────────────┼──────────────────────────────────────────────────────────────────────────────────────────────────────────────────────────────────┤
 | 44          | 7           | 0 0 0 0 0 0 0 1 0 0 0 0 0 0 0 0 0 0 0 0 0 0 0 0 0 0 0 0 0 0 0 0 0 0 0 0 0 0 0 0 0 0 0 0 1 0 0 0 0 0 0 0 0 0 0 0 0 0 0 0 0 0 0 0  |
 ├─────────────┼─────────────┼──────────────────────────────────────────────────────────────────────────────────────────────────────────────────────────────────┤
 | 44          | 45          | 0 0 0 0 0 0 0 0 0 0 0 0 0 0 0 0 0 0 0 0 0 0 0 0 0 0 0 0 0 0 0 0 0 0 0 0 0 0 0 0 0 0 0 0 1 1 0 0 0 0 0 0 0 0 0 0 0 0 0 0 0 0 0 0  |
 ├─────────────┼─────────────┼──────────────────────────────────────────────────────────────────────────────────────────────────────────────────────────────────┤
 | 45          | 6           | 0 0 0 0 0 1 1 0 0 0 0 0 0 0 0 0 0 0 0 0 0 0 0 0 0 0 0 0 0 0 0 0 0 0 0 0 0 0 0 0 0 0 0 0 0 1 0 0 0 0 0 0 0 0 0 0 0 0 0 0 0 0 0 0  |
 ├─────────────┼─────────────┼──────────────────────────────────────────────────────────────────────────────────────────────────────────────────────────────────┤
 | 45          | 48          | 0 0 0 0 0 0 0 0 0 0 0 1 0 0 0 0 0 0 0 0 0 0 0 0 0 0 0 0 0 0 0 0 0 0 0 0 0 0 0 0 0 0 1 0 0 1 0 1 1 0 0 0 0 1 0 1 0 0 0 0 0 1 0 1  |
 ├─────────────┼─────────────┼──────────────────────────────────────────────────────────────────────────────────────────────────────────────────────────────────┤
 | 45          | 27          | 0 0 0 0 0 0 0 0 0 0 0 0 0 1 0 0 0 0 0 0 0 0 0 0 0 0 0 1 0 0 0 0 0 0 0 1 0 0 0 0 0 0 0 0 0 1 0 0 0 0 0 0 0 0 0 0 0 0 0 0 0 0 0 0  |
 ├─────────────┼─────────────┼──────────────────────────────────────────────────────────────────────────────────────────────────────────────────────────────────┤
 | 45          | 40          | 0 0 0 0 0 0 0 0 0 0 0 0 0 0 0 0 0 0 0 0 0 0 0 0 0 0 0 0 0 0 0 0 0 0 0 0 0 0 0 0 1 0 0 0 0 1 0 0 0 0 0 0 0 0 0 0 0 0 0 0 0 0 0 0  |
 ├─────────────┼─────────────┼──────────────────────────────────────────────────────────────────────────────────────────────────────────────────────────────────┤
 | 46          | 4           | 0 0 0 1 1 0 0 0 0 0 0 0 0 0 0 0 0 0 0 0 0 0 0 0 0 0 0 0 0 0 0 0 0 0 0 0 0 0 0 0 0 0 0 0 0 0 1 0 0 0 0 0 0 0 0 0 0 0 0 0 0 0 0 0  |
 ├─────────────┼─────────────┼──────────────────────────────────────────────────────────────────────────────────────────────────────────────────────────────────┤
 | 46          | 44          | 0 0 0 0 0 0 0 0 0 0 0 0 0 0 0 0 0 1 1 0 0 0 0 0 0 0 0 0 0 0 0 0 0 0 0 0 0 0 0 0 0 0 0 0 1 1 1 0 0 0 0 0 0 0 0 0 0 0 0 0 0 0 0 0  |
 ├─────────────┼─────────────┼──────────────────────────────────────────────────────────────────────────────────────────────────────────────────────────────────┤
 | 46          | 45          | 0 0 0 0 1 0 0 0 0 0 0 0 0 0 0 0 0 0 0 0 0 0 0 0 0 0 0 0 1 0 0 0 0 0 0 1 0 0 0 0 0 1 0 0 0 1 1 0 0 0 0 0 0 0 0 0 0 0 0 0 0 0 0 0  |
 ├─────────────┼─────────────┼──────────────────────────────────────────────────────────────────────────────────────────────────────────────────────────────────┤
 | 46          | 38          | 0 0 0 0 0 0 0 0 0 0 0 0 0 0 0 0 0 0 0 0 0 0 0 0 0 0 0 0 0 0 0 0 0 0 0 0 0 0 1 0 0 0 0 0 0 0 1 0 0 0 0 0 0 0 0 0 0 0 0 0 0 0 0 0  |
 ├─────────────┼─────────────┼──────────────────────────────────────────────────────────────────────────────────────────────────────────────────────────────────┤
 | 47          | 63          | 0 0 0 0 0 0 0 0 0 0 0 0 0 0 0 0 0 0 1 0 0 0 0 0 0 0 0 0 0 0 0 0 0 0 0 0 0 0 0 0 0 0 0 0 0 0 0 1 0 0 1 0 0 0 0 0 0 0 0 0 0 0 0 1  |
 ├─────────────┼─────────────┼──────────────────────────────────────────────────────────────────────────────────────────────────────────────────────────────────┤
 | 47          | 60          | 0 0 0 0 1 0 0 0 0 0 0 0 0 0 0 0 0 0 0 0 0 0 0 0 0 0 0 0 0 0 0 0 0 0 0 0 0 0 0 0 1 0 0 0 0 0 0 1 0 0 0 0 0 0 0 0 0 0 0 0 1 0 0 0  |
 ├─────────────┼─────────────┼──────────────────────────────────────────────────────────────────────────────────────────────────────────────────────────────────┤
 | 47          | 52          | 0 0 0 0 0 0 0 0 0 0 0 0 0 0 0 0 0 0 0 0 0 0 0 0 0 0 0 0 0 0 0 0 0 0 0 0 0 0 0 0 0 0 0 0 0 0 0 1 0 0 0 0 1 0 0 0 0 0 0 0 0 0 0 0  |
 ├─────────────┼─────────────┼──────────────────────────────────────────────────────────────────────────────────────────────────────────────────────────────────┤
 | 47          | 25          | 0 0 0 0 0 0 0 0 0 0 0 0 0 0 0 0 0 0 0 0 0 1 0 0 0 1 0 0 0 0 0 0 0 0 0 0 0 0 0 0 0 0 0 0 0 0 0 1 0 0 0 0 0 0 0 0 0 0 0 0 0 0 0 0  |
 ├─────────────┼─────────────┼──────────────────────────────────────────────────────────────────────────────────────────────────────────────────────────────────┤
 | 48          | 45          | 0 0 0 0 0 0 0 0 0 0 0 1 0 0 0 0 0 0 0 0 0 0 0 0 0 0 0 0 0 0 0 0 0 0 0 0 0 0 0 0 0 0 1 0 0 1 0 1 1 0 0 0 0 1 0 1 0 0 0 0 0 1 0 1  |
 ├─────────────┼─────────────┼──────────────────────────────────────────────────────────────────────────────────────────────────────────────────────────────────┤
 | 48          | 49          | 0 0 0 0 0 0 0 0 0 0 0 0 0 0 0 0 0 0 0 0 0 0 0 0 0 0 0 0 0 0 0 0 0 0 0 0 0 0 0 0 0 0 0 0 0 0 0 1 1 1 0 0 0 0 0 0 0 0 0 0 0 0 0 0  |
 ├─────────────┼─────────────┼──────────────────────────────────────────────────────────────────────────────────────────────────────────────────────────────────┤
 | 48          | 1           | 0 1 0 0 0 0 0 0 0 0 0 0 0 0 0 0 0 0 0 0 0 0 0 0 0 0 0 0 0 0 0 0 0 0 0 0 0 0 0 0 0 0 0 0 0 0 0 0 1 0 0 0 0 0 0 0 0 0 0 0 0 0 0 0  |
 ├─────────────┼─────────────┼──────────────────────────────────────────────────────────────────────────────────────────────────────────────────────────────────┤
 | 48          | 0           | 1 0 0 0 0 0 0 0 0 0 0 0 0 0 0 0 0 0 0 0 0 0 0 0 0 0 0 0 0 0 0 0 0 0 0 0 0 0 0 0 0 0 0 0 0 0 0 0 1 0 0 0 0 0 0 0 0 0 0 0 0 0 0 0  |
 ├─────────────┼─────────────┼──────────────────────────────────────────────────────────────────────────────────────────────────────────────────────────────────┤
 | 49          | 34          | 0 0 0 0 0 0 0 0 0 0 0 0 0 0 0 0 0 0 0 0 0 0 0 0 0 0 0 0 0 0 0 0 0 0 1 0 0 0 0 0 0 0 0 0 0 0 0 0 0 1 0 0 0 0 0 0 0 0 0 0 0 0 0 0  |
 ├─────────────┼─────────────┼──────────────────────────────────────────────────────────────────────────────────────────────────────────────────────────────────┤
 | 49          | 22          | 0 0 0 0 0 0 0 0 0 0 0 0 0 0 0 0 0 0 0 0 0 0 1 0 0 0 0 0 0 0 0 0 0 0 0 0 0 0 0 0 0 0 0 0 0 0 0 0 0 1 0 0 0 0 0 0 0 0 0 0 0 0 0 0  |
 ├─────────────┼─────────────┼──────────────────────────────────────────────────────────────────────────────────────────────────────────────────────────────────┤
 | 49          | 50          | 0 0 0 0 0 0 0 0 0 0 0 0 0 0 0 0 0 0 0 0 0 0 0 0 0 0 0 0 0 0 0 0 0 0 0 0 0 0 0 0 0 0 0 0 0 0 0 0 1 1 1 0 0 0 0 0 0 0 0 0 0 0 0 0  |
 ├─────────────┼─────────────┼──────────────────────────────────────────────────────────────────────────────────────────────────────────────────────────────────┤
 | 49          | 47          | 0 0 0 0 0 0 0 0 0 0 1 0 0 0 0 0 0 0 1 0 0 0 0 0 0 0 0 0 0 0 0 0 0 0 0 0 0 0 0 0 0 0 0 0 0 0 0 1 1 1 0 0 0 0 0 0 0 0 0 0 0 0 0 0  |
 ├─────────────┼─────────────┼──────────────────────────────────────────────────────────────────────────────────────────────────────────────────────────────────┤
 | 50          | 21          | 0 0 0 0 0 1 0 0 0 0 0 0 0 0 0 0 0 0 0 0 0 1 0 0 0 0 0 0 0 0 0 0 0 0 0 0 0 0 0 0 0 0 0 0 0 0 0 0 0 0 1 0 0 0 0 0 0 0 0 0 0 0 0 0  |
 ├─────────────┼─────────────┼──────────────────────────────────────────────────────────────────────────────────────────────────────────────────────────────────┤
 | 50          | 35          | 0 0 0 0 0 0 0 0 0 0 0 0 0 0 0 0 0 0 0 0 0 0 0 0 0 0 0 0 0 0 0 0 0 0 0 1 0 0 0 0 0 0 0 0 0 0 0 0 0 0 1 0 0 0 0 0 0 0 0 0 0 0 0 0  |
 ├─────────────┼─────────────┼──────────────────────────────────────────────────────────────────────────────────────────────────────────────────────────────────┤
 | 50          | 51          | 0 0 0 0 0 0 0 0 0 0 0 0 0 0 0 0 0 0 0 0 0 0 1 0 0 0 0 0 0 0 0 0 0 0 0 0 0 0 0 0 0 0 0 1 0 0 0 0 0 0 1 1 0 0 0 0 0 0 0 0 0 0 0 0  |
 ├─────────────┼─────────────┼──────────────────────────────────────────────────────────────────────────────────────────────────────────────────────────────────┤
 | 50          | 49          | 0 0 0 0 0 0 0 0 0 0 0 0 0 0 0 0 0 0 0 0 0 0 0 0 0 0 0 0 0 0 0 0 0 0 0 0 0 0 0 0 0 0 0 0 0 0 0 0 0 1 1 0 0 0 0 0 0 0 0 0 0 0 0 0  |
 ├─────────────┼─────────────┼──────────────────────────────────────────────────────────────────────────────────────────────────────────────────────────────────┤
 | 51          | 12          | 0 0 0 0 0 0 0 0 0 0 0 0 1 0 0 0 0 0 0 0 0 0 0 0 0 0 0 0 0 0 0 0 0 0 0 0 1 0 0 0 0 0 0 0 0 0 0 0 0 0 0 1 0 0 0 0 0 0 0 0 0 0 0 0  |
 ├─────────────┼─────────────┼──────────────────────────────────────────────────────────────────────────────────────────────────────────────────────────────────┤
 | 51          | 50          | 0 0 0 0 0 0 0 0 0 0 0 0 0 1 1 0 0 0 0 0 0 0 0 0 0 0 0 0 0 0 0 0 0 0 0 0 0 0 0 0 0 0 0 0 0 0 0 0 0 0 1 1 0 0 0 0 0 0 0 0 0 0 0 0  |
 ├─────────────┼─────────────┼──────────────────────────────────────────────────────────────────────────────────────────────────────────────────────────────────┤
 | 51          | 40          | 0 0 0 0 0 0 0 0 0 0 0 0 0 0 0 0 0 0 0 0 1 0 0 0 0 0 0 0 0 0 0 0 0 0 0 0 0 0 0 0 1 0 0 0 0 0 0 0 0 0 0 1 0 0 0 0 0 0 0 0 0 0 0 0  |
 ├─────────────┼─────────────┼──────────────────────────────────────────────────────────────────────────────────────────────────────────────────────────────────┤
 | 51          | 52          | 0 0 0 0 0 0 0 0 0 0 0 0 0 0 0 0 0 0 0 0 0 0 0 0 0 0 0 0 0 0 0 0 0 0 0 0 0 0 0 0 0 0 0 0 0 0 0 0 0 0 0 1 1 0 0 0 0 0 0 0 0 0 0 0  |
 ├─────────────┼─────────────┼──────────────────────────────────────────────────────────────────────────────────────────────────────────────────────────────────┤
 | 52          | 10          | 0 0 0 0 0 0 0 0 0 0 1 0 0 0 0 0 0 0 0 0 0 0 0 0 0 0 0 0 0 0 0 1 0 0 0 0 0 0 0 0 0 0 0 0 0 0 0 0 0 0 0 0 1 0 0 0 0 0 0 0 0 0 0 0  |
 ├─────────────┼─────────────┼──────────────────────────────────────────────────────────────────────────────────────────────────────────────────────────────────┤
 | 52          | 50          | 0 0 0 0 0 0 0 0 0 0 0 0 0 0 0 0 0 0 0 0 0 0 0 0 0 0 0 0 0 0 0 0 0 0 0 0 0 0 0 0 0 0 0 0 0 0 0 0 0 0 1 0 1 0 0 0 0 0 0 0 0 0 0 0  |
 ├─────────────┼─────────────┼──────────────────────────────────────────────────────────────────────────────────────────────────────────────────────────────────┤
 | 52          | 12          | 0 0 0 0 0 0 0 0 0 0 0 0 1 0 0 0 0 0 0 0 0 0 0 0 0 0 0 0 0 0 0 0 0 0 0 0 0 0 0 0 0 0 0 0 0 0 0 0 0 0 0 0 1 0 0 0 0 0 0 0 0 0 0 0  |
 ├─────────────┼─────────────┼──────────────────────────────────────────────────────────────────────────────────────────────────────────────────────────────────┤
 | 52          | 60          | 0 0 0 0 0 0 0 0 0 0 0 0 0 0 0 0 0 0 0 0 0 0 0 0 0 0 0 0 0 0 0 0 0 0 0 0 0 0 0 0 0 0 0 0 0 0 0 0 0 0 0 0 1 0 0 0 0 0 0 0 1 1 0 0  |
 ├─────────────┼─────────────┼──────────────────────────────────────────────────────────────────────────────────────────────────────────────────────────────────┤
 | 53          | 54          | 0 0 0 0 0 0 0 0 0 0 0 0 0 0 0 0 1 0 0 0 0 0 0 0 0 0 0 0 0 0 0 0 0 0 0 0 0 0 0 0 0 0 0 0 0 0 0 0 0 0 0 0 0 1 1 0 0 0 0 0 0 0 0 0  |
 ├─────────────┼─────────────┼──────────────────────────────────────────────────────────────────────────────────────────────────────────────────────────────────┤
 | 53          | 63          | 0 0 0 0 0 0 0 0 0 0 0 0 0 0 0 0 0 0 0 0 0 0 0 0 0 0 0 0 0 0 0 0 0 0 0 0 0 0 0 0 0 0 0 0 0 0 0 0 0 0 0 0 0 1 0 0 0 0 0 0 0 0 0 1  |
 ├─────────────┼─────────────┼──────────────────────────────────────────────────────────────────────────────────────────────────────────────────────────────────┤
 | 53          | 52          | 0 0 0 0 0 0 0 0 0 0 0 0 0 0 0 0 0 0 0 0 0 0 0 0 0 0 0 0 0 0 0 0 0 0 0 0 0 0 0 0 0 0 0 0 0 0 0 0 0 0 0 0 1 1 0 0 0 0 0 0 0 0 0 0  |
 ├─────────────┼─────────────┼──────────────────────────────────────────────────────────────────────────────────────────────────────────────────────────────────┤
 | 53          | 6           | 0 0 0 0 0 0 1 0 0 0 0 0 0 0 0 0 0 0 0 0 0 0 0 0 0 0 0 0 0 0 0 0 0 0 0 0 0 0 0 0 0 0 0 0 0 0 0 0 0 0 0 0 0 1 0 0 0 0 0 0 1 0 0 0  |
 ├─────────────┼─────────────┼──────────────────────────────────────────────────────────────────────────────────────────────────────────────────────────────────┤
 | 54          | 55          | 0 0 0 0 0 0 0 0 0 0 0 0 0 0 0 0 0 0 0 0 0 0 0 0 0 0 0 0 0 0 0 0 0 0 0 0 0 0 0 0 0 0 0 0 0 0 0 0 0 0 0 0 0 0 1 1 0 0 0 0 0 0 0 0  |
 ├─────────────┼─────────────┼──────────────────────────────────────────────────────────────────────────────────────────────────────────────────────────────────┤
 | 54          | 45          | 0 0 0 0 0 0 0 0 0 0 0 0 0 0 0 0 0 0 0 0 0 0 0 0 0 0 0 0 0 0 0 0 0 0 0 0 0 0 0 0 0 0 0 0 0 1 0 0 0 0 0 0 0 0 1 1 0 0 0 0 0 0 0 0  |
 ├─────────────┼─────────────┼──────────────────────────────────────────────────────────────────────────────────────────────────────────────────────────────────┤
 | 54          | 53          | 0 0 0 0 0 0 0 0 0 0 0 0 0 0 0 0 0 0 0 0 0 0 0 0 0 0 0 0 0 0 0 0 0 0 0 0 0 0 0 0 0 0 0 0 0 0 0 0 0 0 0 0 0 1 1 0 0 0 0 0 0 0 0 0  |
 ├─────────────┼─────────────┼──────────────────────────────────────────────────────────────────────────────────────────────────────────────────────────────────┤
 | 54          | 59          | 0 0 0 1 1 1 1 0 0 0 1 1 1 1 0 0 1 1 1 0 0 0 0 1 0 1 1 1 0 1 0 0 0 0 0 1 1 0 1 1 1 1 0 1 0 1 1 1 1 0 1 0 1 1 1 1 1 1 0 1 1 1 1 1  |
 ├─────────────┼─────────────┼──────────────────────────────────────────────────────────────────────────────────────────────────────────────────────────────────┤
 | 55          | 56          | 0 0 0 0 0 0 0 0 0 0 0 0 0 0 0 0 0 0 0 0 0 0 0 0 0 0 0 0 0 0 0 0 0 0 0 0 0 0 0 0 0 0 0 0 1 0 0 0 1 0 0 0 0 0 0 1 1 0 1 0 1 0 0 0  |
 ├─────────────┼─────────────┼──────────────────────────────────────────────────────────────────────────────────────────────────────────────────────────────────┤
 | 55          | 6           | 1 1 0 0 0 1 1 0 1 0 0 1 0 0 0 0 0 0 0 0 0 1 0 0 0 0 0 0 0 0 0 0 0 0 0 0 0 0 0 0 0 0 0 0 0 0 0 0 0 0 0 0 0 0 0 1 0 0 0 0 0 0 0 0  |
 ├─────────────┼─────────────┼──────────────────────────────────────────────────────────────────────────────────────────────────────────────────────────────────┤
 | 55          | 22          | 0 0 0 0 0 0 0 0 0 0 0 0 0 0 0 0 0 0 0 0 0 0 1 0 0 0 0 0 0 0 0 0 0 0 0 0 0 0 0 0 0 0 0 0 0 0 0 0 0 0 1 0 0 0 0 1 0 0 0 0 0 0 0 0  |
 ├─────────────┼─────────────┼──────────────────────────────────────────────────────────────────────────────────────────────────────────────────────────────────┤
 | 55          | 16          | 0 0 0 0 0 0 0 0 0 0 0 0 0 0 0 0 1 0 0 0 0 0 0 0 0 0 0 0 0 0 0 0 0 0 0 0 0 0 0 0 0 0 0 0 0 0 0 0 0 0 0 0 0 0 0 1 0 0 0 0 0 0 0 0  |
 ├─────────────┼─────────────┼──────────────────────────────────────────────────────────────────────────────────────────────────────────────────────────────────┤
 | 56          | 57          | 0 0 0 0 0 0 0 0 0 0 0 0 0 0 0 0 0 0 0 0 0 0 0 0 0 0 0 0 0 0 0 0 0 0 0 0 0 0 0 0 0 0 0 0 0 0 0 0 0 0 0 0 0 0 0 1 1 1 0 1 1 0 0 0  |
 ├─────────────┼─────────────┼──────────────────────────────────────────────────────────────────────────────────────────────────────────────────────────────────┤
 | 56          | 59          | 0 0 0 0 0 0 0 0 0 0 0 0 0 0 0 0 0 0 0 0 0 0 0 0 0 0 0 0 0 0 0 0 0 0 0 0 0 0 0 0 0 0 0 0 0 0 0 0 0 0 0 0 0 0 0 0 1 0 0 1 0 0 0 0  |
 ├─────────────┼─────────────┼──────────────────────────────────────────────────────────────────────────────────────────────────────────────────────────────────┤
 | 56          | 28          | 0 0 0 0 0 0 0 0 0 0 0 0 0 0 0 0 0 0 0 0 0 0 0 0 0 0 0 0 1 0 0 0 0 1 0 0 0 0 0 0 0 0 0 0 0 0 0 0 0 0 0 0 0 1 1 0 1 0 0 0 0 0 0 0  |
 ├─────────────┼─────────────┼──────────────────────────────────────────────────────────────────────────────────────────────────────────────────────────────────┤
 | 56          | 55          | 0 0 0 0 1 0 0 0 0 0 0 0 0 0 0 0 0 0 0 0 0 0 0 0 0 0 0 0 0 0 0 0 0 0 0 0 0 0 0 0 0 0 0 0 0 0 0 0 0 0 0 0 0 0 0 1 1 0 0 0 0 0 0 0  |
 ├─────────────┼─────────────┼──────────────────────────────────────────────────────────────────────────────────────────────────────────────────────────────────┤
 | 57          | 2           | 0 0 1 0 0 0 0 0 0 0 0 0 0 0 0 0 0 0 0 0 0 0 0 0 0 0 0 0 0 0 0 0 0 0 0 0 0 0 0 0 0 0 0 1 1 0 0 0 0 0 0 0 0 0 0 0 0 1 0 0 0 0 0 0  |
 ├─────────────┼─────────────┼──────────────────────────────────────────────────────────────────────────────────────────────────────────────────────────────────┤
 | 57          | 15          | 0 0 0 0 0 0 0 0 0 0 0 0 0 0 0 1 0 0 0 0 0 0 0 0 0 0 0 0 0 0 0 0 0 0 0 0 0 0 0 0 0 0 0 0 0 0 0 0 0 0 0 0 0 0 0 0 0 1 0 0 0 0 0 0  |
 ├─────────────┼─────────────┼──────────────────────────────────────────────────────────────────────────────────────────────────────────────────────────────────┤
 | 57          | 62          | 0 0 0 0 1 0 0 0 0 0 0 0 0 0 0 0 0 0 0 0 0 0 0 0 0 0 0 0 0 0 0 0 0 0 0 0 0 0 0 0 0 0 0 0 0 0 0 0 0 0 0 0 0 0 0 1 0 1 0 1 1 0 1 0  |
 ├─────────────┼─────────────┼──────────────────────────────────────────────────────────────────────────────────────────────────────────────────────────────────┤
 | 57          | 48          | 0 0 0 0 0 0 0 0 0 0 0 0 0 0 0 0 0 0 0 0 0 0 0 0 0 0 0 0 0 0 0 0 0 0 0 0 0 0 0 0 0 0 0 0 0 0 0 0 1 0 0 0 0 0 0 0 0 1 0 0 0 0 0 0  |
 ├─────────────┼─────────────┼──────────────────────────────────────────────────────────────────────────────────────────────────────────────────────────────────┤
 | 58          | 34          | 0 0 0 0 0 0 0 0 0 0 0 0 0 0 0 0 0 0 0 0 0 0 0 0 0 0 0 0 0 0 0 0 0 0 1 0 0 0 0 0 0 0 0 0 0 0 0 0 0 0 0 0 0 0 0 0 0 0 1 0 0 0 0 0  |
 ├─────────────┼─────────────┼──────────────────────────────────────────────────────────────────────────────────────────────────────────────────────────────────┤
 | 58          | 59          | 0 0 0 0 0 0 0 0 0 0 0 0 0 0 0 0 0 0 0 1 1 0 0 0 0 0 0 0 0 0 0 0 0 0 0 0 0 0 0 0 0 0 0 0 0 0 0 0 0 0 0 0 0 0 0 0 0 0 1 1 0 0 0 0  |
 ├─────────────┼─────────────┼──────────────────────────────────────────────────────────────────────────────────────────────────────────────────────────────────┤
 | 58          | 32          | 0 0 0 0 0 0 0 0 0 0 0 0 0 0 0 0 0 0 0 0 0 0 0 0 0 0 0 0 0 0 0 0 1 0 0 0 0 0 0 0 0 0 0 0 0 0 0 0 0 0 0 0 0 0 0 0 0 0 1 0 0 0 0 0  |
 ├─────────────┼─────────────┼──────────────────────────────────────────────────────────────────────────────────────────────────────────────────────────────────┤
 | 58          | 61          | 0 0 0 0 0 0 0 0 0 0 0 0 0 0 0 0 0 0 0 0 0 0 0 0 0 0 0 0 0 0 0 0 0 0 0 0 0 0 0 0 0 0 0 0 0 0 0 0 0 0 0 0 0 0 0 0 0 0 1 0 0 1 0 0  |
 ├─────────────┼─────────────┼──────────────────────────────────────────────────────────────────────────────────────────────────────────────────────────────────┤
 | 59          | 58          | 0 0 0 0 0 0 0 0 0 0 0 0 0 0 0 0 0 0 0 0 0 0 0 0 0 0 0 0 0 0 0 0 0 0 0 0 0 0 0 0 0 0 0 0 0 0 0 0 0 0 0 0 0 0 0 0 0 0 1 1 0 0 0 0  |
 ├─────────────┼─────────────┼──────────────────────────────────────────────────────────────────────────────────────────────────────────────────────────────────┤
 | 59          | 57          | 0 0 0 0 1 0 0 0 0 0 0 0 0 0 0 0 0 0 0 0 0 0 0 0 0 0 0 0 0 0 0 0 0 0 0 0 0 0 0 0 0 0 0 0 0 0 0 0 0 0 0 0 0 0 0 1 0 1 0 1 1 0 1 0  |
 ├─────────────┼─────────────┼──────────────────────────────────────────────────────────────────────────────────────────────────────────────────────────────────┤
 | 59          | 60          | 0 0 0 0 0 0 0 0 0 0 0 0 0 0 0 0 0 0 0 0 0 0 0 0 0 0 0 0 0 0 0 0 0 0 0 0 0 0 0 0 0 0 0 0 0 0 0 0 0 0 0 0 0 0 0 0 0 0 0 1 1 0 0 0  |
 ├─────────────┼─────────────┼──────────────────────────────────────────────────────────────────────────────────────────────────────────────────────────────────┤
 | 59          | 14          | 0 0 0 0 0 0 0 0 0 0 0 0 0 0 1 0 0 0 0 0 0 0 0 0 0 0 0 0 0 0 0 0 0 0 0 0 0 0 0 0 0 0 0 0 0 0 0 0 0 0 0 0 0 0 0 0 0 0 0 1 0 0 0 0  |
 ├─────────────┼─────────────┼──────────────────────────────────────────────────────────────────────────────────────────────────────────────────────────────────┤
 | 60          | 50          | 0 0 0 0 0 0 0 0 0 0 0 0 0 0 0 0 0 0 0 0 0 0 0 0 0 0 1 0 0 0 0 0 0 0 0 0 0 0 0 0 0 0 0 0 0 0 0 0 0 0 1 0 0 0 0 0 0 0 0 0 1 0 0 0  |
 ├─────────────┼─────────────┼──────────────────────────────────────────────────────────────────────────────────────────────────────────────────────────────────┤
 | 60          | 37          | 0 0 0 0 0 0 0 0 0 0 0 0 0 0 0 0 0 0 0 0 0 0 0 0 0 0 0 0 0 0 0 0 0 0 0 0 0 1 0 0 0 0 0 0 0 0 0 0 0 0 0 0 0 0 0 0 0 0 0 0 1 0 0 0  |
 ├─────────────┼─────────────┼──────────────────────────────────────────────────────────────────────────────────────────────────────────────────────────────────┤
 | 60          | 61          | 0 0 0 0 0 0 0 0 0 0 0 0 0 0 0 0 0 0 0 0 0 0 0 0 0 0 0 0 0 0 0 0 0 0 0 0 0 0 0 0 0 0 0 0 0 0 0 0 0 0 0 0 0 0 0 0 0 0 0 0 1 1 0 0  |
 ├─────────────┼─────────────┼──────────────────────────────────────────────────────────────────────────────────────────────────────────────────────────────────┤
 | 60          | 59          | 0 0 0 0 0 0 0 0 0 0 0 0 0 0 0 0 0 0 0 0 0 0 0 0 0 0 0 0 0 0 0 0 0 0 0 0 0 0 0 0 0 0 0 0 0 0 0 0 0 0 0 0 0 0 0 0 0 0 0 1 1 0 0 0  |
 ├─────────────┼─────────────┼──────────────────────────────────────────────────────────────────────────────────────────────────────────────────────────────────┤
 | 61          | 60          | 0 0 0 0 0 0 0 0 0 0 0 0 0 0 0 0 0 0 0 0 0 0 0 0 0 0 0 0 0 0 0 0 0 0 0 0 0 0 0 0 0 0 0 0 0 0 0 0 0 0 0 0 0 0 0 0 0 0 0 0 1 1 0 0  |
 ├─────────────┼─────────────┼──────────────────────────────────────────────────────────────────────────────────────────────────────────────────────────────────┤
 | 61          | 41          | 0 0 0 0 0 0 0 0 0 0 0 0 0 0 0 0 0 0 0 0 0 0 0 0 0 0 0 0 0 0 0 0 0 0 0 0 0 0 0 0 0 1 0 0 0 0 0 0 0 0 0 0 0 0 0 0 0 0 0 0 0 1 0 0  |
 ├─────────────┼─────────────┼──────────────────────────────────────────────────────────────────────────────────────────────────────────────────────────────────┤
 | 61          | 25          | 0 1 0 0 0 0 0 0 0 0 0 0 0 0 0 0 0 0 0 0 0 0 0 0 0 1 0 0 0 0 0 0 0 0 0 0 0 0 0 0 0 0 0 0 0 0 0 0 0 0 0 0 0 0 0 0 0 0 0 0 0 1 0 0  |
 ├─────────────┼─────────────┼──────────────────────────────────────────────────────────────────────────────────────────────────────────────────────────────────┤
 | 61          | 24          | 0 0 0 0 0 0 0 0 0 0 0 0 0 0 0 0 0 0 0 0 0 0 0 0 1 0 0 0 0 0 0 0 0 0 0 0 0 0 0 0 0 0 0 0 0 0 0 0 0 0 0 0 0 0 0 0 0 0 0 0 0 1 0 0  |
 ├─────────────┼─────────────┼──────────────────────────────────────────────────────────────────────────────────────────────────────────────────────────────────┤
 | 62          | 23          | 0 0 0 0 0 0 0 0 1 0 0 0 0 0 0 0 0 0 0 0 0 0 0 1 1 0 0 0 0 0 0 0 0 0 0 0 0 0 0 0 0 0 0 0 0 0 0 0 0 0 0 0 0 0 0 0 0 0 0 0 0 0 1 1  |
 ├─────────────┼─────────────┼──────────────────────────────────────────────────────────────────────────────────────────────────────────────────────────────────┤
 | 62          | 12          | 0 0 0 0 0 0 0 0 0 0 0 0 1 0 0 0 0 0 0 0 0 0 0 0 0 0 0 0 0 0 0 0 0 0 0 0 0 0 0 0 0 0 0 0 0 0 0 0 0 0 0 0 0 0 0 0 0 0 0 0 0 0 1 0  |
 ├─────────────┼─────────────┼──────────────────────────────────────────────────────────────────────────────────────────────────────────────────────────────────┤
 | 62          | 61          | 0 0 0 0 0 0 0 0 0 0 0 0 0 0 0 0 0 0 0 0 0 0 0 0 0 0 0 0 0 0 0 0 0 0 0 0 0 0 0 0 0 0 0 0 0 0 0 0 0 0 0 0 0 0 0 0 0 0 0 0 0 1 1 0  |
 ├─────────────┼─────────────┼──────────────────────────────────────────────────────────────────────────────────────────────────────────────────────────────────┤
 | 62          | 29          | 0 0 0 0 0 0 0 0 0 0 0 1 0 0 0 0 0 0 0 0 0 0 0 0 0 0 0 0 0 1 0 0 0 0 0 0 0 0 0 0 0 0 1 0 0 0 0 0 0 0 0 0 0 0 0 0 0 0 0 0 0 0 1 0  |
 ├─────────────┼─────────────┼──────────────────────────────────────────────────────────────────────────────────────────────────────────────────────────────────┤
 | 63          | 61          | 0 0 0 0 0 0 0 0 0 0 0 0 0 0 0 0 0 0 0 0 0 0 0 0 0 0 0 0 0 0 0 0 0 0 0 0 0 0 0 0 0 0 0 0 0 0 0 0 0 0 0 0 0 0 0 0 0 0 0 0 0 1 0 1  |
 ├─────────────┼─────────────┼──────────────────────────────────────────────────────────────────────────────────────────────────────────────────────────────────┤
 | 63          | 54          | 0 0 0 0 0 0 0 0 0 0 0 0 0 0 0 0 0 0 0 0 0 0 0 0 0 0 1 0 0 0 0 0 0 0 1 1 0 0 0 0 0 0 0 0 0 0 0 0 0 0 0 0 0 1 1 1 1 0 0 0 0 0 0 1  |
 ├─────────────┼─────────────┼──────────────────────────────────────────────────────────────────────────────────────────────────────────────────────────────────┤
 | 63          | 35          | 0 0 0 0 0 0 0 0 0 0 0 0 0 0 0 0 0 0 0 0 0 0 0 0 0 0 0 0 0 0 0 0 0 0 0 1 0 0 0 0 0 0 0 0 0 0 0 0 0 0 0 0 0 0 0 0 0 0 0 0 0 0 0 1  |
 ├─────────────┼─────────────┼──────────────────────────────────────────────────────────────────────────────────────────────────────────────────────────────────┤
 | 63          | 48          | 0 0 0 0 0 0 0 0 0 0 0 0 0 0 0 0 0 0 0 0 0 0 0 0 0 0 0 0 0 0 0 0 0 0 0 0 0 0 0 0 0 0 0 0 0 0 0 0 1 0 0 0 0 0 0 0 0 0 0 0 0 0 0 1  |
 └─────────────┴─────────────┴──────────────────────────────────────────────────────────────────────────────────────────────────────────────────────────────────┘
Pattern table end
Prefetch buffer begin
 ┌────────────────────┬────────────────────┬────────────────────┬────────────────────┬──────────────────────────────────────────────────────────────────────────────────────────────────────────────────────────────────┐
 | RegionNum          | Trigger            | Second             | Meta               | Pattern                                                                                                                          |
 ├────────────────────┼────────────────────┼────────────────────┼────────────────────┼──────────────────────────────────────────────────────────────────────────────────────────────────────────────────────────────────┤
 | 0x0000000000004d2b | 0x000000000000003d | 0x000000000000003c | 0x0000000000000001 | 0 0 0 0 1 0 0 0 0 0 0 1 1 0 0 0 0 0 0 1 1 1 0 0 0 0 0 0 0 0 0 0 1 0 0 0 0 0 0 0 0 0 0 0 0 1 0 0 0 0 0 0 0 0 0 0 0 0 0 0 0 1 0 0  |
 ├────────────────────┼────────────────────┼────────────────────┼────────────────────┼──────────────────────────────────────────────────────────────────────────────────────────────────────────────────────────────────┤
 | 0x0000000000000263 | 0x000000000000003b | 0x000000000000003c | 0x0000000000000001 | 0 0 0 0 0 0 0 0 0 0 0 0 0 0 0 0 0 0 0 0 0 0 1 0 0 0 0 0 0 0 0 0 0 0 0 0 0 0 0 0 1 0 0 1 0 0 0 1 1 0 1 0 1 0 1 1 1 1 0 0 0 0 0 0  |
 └────────────────────┴────────────────────┴────────────────────┴────────────────────┴──────────────────────────────────────────────────────────────────────────────────────────────────────────────────────────────────┘
Prefetch buffer end
cpu0_L2C
Num Con Filled: 0
Num Con Useful: 0 Useless:0 Accuracy: -nan
LLC
