41 41 41
Available num physical pages: 35184372088576
WARNING: physical memory size is smaller than virtual memory size

*** ChampSim Multicore Out-of-Order Simulator ***

Warmup Instructions: 200000000
Simulation Instructions: 200000000
Number of CPUs: 1
Page size: 4096

Basic BTB sets: 1024 ways: 8 indirect buffer size: 4096 RAS size: 64
cpu0_L1D Gaze NEW NEW prefetcher
Pattern Table index_len: 6
Off-chip DRAM Size: 4 GiB Channels: 1 Width: 64-bit Data Rate: 3200 MT/s
[PTW] 🔁 Switched page size to 2048 KB at cycle 500000
[PTW] 🔁 Switched page size to 4 KB at cycle 1000000
[PTW] 🔁 Switched page size to 2048 KB at cycle 1500000
[PTW] 🔁 Switched page size to 4 KB at cycle 2000000
[PTW] 🔁 Switched page size to 2048 KB at cycle 2500000
Heartbeat CPU 0 instructions: 10000000 cycles: 2598251 heartbeat IPC: 3.84875 cumulative IPC: 3.84875 (Simulation time: 0 hr 5 min 0 sec) 
[PTW] 🔁 Switched page size to 4 KB at cycle 3000000
[PTW] 🔁 Switched page size to 2048 KB at cycle 3500000
[PTW] 🔁 Switched page size to 4 KB at cycle 4000000
[PTW] 🔁 Switched page size to 2048 KB at cycle 4500000
[PTW] 🔁 Switched page size to 4 KB at cycle 5000000
Heartbeat CPU 0 instructions: 20000000 cycles: 5184284 heartbeat IPC: 3.86693 cumulative IPC: 3.85782 (Simulation time: 0 hr 10 min 21 sec) 
[PTW] 🔁 Switched page size to 2048 KB at cycle 5500000
[PTW] 🔁 Switched page size to 4 KB at cycle 6000000
[PTW] 🔁 Switched page size to 2048 KB at cycle 6500000
[PTW] 🔁 Switched page size to 4 KB at cycle 7000000
[PTW] 🔁 Switched page size to 2048 KB at cycle 7500000
Heartbeat CPU 0 instructions: 30000000 cycles: 7763236 heartbeat IPC: 3.87755 cumulative IPC: 3.86437 (Simulation time: 0 hr 15 min 38 sec) 
[PTW] 🔁 Switched page size to 4 KB at cycle 8000000
[PTW] 🔁 Switched page size to 2048 KB at cycle 8500000
[PTW] 🔁 Switched page size to 4 KB at cycle 9000000
[PTW] 🔁 Switched page size to 2048 KB at cycle 9500000
[PTW] 🔁 Switched page size to 4 KB at cycle 10000000
Heartbeat CPU 0 instructions: 40000003 cycles: 10342164 heartbeat IPC: 3.87759 cumulative IPC: 3.86767 (Simulation time: 0 hr 20 min 56 sec) 
[PTW] 🔁 Switched page size to 2048 KB at cycle 10500000
[PTW] 🔁 Switched page size to 4 KB at cycle 11000000
[PTW] 🔁 Switched page size to 2048 KB at cycle 11500000
[PTW] 🔁 Switched page size to 4 KB at cycle 12000000
[PTW] 🔁 Switched page size to 2048 KB at cycle 12500000
Heartbeat CPU 0 instructions: 50000002 cycles: 12921091 heartbeat IPC: 3.87759 cumulative IPC: 3.86965 (Simulation time: 0 hr 26 min 10 sec) 
[PTW] 🔁 Switched page size to 4 KB at cycle 13000000
[PTW] 🔁 Switched page size to 2048 KB at cycle 13500000
[PTW] 🔁 Switched page size to 4 KB at cycle 14000000
[PTW] 🔁 Switched page size to 2048 KB at cycle 14500000
[PTW] 🔁 Switched page size to 4 KB at cycle 15000000
[PTW] 🔁 Switched page size to 2048 KB at cycle 15500000
Heartbeat CPU 0 instructions: 60000001 cycles: 15551059 heartbeat IPC: 3.80233 cumulative IPC: 3.85826 (Simulation time: 0 hr 31 min 31 sec) 
[PTW] 🔁 Switched page size to 4 KB at cycle 16000000
[PTW] 🔁 Switched page size to 2048 KB at cycle 16500000
[PTW] 🔁 Switched page size to 4 KB at cycle 17000000
[PTW] 🔁 Switched page size to 2048 KB at cycle 17500000
[PTW] 🔁 Switched page size to 4 KB at cycle 18000000
Heartbeat CPU 0 instructions: 70000000 cycles: 18216654 heartbeat IPC: 3.75151 cumulative IPC: 3.84264 (Simulation time: 0 hr 37 min 38 sec) 
[PTW] 🔁 Switched page size to 2048 KB at cycle 18500000
[PTW] 🔁 Switched page size to 4 KB at cycle 19000000
[PTW] 🔁 Switched page size to 2048 KB at cycle 19500000
[PTW] 🔁 Switched page size to 4 KB at cycle 20000000
[PTW] 🔁 Switched page size to 2048 KB at cycle 20500000
Heartbeat CPU 0 instructions: 80000003 cycles: 20834737 heartbeat IPC: 3.81959 cumulative IPC: 3.83975 (Simulation time: 0 hr 43 min 50 sec) 
[PTW] 🔁 Switched page size to 4 KB at cycle 21000000
[PTW] 🔁 Switched page size to 2048 KB at cycle 21500000
[PTW] 🔁 Switched page size to 4 KB at cycle 22000000
[PTW] 🔁 Switched page size to 2048 KB at cycle 22500000
[PTW] 🔁 Switched page size to 4 KB at cycle 23000000
Heartbeat CPU 0 instructions: 90000002 cycles: 23439128 heartbeat IPC: 3.83967 cumulative IPC: 3.83974 (Simulation time: 0 hr 49 min 13 sec) 
[PTW] 🔁 Switched page size to 2048 KB at cycle 23500000
[PTW] 🔁 Switched page size to 4 KB at cycle 24000000
[PTW] 🔁 Switched page size to 2048 KB at cycle 24500000
[PTW] 🔁 Switched page size to 4 KB at cycle 25000000
[PTW] 🔁 Switched page size to 2048 KB at cycle 25500000
[PTW] 🔁 Switched page size to 4 KB at cycle 26000000
Heartbeat CPU 0 instructions: 100000000 cycles: 26018062 heartbeat IPC: 3.87758 cumulative IPC: 3.84349 (Simulation time: 0 hr 54 min 40 sec) 
[PTW] 🔁 Switched page size to 2048 KB at cycle 26500000
[PTW] 🔁 Switched page size to 4 KB at cycle 27000000
[PTW] 🔁 Switched page size to 2048 KB at cycle 27500000
[PTW] 🔁 Switched page size to 4 KB at cycle 28000000
[PTW] 🔁 Switched page size to 2048 KB at cycle 28500000
Heartbeat CPU 0 instructions: 110000003 cycles: 28596998 heartbeat IPC: 3.87757 cumulative IPC: 3.84656 (Simulation time: 0 hr 59 min 58 sec) 
[PTW] 🔁 Switched page size to 4 KB at cycle 29000000
[PTW] 🔁 Switched page size to 2048 KB at cycle 29500000
[PTW] 🔁 Switched page size to 4 KB at cycle 30000000
[PTW] 🔁 Switched page size to 2048 KB at cycle 30500000
[PTW] 🔁 Switched page size to 4 KB at cycle 31000000
Heartbeat CPU 0 instructions: 120000002 cycles: 31175936 heartbeat IPC: 3.87757 cumulative IPC: 3.84913 (Simulation time: 1 hr 5 min 18 sec) 
[PTW] 🔁 Switched page size to 2048 KB at cycle 31500000
[PTW] 🔁 Switched page size to 4 KB at cycle 32000000
[PTW] 🔁 Switched page size to 2048 KB at cycle 32500000
[PTW] 🔁 Switched page size to 4 KB at cycle 33000000
[PTW] 🔁 Switched page size to 2048 KB at cycle 33500000
Heartbeat CPU 0 instructions: 130000002 cycles: 33805903 heartbeat IPC: 3.80233 cumulative IPC: 3.84549 (Simulation time: 1 hr 10 min 42 sec) 
[PTW] 🔁 Switched page size to 4 KB at cycle 34000000
[PTW] 🔁 Switched page size to 2048 KB at cycle 34500000
[PTW] 🔁 Switched page size to 4 KB at cycle 35000000
[PTW] 🔁 Switched page size to 2048 KB at cycle 35500000
[PTW] 🔁 Switched page size to 4 KB at cycle 36000000
Heartbeat CPU 0 instructions: 140000000 cycles: 36385381 heartbeat IPC: 3.87676 cumulative IPC: 3.8477 (Simulation time: 1 hr 16 min 5 sec) 
[PTW] 🔁 Switched page size to 2048 KB at cycle 36500000
[PTW] 🔁 Switched page size to 4 KB at cycle 37000000
[PTW] 🔁 Switched page size to 2048 KB at cycle 37500000
[PTW] 🔁 Switched page size to 4 KB at cycle 38000000
[PTW] 🔁 Switched page size to 2048 KB at cycle 38500000
Heartbeat CPU 0 instructions: 150000000 cycles: 38964367 heartbeat IPC: 3.8775 cumulative IPC: 3.84968 (Simulation time: 1 hr 21 min 29 sec) 
[PTW] 🔁 Switched page size to 4 KB at cycle 39000000
[PTW] 🔁 Switched page size to 2048 KB at cycle 39500000
[PTW] 🔁 Switched page size to 4 KB at cycle 40000000
[PTW] 🔁 Switched page size to 2048 KB at cycle 40500000
[PTW] 🔁 Switched page size to 4 KB at cycle 41000000
[PTW] 🔁 Switched page size to 2048 KB at cycle 41500000
Heartbeat CPU 0 instructions: 160000003 cycles: 41545840 heartbeat IPC: 3.87376 cumulative IPC: 3.85117 (Simulation time: 1 hr 26 min 50 sec) 
[PTW] 🔁 Switched page size to 4 KB at cycle 42000000
[PTW] 🔁 Switched page size to 2048 KB at cycle 42500000
[PTW] 🔁 Switched page size to 4 KB at cycle 43000000
[PTW] 🔁 Switched page size to 2048 KB at cycle 43500000
[PTW] 🔁 Switched page size to 4 KB at cycle 44000000
Heartbeat CPU 0 instructions: 170000000 cycles: 44140416 heartbeat IPC: 3.8542 cumulative IPC: 3.85135 (Simulation time: 1 hr 32 min 17 sec) 
[PTW] 🔁 Switched page size to 2048 KB at cycle 44500000
[PTW] 🔁 Switched page size to 4 KB at cycle 45000000
[PTW] 🔁 Switched page size to 2048 KB at cycle 45500000
[PTW] 🔁 Switched page size to 4 KB at cycle 46000000
[PTW] 🔁 Switched page size to 2048 KB at cycle 46500000
Heartbeat CPU 0 instructions: 180000001 cycles: 46775555 heartbeat IPC: 3.79487 cumulative IPC: 3.84817 (Simulation time: 1 hr 38 min 35 sec) 
[PTW] 🔁 Switched page size to 4 KB at cycle 47000000
[PTW] 🔁 Switched page size to 2048 KB at cycle 47500000
[PTW] 🔁 Switched page size to 4 KB at cycle 48000000
[PTW] 🔁 Switched page size to 2048 KB at cycle 48500000
[PTW] 🔁 Switched page size to 4 KB at cycle 49000000
Heartbeat CPU 0 instructions: 190000003 cycles: 49387348 heartbeat IPC: 3.82879 cumulative IPC: 3.84714 (Simulation time: 1 hr 44 min 33 sec) 
[PTW] 🔁 Switched page size to 2048 KB at cycle 49500000
[PTW] 🔁 Switched page size to 4 KB at cycle 50000000
[PTW] 🔁 Switched page size to 2048 KB at cycle 50500000
[PTW] 🔁 Switched page size to 4 KB at cycle 51000000
[PTW] 🔁 Switched page size to 2048 KB at cycle 51500000
[PTW] 🔁 Switched page size to 4 KB at cycle 52000000
Heartbeat CPU 0 instructions: 200000002 cycles: 52017234 heartbeat IPC: 3.80245 cumulative IPC: 3.84488 (Simulation time: 1 hr 49 min 52 sec) 
Max paddr 52M
Warmup finished CPU 0 instructions: 200000002 cycles: 52017235 cumulative IPC: 3.84488 (Simulation time: 1 hr 49 min 52 sec) 

Warmup complete CPU 0 instructions: 200000002 cycles: 52017235 (Simulation time: 1 hr 49 min 52 sec) 

[PTW] 🔁 Switched page size to 2048 KB at cycle 52500000
[PTW] 🔁 Switched page size to 4 KB at cycle 53000000
[PTW] 🔁 Switched page size to 2048 KB at cycle 53500000
[PTW] 🔁 Switched page size to 4 KB at cycle 54000000
[PTW] 🔁 Switched page size to 2048 KB at cycle 54500000
[PTW] 🔁 Switched page size to 4 KB at cycle 55000000
[PTW] 🔁 Switched page size to 2048 KB at cycle 55500000
[PTW] 🔁 Switched page size to 4 KB at cycle 56000000
[PTW] 🔁 Switched page size to 2048 KB at cycle 56500000
[PTW] 🔁 Switched page size to 4 KB at cycle 57000000
[PTW] 🔁 Switched page size to 2048 KB at cycle 57500000
[PTW] 🔁 Switched page size to 4 KB at cycle 58000000
[PTW] 🔁 Switched page size to 2048 KB at cycle 58500000
[PTW] 🔁 Switched page size to 4 KB at cycle 59000000
[PTW] 🔁 Switched page size to 2048 KB at cycle 59500000
[PTW] 🔁 Switched page size to 4 KB at cycle 60000000
[PTW] 🔁 Switched page size to 2048 KB at cycle 60500000
[PTW] 🔁 Switched page size to 4 KB at cycle 61000000
[PTW] 🔁 Switched page size to 2048 KB at cycle 61500000
[PTW] 🔁 Switched page size to 4 KB at cycle 62000000
[PTW] 🔁 Switched page size to 2048 KB at cycle 62500000
[PTW] 🔁 Switched page size to 4 KB at cycle 63000000
[PTW] 🔁 Switched page size to 2048 KB at cycle 63500000
[PTW] 🔁 Switched page size to 4 KB at cycle 64000000
[PTW] 🔁 Switched page size to 2048 KB at cycle 64500000
[PTW] 🔁 Switched page size to 4 KB at cycle 65000000
[PTW] 🔁 Switched page size to 2048 KB at cycle 65500000
[PTW] 🔁 Switched page size to 4 KB at cycle 66000000
[PTW] 🔁 Switched page size to 2048 KB at cycle 66500000
[PTW] 🔁 Switched page size to 4 KB at cycle 67000000
[PTW] 🔁 Switched page size to 2048 KB at cycle 67500000
[PTW] 🔁 Switched page size to 4 KB at cycle 68000000
[PTW] 🔁 Switched page size to 2048 KB at cycle 68500000
[PTW] 🔁 Switched page size to 4 KB at cycle 69000000
[PTW] 🔁 Switched page size to 2048 KB at cycle 69500000
[PTW] 🔁 Switched page size to 4 KB at cycle 70000000
[PTW] 🔁 Switched page size to 2048 KB at cycle 70500000
[PTW] 🔁 Switched page size to 4 KB at cycle 71000000
[PTW] 🔁 Switched page size to 2048 KB at cycle 71500000
[PTW] 🔁 Switched page size to 4 KB at cycle 72000000
Heartbeat CPU 0 instructions: 210000000 cycles: 72422689 heartbeat IPC: 0.490065 cumulative IPC: 0.490065 (Simulation time: 2 hr 4 min 53 sec) 
[PTW] 🔁 Switched page size to 2048 KB at cycle 72500000
[PTW] 🔁 Switched page size to 4 KB at cycle 73000000
[PTW] 🔁 Switched page size to 2048 KB at cycle 73500000
[PTW] 🔁 Switched page size to 4 KB at cycle 74000000
[PTW] 🔁 Switched page size to 2048 KB at cycle 74500000
[PTW] 🔁 Switched page size to 4 KB at cycle 75000000
[PTW] 🔁 Switched page size to 2048 KB at cycle 75500000
[PTW] 🔁 Switched page size to 4 KB at cycle 76000000
[PTW] 🔁 Switched page size to 2048 KB at cycle 76500000
[PTW] 🔁 Switched page size to 4 KB at cycle 77000000
[PTW] 🔁 Switched page size to 2048 KB at cycle 77500000
[PTW] 🔁 Switched page size to 4 KB at cycle 78000000
[PTW] 🔁 Switched page size to 2048 KB at cycle 78500000
[PTW] 🔁 Switched page size to 4 KB at cycle 79000000
[PTW] 🔁 Switched page size to 2048 KB at cycle 79500000
[PTW] 🔁 Switched page size to 4 KB at cycle 80000000
[PTW] 🔁 Switched page size to 2048 KB at cycle 80500000
[PTW] 🔁 Switched page size to 4 KB at cycle 81000000
[PTW] 🔁 Switched page size to 2048 KB at cycle 81500000
[PTW] 🔁 Switched page size to 4 KB at cycle 82000000
[PTW] 🔁 Switched page size to 2048 KB at cycle 82500000
[PTW] 🔁 Switched page size to 4 KB at cycle 83000000
[PTW] 🔁 Switched page size to 2048 KB at cycle 83500000
[PTW] 🔁 Switched page size to 4 KB at cycle 84000000
[PTW] 🔁 Switched page size to 2048 KB at cycle 84500000
[PTW] 🔁 Switched page size to 4 KB at cycle 85000000
[PTW] 🔁 Switched page size to 2048 KB at cycle 85500000
[PTW] 🔁 Switched page size to 4 KB at cycle 86000000
[PTW] 🔁 Switched page size to 2048 KB at cycle 86500000
[PTW] 🔁 Switched page size to 4 KB at cycle 87000000
[PTW] 🔁 Switched page size to 2048 KB at cycle 87500000
[PTW] 🔁 Switched page size to 4 KB at cycle 88000000
[PTW] 🔁 Switched page size to 2048 KB at cycle 88500000
[PTW] 🔁 Switched page size to 4 KB at cycle 89000000
[PTW] 🔁 Switched page size to 2048 KB at cycle 89500000
[PTW] 🔁 Switched page size to 4 KB at cycle 90000000
[PTW] 🔁 Switched page size to 2048 KB at cycle 90500000
[PTW] 🔁 Switched page size to 4 KB at cycle 91000000
[PTW] 🔁 Switched page size to 2048 KB at cycle 91500000
[PTW] 🔁 Switched page size to 4 KB at cycle 92000000
[PTW] 🔁 Switched page size to 2048 KB at cycle 92500000
[PTW] 🔁 Switched page size to 4 KB at cycle 93000000
Heartbeat CPU 0 instructions: 220000001 cycles: 93019061 heartbeat IPC: 0.485523 cumulative IPC: 0.487784 (Simulation time: 2 hr 19 min 43 sec) 
[PTW] 🔁 Switched page size to 2048 KB at cycle 93500000
[PTW] 🔁 Switched page size to 4 KB at cycle 94000000
[PTW] 🔁 Switched page size to 2048 KB at cycle 94500000
[PTW] 🔁 Switched page size to 4 KB at cycle 95000000
[PTW] 🔁 Switched page size to 2048 KB at cycle 95500000
[PTW] 🔁 Switched page size to 4 KB at cycle 96000000
[PTW] 🔁 Switched page size to 2048 KB at cycle 96500000
[PTW] 🔁 Switched page size to 4 KB at cycle 97000000
[PTW] 🔁 Switched page size to 2048 KB at cycle 97500000
[PTW] 🔁 Switched page size to 4 KB at cycle 98000000
[PTW] 🔁 Switched page size to 2048 KB at cycle 98500000
[PTW] 🔁 Switched page size to 4 KB at cycle 99000000
[PTW] 🔁 Switched page size to 2048 KB at cycle 99500000
[PTW] 🔁 Switched page size to 4 KB at cycle 100000000
[PTW] 🔁 Switched page size to 2048 KB at cycle 100500000
[PTW] 🔁 Switched page size to 4 KB at cycle 101000000
[PTW] 🔁 Switched page size to 2048 KB at cycle 101500000
[PTW] 🔁 Switched page size to 4 KB at cycle 102000000
[PTW] 🔁 Switched page size to 2048 KB at cycle 102500000
[PTW] 🔁 Switched page size to 4 KB at cycle 103000000
[PTW] 🔁 Switched page size to 2048 KB at cycle 103500000
[PTW] 🔁 Switched page size to 4 KB at cycle 104000000
[PTW] 🔁 Switched page size to 2048 KB at cycle 104500000
[PTW] 🔁 Switched page size to 4 KB at cycle 105000000
[PTW] 🔁 Switched page size to 2048 KB at cycle 105500000
[PTW] 🔁 Switched page size to 4 KB at cycle 106000000
[PTW] 🔁 Switched page size to 2048 KB at cycle 106500000
[PTW] 🔁 Switched page size to 4 KB at cycle 107000000
[PTW] 🔁 Switched page size to 2048 KB at cycle 107500000
[PTW] 🔁 Switched page size to 4 KB at cycle 108000000
[PTW] 🔁 Switched page size to 2048 KB at cycle 108500000
[PTW] 🔁 Switched page size to 4 KB at cycle 109000000
[PTW] 🔁 Switched page size to 2048 KB at cycle 109500000
[PTW] 🔁 Switched page size to 4 KB at cycle 110000000
[PTW] 🔁 Switched page size to 2048 KB at cycle 110500000
[PTW] 🔁 Switched page size to 4 KB at cycle 111000000
[PTW] 🔁 Switched page size to 2048 KB at cycle 111500000
[PTW] 🔁 Switched page size to 4 KB at cycle 112000000
[PTW] 🔁 Switched page size to 2048 KB at cycle 112500000
[PTW] 🔁 Switched page size to 4 KB at cycle 113000000
[PTW] 🔁 Switched page size to 2048 KB at cycle 113500000
Heartbeat CPU 0 instructions: 230000001 cycles: 113938295 heartbeat IPC: 0.478029 cumulative IPC: 0.484488 (Simulation time: 2 hr 35 min 9 sec) 
[PTW] 🔁 Switched page size to 4 KB at cycle 114000000
[PTW] 🔁 Switched page size to 2048 KB at cycle 114500000
[PTW] 🔁 Switched page size to 4 KB at cycle 115000000
[PTW] 🔁 Switched page size to 2048 KB at cycle 115500000
[PTW] 🔁 Switched page size to 4 KB at cycle 116000000
[PTW] 🔁 Switched page size to 2048 KB at cycle 116500000
[PTW] 🔁 Switched page size to 4 KB at cycle 117000000
[PTW] 🔁 Switched page size to 2048 KB at cycle 117500000
[PTW] 🔁 Switched page size to 4 KB at cycle 118000000
[PTW] 🔁 Switched page size to 2048 KB at cycle 118500000
[PTW] 🔁 Switched page size to 4 KB at cycle 119000000
[PTW] 🔁 Switched page size to 2048 KB at cycle 119500000
[PTW] 🔁 Switched page size to 4 KB at cycle 120000000
[PTW] 🔁 Switched page size to 2048 KB at cycle 120500000
[PTW] 🔁 Switched page size to 4 KB at cycle 121000000
[PTW] 🔁 Switched page size to 2048 KB at cycle 121500000
[PTW] 🔁 Switched page size to 4 KB at cycle 122000000
[PTW] 🔁 Switched page size to 2048 KB at cycle 122500000
[PTW] 🔁 Switched page size to 4 KB at cycle 123000000
[PTW] 🔁 Switched page size to 2048 KB at cycle 123500000
[PTW] 🔁 Switched page size to 4 KB at cycle 124000000
[PTW] 🔁 Switched page size to 2048 KB at cycle 124500000
[PTW] 🔁 Switched page size to 4 KB at cycle 125000000
[PTW] 🔁 Switched page size to 2048 KB at cycle 125500000
[PTW] 🔁 Switched page size to 4 KB at cycle 126000000
[PTW] 🔁 Switched page size to 2048 KB at cycle 126500000
[PTW] 🔁 Switched page size to 4 KB at cycle 127000000
[PTW] 🔁 Switched page size to 2048 KB at cycle 127500000
[PTW] 🔁 Switched page size to 4 KB at cycle 128000000
[PTW] 🔁 Switched page size to 2048 KB at cycle 128500000
[PTW] 🔁 Switched page size to 4 KB at cycle 129000000
[PTW] 🔁 Switched page size to 2048 KB at cycle 129500000
[PTW] 🔁 Switched page size to 4 KB at cycle 130000000
[PTW] 🔁 Switched page size to 2048 KB at cycle 130500000
[PTW] 🔁 Switched page size to 4 KB at cycle 131000000
[PTW] 🔁 Switched page size to 2048 KB at cycle 131500000
[PTW] 🔁 Switched page size to 4 KB at cycle 132000000
[PTW] 🔁 Switched page size to 2048 KB at cycle 132500000
[PTW] 🔁 Switched page size to 4 KB at cycle 133000000
[PTW] 🔁 Switched page size to 2048 KB at cycle 133500000
[PTW] 🔁 Switched page size to 4 KB at cycle 134000000
[PTW] 🔁 Switched page size to 2048 KB at cycle 134500000
[PTW] 🔁 Switched page size to 4 KB at cycle 135000000
[PTW] 🔁 Switched page size to 2048 KB at cycle 135500000
Heartbeat CPU 0 instructions: 240000000 cycles: 135665379 heartbeat IPC: 0.460255 cumulative IPC: 0.478194 (Simulation time: 2 hr 50 min 32 sec) 
[PTW] 🔁 Switched page size to 4 KB at cycle 136000000
[PTW] 🔁 Switched page size to 2048 KB at cycle 136500000
[PTW] 🔁 Switched page size to 4 KB at cycle 137000000
[PTW] 🔁 Switched page size to 2048 KB at cycle 137500000
[PTW] 🔁 Switched page size to 4 KB at cycle 138000000
[PTW] 🔁 Switched page size to 2048 KB at cycle 138500000
[PTW] 🔁 Switched page size to 4 KB at cycle 139000000
[PTW] 🔁 Switched page size to 2048 KB at cycle 139500000
[PTW] 🔁 Switched page size to 4 KB at cycle 140000000
[PTW] 🔁 Switched page size to 2048 KB at cycle 140500000
[PTW] 🔁 Switched page size to 4 KB at cycle 141000000
[PTW] 🔁 Switched page size to 2048 KB at cycle 141500000
[PTW] 🔁 Switched page size to 4 KB at cycle 142000000
[PTW] 🔁 Switched page size to 2048 KB at cycle 142500000
[PTW] 🔁 Switched page size to 4 KB at cycle 143000000
[PTW] 🔁 Switched page size to 2048 KB at cycle 143500000
[PTW] 🔁 Switched page size to 4 KB at cycle 144000000
[PTW] 🔁 Switched page size to 2048 KB at cycle 144500000
[PTW] 🔁 Switched page size to 4 KB at cycle 145000000
[PTW] 🔁 Switched page size to 2048 KB at cycle 145500000
[PTW] 🔁 Switched page size to 4 KB at cycle 146000000
[PTW] 🔁 Switched page size to 2048 KB at cycle 146500000
[PTW] 🔁 Switched page size to 4 KB at cycle 147000000
[PTW] 🔁 Switched page size to 2048 KB at cycle 147500000
[PTW] 🔁 Switched page size to 4 KB at cycle 148000000
[PTW] 🔁 Switched page size to 2048 KB at cycle 148500000
[PTW] 🔁 Switched page size to 4 KB at cycle 149000000
[PTW] 🔁 Switched page size to 2048 KB at cycle 149500000
[PTW] 🔁 Switched page size to 4 KB at cycle 150000000
[PTW] 🔁 Switched page size to 2048 KB at cycle 150500000
[PTW] 🔁 Switched page size to 4 KB at cycle 151000000
[PTW] 🔁 Switched page size to 2048 KB at cycle 151500000
[PTW] 🔁 Switched page size to 4 KB at cycle 152000000
[PTW] 🔁 Switched page size to 2048 KB at cycle 152500000
[PTW] 🔁 Switched page size to 4 KB at cycle 153000000
[PTW] 🔁 Switched page size to 2048 KB at cycle 153500000
[PTW] 🔁 Switched page size to 4 KB at cycle 154000000
[PTW] 🔁 Switched page size to 2048 KB at cycle 154500000
[PTW] 🔁 Switched page size to 4 KB at cycle 155000000
[PTW] 🔁 Switched page size to 2048 KB at cycle 155500000
[PTW] 🔁 Switched page size to 4 KB at cycle 156000000
[PTW] 🔁 Switched page size to 2048 KB at cycle 156500000
[PTW] 🔁 Switched page size to 4 KB at cycle 157000000
[PTW] 🔁 Switched page size to 2048 KB at cycle 157500000
[PTW] 🔁 Switched page size to 4 KB at cycle 158000000
[PTW] 🔁 Switched page size to 2048 KB at cycle 158500000
[PTW] 🔁 Switched page size to 4 KB at cycle 159000000
[PTW] 🔁 Switched page size to 2048 KB at cycle 159500000
Heartbeat CPU 0 instructions: 250000000 cycles: 159798441 heartbeat IPC: 0.41437 cumulative IPC: 0.463903 (Simulation time: 3 hr 7 min 53 sec) 
[PTW] 🔁 Switched page size to 4 KB at cycle 160000000
[PTW] 🔁 Switched page size to 2048 KB at cycle 160500000
[PTW] 🔁 Switched page size to 4 KB at cycle 161000000
[PTW] 🔁 Switched page size to 2048 KB at cycle 161500000
[PTW] 🔁 Switched page size to 4 KB at cycle 162000000
[PTW] 🔁 Switched page size to 2048 KB at cycle 162500000
[PTW] 🔁 Switched page size to 4 KB at cycle 163000000
[PTW] 🔁 Switched page size to 2048 KB at cycle 163500000
[PTW] 🔁 Switched page size to 4 KB at cycle 164000000
[PTW] 🔁 Switched page size to 2048 KB at cycle 164500000
[PTW] 🔁 Switched page size to 4 KB at cycle 165000000
[PTW] 🔁 Switched page size to 2048 KB at cycle 165500000
[PTW] 🔁 Switched page size to 4 KB at cycle 166000000
[PTW] 🔁 Switched page size to 2048 KB at cycle 166500000
[PTW] 🔁 Switched page size to 4 KB at cycle 167000000
[PTW] 🔁 Switched page size to 2048 KB at cycle 167500000
[PTW] 🔁 Switched page size to 4 KB at cycle 168000000
[PTW] 🔁 Switched page size to 2048 KB at cycle 168500000
[PTW] 🔁 Switched page size to 4 KB at cycle 169000000
[PTW] 🔁 Switched page size to 2048 KB at cycle 169500000
[PTW] 🔁 Switched page size to 4 KB at cycle 170000000
[PTW] 🔁 Switched page size to 2048 KB at cycle 170500000
[PTW] 🔁 Switched page size to 4 KB at cycle 171000000
[PTW] 🔁 Switched page size to 2048 KB at cycle 171500000
[PTW] 🔁 Switched page size to 4 KB at cycle 172000000
[PTW] 🔁 Switched page size to 2048 KB at cycle 172500000
[PTW] 🔁 Switched page size to 4 KB at cycle 173000000
[PTW] 🔁 Switched page size to 2048 KB at cycle 173500000
[PTW] 🔁 Switched page size to 4 KB at cycle 174000000
[PTW] 🔁 Switched page size to 2048 KB at cycle 174500000
[PTW] 🔁 Switched page size to 4 KB at cycle 175000000
[PTW] 🔁 Switched page size to 2048 KB at cycle 175500000
[PTW] 🔁 Switched page size to 4 KB at cycle 176000000
[PTW] 🔁 Switched page size to 2048 KB at cycle 176500000
[PTW] 🔁 Switched page size to 4 KB at cycle 177000000
[PTW] 🔁 Switched page size to 2048 KB at cycle 177500000
[PTW] 🔁 Switched page size to 4 KB at cycle 178000000
[PTW] 🔁 Switched page size to 2048 KB at cycle 178500000
[PTW] 🔁 Switched page size to 4 KB at cycle 179000000
[PTW] 🔁 Switched page size to 2048 KB at cycle 179500000
[PTW] 🔁 Switched page size to 4 KB at cycle 180000000
[PTW] 🔁 Switched page size to 2048 KB at cycle 180500000
Heartbeat CPU 0 instructions: 260000002 cycles: 180518669 heartbeat IPC: 0.482621 cumulative IPC: 0.466921 (Simulation time: 3 hr 22 min 40 sec) 
[PTW] 🔁 Switched page size to 4 KB at cycle 181000000
[PTW] 🔁 Switched page size to 2048 KB at cycle 181500000
[PTW] 🔁 Switched page size to 4 KB at cycle 182000000
[PTW] 🔁 Switched page size to 2048 KB at cycle 182500000
[PTW] 🔁 Switched page size to 4 KB at cycle 183000000
[PTW] 🔁 Switched page size to 2048 KB at cycle 183500000
[PTW] 🔁 Switched page size to 4 KB at cycle 184000000
[PTW] 🔁 Switched page size to 2048 KB at cycle 184500000
[PTW] 🔁 Switched page size to 4 KB at cycle 185000000
[PTW] 🔁 Switched page size to 2048 KB at cycle 185500000
[PTW] 🔁 Switched page size to 4 KB at cycle 186000000
[PTW] 🔁 Switched page size to 2048 KB at cycle 186500000
[PTW] 🔁 Switched page size to 4 KB at cycle 187000000
[PTW] 🔁 Switched page size to 2048 KB at cycle 187500000
[PTW] 🔁 Switched page size to 4 KB at cycle 188000000
[PTW] 🔁 Switched page size to 2048 KB at cycle 188500000
[PTW] 🔁 Switched page size to 4 KB at cycle 189000000
[PTW] 🔁 Switched page size to 2048 KB at cycle 189500000
[PTW] 🔁 Switched page size to 4 KB at cycle 190000000
[PTW] 🔁 Switched page size to 2048 KB at cycle 190500000
[PTW] 🔁 Switched page size to 4 KB at cycle 191000000
[PTW] 🔁 Switched page size to 2048 KB at cycle 191500000
[PTW] 🔁 Switched page size to 4 KB at cycle 192000000
[PTW] 🔁 Switched page size to 2048 KB at cycle 192500000
[PTW] 🔁 Switched page size to 4 KB at cycle 193000000
[PTW] 🔁 Switched page size to 2048 KB at cycle 193500000
[PTW] 🔁 Switched page size to 4 KB at cycle 194000000
[PTW] 🔁 Switched page size to 2048 KB at cycle 194500000
[PTW] 🔁 Switched page size to 4 KB at cycle 195000000
[PTW] 🔁 Switched page size to 2048 KB at cycle 195500000
[PTW] 🔁 Switched page size to 4 KB at cycle 196000000
[PTW] 🔁 Switched page size to 2048 KB at cycle 196500000
[PTW] 🔁 Switched page size to 4 KB at cycle 197000000
[PTW] 🔁 Switched page size to 2048 KB at cycle 197500000
[PTW] 🔁 Switched page size to 4 KB at cycle 198000000
[PTW] 🔁 Switched page size to 2048 KB at cycle 198500000
[PTW] 🔁 Switched page size to 4 KB at cycle 199000000
[PTW] 🔁 Switched page size to 2048 KB at cycle 199500000
[PTW] 🔁 Switched page size to 4 KB at cycle 200000000
[PTW] 🔁 Switched page size to 2048 KB at cycle 200500000
[PTW] 🔁 Switched page size to 4 KB at cycle 201000000
Heartbeat CPU 0 instructions: 270000000 cycles: 201373685 heartbeat IPC: 0.479501 cumulative IPC: 0.468678 (Simulation time: 3 hr 37 min 30 sec) 
[PTW] 🔁 Switched page size to 2048 KB at cycle 201500000
[PTW] 🔁 Switched page size to 4 KB at cycle 202000000
[PTW] 🔁 Switched page size to 2048 KB at cycle 202500000
[PTW] 🔁 Switched page size to 4 KB at cycle 203000000
[PTW] 🔁 Switched page size to 2048 KB at cycle 203500000
[PTW] 🔁 Switched page size to 4 KB at cycle 204000000
[PTW] 🔁 Switched page size to 2048 KB at cycle 204500000
[PTW] 🔁 Switched page size to 4 KB at cycle 205000000
[PTW] 🔁 Switched page size to 2048 KB at cycle 205500000
[PTW] 🔁 Switched page size to 4 KB at cycle 206000000
[PTW] 🔁 Switched page size to 2048 KB at cycle 206500000
[PTW] 🔁 Switched page size to 4 KB at cycle 207000000
[PTW] 🔁 Switched page size to 2048 KB at cycle 207500000
[PTW] 🔁 Switched page size to 4 KB at cycle 208000000
[PTW] 🔁 Switched page size to 2048 KB at cycle 208500000
[PTW] 🔁 Switched page size to 4 KB at cycle 209000000
[PTW] 🔁 Switched page size to 2048 KB at cycle 209500000
[PTW] 🔁 Switched page size to 4 KB at cycle 210000000
[PTW] 🔁 Switched page size to 2048 KB at cycle 210500000
[PTW] 🔁 Switched page size to 4 KB at cycle 211000000
[PTW] 🔁 Switched page size to 2048 KB at cycle 211500000
[PTW] 🔁 Switched page size to 4 KB at cycle 212000000
[PTW] 🔁 Switched page size to 2048 KB at cycle 212500000
[PTW] 🔁 Switched page size to 4 KB at cycle 213000000
[PTW] 🔁 Switched page size to 2048 KB at cycle 213500000
[PTW] 🔁 Switched page size to 4 KB at cycle 214000000
[PTW] 🔁 Switched page size to 2048 KB at cycle 214500000
[PTW] 🔁 Switched page size to 4 KB at cycle 215000000
[PTW] 🔁 Switched page size to 2048 KB at cycle 215500000
[PTW] 🔁 Switched page size to 4 KB at cycle 216000000
[PTW] 🔁 Switched page size to 2048 KB at cycle 216500000
[PTW] 🔁 Switched page size to 4 KB at cycle 217000000
[PTW] 🔁 Switched page size to 2048 KB at cycle 217500000
[PTW] 🔁 Switched page size to 4 KB at cycle 218000000
[PTW] 🔁 Switched page size to 2048 KB at cycle 218500000
[PTW] 🔁 Switched page size to 4 KB at cycle 219000000
[PTW] 🔁 Switched page size to 2048 KB at cycle 219500000
[PTW] 🔁 Switched page size to 4 KB at cycle 220000000
[PTW] 🔁 Switched page size to 2048 KB at cycle 220500000
[PTW] 🔁 Switched page size to 4 KB at cycle 221000000
[PTW] 🔁 Switched page size to 2048 KB at cycle 221500000
[PTW] 🔁 Switched page size to 4 KB at cycle 222000000
[PTW] 🔁 Switched page size to 2048 KB at cycle 222500000
[PTW] 🔁 Switched page size to 4 KB at cycle 223000000
[PTW] 🔁 Switched page size to 2048 KB at cycle 223500000
[PTW] 🔁 Switched page size to 4 KB at cycle 224000000
[PTW] 🔁 Switched page size to 2048 KB at cycle 224500000
[PTW] 🔁 Switched page size to 4 KB at cycle 225000000
[PTW] 🔁 Switched page size to 2048 KB at cycle 225500000
[PTW] 🔁 Switched page size to 4 KB at cycle 226000000
[PTW] 🔁 Switched page size to 2048 KB at cycle 226500000
[PTW] 🔁 Switched page size to 4 KB at cycle 227000000
[PTW] 🔁 Switched page size to 2048 KB at cycle 227500000
[PTW] 🔁 Switched page size to 4 KB at cycle 228000000
[PTW] 🔁 Switched page size to 2048 KB at cycle 228500000
[PTW] 🔁 Switched page size to 4 KB at cycle 229000000
Heartbeat CPU 0 instructions: 280000001 cycles: 229051623 heartbeat IPC: 0.361299 cumulative IPC: 0.45189 (Simulation time: 3 hr 56 min 3 sec) 
[PTW] 🔁 Switched page size to 2048 KB at cycle 229500000
[PTW] 🔁 Switched page size to 4 KB at cycle 230000000
[PTW] 🔁 Switched page size to 2048 KB at cycle 230500000
[PTW] 🔁 Switched page size to 4 KB at cycle 231000000
[PTW] 🔁 Switched page size to 2048 KB at cycle 231500000
[PTW] 🔁 Switched page size to 4 KB at cycle 232000000
[PTW] 🔁 Switched page size to 2048 KB at cycle 232500000
[PTW] 🔁 Switched page size to 4 KB at cycle 233000000
[PTW] 🔁 Switched page size to 2048 KB at cycle 233500000
[PTW] 🔁 Switched page size to 4 KB at cycle 234000000
[PTW] 🔁 Switched page size to 2048 KB at cycle 234500000
[PTW] 🔁 Switched page size to 4 KB at cycle 235000000
[PTW] 🔁 Switched page size to 2048 KB at cycle 235500000
[PTW] 🔁 Switched page size to 4 KB at cycle 236000000
[PTW] 🔁 Switched page size to 2048 KB at cycle 236500000
[PTW] 🔁 Switched page size to 4 KB at cycle 237000000
[PTW] 🔁 Switched page size to 2048 KB at cycle 237500000
[PTW] 🔁 Switched page size to 4 KB at cycle 238000000
[PTW] 🔁 Switched page size to 2048 KB at cycle 238500000
[PTW] 🔁 Switched page size to 4 KB at cycle 239000000
[PTW] 🔁 Switched page size to 2048 KB at cycle 239500000
[PTW] 🔁 Switched page size to 4 KB at cycle 240000000
[PTW] 🔁 Switched page size to 2048 KB at cycle 240500000
[PTW] 🔁 Switched page size to 4 KB at cycle 241000000
[PTW] 🔁 Switched page size to 2048 KB at cycle 241500000
[PTW] 🔁 Switched page size to 4 KB at cycle 242000000
[PTW] 🔁 Switched page size to 2048 KB at cycle 242500000
[PTW] 🔁 Switched page size to 4 KB at cycle 243000000
Heartbeat CPU 0 instructions: 290000000 cycles: 243489501 heartbeat IPC: 0.692623 cumulative IPC: 0.470042 (Simulation time: 4 hr 9 min 17 sec) 
[PTW] 🔁 Switched page size to 2048 KB at cycle 243500000
[PTW] 🔁 Switched page size to 4 KB at cycle 244000000
[PTW] 🔁 Switched page size to 2048 KB at cycle 244500000
[PTW] 🔁 Switched page size to 4 KB at cycle 245000000
[PTW] 🔁 Switched page size to 2048 KB at cycle 245500000
[PTW] 🔁 Switched page size to 4 KB at cycle 246000000
[PTW] 🔁 Switched page size to 2048 KB at cycle 246500000
[PTW] 🔁 Switched page size to 4 KB at cycle 247000000
[PTW] 🔁 Switched page size to 2048 KB at cycle 247500000
[PTW] 🔁 Switched page size to 4 KB at cycle 248000000
[PTW] 🔁 Switched page size to 2048 KB at cycle 248500000
[PTW] 🔁 Switched page size to 4 KB at cycle 249000000
[PTW] 🔁 Switched page size to 2048 KB at cycle 249500000
[PTW] 🔁 Switched page size to 4 KB at cycle 250000000
[PTW] 🔁 Switched page size to 2048 KB at cycle 250500000
[PTW] 🔁 Switched page size to 4 KB at cycle 251000000
[PTW] 🔁 Switched page size to 2048 KB at cycle 251500000
[PTW] 🔁 Switched page size to 4 KB at cycle 252000000
[PTW] 🔁 Switched page size to 2048 KB at cycle 252500000
[PTW] 🔁 Switched page size to 4 KB at cycle 253000000
[PTW] 🔁 Switched page size to 2048 KB at cycle 253500000
[PTW] 🔁 Switched page size to 4 KB at cycle 254000000
[PTW] 🔁 Switched page size to 2048 KB at cycle 254500000
[PTW] 🔁 Switched page size to 4 KB at cycle 255000000
[PTW] 🔁 Switched page size to 2048 KB at cycle 255500000
[PTW] 🔁 Switched page size to 4 KB at cycle 256000000
[PTW] 🔁 Switched page size to 2048 KB at cycle 256500000
[PTW] 🔁 Switched page size to 4 KB at cycle 257000000
[PTW] 🔁 Switched page size to 2048 KB at cycle 257500000
[PTW] 🔁 Switched page size to 4 KB at cycle 258000000
[PTW] 🔁 Switched page size to 2048 KB at cycle 258500000
[PTW] 🔁 Switched page size to 4 KB at cycle 259000000
[PTW] 🔁 Switched page size to 2048 KB at cycle 259500000
[PTW] 🔁 Switched page size to 4 KB at cycle 260000000
[PTW] 🔁 Switched page size to 2048 KB at cycle 260500000
[PTW] 🔁 Switched page size to 4 KB at cycle 261000000
[PTW] 🔁 Switched page size to 2048 KB at cycle 261500000
[PTW] 🔁 Switched page size to 4 KB at cycle 262000000
[PTW] 🔁 Switched page size to 2048 KB at cycle 262500000
[PTW] 🔁 Switched page size to 4 KB at cycle 263000000
[PTW] 🔁 Switched page size to 2048 KB at cycle 263500000
[PTW] 🔁 Switched page size to 4 KB at cycle 264000000
Heartbeat CPU 0 instructions: 300000003 cycles: 264103877 heartbeat IPC: 0.485099 cumulative IPC: 0.471506 (Simulation time: 4 hr 24 min 51 sec) 
[PTW] 🔁 Switched page size to 2048 KB at cycle 264500000
[PTW] 🔁 Switched page size to 4 KB at cycle 265000000
[PTW] 🔁 Switched page size to 2048 KB at cycle 265500000
[PTW] 🔁 Switched page size to 4 KB at cycle 266000000
[PTW] 🔁 Switched page size to 2048 KB at cycle 266500000
[PTW] 🔁 Switched page size to 4 KB at cycle 267000000
[PTW] 🔁 Switched page size to 2048 KB at cycle 267500000
[PTW] 🔁 Switched page size to 4 KB at cycle 268000000
[PTW] 🔁 Switched page size to 2048 KB at cycle 268500000
[PTW] 🔁 Switched page size to 4 KB at cycle 269000000
[PTW] 🔁 Switched page size to 2048 KB at cycle 269500000
[PTW] 🔁 Switched page size to 4 KB at cycle 270000000
[PTW] 🔁 Switched page size to 2048 KB at cycle 270500000
[PTW] 🔁 Switched page size to 4 KB at cycle 271000000
[PTW] 🔁 Switched page size to 2048 KB at cycle 271500000
[PTW] 🔁 Switched page size to 4 KB at cycle 272000000
[PTW] 🔁 Switched page size to 2048 KB at cycle 272500000
[PTW] 🔁 Switched page size to 4 KB at cycle 273000000
[PTW] 🔁 Switched page size to 2048 KB at cycle 273500000
[PTW] 🔁 Switched page size to 4 KB at cycle 274000000
[PTW] 🔁 Switched page size to 2048 KB at cycle 274500000
[PTW] 🔁 Switched page size to 4 KB at cycle 275000000
[PTW] 🔁 Switched page size to 2048 KB at cycle 275500000
[PTW] 🔁 Switched page size to 4 KB at cycle 276000000
[PTW] 🔁 Switched page size to 2048 KB at cycle 276500000
[PTW] 🔁 Switched page size to 4 KB at cycle 277000000
[PTW] 🔁 Switched page size to 2048 KB at cycle 277500000
[PTW] 🔁 Switched page size to 4 KB at cycle 278000000
[PTW] 🔁 Switched page size to 2048 KB at cycle 278500000
[PTW] 🔁 Switched page size to 4 KB at cycle 279000000
[PTW] 🔁 Switched page size to 2048 KB at cycle 279500000
[PTW] 🔁 Switched page size to 4 KB at cycle 280000000
[PTW] 🔁 Switched page size to 2048 KB at cycle 280500000
[PTW] 🔁 Switched page size to 4 KB at cycle 281000000
[PTW] 🔁 Switched page size to 2048 KB at cycle 281500000
[PTW] 🔁 Switched page size to 4 KB at cycle 282000000
[PTW] 🔁 Switched page size to 2048 KB at cycle 282500000
[PTW] 🔁 Switched page size to 4 KB at cycle 283000000
[PTW] 🔁 Switched page size to 2048 KB at cycle 283500000
[PTW] 🔁 Switched page size to 4 KB at cycle 284000000
[PTW] 🔁 Switched page size to 2048 KB at cycle 284500000
[PTW] 🔁 Switched page size to 4 KB at cycle 285000000
[PTW] 🔁 Switched page size to 2048 KB at cycle 285500000
[PTW] 🔁 Switched page size to 4 KB at cycle 286000000
[PTW] 🔁 Switched page size to 2048 KB at cycle 286500000
Heartbeat CPU 0 instructions: 310000000 cycles: 286758258 heartbeat IPC: 0.441416 cumulative IPC: 0.468602 (Simulation time: 4 hr 42 min 11 sec) 
[PTW] 🔁 Switched page size to 4 KB at cycle 287000000
[PTW] 🔁 Switched page size to 2048 KB at cycle 287500000
[PTW] 🔁 Switched page size to 4 KB at cycle 288000000
[PTW] 🔁 Switched page size to 2048 KB at cycle 288500000
[PTW] 🔁 Switched page size to 4 KB at cycle 289000000
[PTW] 🔁 Switched page size to 2048 KB at cycle 289500000
[PTW] 🔁 Switched page size to 4 KB at cycle 290000000
[PTW] 🔁 Switched page size to 2048 KB at cycle 290500000
[PTW] 🔁 Switched page size to 4 KB at cycle 291000000
[PTW] 🔁 Switched page size to 2048 KB at cycle 291500000
[PTW] 🔁 Switched page size to 4 KB at cycle 292000000
[PTW] 🔁 Switched page size to 2048 KB at cycle 292500000
[PTW] 🔁 Switched page size to 4 KB at cycle 293000000
[PTW] 🔁 Switched page size to 2048 KB at cycle 293500000
[PTW] 🔁 Switched page size to 4 KB at cycle 294000000
[PTW] 🔁 Switched page size to 2048 KB at cycle 294500000
[PTW] 🔁 Switched page size to 4 KB at cycle 295000000
[PTW] 🔁 Switched page size to 2048 KB at cycle 295500000
[PTW] 🔁 Switched page size to 4 KB at cycle 296000000
[PTW] 🔁 Switched page size to 2048 KB at cycle 296500000
[PTW] 🔁 Switched page size to 4 KB at cycle 297000000
[PTW] 🔁 Switched page size to 2048 KB at cycle 297500000
[PTW] 🔁 Switched page size to 4 KB at cycle 298000000
[PTW] 🔁 Switched page size to 2048 KB at cycle 298500000
[PTW] 🔁 Switched page size to 4 KB at cycle 299000000
[PTW] 🔁 Switched page size to 2048 KB at cycle 299500000
[PTW] 🔁 Switched page size to 4 KB at cycle 300000000
[PTW] 🔁 Switched page size to 2048 KB at cycle 300500000
[PTW] 🔁 Switched page size to 4 KB at cycle 301000000
[PTW] 🔁 Switched page size to 2048 KB at cycle 301500000
[PTW] 🔁 Switched page size to 4 KB at cycle 302000000
[PTW] 🔁 Switched page size to 2048 KB at cycle 302500000
[PTW] 🔁 Switched page size to 4 KB at cycle 303000000
[PTW] 🔁 Switched page size to 2048 KB at cycle 303500000
[PTW] 🔁 Switched page size to 4 KB at cycle 304000000
[PTW] 🔁 Switched page size to 2048 KB at cycle 304500000
[PTW] 🔁 Switched page size to 4 KB at cycle 305000000
[PTW] 🔁 Switched page size to 2048 KB at cycle 305500000
[PTW] 🔁 Switched page size to 4 KB at cycle 306000000
[PTW] 🔁 Switched page size to 2048 KB at cycle 306500000
[PTW] 🔁 Switched page size to 4 KB at cycle 307000000
[PTW] 🔁 Switched page size to 2048 KB at cycle 307500000
[PTW] 🔁 Switched page size to 4 KB at cycle 308000000
[PTW] 🔁 Switched page size to 2048 KB at cycle 308500000
[PTW] 🔁 Switched page size to 4 KB at cycle 309000000
[PTW] 🔁 Switched page size to 2048 KB at cycle 309500000
Heartbeat CPU 0 instructions: 320000004 cycles: 309802326 heartbeat IPC: 0.433952 cumulative IPC: 0.465505 (Simulation time: 4 hr 58 min 35 sec) 
[PTW] 🔁 Switched page size to 4 KB at cycle 310000000
[PTW] 🔁 Switched page size to 2048 KB at cycle 310500000
[PTW] 🔁 Switched page size to 4 KB at cycle 311000000
[PTW] 🔁 Switched page size to 2048 KB at cycle 311500000
[PTW] 🔁 Switched page size to 4 KB at cycle 312000000
[PTW] 🔁 Switched page size to 2048 KB at cycle 312500000
[PTW] 🔁 Switched page size to 4 KB at cycle 313000000
[PTW] 🔁 Switched page size to 2048 KB at cycle 313500000
[PTW] 🔁 Switched page size to 4 KB at cycle 314000000
[PTW] 🔁 Switched page size to 2048 KB at cycle 314500000
[PTW] 🔁 Switched page size to 4 KB at cycle 315000000
[PTW] 🔁 Switched page size to 2048 KB at cycle 315500000
[PTW] 🔁 Switched page size to 4 KB at cycle 316000000
[PTW] 🔁 Switched page size to 2048 KB at cycle 316500000
[PTW] 🔁 Switched page size to 4 KB at cycle 317000000
[PTW] 🔁 Switched page size to 2048 KB at cycle 317500000
[PTW] 🔁 Switched page size to 4 KB at cycle 318000000
[PTW] 🔁 Switched page size to 2048 KB at cycle 318500000
[PTW] 🔁 Switched page size to 4 KB at cycle 319000000
[PTW] 🔁 Switched page size to 2048 KB at cycle 319500000
[PTW] 🔁 Switched page size to 4 KB at cycle 320000000
[PTW] 🔁 Switched page size to 2048 KB at cycle 320500000
[PTW] 🔁 Switched page size to 4 KB at cycle 321000000
[PTW] 🔁 Switched page size to 2048 KB at cycle 321500000
[PTW] 🔁 Switched page size to 4 KB at cycle 322000000
[PTW] 🔁 Switched page size to 2048 KB at cycle 322500000
[PTW] 🔁 Switched page size to 4 KB at cycle 323000000
[PTW] 🔁 Switched page size to 2048 KB at cycle 323500000
[PTW] 🔁 Switched page size to 4 KB at cycle 324000000
[PTW] 🔁 Switched page size to 2048 KB at cycle 324500000
[PTW] 🔁 Switched page size to 4 KB at cycle 325000000
[PTW] 🔁 Switched page size to 2048 KB at cycle 325500000
[PTW] 🔁 Switched page size to 4 KB at cycle 326000000
[PTW] 🔁 Switched page size to 2048 KB at cycle 326500000
[PTW] 🔁 Switched page size to 4 KB at cycle 327000000
[PTW] 🔁 Switched page size to 2048 KB at cycle 327500000
[PTW] 🔁 Switched page size to 4 KB at cycle 328000000
[PTW] 🔁 Switched page size to 2048 KB at cycle 328500000
[PTW] 🔁 Switched page size to 4 KB at cycle 329000000
[PTW] 🔁 Switched page size to 2048 KB at cycle 329500000
[PTW] 🔁 Switched page size to 4 KB at cycle 330000000
[PTW] 🔁 Switched page size to 2048 KB at cycle 330500000
Heartbeat CPU 0 instructions: 330000001 cycles: 330752999 heartbeat IPC: 0.477312 cumulative IPC: 0.466392 (Simulation time: 5 hr 14 min 33 sec) 
[PTW] 🔁 Switched page size to 4 KB at cycle 331000000
[PTW] 🔁 Switched page size to 2048 KB at cycle 331500000
[PTW] 🔁 Switched page size to 4 KB at cycle 332000000
[PTW] 🔁 Switched page size to 2048 KB at cycle 332500000
[PTW] 🔁 Switched page size to 4 KB at cycle 333000000
[PTW] 🔁 Switched page size to 2048 KB at cycle 333500000
[PTW] 🔁 Switched page size to 4 KB at cycle 334000000
[PTW] 🔁 Switched page size to 2048 KB at cycle 334500000
[PTW] 🔁 Switched page size to 4 KB at cycle 335000000
[PTW] 🔁 Switched page size to 2048 KB at cycle 335500000
[PTW] 🔁 Switched page size to 4 KB at cycle 336000000
[PTW] 🔁 Switched page size to 2048 KB at cycle 336500000
[PTW] 🔁 Switched page size to 4 KB at cycle 337000000
[PTW] 🔁 Switched page size to 2048 KB at cycle 337500000
[PTW] 🔁 Switched page size to 4 KB at cycle 338000000
[PTW] 🔁 Switched page size to 2048 KB at cycle 338500000
[PTW] 🔁 Switched page size to 4 KB at cycle 339000000
[PTW] 🔁 Switched page size to 2048 KB at cycle 339500000
[PTW] 🔁 Switched page size to 4 KB at cycle 340000000
[PTW] 🔁 Switched page size to 2048 KB at cycle 340500000
[PTW] 🔁 Switched page size to 4 KB at cycle 341000000
[PTW] 🔁 Switched page size to 2048 KB at cycle 341500000
[PTW] 🔁 Switched page size to 4 KB at cycle 342000000
[PTW] 🔁 Switched page size to 2048 KB at cycle 342500000
[PTW] 🔁 Switched page size to 4 KB at cycle 343000000
[PTW] 🔁 Switched page size to 2048 KB at cycle 343500000
[PTW] 🔁 Switched page size to 4 KB at cycle 344000000
[PTW] 🔁 Switched page size to 2048 KB at cycle 344500000
[PTW] 🔁 Switched page size to 4 KB at cycle 345000000
[PTW] 🔁 Switched page size to 2048 KB at cycle 345500000
[PTW] 🔁 Switched page size to 4 KB at cycle 346000000
[PTW] 🔁 Switched page size to 2048 KB at cycle 346500000
[PTW] 🔁 Switched page size to 4 KB at cycle 347000000
[PTW] 🔁 Switched page size to 2048 KB at cycle 347500000
[PTW] 🔁 Switched page size to 4 KB at cycle 348000000
[PTW] 🔁 Switched page size to 2048 KB at cycle 348500000
[PTW] 🔁 Switched page size to 4 KB at cycle 349000000
[PTW] 🔁 Switched page size to 2048 KB at cycle 349500000
[PTW] 🔁 Switched page size to 4 KB at cycle 350000000
[PTW] 🔁 Switched page size to 2048 KB at cycle 350500000
[PTW] 🔁 Switched page size to 4 KB at cycle 351000000
Heartbeat CPU 0 instructions: 340000001 cycles: 351216691 heartbeat IPC: 0.488671 cumulative IPC: 0.467916 (Simulation time: 5 hr 28 min 28 sec) 
[PTW] 🔁 Switched page size to 2048 KB at cycle 351500000
[PTW] 🔁 Switched page size to 4 KB at cycle 352000000
[PTW] 🔁 Switched page size to 2048 KB at cycle 352500000
[PTW] 🔁 Switched page size to 4 KB at cycle 353000000
[PTW] 🔁 Switched page size to 2048 KB at cycle 353500000
[PTW] 🔁 Switched page size to 4 KB at cycle 354000000
[PTW] 🔁 Switched page size to 2048 KB at cycle 354500000
[PTW] 🔁 Switched page size to 4 KB at cycle 355000000
[PTW] 🔁 Switched page size to 2048 KB at cycle 355500000
[PTW] 🔁 Switched page size to 4 KB at cycle 356000000
[PTW] 🔁 Switched page size to 2048 KB at cycle 356500000
[PTW] 🔁 Switched page size to 4 KB at cycle 357000000
[PTW] 🔁 Switched page size to 2048 KB at cycle 357500000
[PTW] 🔁 Switched page size to 4 KB at cycle 358000000
[PTW] 🔁 Switched page size to 2048 KB at cycle 358500000
[PTW] 🔁 Switched page size to 4 KB at cycle 359000000
[PTW] 🔁 Switched page size to 2048 KB at cycle 359500000
[PTW] 🔁 Switched page size to 4 KB at cycle 360000000
[PTW] 🔁 Switched page size to 2048 KB at cycle 360500000
[PTW] 🔁 Switched page size to 4 KB at cycle 361000000
[PTW] 🔁 Switched page size to 2048 KB at cycle 361500000
[PTW] 🔁 Switched page size to 4 KB at cycle 362000000
[PTW] 🔁 Switched page size to 2048 KB at cycle 362500000
[PTW] 🔁 Switched page size to 4 KB at cycle 363000000
[PTW] 🔁 Switched page size to 2048 KB at cycle 363500000
[PTW] 🔁 Switched page size to 4 KB at cycle 364000000
[PTW] 🔁 Switched page size to 2048 KB at cycle 364500000
[PTW] 🔁 Switched page size to 4 KB at cycle 365000000
[PTW] 🔁 Switched page size to 2048 KB at cycle 365500000
[PTW] 🔁 Switched page size to 4 KB at cycle 366000000
[PTW] 🔁 Switched page size to 2048 KB at cycle 366500000
[PTW] 🔁 Switched page size to 4 KB at cycle 367000000
[PTW] 🔁 Switched page size to 2048 KB at cycle 367500000
[PTW] 🔁 Switched page size to 4 KB at cycle 368000000
[PTW] 🔁 Switched page size to 2048 KB at cycle 368500000
[PTW] 🔁 Switched page size to 4 KB at cycle 369000000
[PTW] 🔁 Switched page size to 2048 KB at cycle 369500000
[PTW] 🔁 Switched page size to 4 KB at cycle 370000000
[PTW] 🔁 Switched page size to 2048 KB at cycle 370500000
[PTW] 🔁 Switched page size to 4 KB at cycle 371000000
[PTW] 🔁 Switched page size to 2048 KB at cycle 371500000
[PTW] 🔁 Switched page size to 4 KB at cycle 372000000
[PTW] 🔁 Switched page size to 2048 KB at cycle 372500000
[PTW] 🔁 Switched page size to 4 KB at cycle 373000000
[PTW] 🔁 Switched page size to 2048 KB at cycle 373500000
[PTW] 🔁 Switched page size to 4 KB at cycle 374000000
[PTW] 🔁 Switched page size to 2048 KB at cycle 374500000
Heartbeat CPU 0 instructions: 350000000 cycles: 374715799 heartbeat IPC: 0.425549 cumulative IPC: 0.464831 (Simulation time: 5 hr 44 min 15 sec) 
[PTW] 🔁 Switched page size to 4 KB at cycle 375000000
[PTW] 🔁 Switched page size to 2048 KB at cycle 375500000
[PTW] 🔁 Switched page size to 4 KB at cycle 376000000
[PTW] 🔁 Switched page size to 2048 KB at cycle 376500000
[PTW] 🔁 Switched page size to 4 KB at cycle 377000000
[PTW] 🔁 Switched page size to 2048 KB at cycle 377500000
[PTW] 🔁 Switched page size to 4 KB at cycle 378000000
[PTW] 🔁 Switched page size to 2048 KB at cycle 378500000
[PTW] 🔁 Switched page size to 4 KB at cycle 379000000
[PTW] 🔁 Switched page size to 2048 KB at cycle 379500000
[PTW] 🔁 Switched page size to 4 KB at cycle 380000000
[PTW] 🔁 Switched page size to 2048 KB at cycle 380500000
[PTW] 🔁 Switched page size to 4 KB at cycle 381000000
[PTW] 🔁 Switched page size to 2048 KB at cycle 381500000
[PTW] 🔁 Switched page size to 4 KB at cycle 382000000
[PTW] 🔁 Switched page size to 2048 KB at cycle 382500000
[PTW] 🔁 Switched page size to 4 KB at cycle 383000000
[PTW] 🔁 Switched page size to 2048 KB at cycle 383500000
[PTW] 🔁 Switched page size to 4 KB at cycle 384000000
[PTW] 🔁 Switched page size to 2048 KB at cycle 384500000
[PTW] 🔁 Switched page size to 4 KB at cycle 385000000
[PTW] 🔁 Switched page size to 2048 KB at cycle 385500000
[PTW] 🔁 Switched page size to 4 KB at cycle 386000000
[PTW] 🔁 Switched page size to 2048 KB at cycle 386500000
[PTW] 🔁 Switched page size to 4 KB at cycle 387000000
[PTW] 🔁 Switched page size to 2048 KB at cycle 387500000
[PTW] 🔁 Switched page size to 4 KB at cycle 388000000
[PTW] 🔁 Switched page size to 2048 KB at cycle 388500000
[PTW] 🔁 Switched page size to 4 KB at cycle 389000000
[PTW] 🔁 Switched page size to 2048 KB at cycle 389500000
[PTW] 🔁 Switched page size to 4 KB at cycle 390000000
[PTW] 🔁 Switched page size to 2048 KB at cycle 390500000
[PTW] 🔁 Switched page size to 4 KB at cycle 391000000
[PTW] 🔁 Switched page size to 2048 KB at cycle 391500000
[PTW] 🔁 Switched page size to 4 KB at cycle 392000000
[PTW] 🔁 Switched page size to 2048 KB at cycle 392500000
[PTW] 🔁 Switched page size to 4 KB at cycle 393000000
[PTW] 🔁 Switched page size to 2048 KB at cycle 393500000
[PTW] 🔁 Switched page size to 4 KB at cycle 394000000
[PTW] 🔁 Switched page size to 2048 KB at cycle 394500000
[PTW] 🔁 Switched page size to 4 KB at cycle 395000000
[PTW] 🔁 Switched page size to 2048 KB at cycle 395500000
[PTW] 🔁 Switched page size to 4 KB at cycle 396000000
Heartbeat CPU 0 instructions: 360000000 cycles: 396119744 heartbeat IPC: 0.467204 cumulative IPC: 0.464978 (Simulation time: 5 hr 59 min 11 sec) 
[PTW] 🔁 Switched page size to 2048 KB at cycle 396500000
[PTW] 🔁 Switched page size to 4 KB at cycle 397000000
[PTW] 🔁 Switched page size to 2048 KB at cycle 397500000
[PTW] 🔁 Switched page size to 4 KB at cycle 398000000
[PTW] 🔁 Switched page size to 2048 KB at cycle 398500000
[PTW] 🔁 Switched page size to 4 KB at cycle 399000000
[PTW] 🔁 Switched page size to 2048 KB at cycle 399500000
[PTW] 🔁 Switched page size to 4 KB at cycle 400000000
[PTW] 🔁 Switched page size to 2048 KB at cycle 400500000
[PTW] 🔁 Switched page size to 4 KB at cycle 401000000
[PTW] 🔁 Switched page size to 2048 KB at cycle 401500000
[PTW] 🔁 Switched page size to 4 KB at cycle 402000000
[PTW] 🔁 Switched page size to 2048 KB at cycle 402500000
[PTW] 🔁 Switched page size to 4 KB at cycle 403000000
[PTW] 🔁 Switched page size to 2048 KB at cycle 403500000
[PTW] 🔁 Switched page size to 4 KB at cycle 404000000
[PTW] 🔁 Switched page size to 2048 KB at cycle 404500000
[PTW] 🔁 Switched page size to 4 KB at cycle 405000000
[PTW] 🔁 Switched page size to 2048 KB at cycle 405500000
[PTW] 🔁 Switched page size to 4 KB at cycle 406000000
[PTW] 🔁 Switched page size to 2048 KB at cycle 406500000
[PTW] 🔁 Switched page size to 4 KB at cycle 407000000
[PTW] 🔁 Switched page size to 2048 KB at cycle 407500000
[PTW] 🔁 Switched page size to 4 KB at cycle 408000000
[PTW] 🔁 Switched page size to 2048 KB at cycle 408500000
[PTW] 🔁 Switched page size to 4 KB at cycle 409000000
[PTW] 🔁 Switched page size to 2048 KB at cycle 409500000
[PTW] 🔁 Switched page size to 4 KB at cycle 410000000
[PTW] 🔁 Switched page size to 2048 KB at cycle 410500000
[PTW] 🔁 Switched page size to 4 KB at cycle 411000000
[PTW] 🔁 Switched page size to 2048 KB at cycle 411500000
[PTW] 🔁 Switched page size to 4 KB at cycle 412000000
[PTW] 🔁 Switched page size to 2048 KB at cycle 412500000
[PTW] 🔁 Switched page size to 4 KB at cycle 413000000
[PTW] 🔁 Switched page size to 2048 KB at cycle 413500000
[PTW] 🔁 Switched page size to 4 KB at cycle 414000000
[PTW] 🔁 Switched page size to 2048 KB at cycle 414500000
[PTW] 🔁 Switched page size to 4 KB at cycle 415000000
[PTW] 🔁 Switched page size to 2048 KB at cycle 415500000
[PTW] 🔁 Switched page size to 4 KB at cycle 416000000
[PTW] 🔁 Switched page size to 2048 KB at cycle 416500000
[PTW] 🔁 Switched page size to 4 KB at cycle 417000000
[PTW] 🔁 Switched page size to 2048 KB at cycle 417500000
[PTW] 🔁 Switched page size to 4 KB at cycle 418000000
Heartbeat CPU 0 instructions: 370000000 cycles: 418433254 heartbeat IPC: 0.448159 cumulative IPC: 0.463954 (Simulation time: 6 hr 12 min 59 sec) 
[PTW] 🔁 Switched page size to 2048 KB at cycle 418500000
[PTW] 🔁 Switched page size to 4 KB at cycle 419000000
[PTW] 🔁 Switched page size to 2048 KB at cycle 419500000
[PTW] 🔁 Switched page size to 4 KB at cycle 420000000
[PTW] 🔁 Switched page size to 2048 KB at cycle 420500000
[PTW] 🔁 Switched page size to 4 KB at cycle 421000000
[PTW] 🔁 Switched page size to 2048 KB at cycle 421500000
[PTW] 🔁 Switched page size to 4 KB at cycle 422000000
[PTW] 🔁 Switched page size to 2048 KB at cycle 422500000
[PTW] 🔁 Switched page size to 4 KB at cycle 423000000
[PTW] 🔁 Switched page size to 2048 KB at cycle 423500000
[PTW] 🔁 Switched page size to 4 KB at cycle 424000000
[PTW] 🔁 Switched page size to 2048 KB at cycle 424500000
[PTW] 🔁 Switched page size to 4 KB at cycle 425000000
[PTW] 🔁 Switched page size to 2048 KB at cycle 425500000
[PTW] 🔁 Switched page size to 4 KB at cycle 426000000
[PTW] 🔁 Switched page size to 2048 KB at cycle 426500000
[PTW] 🔁 Switched page size to 4 KB at cycle 427000000
[PTW] 🔁 Switched page size to 2048 KB at cycle 427500000
[PTW] 🔁 Switched page size to 4 KB at cycle 428000000
[PTW] 🔁 Switched page size to 2048 KB at cycle 428500000
[PTW] 🔁 Switched page size to 4 KB at cycle 429000000
[PTW] 🔁 Switched page size to 2048 KB at cycle 429500000
[PTW] 🔁 Switched page size to 4 KB at cycle 430000000
[PTW] 🔁 Switched page size to 2048 KB at cycle 430500000
[PTW] 🔁 Switched page size to 4 KB at cycle 431000000
[PTW] 🔁 Switched page size to 2048 KB at cycle 431500000
[PTW] 🔁 Switched page size to 4 KB at cycle 432000000
[PTW] 🔁 Switched page size to 2048 KB at cycle 432500000
[PTW] 🔁 Switched page size to 4 KB at cycle 433000000
[PTW] 🔁 Switched page size to 2048 KB at cycle 433500000
[PTW] 🔁 Switched page size to 4 KB at cycle 434000000
[PTW] 🔁 Switched page size to 2048 KB at cycle 434500000
[PTW] 🔁 Switched page size to 4 KB at cycle 435000000
[PTW] 🔁 Switched page size to 2048 KB at cycle 435500000
[PTW] 🔁 Switched page size to 4 KB at cycle 436000000
[PTW] 🔁 Switched page size to 2048 KB at cycle 436500000
[PTW] 🔁 Switched page size to 4 KB at cycle 437000000
[PTW] 🔁 Switched page size to 2048 KB at cycle 437500000
[PTW] 🔁 Switched page size to 4 KB at cycle 438000000
[PTW] 🔁 Switched page size to 2048 KB at cycle 438500000
[PTW] 🔁 Switched page size to 4 KB at cycle 439000000
[PTW] 🔁 Switched page size to 2048 KB at cycle 439500000
[PTW] 🔁 Switched page size to 4 KB at cycle 440000000
[PTW] 🔁 Switched page size to 2048 KB at cycle 440500000
Heartbeat CPU 0 instructions: 380000004 cycles: 440760167 heartbeat IPC: 0.447891 cumulative IPC: 0.463031 (Simulation time: 6 hr 26 min 28 sec) 
[PTW] 🔁 Switched page size to 4 KB at cycle 441000000
[PTW] 🔁 Switched page size to 2048 KB at cycle 441500000
[PTW] 🔁 Switched page size to 4 KB at cycle 442000000
[PTW] 🔁 Switched page size to 2048 KB at cycle 442500000
[PTW] 🔁 Switched page size to 4 KB at cycle 443000000
[PTW] 🔁 Switched page size to 2048 KB at cycle 443500000
[PTW] 🔁 Switched page size to 4 KB at cycle 444000000
[PTW] 🔁 Switched page size to 2048 KB at cycle 444500000
[PTW] 🔁 Switched page size to 4 KB at cycle 445000000
[PTW] 🔁 Switched page size to 2048 KB at cycle 445500000
[PTW] 🔁 Switched page size to 4 KB at cycle 446000000
[PTW] 🔁 Switched page size to 2048 KB at cycle 446500000
[PTW] 🔁 Switched page size to 4 KB at cycle 447000000
[PTW] 🔁 Switched page size to 2048 KB at cycle 447500000
[PTW] 🔁 Switched page size to 4 KB at cycle 448000000
[PTW] 🔁 Switched page size to 2048 KB at cycle 448500000
[PTW] 🔁 Switched page size to 4 KB at cycle 449000000
[PTW] 🔁 Switched page size to 2048 KB at cycle 449500000
[PTW] 🔁 Switched page size to 4 KB at cycle 450000000
[PTW] 🔁 Switched page size to 2048 KB at cycle 450500000
[PTW] 🔁 Switched page size to 4 KB at cycle 451000000
[PTW] 🔁 Switched page size to 2048 KB at cycle 451500000
[PTW] 🔁 Switched page size to 4 KB at cycle 452000000
[PTW] 🔁 Switched page size to 2048 KB at cycle 452500000
[PTW] 🔁 Switched page size to 4 KB at cycle 453000000
[PTW] 🔁 Switched page size to 2048 KB at cycle 453500000
[PTW] 🔁 Switched page size to 4 KB at cycle 454000000
[PTW] 🔁 Switched page size to 2048 KB at cycle 454500000
[PTW] 🔁 Switched page size to 4 KB at cycle 455000000
[PTW] 🔁 Switched page size to 2048 KB at cycle 455500000
[PTW] 🔁 Switched page size to 4 KB at cycle 456000000
[PTW] 🔁 Switched page size to 2048 KB at cycle 456500000
[PTW] 🔁 Switched page size to 4 KB at cycle 457000000
[PTW] 🔁 Switched page size to 2048 KB at cycle 457500000
[PTW] 🔁 Switched page size to 4 KB at cycle 458000000
[PTW] 🔁 Switched page size to 2048 KB at cycle 458500000
[PTW] 🔁 Switched page size to 4 KB at cycle 459000000
[PTW] 🔁 Switched page size to 2048 KB at cycle 459500000
[PTW] 🔁 Switched page size to 4 KB at cycle 460000000
[PTW] 🔁 Switched page size to 2048 KB at cycle 460500000
[PTW] 🔁 Switched page size to 4 KB at cycle 461000000
[PTW] 🔁 Switched page size to 2048 KB at cycle 461500000
[PTW] 🔁 Switched page size to 4 KB at cycle 462000000
[PTW] 🔁 Switched page size to 2048 KB at cycle 462500000
[PTW] 🔁 Switched page size to 4 KB at cycle 463000000
[PTW] 🔁 Switched page size to 2048 KB at cycle 463500000
[PTW] 🔁 Switched page size to 4 KB at cycle 464000000
[PTW] 🔁 Switched page size to 2048 KB at cycle 464500000
[PTW] 🔁 Switched page size to 4 KB at cycle 465000000
[PTW] 🔁 Switched page size to 2048 KB at cycle 465500000
[PTW] 🔁 Switched page size to 4 KB at cycle 466000000
[PTW] 🔁 Switched page size to 2048 KB at cycle 466500000
[PTW] 🔁 Switched page size to 4 KB at cycle 467000000
[PTW] 🔁 Switched page size to 2048 KB at cycle 467500000
[PTW] 🔁 Switched page size to 4 KB at cycle 468000000
[PTW] 🔁 Switched page size to 2048 KB at cycle 468500000
[PTW] 🔁 Switched page size to 4 KB at cycle 469000000
[PTW] 🔁 Switched page size to 2048 KB at cycle 469500000
[PTW] 🔁 Switched page size to 4 KB at cycle 470000000
[PTW] 🔁 Switched page size to 2048 KB at cycle 470500000
[PTW] 🔁 Switched page size to 4 KB at cycle 471000000
[PTW] 🔁 Switched page size to 2048 KB at cycle 471500000
[PTW] 🔁 Switched page size to 4 KB at cycle 472000000
Heartbeat CPU 0 instructions: 390000000 cycles: 472120124 heartbeat IPC: 0.318878 cumulative IPC: 0.452271 (Simulation time: 6 hr 42 min 58 sec) 
[PTW] 🔁 Switched page size to 2048 KB at cycle 472500000
[PTW] 🔁 Switched page size to 4 KB at cycle 473000000
[PTW] 🔁 Switched page size to 2048 KB at cycle 473500000
[PTW] 🔁 Switched page size to 4 KB at cycle 474000000
[PTW] 🔁 Switched page size to 2048 KB at cycle 474500000
[PTW] 🔁 Switched page size to 4 KB at cycle 475000000
[PTW] 🔁 Switched page size to 2048 KB at cycle 475500000
[PTW] 🔁 Switched page size to 4 KB at cycle 476000000
[PTW] 🔁 Switched page size to 2048 KB at cycle 476500000
[PTW] 🔁 Switched page size to 4 KB at cycle 477000000
[PTW] 🔁 Switched page size to 2048 KB at cycle 477500000
[PTW] 🔁 Switched page size to 4 KB at cycle 478000000
[PTW] 🔁 Switched page size to 2048 KB at cycle 478500000
[PTW] 🔁 Switched page size to 4 KB at cycle 479000000
[PTW] 🔁 Switched page size to 2048 KB at cycle 479500000
[PTW] 🔁 Switched page size to 4 KB at cycle 480000000
[PTW] 🔁 Switched page size to 2048 KB at cycle 480500000
[PTW] 🔁 Switched page size to 4 KB at cycle 481000000
[PTW] 🔁 Switched page size to 2048 KB at cycle 481500000
[PTW] 🔁 Switched page size to 4 KB at cycle 482000000
[PTW] 🔁 Switched page size to 2048 KB at cycle 482500000
[PTW] 🔁 Switched page size to 4 KB at cycle 483000000
[PTW] 🔁 Switched page size to 2048 KB at cycle 483500000
[PTW] 🔁 Switched page size to 4 KB at cycle 484000000
[PTW] 🔁 Switched page size to 2048 KB at cycle 484500000
[PTW] 🔁 Switched page size to 4 KB at cycle 485000000
[PTW] 🔁 Switched page size to 2048 KB at cycle 485500000
[PTW] 🔁 Switched page size to 4 KB at cycle 486000000
Heartbeat CPU 0 instructions: 400000000 cycles: 486295461 heartbeat IPC: 0.705451 cumulative IPC: 0.460535 (Simulation time: 6 hr 50 min 57 sec) 
Max paddr 54M
Simulation finished CPU 0 instructions: 200000001 cycles: 434278229 cumulative IPC: 0.460535 (Simulation time: 6 hr 50 min 57 sec) 

Simulation complete CPU 0 instructions: 200000001 cycles: 434278229 (Simulation time: 6 hr 50 min 57 sec) 


ChampSim completed all CPUs

[
  {
    "name": "Simulation",
    "traces": [
      "../traces/450.soplex-92B.champsimtrace.xz"
    ],
    "roi": {
      "cores": [
        {
          "instructions": 200000001,
          "cycles": 434278229,
          "Avg ROB occupancy at mispredict": 12.4667, 
          "mispredict": {
            "BRANCH_DIRECT_JUMP": 30,
            "BRANCH_INDIRECT": 18,
            "BRANCH_CONDITIONAL": 7285003,
            "BRANCH_DIRECT_CALL": 2,
            "BRANCH_INDIRECT_CALL": 36,
            "BRANCH_RETURN": 140
          }
        }
      ],
      "cpu0_L1I": {
        "LOAD": {
          "hit":25363,
          "miss":1966
        },
        "RFO": {
          "hit":0,
          "miss":0
        },
        "PREFETCH": {
          "hit":0,
          "miss":0
        },
        "WRITE": {
          "hit":0,
          "miss":0
        },
        "TRANSLATION": {
          "hit":0,
          "miss":0
        },
        "mshr full": 669,
        "prefetch requested": 0,
        "prefetch issued": 0,
        "prefetch filled": 0,
        "prefetch useful": 0,
        "prefetch useless": 0,
        "prefetch late": 0,
        "pf_useful_at_l2_from_l1":          0,
        "pf_late_at_l2_from_l1":          0,
        "pf_useless_at_l2_from_l1":          0,
        "pf_at_l2_to_l1":          0,
        "pf_fill_this_level":          0,
        "miss latency": 14.1736,
        "cache queues": {
          "PQ_ACCESS": 0,
          "PQ_FULL": 0,
          "PQ_TO_CACHE": 0,
          "PQ_MERGED": 0,
          "RQ_ACCESS": 27390,
          "RQ_MERGED": 61,
          "RQ_FULL": 0,
          "WQ_ACCESS": 0,
          "WQ_MERGED": 0,
          "WQ_FULL": 0
        }
      },
      "cpu0_ITLB": {
        "LOAD": {
          "hit":26061,
          "miss":0
        },
        "RFO": {
          "hit":0,
          "miss":0
        },
        "PREFETCH": {
          "hit":0,
          "miss":0
        },
        "WRITE": {
          "hit":0,
          "miss":0
        },
        "TRANSLATION": {
          "hit":0,
          "miss":0
        },
        "mshr full": 0,
        "prefetch requested": 0,
        "prefetch issued": 0,
        "prefetch filled": 0,
        "prefetch useful": 0,
        "prefetch useless": 0,
        "prefetch late": 0,
        "pf_useful_at_l2_from_l1":          0,
        "pf_late_at_l2_from_l1":          0,
        "pf_useless_at_l2_from_l1":          0,
        "pf_at_l2_to_l1":          0,
        "pf_fill_this_level":          0,
        "miss latency": null,
        "cache queues": {
          "PQ_ACCESS": 0,
          "PQ_FULL": 0,
          "PQ_TO_CACHE": 0,
          "PQ_MERGED": 0,
          "RQ_ACCESS": 26061,
          "RQ_MERGED": 0,
          "RQ_FULL": 0,
          "WQ_ACCESS": 0,
          "WQ_MERGED": 0,
          "WQ_FULL": 0
        }
      },
      "cpu0_DTLB": {
        "LOAD": {
          "hit":62807472,
          "miss":2605530
        },
        "RFO": {
          "hit":0,
          "miss":0
        },
        "PREFETCH": {
          "hit":0,
          "miss":0
        },
        "WRITE": {
          "hit":0,
          "miss":0
        },
        "TRANSLATION": {
          "hit":0,
          "miss":0
        },
        "mshr full": 66504,
        "prefetch requested": 0,
        "prefetch issued": 0,
        "prefetch filled": 0,
        "prefetch useful": 0,
        "prefetch useless": 0,
        "prefetch late": 0,
        "pf_useful_at_l2_from_l1":          0,
        "pf_late_at_l2_from_l1":          0,
        "pf_useless_at_l2_from_l1":          0,
        "pf_at_l2_to_l1":          0,
        "pf_fill_this_level":          0,
        "miss latency": 0.914558,
        "cache queues": {
          "PQ_ACCESS": 0,
          "PQ_FULL": 0,
          "PQ_TO_CACHE": 0,
          "PQ_MERGED": 0,
          "RQ_ACCESS": 66746135,
          "RQ_MERGED": 0,
          "RQ_FULL": 1333133,
          "WQ_ACCESS": 0,
          "WQ_MERGED": 0,
          "WQ_FULL": 0
        }
      },
      "cpu0_STLB": {
        "LOAD": {
          "hit":916639,
          "miss":174132
        },
        "RFO": {
          "hit":0,
          "miss":0
        },
        "PREFETCH": {
          "hit":0,
          "miss":0
        },
        "WRITE": {
          "hit":0,
          "miss":0
        },
        "TRANSLATION": {
          "hit":0,
          "miss":0
        },
        "mshr full": 0,
        "prefetch requested": 0,
        "prefetch issued": 0,
        "prefetch filled": 0,
        "prefetch useful": 0,
        "prefetch useless": 0,
        "prefetch late": 0,
        "pf_useful_at_l2_from_l1":          0,
        "pf_late_at_l2_from_l1":          0,
        "pf_useless_at_l2_from_l1":          0,
        "pf_at_l2_to_l1":          0,
        "pf_fill_this_level":          0,
        "miss latency": 10.5201,
        "cache queues": {
          "PQ_ACCESS": 0,
          "PQ_FULL": 0,
          "PQ_TO_CACHE": 0,
          "PQ_MERGED": 0,
          "RQ_ACCESS": 1090771,
          "RQ_MERGED": 0,
          "RQ_FULL": 0,
          "WQ_ACCESS": 0,
          "WQ_MERGED": 0,
          "WQ_FULL": 0
        }
      },
      "cpu0_L1D": {
        "LOAD": {
          "hit":42515008,
          "miss":8610645
        },
        "RFO": {
          "hit":0,
          "miss":0
        },
        "PREFETCH": {
          "hit":473243,
          "miss":3751566
        },
        "WRITE": {
          "hit":10134899,
          "miss":5360645
        },
        "TRANSLATION": {
          "hit":52581,
          "miss":120822
        },
        "mshr full": 126387859,
        "prefetch requested": 4229991,
        "prefetch issued": 4229991,
        "prefetch filled": 2493601,
        "prefetch useful": 1672968,
        "prefetch useless": 945901,
        "prefetch late": 125075,
        "pf_useful_at_l2_from_l1":          0,
        "pf_late_at_l2_from_l1":          0,
        "pf_useless_at_l2_from_l1":          0,
        "pf_at_l2_to_l1":        763,
        "pf_fill_this_level":    2487301,
        "miss latency": 16.207,
        "cache queues": {
          "PQ_ACCESS": 4229991,
          "PQ_FULL": 0,
          "PQ_TO_CACHE": 4229991,
          "PQ_MERGED": 5188,
          "RQ_ACCESS": 611181895,
          "RQ_MERGED": 4133364,
          "RQ_FULL": 555910291,
          "WQ_ACCESS": 27532159,
          "WQ_MERGED": 16284,
          "WQ_FULL": 12020331
        }
      },
      "cpu0_L2C": {
        "LOAD": {
          "hit":1453629,
          "miss":3176251
        },
        "RFO": {
          "hit":188940,
          "miss":1093810
        },
        "PREFETCH": {
          "hit":1014696,
          "miss":2623750
        },
        "WRITE": {
          "hit":3171624,
          "miss":0
        },
        "TRANSLATION": {
          "hit":50317,
          "miss":70505
        },
        "mshr full": 4285931,
        "prefetch requested": 0,
        "prefetch issued": 0,
        "prefetch filled": 2600288,
        "prefetch useful": 0,
        "prefetch useless": 0,
        "prefetch late": 0,
        "pf_useful_at_l2_from_l1":     108589,
        "pf_late_at_l2_from_l1":      10332,
        "pf_useless_at_l2_from_l1":     177281,
        "pf_at_l2_to_l1":     689195,
        "pf_fill_this_level":     964599,
        "miss latency": 42.2029,
        "cache queues": {
          "PQ_ACCESS": 4119844,
          "PQ_FULL": 480391,
          "PQ_TO_CACHE": 3639453,
          "PQ_MERGED": 995,
          "RQ_ACCESS": 6033994,
          "RQ_MERGED": 0,
          "RQ_FULL": 0,
          "WQ_ACCESS": 3172167,
          "WQ_MERGED": 0,
          "WQ_FULL": 0
        }
      },
      "LLC": {
        "LOAD": {
          "hit": [717904],
          "miss": [2447993]
        },
        "RFO": {
          "hit": [248680],
          "miss": [845110]
        },
        "PREFETCH": {
          "hit": [400693],
          "miss": [2209920]
        },
        "WRITE": {
          "hit": [2223371],
          "miss": [0]
        },
        "TRANSLATION": {
          "hit": [27459],
          "miss": [43046]
        },
        "mshr full": 0,
        "prefetch requested": 0,
        "prefetch issued": 0,
        "prefetch filled": 2209921,
        "prefetch useful": 0,
        "prefetch useless": 0,
        "prefetch late": 0,
        "pf_useful_at_l2_from_l1":          0,
        "pf_late_at_l2_from_l1":          0,
        "pf_useless_at_l2_from_l1":          0,
        "pf_at_l2_to_l1":      11182,
        "pf_fill_this_level":          0,
        "miss latency": 51.5139,
        "cache queues": {
          "PQ_ACCESS": 2610614,
          "PQ_FULL": 0,
          "PQ_TO_CACHE": 2610614,
          "PQ_MERGED": 0,
          "RQ_ACCESS": 4330234,
          "RQ_MERGED": 0,
          "RQ_FULL": 0,
          "WQ_ACCESS": 2224122,
          "WQ_MERGED": 0,
          "WQ_FULL": 0
        }
      },
      "DRAM": [
        {
          "RQ ROW_BUFFER_HIT": 2257392,
          "RQ ROW_BUFFER_MISS": 3285818,
          "PQ FULL": 0,
          "WQ ROW_BUFFER_HIT": 113935,
          "WQ ROW_BUFFER_MISS": 1335811,
          "WQ FULL": 0,
          "AVG DBUS CONGESTED CYCLE": 3.957
        }
      ]

    },
    "sim": {
      "cores": [
        {
          "instructions": 200000001,
          "cycles": 434278229,
          "Avg ROB occupancy at mispredict": 12.4667, 
          "mispredict": {
            "BRANCH_DIRECT_JUMP": 30,
            "BRANCH_INDIRECT": 18,
            "BRANCH_CONDITIONAL": 7285003,
            "BRANCH_DIRECT_CALL": 2,
            "BRANCH_INDIRECT_CALL": 36,
            "BRANCH_RETURN": 140
          }
        }
      ],
      "cpu0_L1I": {
        "LOAD": {
          "hit":25363,
          "miss":1966
        },
        "RFO": {
          "hit":0,
          "miss":0
        },
        "PREFETCH": {
          "hit":0,
          "miss":0
        },
        "WRITE": {
          "hit":0,
          "miss":0
        },
        "TRANSLATION": {
          "hit":0,
          "miss":0
        },
        "mshr full": 669,
        "prefetch requested": 0,
        "prefetch issued": 0,
        "prefetch filled": 0,
        "prefetch useful": 0,
        "prefetch useless": 0,
        "prefetch late": 0,
        "pf_useful_at_l2_from_l1":          0,
        "pf_late_at_l2_from_l1":          0,
        "pf_useless_at_l2_from_l1":          0,
        "pf_at_l2_to_l1":          0,
        "pf_fill_this_level":          0,
        "miss latency": 14.1736,
        "cache queues": {
          "PQ_ACCESS": 0,
          "PQ_FULL": 0,
          "PQ_TO_CACHE": 0,
          "PQ_MERGED": 0,
          "RQ_ACCESS": 27390,
          "RQ_MERGED": 61,
          "RQ_FULL": 0,
          "WQ_ACCESS": 0,
          "WQ_MERGED": 0,
          "WQ_FULL": 0
        }
      },
      "cpu0_ITLB": {
        "LOAD": {
          "hit":26061,
          "miss":0
        },
        "RFO": {
          "hit":0,
          "miss":0
        },
        "PREFETCH": {
          "hit":0,
          "miss":0
        },
        "WRITE": {
          "hit":0,
          "miss":0
        },
        "TRANSLATION": {
          "hit":0,
          "miss":0
        },
        "mshr full": 0,
        "prefetch requested": 0,
        "prefetch issued": 0,
        "prefetch filled": 0,
        "prefetch useful": 0,
        "prefetch useless": 0,
        "prefetch late": 0,
        "pf_useful_at_l2_from_l1":          0,
        "pf_late_at_l2_from_l1":          0,
        "pf_useless_at_l2_from_l1":          0,
        "pf_at_l2_to_l1":          0,
        "pf_fill_this_level":          0,
        "miss latency": null,
        "cache queues": {
          "PQ_ACCESS": 0,
          "PQ_FULL": 0,
          "PQ_TO_CACHE": 0,
          "PQ_MERGED": 0,
          "RQ_ACCESS": 26061,
          "RQ_MERGED": 0,
          "RQ_FULL": 0,
          "WQ_ACCESS": 0,
          "WQ_MERGED": 0,
          "WQ_FULL": 0
        }
      },
      "cpu0_DTLB": {
        "LOAD": {
          "hit":62807472,
          "miss":2605530
        },
        "RFO": {
          "hit":0,
          "miss":0
        },
        "PREFETCH": {
          "hit":0,
          "miss":0
        },
        "WRITE": {
          "hit":0,
          "miss":0
        },
        "TRANSLATION": {
          "hit":0,
          "miss":0
        },
        "mshr full": 66504,
        "prefetch requested": 0,
        "prefetch issued": 0,
        "prefetch filled": 0,
        "prefetch useful": 0,
        "prefetch useless": 0,
        "prefetch late": 0,
        "pf_useful_at_l2_from_l1":          0,
        "pf_late_at_l2_from_l1":          0,
        "pf_useless_at_l2_from_l1":          0,
        "pf_at_l2_to_l1":          0,
        "pf_fill_this_level":          0,
        "miss latency": 0.914558,
        "cache queues": {
          "PQ_ACCESS": 0,
          "PQ_FULL": 0,
          "PQ_TO_CACHE": 0,
          "PQ_MERGED": 0,
          "RQ_ACCESS": 66746135,
          "RQ_MERGED": 0,
          "RQ_FULL": 1333133,
          "WQ_ACCESS": 0,
          "WQ_MERGED": 0,
          "WQ_FULL": 0
        }
      },
      "cpu0_STLB": {
        "LOAD": {
          "hit":916639,
          "miss":174132
        },
        "RFO": {
          "hit":0,
          "miss":0
        },
        "PREFETCH": {
          "hit":0,
          "miss":0
        },
        "WRITE": {
          "hit":0,
          "miss":0
        },
        "TRANSLATION": {
          "hit":0,
          "miss":0
        },
        "mshr full": 0,
        "prefetch requested": 0,
        "prefetch issued": 0,
        "prefetch filled": 0,
        "prefetch useful": 0,
        "prefetch useless": 0,
        "prefetch late": 0,
        "pf_useful_at_l2_from_l1":          0,
        "pf_late_at_l2_from_l1":          0,
        "pf_useless_at_l2_from_l1":          0,
        "pf_at_l2_to_l1":          0,
        "pf_fill_this_level":          0,
        "miss latency": 10.5201,
        "cache queues": {
          "PQ_ACCESS": 0,
          "PQ_FULL": 0,
          "PQ_TO_CACHE": 0,
          "PQ_MERGED": 0,
          "RQ_ACCESS": 1090771,
          "RQ_MERGED": 0,
          "RQ_FULL": 0,
          "WQ_ACCESS": 0,
          "WQ_MERGED": 0,
          "WQ_FULL": 0
        }
      },
      "cpu0_L1D": {
        "LOAD": {
          "hit":42515008,
          "miss":8610645
        },
        "RFO": {
          "hit":0,
          "miss":0
        },
        "PREFETCH": {
          "hit":473243,
          "miss":3751566
        },
        "WRITE": {
          "hit":10134899,
          "miss":5360645
        },
        "TRANSLATION": {
          "hit":52581,
          "miss":120822
        },
        "mshr full": 126387859,
        "prefetch requested": 4229991,
        "prefetch issued": 4229991,
        "prefetch filled": 2493601,
        "prefetch useful": 1672968,
        "prefetch useless": 945901,
        "prefetch late": 125075,
        "pf_useful_at_l2_from_l1":          0,
        "pf_late_at_l2_from_l1":          0,
        "pf_useless_at_l2_from_l1":          0,
        "pf_at_l2_to_l1":        763,
        "pf_fill_this_level":    2487301,
        "miss latency": 16.207,
        "cache queues": {
          "PQ_ACCESS": 4229991,
          "PQ_FULL": 0,
          "PQ_TO_CACHE": 4229991,
          "PQ_MERGED": 5188,
          "RQ_ACCESS": 611181895,
          "RQ_MERGED": 4133364,
          "RQ_FULL": 555910291,
          "WQ_ACCESS": 27532159,
          "WQ_MERGED": 16284,
          "WQ_FULL": 12020331
        }
      },
      "cpu0_L2C": {
        "LOAD": {
          "hit":1453629,
          "miss":3176251
        },
        "RFO": {
          "hit":188940,
          "miss":1093810
        },
        "PREFETCH": {
          "hit":1014696,
          "miss":2623750
        },
        "WRITE": {
          "hit":3171624,
          "miss":0
        },
        "TRANSLATION": {
          "hit":50317,
          "miss":70505
        },
        "mshr full": 4285931,
        "prefetch requested": 0,
        "prefetch issued": 0,
        "prefetch filled": 2600288,
        "prefetch useful": 0,
        "prefetch useless": 0,
        "prefetch late": 0,
        "pf_useful_at_l2_from_l1":     108589,
        "pf_late_at_l2_from_l1":      10332,
        "pf_useless_at_l2_from_l1":     177281,
        "pf_at_l2_to_l1":     689195,
        "pf_fill_this_level":     964599,
        "miss latency": 42.2029,
        "cache queues": {
          "PQ_ACCESS": 4119844,
          "PQ_FULL": 480391,
          "PQ_TO_CACHE": 3639453,
          "PQ_MERGED": 995,
          "RQ_ACCESS": 6033994,
          "RQ_MERGED": 0,
          "RQ_FULL": 0,
          "WQ_ACCESS": 3172167,
          "WQ_MERGED": 0,
          "WQ_FULL": 0
        }
      },
      "LLC": {
        "LOAD": {
          "hit": [717904],
          "miss": [2447993]
        },
        "RFO": {
          "hit": [248680],
          "miss": [845110]
        },
        "PREFETCH": {
          "hit": [400693],
          "miss": [2209920]
        },
        "WRITE": {
          "hit": [2223371],
          "miss": [0]
        },
        "TRANSLATION": {
          "hit": [27459],
          "miss": [43046]
        },
        "mshr full": 0,
        "prefetch requested": 0,
        "prefetch issued": 0,
        "prefetch filled": 2209921,
        "prefetch useful": 0,
        "prefetch useless": 0,
        "prefetch late": 0,
        "pf_useful_at_l2_from_l1":          0,
        "pf_late_at_l2_from_l1":          0,
        "pf_useless_at_l2_from_l1":          0,
        "pf_at_l2_to_l1":      11182,
        "pf_fill_this_level":          0,
        "miss latency": 51.5139,
        "cache queues": {
          "PQ_ACCESS": 2610614,
          "PQ_FULL": 0,
          "PQ_TO_CACHE": 2610614,
          "PQ_MERGED": 0,
          "RQ_ACCESS": 4330234,
          "RQ_MERGED": 0,
          "RQ_FULL": 0,
          "WQ_ACCESS": 2224122,
          "WQ_MERGED": 0,
          "WQ_FULL": 0
        }
      },
      "DRAM": [
        {
          "RQ ROW_BUFFER_HIT": 2257392,
          "RQ ROW_BUFFER_MISS": 3285818,
          "PQ FULL": 0,
          "WQ ROW_BUFFER_HIT": 113935,
          "WQ ROW_BUFFER_MISS": 1335811,
          "WQ FULL": 0,
          "AVG DBUS CONGESTED CYCLE": 3.957
        }
      ]

    }
  }
]
cpu0_ITLB
cpu0_DTLB
cpu0_STLB
Filter table begin
 ┌────────────────────┬────────────────────┬────────────────────┐
 | RegionNum          | Trigger            | PC                 |
 ├────────────────────┼────────────────────┼────────────────────┤
 | 0x0000000000002f76 | 0x0000000000000033 | 0x0000000000419181 |
 ├────────────────────┼────────────────────┼────────────────────┤
 | 0x0000000000000237 | 0x0000000000000015 | 0x000000000041afeb |
 ├────────────────────┼────────────────────┼────────────────────┤
 | 0x00000000000016e5 | 0x000000000000001f | 0x000000000041912e |
 ├────────────────────┼────────────────────┼────────────────────┤
 | 0x00000000000028d7 | 0x0000000000000039 | 0x0000000000419168 |
 ├────────────────────┼────────────────────┼────────────────────┤
 | 0x0000000000002f52 | 0x000000000000002b | 0x0000000000419181 |
 ├────────────────────┼────────────────────┼────────────────────┤
 | 0x0000000000002daf | 0x0000000000000036 | 0x0000000000419170 |
 ├────────────────────┼────────────────────┼────────────────────┤
 | 0x0000000000001941 | 0x0000000000000008 | 0x000000000041913d |
 ├────────────────────┼────────────────────┼────────────────────┤
 | 0x0000000000000299 | 0x000000000000000a | 0x000000000041913d |
 ├────────────────────┼────────────────────┼────────────────────┤
 | 0x0000000000002ffc | 0x0000000000000037 | 0x0000000000419181 |
 ├────────────────────┼────────────────────┼────────────────────┤
 | 0x0000000000002f6c | 0x0000000000000003 | 0x0000000000419181 |
 ├────────────────────┼────────────────────┼────────────────────┤
 | 0x0000000000002dbc | 0x0000000000000017 | 0x0000000000419170 |
 ├────────────────────┼────────────────────┼────────────────────┤
 | 0x0000000000003010 | 0x000000000000000d | 0x0000000000419181 |
 ├────────────────────┼────────────────────┼────────────────────┤
 | 0x0000000000002a4d | 0x000000000000003a | 0x0000000000417f3f |
 ├────────────────────┼────────────────────┼────────────────────┤
 | 0x0000000000002f66 | 0x000000000000000b | 0x0000000000419181 |
 ├────────────────────┼────────────────────┼────────────────────┤
 | 0x00000000000017a2 | 0x0000000000000032 | 0x0000000000417f4e |
 ├────────────────────┼────────────────────┼────────────────────┤
 | 0x0000000000003025 | 0x0000000000000030 | 0x0000000000419181 |
 ├────────────────────┼────────────────────┼────────────────────┤
 | 0x0000000000002f67 | 0x0000000000000006 | 0x0000000000419181 |
 ├────────────────────┼────────────────────┼────────────────────┤
 | 0x0000000000002f80 | 0x000000000000001c | 0x0000000000419181 |
 ├────────────────────┼────────────────────┼────────────────────┤
 | 0x0000000000002ff7 | 0x0000000000000004 | 0x0000000000419181 |
 ├────────────────────┼────────────────────┼────────────────────┤
 | 0x0000000000002f6e | 0x0000000000000026 | 0x0000000000419181 |
 ├────────────────────┼────────────────────┼────────────────────┤
 | 0x0000000000001721 | 0x000000000000000f | 0x0000000000417f4e |
 ├────────────────────┼────────────────────┼────────────────────┤
 | 0x00000000000017c6 | 0x0000000000000001 | 0x000000000041912e |
 ├────────────────────┼────────────────────┼────────────────────┤
 | 0x0000000000002ffe | 0x000000000000001a | 0x0000000000419181 |
 ├────────────────────┼────────────────────┼────────────────────┤
 | 0x0000000000002f75 | 0x000000000000000c | 0x0000000000419181 |
 ├────────────────────┼────────────────────┼────────────────────┤
 | 0x0000000000002f7b | 0x0000000000000022 | 0x0000000000419181 |
 ├────────────────────┼────────────────────┼────────────────────┤
 | 0x00000000000016de | 0x0000000000000020 | 0x000000000041912e |
 ├────────────────────┼────────────────────┼────────────────────┤
 | 0x0000000000002a7d | 0x000000000000003a | 0x0000000000417f3f |
 ├────────────────────┼────────────────────┼────────────────────┤
 | 0x0000000000002df1 | 0x0000000000000003 | 0x0000000000419170 |
 ├────────────────────┼────────────────────┼────────────────────┤
 | 0x0000000000002f60 | 0x0000000000000037 | 0x0000000000419181 |
 ├────────────────────┼────────────────────┼────────────────────┤
 | 0x0000000000002f4d | 0x0000000000000032 | 0x0000000000419181 |
 ├────────────────────┼────────────────────┼────────────────────┤
 | 0x0000000000002a81 | 0x0000000000000003 | 0x0000000000417f3f |
 ├────────────────────┼────────────────────┼────────────────────┤
 | 0x00000000000017c9 | 0x000000000000000a | 0x0000000000417f4e |
 ├────────────────────┼────────────────────┼────────────────────┤
 | 0x0000000000001679 | 0x000000000000002f | 0x0000000000417f79 |
 ├────────────────────┼────────────────────┼────────────────────┤
 | 0x0000000000000399 | 0x000000000000002f | 0x00000000004d7d60 |
 ├────────────────────┼────────────────────┼────────────────────┤
 | 0x0000000000001718 | 0x0000000000000034 | 0x0000000000417f4e |
 ├────────────────────┼────────────────────┼────────────────────┤
 | 0x0000000000001742 | 0x000000000000000d | 0x0000000000417f4e |
 ├────────────────────┼────────────────────┼────────────────────┤
 | 0x0000000000002a5b | 0x000000000000000a | 0x0000000000417f3f |
 ├────────────────────┼────────────────────┼────────────────────┤
 | 0x0000000000002dc5 | 0x0000000000000020 | 0x0000000000419170 |
 ├────────────────────┼────────────────────┼────────────────────┤
 | 0x0000000000003021 | 0x0000000000000003 | 0x0000000000419181 |
 ├────────────────────┼────────────────────┼────────────────────┤
 | 0x000000000000301f | 0x0000000000000037 | 0x0000000000419181 |
 └────────────────────┴────────────────────┴────────────────────┘
Filter table end
Accumulation table begin
 ┌────────────────────┬────────────────────┬────────────────────┬────────────────────┬──────────────────────────────────────────────────────────────────────────────────────────────────────────────────────────────────┬─────────────────────────────────────────────────────────────────────────────────────────────────────────────────────────────────────────────────────────────────────────────────────────┐
 | RegionNum          | Trigger            | Second             | PC                 | Pattern                                                                                                                          | Order                                                                                                                                                                                   |
 ├────────────────────┼────────────────────┼────────────────────┼────────────────────┼──────────────────────────────────────────────────────────────────────────────────────────────────────────────────────────────────┼─────────────────────────────────────────────────────────────────────────────────────────────────────────────────────────────────────────────────────────────────────────────────────────┤
 | 0x0000000000002f6d | 0x000000000000001b | 0x000000000000000a | 0x0000000000419181 | 1 1 1 1 1 1 1 1 1 1 1 1 1 1 1 1 1 1 1 1 1 1 1 1 1 1 1 1 1 1 1 1 1 1 1 1 1 1 1 1 1 1 1 1 1 1 1 1 1 1 1 1 1 1 1 1 1 1 1 1 1 1 1 1  | 6 7 8 9 10 11 12 13 14 15 2 16 17 18 19 20 21 22 23 24 25 26 3 27 28 29 30 1 31 32 33 34 35 36 37 38 39 40 41 42 43 44 45 46 4 47 48 49 50 51 52 53 54 55 56 57 58 59 60 61 62 63 5 64  |
 ├────────────────────┼────────────────────┼────────────────────┼────────────────────┼──────────────────────────────────────────────────────────────────────────────────────────────────────────────────────────────────┼─────────────────────────────────────────────────────────────────────────────────────────────────────────────────────────────────────────────────────────────────────────────────────────┤
 | 0x0000000000002f64 | 0x000000000000000c | 0x0000000000000033 | 0x0000000000419181 | 0 0 0 0 0 0 0 0 0 0 0 0 1 0 0 0 0 0 0 0 0 0 0 0 0 0 0 0 0 0 0 0 0 0 0 0 0 0 0 0 0 0 0 0 0 0 0 0 0 0 0 1 0 0 0 0 0 0 0 0 0 0 0 0  | 0 0 0 0 0 0 0 0 0 0 0 0 1 0 0 0 0 0 0 0 0 0 0 0 0 0 0 0 0 0 0 0 0 0 0 0 0 0 0 0 0 0 0 0 0 0 0 0 0 0 0 2 0 0 0 0 0 0 0 0 0 0 0 0                                                         |
 ├────────────────────┼────────────────────┼────────────────────┼────────────────────┼──────────────────────────────────────────────────────────────────────────────────────────────────────────────────────────────────┼─────────────────────────────────────────────────────────────────────────────────────────────────────────────────────────────────────────────────────────────────────────────────────────┤
 | 0x00000000000028f3 | 0x000000000000001e | 0x000000000000001f | 0x0000000000419168 | 0 0 0 0 0 0 0 0 0 0 0 0 0 0 0 0 0 0 0 0 0 0 0 0 0 0 0 0 0 0 1 1 0 0 0 0 0 0 0 0 0 0 0 0 0 0 0 0 0 0 1 0 0 0 0 0 0 0 0 0 0 0 0 0  | 0 0 0 0 0 0 0 0 0 0 0 0 0 0 0 0 0 0 0 0 0 0 0 0 0 0 0 0 0 0 1 2 0 0 0 0 0 0 0 0 0 0 0 0 0 0 0 0 0 0 3 0 0 0 0 0 0 0 0 0 0 0 0 0                                                         |
 ├────────────────────┼────────────────────┼────────────────────┼────────────────────┼──────────────────────────────────────────────────────────────────────────────────────────────────────────────────────────────────┼─────────────────────────────────────────────────────────────────────────────────────────────────────────────────────────────────────────────────────────────────────────────────────────┤
 | 0x00000000000002c2 | 0x000000000000002e | 0x000000000000002f | 0x0000000000419170 | 0 0 0 0 0 0 0 0 0 0 0 0 0 0 0 0 0 0 0 0 0 0 0 0 0 0 0 0 0 0 0 0 0 0 0 0 0 0 0 0 0 0 0 0 0 0 1 1 0 0 0 0 0 0 0 0 0 0 0 0 0 0 0 0  | 0 0 0 0 0 0 0 0 0 0 0 0 0 0 0 0 0 0 0 0 0 0 0 0 0 0 0 0 0 0 0 0 0 0 0 0 0 0 0 0 0 0 0 0 0 0 1 2 0 0 0 0 0 0 0 0 0 0 0 0 0 0 0 0                                                         |
 ├────────────────────┼────────────────────┼────────────────────┼────────────────────┼──────────────────────────────────────────────────────────────────────────────────────────────────────────────────────────────────┼─────────────────────────────────────────────────────────────────────────────────────────────────────────────────────────────────────────────────────────────────────────────────────────┤
 | 0x0000000000003003 | 0x0000000000000020 | 0x000000000000003b | 0x0000000000419181 | 0 0 0 0 0 0 0 0 0 0 0 0 0 0 0 0 0 0 0 0 0 0 0 0 0 0 0 0 0 0 0 0 1 0 0 0 0 0 0 0 0 0 0 0 0 0 0 0 0 0 0 0 0 0 0 0 0 0 0 1 0 0 0 0  | 0 0 0 0 0 0 0 0 0 0 0 0 0 0 0 0 0 0 0 0 0 0 0 0 0 0 0 0 0 0 0 0 1 0 0 0 0 0 0 0 0 0 0 0 0 0 0 0 0 0 0 0 0 0 0 0 0 0 0 2 0 0 0 0                                                         |
 ├────────────────────┼────────────────────┼────────────────────┼────────────────────┼──────────────────────────────────────────────────────────────────────────────────────────────────────────────────────────────────┼─────────────────────────────────────────────────────────────────────────────────────────────────────────────────────────────────────────────────────────────────────────────────────────┤
 | 0x0000000000000298 | 0x000000000000000a | 0x0000000000000008 | 0x0000000000419142 | 0 0 0 0 0 0 0 0 1 0 1 0 0 0 0 0 0 0 0 0 0 0 0 0 0 0 0 0 0 0 0 0 0 0 0 0 0 0 0 0 0 0 0 0 0 0 0 0 0 0 0 0 1 0 0 0 0 0 0 0 0 0 0 0  | 0 0 0 0 0 0 0 0 2 0 1 0 0 0 0 0 0 0 0 0 0 0 0 0 0 0 0 0 0 0 0 0 0 0 0 0 0 0 0 0 0 0 0 0 0 0 0 0 0 0 0 0 3 0 0 0 0 0 0 0 0 0 0 0                                                         |
 ├────────────────────┼────────────────────┼────────────────────┼────────────────────┼──────────────────────────────────────────────────────────────────────────────────────────────────────────────────────────────────┼─────────────────────────────────────────────────────────────────────────────────────────────────────────────────────────────────────────────────────────────────────────────────────────┤
 | 0x00000000000028e1 | 0x0000000000000037 | 0x000000000000002f | 0x0000000000419168 | 0 0 0 0 0 0 0 0 0 0 0 0 0 0 0 0 0 0 0 0 0 0 0 0 0 0 0 0 0 0 0 0 0 0 0 0 0 0 0 0 0 0 0 0 0 0 1 1 1 0 0 0 0 0 0 1 0 0 0 0 0 0 0 0  | 0 0 0 0 0 0 0 0 0 0 0 0 0 0 0 0 0 0 0 0 0 0 0 0 0 0 0 0 0 0 0 0 0 0 0 0 0 0 0 0 0 0 0 0 0 0 4 2 3 0 0 0 0 0 0 1 0 0 0 0 0 0 0 0                                                         |
 ├────────────────────┼────────────────────┼────────────────────┼────────────────────┼──────────────────────────────────────────────────────────────────────────────────────────────────────────────────────────────────┼─────────────────────────────────────────────────────────────────────────────────────────────────────────────────────────────────────────────────────────────────────────────────────────┤
 | 0x0000000000002f5b | 0x0000000000000029 | 0x0000000000000037 | 0x0000000000419181 | 0 0 0 0 0 0 0 0 0 0 0 0 0 0 0 0 0 0 0 0 0 0 0 0 0 0 0 0 0 0 0 0 0 0 1 0 0 0 0 0 0 1 0 0 0 0 0 0 0 0 0 0 0 0 0 1 0 0 0 0 0 0 0 0  | 0 0 0 0 0 0 0 0 0 0 0 0 0 0 0 0 0 0 0 0 0 0 0 0 0 0 0 0 0 0 0 0 0 0 3 0 0 0 0 0 0 1 0 0 0 0 0 0 0 0 0 0 0 0 0 2 0 0 0 0 0 0 0 0                                                         |
 ├────────────────────┼────────────────────┼────────────────────┼────────────────────┼──────────────────────────────────────────────────────────────────────────────────────────────────────────────────────────────────┼─────────────────────────────────────────────────────────────────────────────────────────────────────────────────────────────────────────────────────────────────────────────────────────┤
 | 0x0000000000002f77 | 0x0000000000000022 | 0x0000000000000020 | 0x0000000000419181 | 0 0 0 0 0 0 0 0 0 0 0 0 0 0 0 0 0 0 0 0 0 0 0 0 0 0 0 0 0 0 0 0 1 1 1 0 0 0 0 0 0 0 0 0 0 0 0 0 0 0 0 0 0 0 0 0 0 0 0 0 0 0 0 0  | 0 0 0 0 0 0 0 0 0 0 0 0 0 0 0 0 0 0 0 0 0 0 0 0 0 0 0 0 0 0 0 0 2 3 1 0 0 0 0 0 0 0 0 0 0 0 0 0 0 0 0 0 0 0 0 0 0 0 0 0 0 0 0 0                                                         |
 ├────────────────────┼────────────────────┼────────────────────┼────────────────────┼──────────────────────────────────────────────────────────────────────────────────────────────────────────────────────────────────┼─────────────────────────────────────────────────────────────────────────────────────────────────────────────────────────────────────────────────────────────────────────────────────────┤
 | 0x00000000000028df | 0x0000000000000035 | 0x0000000000000036 | 0x0000000000419168 | 0 0 0 0 0 0 0 0 0 0 0 0 0 0 0 0 0 0 0 0 0 0 0 0 0 0 0 0 0 0 0 0 0 0 0 0 0 0 0 0 0 0 0 0 0 0 0 0 0 0 0 0 0 1 1 0 0 0 0 0 0 0 0 0  | 0 0 0 0 0 0 0 0 0 0 0 0 0 0 0 0 0 0 0 0 0 0 0 0 0 0 0 0 0 0 0 0 0 0 0 0 0 0 0 0 0 0 0 0 0 0 0 0 0 0 0 0 0 1 2 0 0 0 0 0 0 0 0 0                                                         |
 ├────────────────────┼────────────────────┼────────────────────┼────────────────────┼──────────────────────────────────────────────────────────────────────────────────────────────────────────────────────────────────┼─────────────────────────────────────────────────────────────────────────────────────────────────────────────────────────────────────────────────────────────────────────────────────────┤
 | 0x0000000000003019 | 0x0000000000000014 | 0x0000000000000000 | 0x0000000000419181 | 1 1 1 1 1 1 1 1 1 1 1 1 1 1 1 1 1 1 1 1 1 1 1 1 1 1 1 1 1 1 1 1 1 1 1 1 1 1 1 1 1 1 1 1 1 1 1 1 1 1 1 1 1 1 1 1 1 1 1 1 1 0 1 1  | 2 3 4 5 6 7 8 9 10 11 12 13 14 15 16 17 18 19 20 21 1 22 23 24 25 26 27 28 29 30 31 32 33 34 35 36 37 38 39 40 41 42 43 44 45 46 47 48 49 50 51 52 53 54 55 56 57 58 59 60 61 0 62 63   |
 ├────────────────────┼────────────────────┼────────────────────┼────────────────────┼──────────────────────────────────────────────────────────────────────────────────────────────────────────────────────────────────┼─────────────────────────────────────────────────────────────────────────────────────────────────────────────────────────────────────────────────────────────────────────────────────────┤
 | 0x000000000000010c | 0x000000000000001b | 0x000000000000001c | 0x00000000004d7f56 | 0 0 0 0 0 0 0 0 0 0 0 0 0 0 0 0 0 0 0 0 0 0 0 0 0 0 0 1 1 0 0 0 0 0 0 0 0 0 0 0 0 0 0 0 0 0 0 0 0 0 0 0 0 0 0 0 1 0 0 0 0 0 0 0  | 0 0 0 0 0 0 0 0 0 0 0 0 0 0 0 0 0 0 0 0 0 0 0 0 0 0 0 1 2 0 0 0 0 0 0 0 0 0 0 0 0 0 0 0 0 0 0 0 0 0 0 0 0 0 0 0 3 0 0 0 0 0 0 0                                                         |
 ├────────────────────┼────────────────────┼────────────────────┼────────────────────┼──────────────────────────────────────────────────────────────────────────────────────────────────────────────────────────────────┼─────────────────────────────────────────────────────────────────────────────────────────────────────────────────────────────────────────────────────────────────────────────────────────┤
 | 0x0000000000002db5 | 0x0000000000000014 | 0x0000000000000013 | 0x0000000000419170 | 0 0 0 0 0 0 0 0 0 0 0 0 0 0 0 0 0 0 0 1 1 1 0 0 0 0 0 0 0 0 0 0 0 0 0 0 0 0 0 0 0 0 0 0 0 0 0 0 0 0 0 0 0 0 0 0 0 0 0 0 0 0 0 0  | 0 0 0 0 0 0 0 0 0 0 0 0 0 0 0 0 0 0 0 2 1 3 0 0 0 0 0 0 0 0 0 0 0 0 0 0 0 0 0 0 0 0 0 0 0 0 0 0 0 0 0 0 0 0 0 0 0 0 0 0 0 0 0 0                                                         |
 ├────────────────────┼────────────────────┼────────────────────┼────────────────────┼──────────────────────────────────────────────────────────────────────────────────────────────────────────────────────────────────┼─────────────────────────────────────────────────────────────────────────────────────────────────────────────────────────────────────────────────────────────────────────────────────────┤
 | 0x0000000000002f65 | 0x0000000000000026 | 0x0000000000000032 | 0x0000000000419181 | 0 0 0 0 0 0 0 0 0 0 0 0 0 0 0 0 0 1 0 0 0 0 0 0 0 0 0 0 0 0 0 0 0 0 0 0 0 0 1 0 0 0 0 0 0 0 0 0 0 0 1 0 0 0 0 0 0 0 0 0 0 0 0 0  | 0 0 0 0 0 0 0 0 0 0 0 0 0 0 0 0 0 3 0 0 0 0 0 0 0 0 0 0 0 0 0 0 0 0 0 0 0 0 1 0 0 0 0 0 0 0 0 0 0 0 2 0 0 0 0 0 0 0 0 0 0 0 0 0                                                         |
 ├────────────────────┼────────────────────┼────────────────────┼────────────────────┼──────────────────────────────────────────────────────────────────────────────────────────────────────────────────────────────────┼─────────────────────────────────────────────────────────────────────────────────────────────────────────────────────────────────────────────────────────────────────────────────────────┤
 | 0x0000000000002f7e | 0x0000000000000000 | 0x0000000000000001 | 0x000000000041910d | 1 1 1 1 1 1 1 1 1 1 1 1 1 1 1 1 1 1 1 1 1 1 1 1 1 1 1 1 1 1 1 1 1 1 1 1 1 1 1 1 1 1 1 1 1 1 1 1 1 1 1 1 1 1 1 1 1 1 1 1 1 1 1 1  | 1 2 3 4 5 6 7 8 9 10 11 12 13 14 15 16 17 18 19 20 21 22 23 24 25 26 27 28 29 30 31 32 33 34 35 36 37 38 39 40 41 42 43 44 45 46 47 48 49 50 51 52 53 54 55 56 57 58 59 60 61 62 63 64  |
 ├────────────────────┼────────────────────┼────────────────────┼────────────────────┼──────────────────────────────────────────────────────────────────────────────────────────────────────────────────────────────────┼─────────────────────────────────────────────────────────────────────────────────────────────────────────────────────────────────────────────────────────────────────────────────────────┤
 | 0x00000000000002bd | 0x0000000000000031 | 0x000000000000002e | 0x0000000000419142 | 0 0 0 0 0 0 0 0 0 0 0 0 0 0 0 0 0 0 0 0 0 0 0 0 0 1 0 0 0 0 0 0 0 0 0 0 0 0 0 0 0 0 0 0 0 0 1 0 0 1 0 0 0 0 0 0 0 0 0 0 0 0 0 0  | 0 0 0 0 0 0 0 0 0 0 0 0 0 0 0 0 0 0 0 0 0 0 0 0 0 3 0 0 0 0 0 0 0 0 0 0 0 0 0 0 0 0 0 0 0 0 2 0 0 1 0 0 0 0 0 0 0 0 0 0 0 0 0 0                                                         |
 ├────────────────────┼────────────────────┼────────────────────┼────────────────────┼──────────────────────────────────────────────────────────────────────────────────────────────────────────────────────────────────┼─────────────────────────────────────────────────────────────────────────────────────────────────────────────────────────────────────────────────────────────────────────────────────────┤
 | 0x0000000000002fed | 0x0000000000000009 | 0x0000000000000020 | 0x0000000000419181 | 0 0 1 1 0 0 0 0 0 1 0 0 0 0 0 0 1 0 0 0 0 0 0 0 0 0 0 0 0 0 0 0 1 0 0 0 0 0 0 0 0 0 0 0 0 0 0 1 0 0 0 0 0 0 0 0 0 1 0 0 0 0 0 0  | 0 0 6 4 0 0 0 0 0 1 0 0 0 0 0 0 7 0 0 0 0 0 0 0 0 0 0 0 0 0 0 0 2 0 0 0 0 0 0 0 0 0 0 0 0 0 0 3 0 0 0 0 0 0 0 0 0 5 0 0 0 0 0 0                                                         |
 ├────────────────────┼────────────────────┼────────────────────┼────────────────────┼──────────────────────────────────────────────────────────────────────────────────────────────────────────────────────────────────┼─────────────────────────────────────────────────────────────────────────────────────────────────────────────────────────────────────────────────────────────────────────────────────────┤
 | 0x0000000000002f6f | 0x0000000000000004 | 0x000000000000002a | 0x0000000000419181 | 0 0 0 0 1 0 0 0 0 0 0 0 0 0 0 0 0 0 0 0 0 0 0 0 0 0 0 0 0 0 0 0 0 0 0 0 0 0 0 0 0 0 1 0 0 0 0 0 0 0 0 0 0 0 0 0 0 0 0 0 0 0 0 0  | 0 0 0 0 1 0 0 0 0 0 0 0 0 0 0 0 0 0 0 0 0 0 0 0 0 0 0 0 0 0 0 0 0 0 0 0 0 0 0 0 0 0 2 0 0 0 0 0 0 0 0 0 0 0 0 0 0 0 0 0 0 0 0 0                                                         |
 ├────────────────────┼────────────────────┼────────────────────┼────────────────────┼──────────────────────────────────────────────────────────────────────────────────────────────────────────────────────────────────┼─────────────────────────────────────────────────────────────────────────────────────────────────────────────────────────────────────────────────────────────────────────────────────────┤
 | 0x0000000000001815 | 0x0000000000000000 | 0x0000000000000001 | 0x0000000000419104 | 1 1 1 1 1 1 1 1 1 1 1 1 1 1 1 1 1 1 1 1 1 1 1 1 1 1 1 1 1 1 1 1 1 1 1 1 1 1 1 1 1 1 1 1 1 1 1 1 1 1 1 1 1 1 1 1 1 1 1 1 1 1 1 1  | 1 2 3 4 5 6 7 8 9 10 11 12 13 14 15 16 17 18 19 20 21 22 23 24 25 26 27 28 29 30 31 32 33 34 35 36 37 38 39 40 41 42 43 44 45 46 47 48 49 50 51 52 53 54 55 56 57 58 59 60 61 62 63 64  |
 ├────────────────────┼────────────────────┼────────────────────┼────────────────────┼──────────────────────────────────────────────────────────────────────────────────────────────────────────────────────────────────┼─────────────────────────────────────────────────────────────────────────────────────────────────────────────────────────────────────────────────────────────────────────────────────────┤
 | 0x00000000000002b7 | 0x0000000000000021 | 0x000000000000001d | 0x000000000041912e | 0 0 0 0 0 0 0 0 0 0 0 0 0 0 0 0 0 0 0 0 0 0 0 0 0 0 0 0 0 1 0 0 0 1 1 0 0 0 0 0 0 0 0 0 0 0 0 0 0 0 0 0 0 0 0 0 0 0 0 0 0 0 0 0  | 0 0 0 0 0 0 0 0 0 0 0 0 0 0 0 0 0 0 0 0 0 0 0 0 0 0 0 0 0 2 0 0 0 1 3 0 0 0 0 0 0 0 0 0 0 0 0 0 0 0 0 0 0 0 0 0 0 0 0 0 0 0 0 0                                                         |
 ├────────────────────┼────────────────────┼────────────────────┼────────────────────┼──────────────────────────────────────────────────────────────────────────────────────────────────────────────────────────────────┼─────────────────────────────────────────────────────────────────────────────────────────────────────────────────────────────────────────────────────────────────────────────────────────┤
 | 0x0000000000002dad | 0x0000000000000005 | 0x0000000000000006 | 0x0000000000419170 | 0 0 0 0 0 1 1 0 0 0 0 0 0 0 0 0 0 0 0 0 0 0 0 0 0 0 0 0 0 0 0 0 0 0 0 0 0 0 0 0 0 0 0 0 0 0 0 0 0 0 0 0 0 0 0 0 0 0 0 0 0 0 0 0  | 0 0 0 0 0 1 2 0 0 0 0 0 0 0 0 0 0 0 0 0 0 0 0 0 0 0 0 0 0 0 0 0 0 0 0 0 0 0 0 0 0 0 0 0 0 0 0 0 0 0 0 0 0 0 0 0 0 0 0 0 0 0 0 0                                                         |
 ├────────────────────┼────────────────────┼────────────────────┼────────────────────┼──────────────────────────────────────────────────────────────────────────────────────────────────────────────────────────────────┼─────────────────────────────────────────────────────────────────────────────────────────────────────────────────────────────────────────────────────────────────────────────────────────┤
 | 0x00000000000002be | 0x0000000000000030 | 0x000000000000002d | 0x000000000041913d | 0 0 0 0 0 0 0 0 0 0 0 0 0 0 0 0 0 0 0 0 0 0 0 0 0 1 0 0 0 0 0 0 0 0 0 0 0 0 0 0 0 0 0 0 0 1 0 0 1 0 0 0 0 0 0 0 0 0 0 0 0 0 0 0  | 0 0 0 0 0 0 0 0 0 0 0 0 0 0 0 0 0 0 0 0 0 0 0 0 0 3 0 0 0 0 0 0 0 0 0 0 0 0 0 0 0 0 0 0 0 2 0 0 1 0 0 0 0 0 0 0 0 0 0 0 0 0 0 0                                                         |
 ├────────────────────┼────────────────────┼────────────────────┼────────────────────┼──────────────────────────────────────────────────────────────────────────────────────────────────────────────────────────────────┼─────────────────────────────────────────────────────────────────────────────────────────────────────────────────────────────────────────────────────────────────────────────────────────┤
 | 0x0000000000002d80 | 0x0000000000000002 | 0x0000000000000005 | 0x0000000000419142 | 0 0 1 0 0 1 1 0 0 1 0 0 0 0 0 0 0 0 0 0 1 0 0 0 0 0 0 0 0 0 0 0 1 0 0 0 0 0 0 0 0 0 0 0 0 0 0 0 0 0 0 0 0 0 0 0 0 0 0 0 0 0 1 0  | 0 0 1 0 0 2 3 0 0 7 0 0 0 0 0 0 0 0 0 0 4 0 0 0 0 0 0 0 0 0 0 0 5 0 0 0 0 0 0 0 0 0 0 0 0 0 0 0 0 0 0 0 0 0 0 0 0 0 0 0 0 0 6 0                                                         |
 ├────────────────────┼────────────────────┼────────────────────┼────────────────────┼──────────────────────────────────────────────────────────────────────────────────────────────────────────────────────────────────┼─────────────────────────────────────────────────────────────────────────────────────────────────────────────────────────────────────────────────────────────────────────────────────────┤
 | 0x0000000000002f59 | 0x000000000000003d | 0x000000000000001d | 0x0000000000419181 | 0 0 0 0 0 0 0 0 0 0 0 0 0 0 0 0 0 0 0 0 0 0 0 0 0 0 0 0 0 1 0 0 0 0 0 0 0 0 0 0 0 0 0 0 0 0 0 0 0 0 0 0 0 0 0 0 0 0 0 0 1 1 0 0  | 0 0 0 0 0 0 0 0 0 0 0 0 0 0 0 0 0 0 0 0 0 0 0 0 0 0 0 0 0 2 0 0 0 0 0 0 0 0 0 0 0 0 0 0 0 0 0 0 0 0 0 0 0 0 0 0 0 0 0 0 3 1 0 0                                                         |
 ├────────────────────┼────────────────────┼────────────────────┼────────────────────┼──────────────────────────────────────────────────────────────────────────────────────────────────────────────────────────────────┼─────────────────────────────────────────────────────────────────────────────────────────────────────────────────────────────────────────────────────────────────────────────────────────┤
 | 0x00000000000016d9 | 0x000000000000000a | 0x0000000000000032 | 0x000000000041912e | 0 0 0 0 0 0 0 0 0 0 1 0 0 0 0 0 0 0 0 0 0 0 0 0 0 0 0 0 0 0 0 0 0 0 0 0 0 0 0 0 0 0 0 0 0 0 0 0 0 0 1 0 0 0 0 0 0 0 0 0 0 0 0 0  | 0 0 0 0 0 0 0 0 0 0 1 0 0 0 0 0 0 0 0 0 0 0 0 0 0 0 0 0 0 0 0 0 0 0 0 0 0 0 0 0 0 0 0 0 0 0 0 0 0 0 2 0 0 0 0 0 0 0 0 0 0 0 0 0                                                         |
 ├────────────────────┼────────────────────┼────────────────────┼────────────────────┼──────────────────────────────────────────────────────────────────────────────────────────────────────────────────────────────────┼─────────────────────────────────────────────────────────────────────────────────────────────────────────────────────────────────────────────────────────────────────────────────────────┤
 | 0x00000000000002b6 | 0x0000000000000000 | 0x0000000000000001 | 0x0000000000419170 | 1 1 0 0 0 0 0 0 0 0 0 0 0 0 0 0 0 0 0 0 0 0 0 0 0 0 0 0 0 0 0 0 0 0 0 0 0 0 0 1 1 0 0 0 0 0 0 0 0 0 0 0 0 0 0 0 0 0 0 0 0 0 0 0  | 1 2 0 0 0 0 0 0 0 0 0 0 0 0 0 0 0 0 0 0 0 0 0 0 0 0 0 0 0 0 0 0 0 0 0 0 0 0 0 3 4 0 0 0 0 0 0 0 0 0 0 0 0 0 0 0 0 0 0 0 0 0 0 0                                                         |
 ├────────────────────┼────────────────────┼────────────────────┼────────────────────┼──────────────────────────────────────────────────────────────────────────────────────────────────────────────────────────────────┼─────────────────────────────────────────────────────────────────────────────────────────────────────────────────────────────────────────────────────────────────────────────────────────┤
 | 0x0000000000002f7c | 0x0000000000000006 | 0x000000000000003f | 0x0000000000419181 | 0 0 0 0 0 0 1 0 0 0 0 0 0 0 0 0 0 0 0 0 0 1 0 0 0 0 0 0 0 0 0 0 0 0 0 0 0 0 0 0 0 0 0 0 0 0 0 0 0 0 0 0 0 0 0 0 0 0 0 0 0 0 0 1  | 0 0 0 0 0 0 1 0 0 0 0 0 0 0 0 0 0 0 0 0 0 3 0 0 0 0 0 0 0 0 0 0 0 0 0 0 0 0 0 0 0 0 0 0 0 0 0 0 0 0 0 0 0 0 0 0 0 0 0 0 0 0 0 2                                                         |
 ├────────────────────┼────────────────────┼────────────────────┼────────────────────┼──────────────────────────────────────────────────────────────────────────────────────────────────────────────────────────────────┼─────────────────────────────────────────────────────────────────────────────────────────────────────────────────────────────────────────────────────────────────────────────────────────┤
 | 0x00000000000028eb | 0x0000000000000032 | 0x0000000000000031 | 0x0000000000419168 | 0 0 0 0 0 0 0 0 0 0 0 0 0 0 0 0 0 0 0 0 0 0 0 0 0 0 0 0 0 0 0 0 0 0 0 0 0 0 0 0 0 0 0 0 0 0 0 0 0 1 1 0 0 0 0 0 0 0 0 0 0 0 0 0  | 0 0 0 0 0 0 0 0 0 0 0 0 0 0 0 0 0 0 0 0 0 0 0 0 0 0 0 0 0 0 0 0 0 0 0 0 0 0 0 0 0 0 0 0 0 0 0 0 0 2 1 0 0 0 0 0 0 0 0 0 0 0 0 0                                                         |
 ├────────────────────┼────────────────────┼────────────────────┼────────────────────┼──────────────────────────────────────────────────────────────────────────────────────────────────────────────────────────────────┼─────────────────────────────────────────────────────────────────────────────────────────────────────────────────────────────────────────────────────────────────────────────────────────┤
 | 0x0000000000001943 | 0x0000000000000014 | 0x000000000000002d | 0x000000000041913d | 0 0 0 0 0 0 0 0 0 0 0 0 0 0 0 0 0 0 1 0 1 0 0 0 0 0 0 0 0 0 0 0 0 0 0 0 0 0 0 0 0 1 0 0 0 1 0 0 0 0 0 0 0 0 0 0 0 1 0 0 0 0 0 0  | 0 0 0 0 0 0 0 0 0 0 0 0 0 0 0 0 0 0 5 0 1 0 0 0 0 0 0 0 0 0 0 0 0 0 0 0 0 0 0 0 0 4 0 0 0 2 0 0 0 0 0 0 0 0 0 0 0 3 0 0 0 0 0 0                                                         |
 ├────────────────────┼────────────────────┼────────────────────┼────────────────────┼──────────────────────────────────────────────────────────────────────────────────────────────────────────────────────────────────┼─────────────────────────────────────────────────────────────────────────────────────────────────────────────────────────────────────────────────────────────────────────────────────────┤
 | 0x0000000000001814 | 0x0000000000000000 | 0x0000000000000001 | 0x0000000000419100 | 1 1 1 1 1 1 1 1 1 1 1 1 1 1 1 1 1 1 1 1 1 1 1 1 1 1 1 1 1 1 1 1 1 1 1 1 1 1 1 1 1 1 1 1 1 1 1 1 1 1 1 1 1 1 1 1 1 1 1 1 1 1 1 1  | 1 2 3 4 5 6 7 8 9 10 11 12 13 14 15 16 17 18 19 20 21 22 23 24 25 26 27 28 29 30 31 32 33 34 35 36 37 38 39 40 41 42 43 44 45 46 47 48 49 50 51 52 53 54 55 56 57 58 59 60 61 62 63 64  |
 ├────────────────────┼────────────────────┼────────────────────┼────────────────────┼──────────────────────────────────────────────────────────────────────────────────────────────────────────────────────────────────┼─────────────────────────────────────────────────────────────────────────────────────────────────────────────────────────────────────────────────────────────────────────────────────────┤
 | 0x000000000000014f | 0x0000000000000009 | 0x0000000000000011 | 0x0000000000416125 | 0 0 0 0 0 0 0 0 0 1 1 1 1 1 0 0 0 1 0 0 0 0 0 0 0 0 0 0 0 0 0 0 0 0 0 0 0 0 0 0 0 0 0 0 0 0 0 0 0 0 0 0 0 0 0 0 0 0 0 0 0 0 0 0  | 0 0 0 0 0 0 0 0 0 1 5 3 6 4 0 0 0 2 0 0 0 0 0 0 0 0 0 0 0 0 0 0 0 0 0 0 0 0 0 0 0 0 0 0 0 0 0 0 0 0 0 0 0 0 0 0 0 0 0 0 0 0 0 0                                                         |
 ├────────────────────┼────────────────────┼────────────────────┼────────────────────┼──────────────────────────────────────────────────────────────────────────────────────────────────────────────────────────────────┼─────────────────────────────────────────────────────────────────────────────────────────────────────────────────────────────────────────────────────────────────────────────────────────┤
 | 0x0000000000002f58 | 0x000000000000001f | 0x000000000000001e | 0x0000000000419181 | 0 0 0 0 0 0 0 0 0 0 0 0 0 0 0 0 0 0 0 0 0 0 0 1 0 0 0 0 0 0 1 1 0 0 0 0 0 0 0 0 0 0 0 1 1 0 0 0 0 0 0 0 0 0 0 0 0 0 0 0 0 0 0 0  | 0 0 0 0 0 0 0 0 0 0 0 0 0 0 0 0 0 0 0 0 0 0 0 5 0 0 0 0 0 0 2 1 0 0 0 0 0 0 0 0 0 0 0 3 4 0 0 0 0 0 0 0 0 0 0 0 0 0 0 0 0 0 0 0                                                         |
 ├────────────────────┼────────────────────┼────────────────────┼────────────────────┼──────────────────────────────────────────────────────────────────────────────────────────────────────────────────────────────────┼─────────────────────────────────────────────────────────────────────────────────────────────────────────────────────────────────────────────────────────────────────────────────────────┤
 | 0x0000000000002f69 | 0x000000000000001e | 0x0000000000000012 | 0x0000000000419181 | 0 0 0 0 0 0 0 0 0 0 0 0 0 0 0 0 0 0 1 0 0 0 0 0 0 0 0 0 0 0 1 0 0 0 0 0 0 0 0 0 0 0 1 0 0 0 0 0 0 0 0 0 0 0 0 0 0 0 0 0 0 0 0 0  | 0 0 0 0 0 0 0 0 0 0 0 0 0 0 0 0 0 0 2 0 0 0 0 0 0 0 0 0 0 0 1 0 0 0 0 0 0 0 0 0 0 0 3 0 0 0 0 0 0 0 0 0 0 0 0 0 0 0 0 0 0 0 0 0                                                         |
 ├────────────────────┼────────────────────┼────────────────────┼────────────────────┼──────────────────────────────────────────────────────────────────────────────────────────────────────────────────────────────────┼─────────────────────────────────────────────────────────────────────────────────────────────────────────────────────────────────────────────────────────────────────────────────────────┤
 | 0x0000000000002dab | 0x000000000000002e | 0x0000000000000032 | 0x0000000000419170 | 0 0 0 0 0 0 0 0 0 0 0 0 0 0 0 0 0 0 0 0 0 0 0 0 0 0 0 0 0 0 0 0 0 1 1 1 0 0 0 0 0 0 0 0 0 0 1 0 0 1 1 0 0 0 0 0 0 0 0 0 0 0 0 0  | 0 0 0 0 0 0 0 0 0 0 0 0 0 0 0 0 0 0 0 0 0 0 0 0 0 0 0 0 0 0 0 0 0 6 4 5 0 0 0 0 0 0 0 0 0 0 1 0 0 3 2 0 0 0 0 0 0 0 0 0 0 0 0 0                                                         |
 ├────────────────────┼────────────────────┼────────────────────┼────────────────────┼──────────────────────────────────────────────────────────────────────────────────────────────────────────────────────────────────┼─────────────────────────────────────────────────────────────────────────────────────────────────────────────────────────────────────────────────────────────────────────────────────────┤
 | 0x000000000000301c | 0x000000000000001d | 0x000000000000002e | 0x0000000000419181 | 1 1 1 1 1 1 1 1 1 1 1 1 1 1 1 1 1 1 1 1 1 1 1 1 1 1 1 1 1 1 1 0 1 0 0 0 0 0 0 0 0 0 0 0 0 0 1 0 0 1 0 0 0 0 0 0 0 0 0 0 0 0 0 0  | 4 12 13 5 6 14 15 16 11 17 18 19 20 21 7 22 23 3 24 25 26 27 28 29 30 31 32 8 33 1 34 0 9 0 0 0 0 0 0 0 0 0 0 0 0 0 2 0 0 10 0 0 0 0 0 0 0 0 0 0 0 0 0 0                                |
 ├────────────────────┼────────────────────┼────────────────────┼────────────────────┼──────────────────────────────────────────────────────────────────────────────────────────────────────────────────────────────────┼─────────────────────────────────────────────────────────────────────────────────────────────────────────────────────────────────────────────────────────────────────────────────────────┤
 | 0x0000000000001813 | 0x0000000000000000 | 0x0000000000000001 | 0x0000000000419104 | 1 1 1 1 1 1 1 1 1 1 1 1 1 1 1 1 1 1 1 1 1 1 1 1 1 1 1 1 1 1 1 1 1 1 1 1 1 1 1 1 1 1 1 1 1 1 1 1 1 1 1 1 1 1 1 1 1 1 1 1 1 1 1 1  | 1 2 3 4 5 6 7 8 9 10 11 12 13 14 15 16 17 18 19 20 21 22 23 24 25 26 27 28 29 30 31 32 33 34 35 36 37 38 39 40 41 42 43 44 45 46 47 48 49 50 51 52 53 54 55 56 57 58 59 60 61 62 63 64  |
 ├────────────────────┼────────────────────┼────────────────────┼────────────────────┼──────────────────────────────────────────────────────────────────────────────────────────────────────────────────────────────────┼─────────────────────────────────────────────────────────────────────────────────────────────────────────────────────────────────────────────────────────────────────────────────────────┤
 | 0x00000000000028e5 | 0x0000000000000027 | 0x0000000000000001 | 0x0000000000419168 | 1 1 0 0 0 0 0 0 0 0 0 0 0 0 0 0 0 0 0 0 0 0 0 0 0 0 0 0 0 0 0 0 0 0 0 0 0 0 0 1 0 0 0 0 0 0 0 0 0 0 0 0 0 0 0 0 0 0 0 0 0 0 0 0  | 3 2 0 0 0 0 0 0 0 0 0 0 0 0 0 0 0 0 0 0 0 0 0 0 0 0 0 0 0 0 0 0 0 0 0 0 0 0 0 1 0 0 0 0 0 0 0 0 0 0 0 0 0 0 0 0 0 0 0 0 0 0 0 0                                                         |
 ├────────────────────┼────────────────────┼────────────────────┼────────────────────┼──────────────────────────────────────────────────────────────────────────────────────────────────────────────────────────────────┼─────────────────────────────────────────────────────────────────────────────────────────────────────────────────────────────────────────────────────────────────────────────────────────┤
 | 0x0000000000002f56 | 0x0000000000000007 | 0x000000000000001f | 0x0000000000419181 | 1 0 0 0 0 0 0 1 0 0 0 0 0 0 0 0 1 0 0 0 0 0 0 0 0 0 0 0 0 0 0 1 0 0 0 0 0 0 0 0 0 0 0 0 0 0 0 0 0 1 0 0 0 0 0 0 0 0 0 0 0 1 0 0  | 4 0 0 0 0 0 0 1 0 0 0 0 0 0 0 0 6 0 0 0 0 0 0 0 0 0 0 0 0 0 0 2 0 0 0 0 0 0 0 0 0 0 0 0 0 0 0 0 0 3 0 0 0 0 0 0 0 0 0 0 0 5 0 0                                                         |
 ├────────────────────┼────────────────────┼────────────────────┼────────────────────┼──────────────────────────────────────────────────────────────────────────────────────────────────────────────────────────────────┼─────────────────────────────────────────────────────────────────────────────────────────────────────────────────────────────────────────────────────────────────────────────────────────┤
 | 0x0000000000002f72 | 0x000000000000000e | 0x0000000000000023 | 0x0000000000419181 | 1 1 1 1 1 1 1 1 1 1 1 1 1 1 1 1 1 1 1 1 1 1 1 1 1 1 1 1 1 1 1 1 1 1 1 1 1 1 1 1 1 1 1 1 1 1 1 1 1 1 1 1 1 1 1 1 1 1 1 1 1 1 1 1  | 3 4 5 6 7 8 9 10 11 12 13 14 15 16 1 17 18 19 20 21 22 23 24 25 26 27 28 29 30 31 32 33 34 35 36 2 37 38 39 40 41 42 43 44 45 46 47 48 49 50 51 52 53 54 55 56 57 58 59 60 61 62 63 64  |
 ├────────────────────┼────────────────────┼────────────────────┼────────────────────┼──────────────────────────────────────────────────────────────────────────────────────────────────────────────────────────────────┼─────────────────────────────────────────────────────────────────────────────────────────────────────────────────────────────────────────────────────────────────────────────────────────┤
 | 0x0000000000002f5f | 0x000000000000000b | 0x0000000000000035 | 0x0000000000419181 | 0 0 0 1 0 0 0 0 0 0 0 1 0 0 0 0 0 0 0 0 0 0 0 0 0 0 0 1 0 0 1 0 0 0 0 0 0 0 0 0 0 0 0 0 0 0 0 0 0 0 0 0 0 1 0 0 0 0 1 1 0 0 0 0  | 0 0 0 7 0 0 0 0 0 0 0 1 0 0 0 0 0 0 0 0 0 0 0 0 0 0 0 6 0 0 5 0 0 0 0 0 0 0 0 0 0 0 0 0 0 0 0 0 0 0 0 0 0 2 0 0 0 0 3 4 0 0 0 0                                                         |
 ├────────────────────┼────────────────────┼────────────────────┼────────────────────┼──────────────────────────────────────────────────────────────────────────────────────────────────────────────────────────────────┼─────────────────────────────────────────────────────────────────────────────────────────────────────────────────────────────────────────────────────────────────────────────────────────┤
 | 0x00000000000028ed | 0x000000000000003e | 0x000000000000003f | 0x0000000000419168 | 0 0 0 0 0 0 0 0 0 0 0 0 0 0 0 0 0 0 0 0 0 0 0 0 0 0 0 0 0 0 0 0 0 0 0 0 0 0 0 0 0 0 0 0 0 0 1 0 0 0 0 0 0 0 0 0 0 0 0 0 0 1 1 1  | 0 0 0 0 0 0 0 0 0 0 0 0 0 0 0 0 0 0 0 0 0 0 0 0 0 0 0 0 0 0 0 0 0 0 0 0 0 0 0 0 0 0 0 0 0 0 4 0 0 0 0 0 0 0 0 0 0 0 0 0 0 3 1 2                                                         |
 ├────────────────────┼────────────────────┼────────────────────┼────────────────────┼──────────────────────────────────────────────────────────────────────────────────────────────────────────────────────────────────┼─────────────────────────────────────────────────────────────────────────────────────────────────────────────────────────────────────────────────────────────────────────────────────────┤
 | 0x0000000000002f68 | 0x0000000000000034 | 0x000000000000000e | 0x0000000000419181 | 0 0 0 0 0 0 0 0 0 0 0 0 0 0 1 0 1 0 0 0 0 0 0 0 0 0 0 0 0 0 0 0 0 0 0 0 0 0 0 0 1 1 0 0 0 0 0 0 0 0 0 0 1 0 0 0 0 0 0 0 0 0 0 0  | 0 0 0 0 0 0 0 0 0 0 0 0 0 0 2 0 3 0 0 0 0 0 0 0 0 0 0 0 0 0 0 0 0 0 0 0 0 0 0 0 5 4 0 0 0 0 0 0 0 0 0 0 1 0 0 0 0 0 0 0 0 0 0 0                                                         |
 ├────────────────────┼────────────────────┼────────────────────┼────────────────────┼──────────────────────────────────────────────────────────────────────────────────────────────────────────────────────────────────┼─────────────────────────────────────────────────────────────────────────────────────────────────────────────────────────────────────────────────────────────────────────────────────────┤
 | 0x0000000000003014 | 0x0000000000000000 | 0x0000000000000001 | 0x000000000041910d | 1 1 1 1 1 1 1 1 1 1 1 1 1 1 1 1 1 1 1 1 1 1 1 1 1 1 1 1 1 1 1 1 1 1 1 1 1 1 1 1 1 1 1 1 1 1 1 1 1 1 1 1 1 1 1 1 1 1 1 1 1 1 1 1  | 1 2 3 4 5 6 7 8 9 10 11 12 13 14 15 16 17 18 19 20 21 22 23 24 25 26 27 28 29 30 31 32 33 34 35 36 37 38 39 40 41 42 43 44 45 46 47 48 49 50 51 52 53 54 55 56 57 58 59 60 61 62 63 64  |
 ├────────────────────┼────────────────────┼────────────────────┼────────────────────┼──────────────────────────────────────────────────────────────────────────────────────────────────────────────────────────────────┼─────────────────────────────────────────────────────────────────────────────────────────────────────────────────────────────────────────────────────────────────────────────────────────┤
 | 0x0000000000001812 | 0x0000000000000000 | 0x0000000000000001 | 0x0000000000419100 | 1 1 1 1 1 1 1 1 1 1 1 1 1 1 1 1 1 1 1 1 1 1 1 1 1 0 0 0 0 0 0 0 0 0 0 0 0 0 0 0 0 0 0 0 0 0 0 0 0 0 0 0 0 0 0 0 0 0 0 0 0 0 0 0  | 1 2 3 4 5 6 7 8 9 10 11 12 13 14 15 16 17 18 19 20 21 22 23 24 25 0 0 0 0 0 0 0 0 0 0 0 0 0 0 0 0 0 0 0 0 0 0 0 0 0 0 0 0 0 0 0 0 0 0 0 0 0 0 0                                         |
 ├────────────────────┼────────────────────┼────────────────────┼────────────────────┼──────────────────────────────────────────────────────────────────────────────────────────────────────────────────────────────────┼─────────────────────────────────────────────────────────────────────────────────────────────────────────────────────────────────────────────────────────────────────────────────────────┤
 | 0x0000000000002f7a | 0x0000000000000010 | 0x0000000000000034 | 0x0000000000419181 | 0 0 0 0 0 0 0 0 0 0 0 0 0 0 0 0 1 0 0 0 0 0 0 0 0 0 0 0 1 1 0 0 0 0 0 0 0 0 0 0 0 0 0 0 0 0 0 0 0 0 0 0 1 0 0 0 0 0 0 0 0 0 0 0  | 0 0 0 0 0 0 0 0 0 0 0 0 0 0 0 0 1 0 0 0 0 0 0 0 0 0 0 0 4 3 0 0 0 0 0 0 0 0 0 0 0 0 0 0 0 0 0 0 0 0 0 0 2 0 0 0 0 0 0 0 0 0 0 0                                                         |
 ├────────────────────┼────────────────────┼────────────────────┼────────────────────┼──────────────────────────────────────────────────────────────────────────────────────────────────────────────────────────────────┼─────────────────────────────────────────────────────────────────────────────────────────────────────────────────────────────────────────────────────────────────────────────────────────┤
 | 0x0000000000002ddd | 0x0000000000000027 | 0x0000000000000028 | 0x0000000000419170 | 0 0 0 0 0 0 0 0 0 0 0 0 0 0 0 0 0 0 0 0 0 0 0 0 0 0 0 0 0 0 0 0 0 0 0 0 0 0 0 1 1 0 0 0 0 0 0 0 0 0 0 0 0 0 0 0 0 0 0 0 0 0 0 0  | 0 0 0 0 0 0 0 0 0 0 0 0 0 0 0 0 0 0 0 0 0 0 0 0 0 0 0 0 0 0 0 0 0 0 0 0 0 0 0 1 2 0 0 0 0 0 0 0 0 0 0 0 0 0 0 0 0 0 0 0 0 0 0 0                                                         |
 ├────────────────────┼────────────────────┼────────────────────┼────────────────────┼──────────────────────────────────────────────────────────────────────────────────────────────────────────────────────────────────┼─────────────────────────────────────────────────────────────────────────────────────────────────────────────────────────────────────────────────────────────────────────────────────────┤
 | 0x0000000000002f61 | 0x0000000000000001 | 0x0000000000000006 | 0x000000000041910d | 0 1 1 1 1 0 1 1 1 1 1 1 0 0 1 0 0 1 0 1 1 1 0 1 1 0 0 0 1 1 1 1 1 1 1 0 1 1 0 0 0 1 1 1 1 1 1 0 1 1 1 1 1 1 1 1 0 0 0 1 0 0 0 0  | 0 1 38 37 40 0 2 39 3 41 4 5 0 0 6 0 0 35 0 7 8 9 0 10 11 0 0 0 12 13 36 14 16 17 18 0 19 34 0 0 0 20 21 23 24 25 26 0 27 28 29 30 31 15 32 33 0 0 0 22 0 0 0 0                         |
 ├────────────────────┼────────────────────┼────────────────────┼────────────────────┼──────────────────────────────────────────────────────────────────────────────────────────────────────────────────────────────────┼─────────────────────────────────────────────────────────────────────────────────────────────────────────────────────────────────────────────────────────────────────────────────────────┤
 | 0x0000000000002f57 | 0x000000000000003c | 0x000000000000000a | 0x0000000000419181 | 0 0 0 0 0 0 0 0 0 0 1 0 0 0 0 0 0 0 0 0 0 0 0 0 0 0 0 0 0 0 0 0 0 0 0 0 0 0 0 0 0 0 0 0 0 0 0 0 0 0 0 0 0 0 0 0 0 0 0 0 1 0 0 0  | 0 0 0 0 0 0 0 0 0 0 2 0 0 0 0 0 0 0 0 0 0 0 0 0 0 0 0 0 0 0 0 0 0 0 0 0 0 0 0 0 0 0 0 0 0 0 0 0 0 0 0 0 0 0 0 0 0 0 0 0 1 0 0 0                                                         |
 ├────────────────────┼────────────────────┼────────────────────┼────────────────────┼──────────────────────────────────────────────────────────────────────────────────────────────────────────────────────────────────┼─────────────────────────────────────────────────────────────────────────────────────────────────────────────────────────────────────────────────────────────────────────────────────────┤
 | 0x0000000000002f4f | 0x0000000000000007 | 0x000000000000002d | 0x0000000000419181 | 0 0 0 0 0 0 0 1 0 0 0 0 0 0 0 0 0 0 0 0 0 0 0 0 0 0 0 0 0 0 0 0 0 0 0 0 0 0 0 0 0 0 0 0 0 1 0 0 0 0 0 0 0 0 0 0 0 0 0 0 0 0 0 0  | 0 0 0 0 0 0 0 1 0 0 0 0 0 0 0 0 0 0 0 0 0 0 0 0 0 0 0 0 0 0 0 0 0 0 0 0 0 0 0 0 0 0 0 0 0 2 0 0 0 0 0 0 0 0 0 0 0 0 0 0 0 0 0 0                                                         |
 ├────────────────────┼────────────────────┼────────────────────┼────────────────────┼──────────────────────────────────────────────────────────────────────────────────────────────────────────────────────────────────┼─────────────────────────────────────────────────────────────────────────────────────────────────────────────────────────────────────────────────────────────────────────────────────────┤
 | 0x0000000000002f6b | 0x0000000000000032 | 0x0000000000000037 | 0x0000000000419181 | 0 0 0 1 0 0 0 0 0 0 1 0 0 0 0 0 0 0 0 0 0 0 0 0 0 0 0 0 0 0 0 0 0 0 0 0 0 0 0 1 0 0 0 0 1 1 0 0 0 0 1 1 0 0 0 1 0 0 1 0 0 0 0 0  | 0 0 0 3 0 0 0 0 0 0 6 0 0 0 0 0 0 0 0 0 0 0 0 0 0 0 0 0 0 0 0 0 0 0 0 0 0 0 0 4 0 0 0 0 7 8 0 0 0 0 1 5 0 0 0 2 0 0 9 0 0 0 0 0                                                         |
 ├────────────────────┼────────────────────┼────────────────────┼────────────────────┼──────────────────────────────────────────────────────────────────────────────────────────────────────────────────────────────────┼─────────────────────────────────────────────────────────────────────────────────────────────────────────────────────────────────────────────────────────────────────────────────────────┤
 | 0x0000000000001645 | 0x000000000000001d | 0x000000000000001e | 0x0000000000419181 | 0 0 0 0 0 0 0 0 0 0 0 0 0 0 0 0 0 0 0 0 0 0 0 0 0 0 0 0 0 1 1 0 0 0 0 0 0 0 0 1 1 0 0 0 0 0 0 0 0 0 0 0 0 0 0 0 0 0 0 0 0 0 0 0  | 0 0 0 0 0 0 0 0 0 0 0 0 0 0 0 0 0 0 0 0 0 0 0 0 0 0 0 0 0 1 2 0 0 0 0 0 0 0 0 3 4 0 0 0 0 0 0 0 0 0 0 0 0 0 0 0 0 0 0 0 0 0 0 0                                                         |
 ├────────────────────┼────────────────────┼────────────────────┼────────────────────┼──────────────────────────────────────────────────────────────────────────────────────────────────────────────────────────────────┼─────────────────────────────────────────────────────────────────────────────────────────────────────────────────────────────────────────────────────────────────────────────────────────┤
 | 0x00000000000002b3 | 0x0000000000000021 | 0x0000000000000028 | 0x0000000000419142 | 0 0 0 0 0 0 0 0 0 0 0 0 0 0 0 0 0 0 0 0 0 0 0 0 0 0 0 0 0 0 0 0 0 1 0 0 0 0 0 0 1 0 0 0 0 0 0 0 0 0 0 0 0 0 0 0 0 0 0 0 0 0 0 0  | 0 0 0 0 0 0 0 0 0 0 0 0 0 0 0 0 0 0 0 0 0 0 0 0 0 0 0 0 0 0 0 0 0 1 0 0 0 0 0 0 2 0 0 0 0 0 0 0 0 0 0 0 0 0 0 0 0 0 0 0 0 0 0 0                                                         |
 ├────────────────────┼────────────────────┼────────────────────┼────────────────────┼──────────────────────────────────────────────────────────────────────────────────────────────────────────────────────────────────┼─────────────────────────────────────────────────────────────────────────────────────────────────────────────────────────────────────────────────────────────────────────────────────────┤
 | 0x0000000000002d8d | 0x000000000000002d | 0x000000000000003a | 0x0000000000419142 | 0 0 0 0 0 0 0 0 0 0 0 0 0 0 0 0 0 0 1 0 0 0 0 0 0 0 0 0 0 0 0 0 0 0 0 0 0 0 0 0 0 1 0 0 0 1 0 0 0 0 0 0 0 0 0 0 0 0 1 0 0 0 0 0  | 0 0 0 0 0 0 0 0 0 0 0 0 0 0 0 0 0 0 4 0 0 0 0 0 0 0 0 0 0 0 0 0 0 0 0 0 0 0 0 0 0 3 0 0 0 1 0 0 0 0 0 0 0 0 0 0 0 0 2 0 0 0 0 0                                                         |
 ├────────────────────┼────────────────────┼────────────────────┼────────────────────┼──────────────────────────────────────────────────────────────────────────────────────────────────────────────────────────────────┼─────────────────────────────────────────────────────────────────────────────────────────────────────────────────────────────────────────────────────────────────────────────────────────┤
 | 0x0000000000001811 | 0x0000000000000000 | 0x0000000000000001 | 0x0000000000419104 | 1 1 1 1 1 1 1 1 1 1 1 1 1 1 1 1 1 1 1 1 1 1 1 1 1 0 0 0 0 0 0 0 0 0 0 0 0 0 0 0 0 0 0 0 0 0 0 0 0 0 0 0 0 0 0 0 0 0 0 0 0 0 0 0  | 1 2 3 4 5 6 7 8 9 10 11 12 13 14 15 16 17 18 19 20 21 22 23 24 25 0 0 0 0 0 0 0 0 0 0 0 0 0 0 0 0 0 0 0 0 0 0 0 0 0 0 0 0 0 0 0 0 0 0 0 0 0 0 0                                         |
 ├────────────────────┼────────────────────┼────────────────────┼────────────────────┼──────────────────────────────────────────────────────────────────────────────────────────────────────────────────────────────────┼─────────────────────────────────────────────────────────────────────────────────────────────────────────────────────────────────────────────────────────────────────────────────────────┤
 | 0x0000000000000297 | 0x0000000000000019 | 0x0000000000000035 | 0x000000000041912e | 0 0 0 0 0 0 0 0 0 0 0 0 0 0 0 0 0 0 0 0 0 0 0 0 0 1 0 0 0 0 0 0 0 0 0 0 0 0 0 0 0 0 0 0 0 0 0 0 0 0 0 0 0 1 0 0 0 0 0 0 0 0 0 0  | 0 0 0 0 0 0 0 0 0 0 0 0 0 0 0 0 0 0 0 0 0 0 0 0 0 1 0 0 0 0 0 0 0 0 0 0 0 0 0 0 0 0 0 0 0 0 0 0 0 0 0 0 0 2 0 0 0 0 0 0 0 0 0 0                                                         |
 ├────────────────────┼────────────────────┼────────────────────┼────────────────────┼──────────────────────────────────────────────────────────────────────────────────────────────────────────────────────────────────┼─────────────────────────────────────────────────────────────────────────────────────────────────────────────────────────────────────────────────────────────────────────────────────────┤
 | 0x0000000000003005 | 0x0000000000000033 | 0x0000000000000000 | 0x0000000000419181 | 1 1 1 1 1 1 1 1 1 1 1 1 1 1 1 1 1 1 1 1 1 1 1 1 1 1 1 1 1 1 1 1 1 1 1 1 1 1 1 1 1 1 1 1 1 1 1 1 1 1 1 1 1 1 1 1 1 1 1 1 1 1 1 1  | 2 3 4 5 6 7 8 9 10 11 12 13 14 15 16 17 18 19 20 21 22 23 24 25 26 27 28 29 30 31 32 33 34 35 36 37 38 39 40 41 42 43 44 45 46 47 48 49 50 51 52 1 53 54 55 56 57 58 59 60 61 62 63 64  |
 ├────────────────────┼────────────────────┼────────────────────┼────────────────────┼──────────────────────────────────────────────────────────────────────────────────────────────────────────────────────────────────┼─────────────────────────────────────────────────────────────────────────────────────────────────────────────────────────────────────────────────────────────────────────────────────────┤
 | 0x0000000000002f63 | 0x0000000000000002 | 0x0000000000000001 | 0x0000000000419181 | 0 1 1 0 0 0 0 0 0 0 0 0 0 0 0 0 0 0 0 0 0 0 0 0 0 0 0 0 0 0 0 0 0 0 0 0 0 0 0 0 0 0 0 0 0 0 0 0 0 0 0 0 0 0 0 0 0 0 0 0 0 0 0 1  | 0 2 1 0 0 0 0 0 0 0 0 0 0 0 0 0 0 0 0 0 0 0 0 0 0 0 0 0 0 0 0 0 0 0 0 0 0 0 0 0 0 0 0 0 0 0 0 0 0 0 0 0 0 0 0 0 0 0 0 0 0 0 0 3                                                         |
 ├────────────────────┼────────────────────┼────────────────────┼────────────────────┼──────────────────────────────────────────────────────────────────────────────────────────────────────────────────────────────────┼─────────────────────────────────────────────────────────────────────────────────────────────────────────────────────────────────────────────────────────────────────────────────────────┤
 | 0x0000000000002f78 | 0x0000000000000016 | 0x000000000000002a | 0x0000000000419181 | 1 1 1 1 1 1 1 1 1 1 1 1 1 1 1 1 1 1 1 1 1 1 1 1 1 1 1 1 1 1 1 1 1 1 1 1 1 1 1 1 1 1 1 1 1 1 1 1 1 1 1 1 1 1 1 1 1 1 1 1 1 1 1 1  | 3 4 5 6 7 8 9 10 11 12 13 14 15 16 17 18 19 20 21 22 23 24 1 25 26 27 28 29 30 31 32 33 34 35 36 37 38 39 40 41 42 43 2 44 45 46 47 48 49 50 51 52 53 54 55 56 57 58 59 60 61 62 63 64  |
 ├────────────────────┼────────────────────┼────────────────────┼────────────────────┼──────────────────────────────────────────────────────────────────────────────────────────────────────────────────────────────────┼─────────────────────────────────────────────────────────────────────────────────────────────────────────────────────────────────────────────────────────────────────────────────────────┤
 | 0x00000000000016f0 | 0x000000000000002f | 0x0000000000000029 | 0x000000000041912e | 1 0 0 0 0 0 0 0 0 0 0 0 0 0 0 0 0 0 0 0 0 0 0 0 0 0 0 0 0 0 0 0 0 0 0 0 0 0 0 0 0 1 0 0 0 0 0 1 0 0 0 0 0 0 0 0 0 0 0 0 0 0 0 0  | 3 0 0 0 0 0 0 0 0 0 0 0 0 0 0 0 0 0 0 0 0 0 0 0 0 0 0 0 0 0 0 0 0 0 0 0 0 0 0 0 0 2 0 0 0 0 0 1 0 0 0 0 0 0 0 0 0 0 0 0 0 0 0 0                                                         |
 ├────────────────────┼────────────────────┼────────────────────┼────────────────────┼──────────────────────────────────────────────────────────────────────────────────────────────────────────────────────────────────┼─────────────────────────────────────────────────────────────────────────────────────────────────────────────────────────────────────────────────────────────────────────────────────────┤
 | 0x000000000000300d | 0x000000000000003e | 0x000000000000000e | 0x0000000000419181 | 0 0 0 0 0 0 0 0 0 0 0 0 0 0 1 0 0 0 0 0 0 0 0 0 0 0 0 1 0 0 0 0 0 0 0 0 0 0 0 0 0 0 0 0 0 0 0 0 0 0 0 0 0 0 0 0 0 0 0 0 0 0 1 0  | 0 0 0 0 0 0 0 0 0 0 0 0 0 0 2 0 0 0 0 0 0 0 0 0 0 0 0 3 0 0 0 0 0 0 0 0 0 0 0 0 0 0 0 0 0 0 0 0 0 0 0 0 0 0 0 0 0 0 0 0 0 0 1 0                                                         |
 ├────────────────────┼────────────────────┼────────────────────┼────────────────────┼──────────────────────────────────────────────────────────────────────────────────────────────────────────────────────────────────┼─────────────────────────────────────────────────────────────────────────────────────────────────────────────────────────────────────────────────────────────────────────────────────────┤
 | 0x00000000000028d9 | 0x0000000000000032 | 0x0000000000000007 | 0x0000000000419168 | 0 0 0 0 0 0 0 1 1 0 0 0 0 0 0 0 0 0 0 0 0 0 0 0 0 0 0 0 0 0 0 0 0 0 0 0 0 0 0 0 0 0 0 0 0 0 0 0 0 0 1 0 0 0 0 0 0 0 0 0 0 0 0 0  | 0 0 0 0 0 0 0 2 3 0 0 0 0 0 0 0 0 0 0 0 0 0 0 0 0 0 0 0 0 0 0 0 0 0 0 0 0 0 0 0 0 0 0 0 0 0 0 0 0 0 1 0 0 0 0 0 0 0 0 0 0 0 0 0                                                         |
 ├────────────────────┼────────────────────┼────────────────────┼────────────────────┼──────────────────────────────────────────────────────────────────────────────────────────────────────────────────────────────────┼─────────────────────────────────────────────────────────────────────────────────────────────────────────────────────────────────────────────────────────────────────────────────────────┤
 | 0x00000000000002b2 | 0x0000000000000010 | 0x000000000000001d | 0x000000000041912e | 0 0 0 0 0 0 0 0 0 0 0 0 0 0 0 0 1 0 0 0 0 0 0 0 0 0 0 0 0 1 0 0 0 0 0 0 0 0 0 0 0 0 0 0 0 0 0 0 0 0 0 0 0 0 0 0 0 0 0 0 0 0 0 0  | 0 0 0 0 0 0 0 0 0 0 0 0 0 0 0 0 1 0 0 0 0 0 0 0 0 0 0 0 0 2 0 0 0 0 0 0 0 0 0 0 0 0 0 0 0 0 0 0 0 0 0 0 0 0 0 0 0 0 0 0 0 0 0 0                                                         |
 ├────────────────────┼────────────────────┼────────────────────┼────────────────────┼──────────────────────────────────────────────────────────────────────────────────────────────────────────────────────────────────┼─────────────────────────────────────────────────────────────────────────────────────────────────────────────────────────────────────────────────────────────────────────────────────────┤
 | 0x0000000000002f71 | 0x000000000000003d | 0x000000000000003c | 0x0000000000419181 | 0 0 0 0 0 0 0 0 0 0 0 0 0 0 0 0 0 0 0 0 0 0 0 0 0 0 0 0 0 0 0 0 0 0 0 0 0 0 0 0 0 0 0 0 0 0 0 0 0 0 0 0 0 0 0 0 0 0 0 0 1 1 0 0  | 0 0 0 0 0 0 0 0 0 0 0 0 0 0 0 0 0 0 0 0 0 0 0 0 0 0 0 0 0 0 0 0 0 0 0 0 0 0 0 0 0 0 0 0 0 0 0 0 0 0 0 0 0 0 0 0 0 0 0 0 2 1 0 0                                                         |
 ├────────────────────┼────────────────────┼────────────────────┼────────────────────┼──────────────────────────────────────────────────────────────────────────────────────────────────────────────────────────────────┼─────────────────────────────────────────────────────────────────────────────────────────────────────────────────────────────────────────────────────────────────────────────────────────┤
 | 0x0000000000002f6a | 0x000000000000000e | 0x000000000000001a | 0x0000000000419181 | 0 0 0 0 0 0 0 0 0 0 0 0 0 0 1 0 0 0 0 0 0 0 0 0 0 0 1 0 0 0 0 0 0 0 0 0 0 0 0 0 0 0 0 0 0 0 0 0 0 0 0 0 0 0 0 0 0 0 0 0 0 0 0 0  | 0 0 0 0 0 0 0 0 0 0 0 0 0 0 1 0 0 0 0 0 0 0 0 0 0 0 2 0 0 0 0 0 0 0 0 0 0 0 0 0 0 0 0 0 0 0 0 0 0 0 0 0 0 0 0 0 0 0 0 0 0 0 0 0                                                         |
 └────────────────────┴────────────────────┴────────────────────┴────────────────────┴──────────────────────────────────────────────────────────────────────────────────────────────────────────────────────────────────┴─────────────────────────────────────────────────────────────────────────────────────────────────────────────────────────────────────────────────────────────────────────────────────────┘
Accumulation table end
Pattern table begin
 ┌─────────────┬─────────────┬──────────────────────────────────────────────────────────────────────────────────────────────────────────────────────────────────┐
 | Trigger     | Second      | Pattern                                                                                                                          |
 ├─────────────┼─────────────┼──────────────────────────────────────────────────────────────────────────────────────────────────────────────────────────────────┤
 | 0           | 24          | 1 1 1 1 1 1 1 1 0 0 0 1 1 1 1 1 1 1 1 0 0 0 0 1 1 1 1 0 0 0 0 0 0 0 1 0 0 1 1 0 1 1 1 1 1 1 1 1 1 1 1 1 1 1 1 1 1 1 1 1 1 1 1 1  |
 ├─────────────┼─────────────┼──────────────────────────────────────────────────────────────────────────────────────────────────────────────────────────────────┤
 | 0           | 6           | 1 0 0 0 0 0 1 0 0 0 1 1 0 0 0 1 0 1 0 0 0 0 0 1 0 0 0 0 0 0 0 0 0 0 0 1 0 0 0 0 0 0 0 0 0 0 0 0 0 0 0 0 0 0 0 0 0 0 0 0 0 0 0 0  |
 ├─────────────┼─────────────┼──────────────────────────────────────────────────────────────────────────────────────────────────────────────────────────────────┤
 | 0           | 10          | 1 0 0 0 0 0 0 0 0 0 1 0 0 0 0 0 0 0 0 0 0 0 0 0 0 0 0 0 0 0 0 0 0 0 0 1 0 0 0 0 0 0 0 0 0 0 0 0 0 0 0 0 1 0 0 0 0 0 0 0 0 0 0 0  |
 ├─────────────┼─────────────┼──────────────────────────────────────────────────────────────────────────────────────────────────────────────────────────────────┤
 | 0           | 4           | 1 1 1 1 1 1 1 1 1 1 1 1 1 1 1 1 1 1 1 1 1 1 1 1 1 1 1 1 1 1 1 1 1 1 1 1 1 1 1 1 1 1 1 1 0 1 1 1 1 1 1 1 1 1 1 1 1 1 1 1 1 1 1 1  |
 ├─────────────┼─────────────┼──────────────────────────────────────────────────────────────────────────────────────────────────────────────────────────────────┤
 | 1           | 2           | 0 1 1 1 0 0 0 0 0 0 0 0 0 0 0 0 0 0 0 0 0 0 0 0 0 0 0 0 1 1 0 0 0 0 0 0 0 0 0 0 0 0 0 0 0 0 0 0 0 0 1 1 0 0 0 0 0 0 0 0 0 0 0 0  |
 ├─────────────┼─────────────┼──────────────────────────────────────────────────────────────────────────────────────────────────────────────────────────────────┤
 | 1           | 12          | 0 1 0 0 0 0 0 0 0 0 0 0 1 0 0 0 0 0 0 0 0 0 0 0 1 0 0 0 0 1 1 1 0 0 0 0 0 0 0 0 0 0 0 1 0 1 0 0 0 0 0 0 1 0 0 0 0 0 0 0 0 0 0 0  |
 ├─────────────┼─────────────┼──────────────────────────────────────────────────────────────────────────────────────────────────────────────────────────────────┤
 | 1           | 60          | 0 1 0 0 0 0 0 0 0 0 0 0 0 0 0 0 0 0 0 0 0 0 0 0 0 0 0 0 0 0 0 0 0 0 0 0 0 0 0 0 0 0 0 0 0 0 0 0 0 0 0 0 0 0 0 0 0 0 0 0 1 0 0 0  |
 ├─────────────┼─────────────┼──────────────────────────────────────────────────────────────────────────────────────────────────────────────────────────────────┤
 | 1           | 37          | 0 1 0 0 0 0 0 0 0 0 0 0 0 0 0 0 0 0 0 0 0 0 0 0 0 0 0 0 0 0 0 0 0 0 0 0 0 1 0 0 0 0 0 0 0 0 0 0 0 0 0 0 0 0 0 0 0 0 0 0 0 0 0 0  |
 ├─────────────┼─────────────┼──────────────────────────────────────────────────────────────────────────────────────────────────────────────────────────────────┤
 | 2           | 19          | 0 0 1 0 0 0 0 0 0 0 0 0 0 0 0 0 0 0 0 1 0 0 0 0 0 0 0 0 0 0 0 0 0 0 0 0 0 0 0 0 0 0 0 0 0 0 0 0 0 0 0 0 0 0 0 0 0 0 0 0 0 0 0 0  |
 ├─────────────┼─────────────┼──────────────────────────────────────────────────────────────────────────────────────────────────────────────────────────────────┤
 | 2           | 30          | 0 0 1 0 0 0 0 0 0 0 0 0 0 0 0 0 0 0 0 0 0 0 0 0 0 0 0 0 0 0 1 0 0 0 0 0 0 0 1 0 0 0 0 0 0 0 0 0 0 0 0 0 0 0 0 0 0 0 1 0 0 0 0 0  |
 ├─────────────┼─────────────┼──────────────────────────────────────────────────────────────────────────────────────────────────────────────────────────────────┤
 | 2           | 5           | 0 0 1 0 0 1 1 0 0 0 0 0 0 0 0 0 0 0 0 0 0 0 0 0 0 0 0 0 1 0 0 0 0 0 0 1 0 0 0 0 0 0 0 0 0 0 0 0 0 0 1 0 0 0 0 0 0 0 0 0 0 0 0 0  |
 ├─────────────┼─────────────┼──────────────────────────────────────────────────────────────────────────────────────────────────────────────────────────────────┤
 | 2           | 4           | 0 0 1 0 1 0 1 0 0 0 0 0 0 0 0 0 0 0 0 1 0 0 0 0 0 0 0 0 0 0 0 1 1 0 0 0 0 0 0 0 0 0 0 0 0 0 0 0 0 0 0 0 0 0 0 0 0 0 0 0 0 0 1 0  |
 ├─────────────┼─────────────┼──────────────────────────────────────────────────────────────────────────────────────────────────────────────────────────────────┤
 | 3           | 12          | 0 0 0 1 0 0 0 0 0 0 0 0 1 0 0 0 0 0 0 0 0 0 1 1 0 0 0 0 0 0 1 0 0 0 0 0 0 0 0 0 0 0 0 0 0 0 0 0 0 0 0 0 0 0 0 1 0 0 0 0 0 0 0 0  |
 ├─────────────┼─────────────┼──────────────────────────────────────────────────────────────────────────────────────────────────────────────────────────────────┤
 | 3           | 4           | 0 0 0 1 1 0 0 0 0 0 0 0 0 0 0 0 0 0 0 0 0 0 0 0 0 0 0 0 0 0 0 0 0 0 0 0 0 0 0 0 0 0 0 0 0 0 0 0 0 0 0 0 0 0 0 0 0 0 0 0 0 0 0 0  |
 ├─────────────┼─────────────┼──────────────────────────────────────────────────────────────────────────────────────────────────────────────────────────────────┤
 | 3           | 21          | 0 0 0 1 0 0 0 0 0 0 0 0 0 0 0 0 0 0 0 0 0 1 0 0 0 0 0 0 0 0 0 0 0 0 0 0 0 0 0 0 0 0 0 0 0 0 0 0 0 0 0 0 0 0 0 0 0 0 0 0 0 0 0 0  |
 ├─────────────┼─────────────┼──────────────────────────────────────────────────────────────────────────────────────────────────────────────────────────────────┤
 | 3           | 31          | 0 0 0 1 0 0 0 0 0 0 0 0 0 0 0 0 0 0 0 0 0 0 0 0 0 0 0 0 0 0 0 1 0 0 0 0 0 0 1 1 0 0 0 0 0 0 0 0 0 0 0 0 0 0 0 0 0 0 1 0 0 0 0 0  |
 ├─────────────┼─────────────┼──────────────────────────────────────────────────────────────────────────────────────────────────────────────────────────────────┤
 | 4           | 18          | 0 0 0 0 1 0 0 0 0 0 0 0 0 0 0 0 0 0 1 0 0 0 0 0 0 0 0 0 0 0 0 0 0 0 0 0 0 0 0 0 0 0 0 0 0 0 0 0 0 0 0 0 0 0 0 0 0 0 0 0 0 0 0 0  |
 ├─────────────┼─────────────┼──────────────────────────────────────────────────────────────────────────────────────────────────────────────────────────────────┤
 | 4           | 28          | 0 0 0 0 1 0 0 0 0 0 0 0 0 0 0 0 0 0 0 0 0 0 0 0 0 0 0 0 1 0 0 0 0 0 0 0 0 0 0 0 0 0 0 0 0 0 0 0 0 0 0 0 0 0 0 0 0 0 0 0 0 0 0 0  |
 ├─────────────┼─────────────┼──────────────────────────────────────────────────────────────────────────────────────────────────────────────────────────────────┤
 | 4           | 5           | 0 0 0 0 1 1 1 0 1 0 1 0 0 0 0 0 0 0 0 0 0 0 0 1 1 0 0 0 0 0 0 0 0 0 0 0 0 0 0 0 0 0 1 1 0 0 1 0 1 0 1 0 0 0 0 0 0 0 0 0 0 0 0 0  |
 ├─────────────┼─────────────┼──────────────────────────────────────────────────────────────────────────────────────────────────────────────────────────────────┤
 | 4           | 36          | 0 0 0 0 1 0 0 0 0 0 0 0 0 0 0 0 0 0 0 0 0 0 0 0 0 0 0 0 0 0 0 0 0 0 0 0 1 0 0 0 0 0 0 0 0 0 0 0 0 0 0 0 0 0 0 0 0 0 0 0 0 0 0 0  |
 ├─────────────┼─────────────┼──────────────────────────────────────────────────────────────────────────────────────────────────────────────────────────────────┤
 | 5           | 6           | 0 0 0 0 0 1 1 1 1 1 1 1 1 1 1 1 1 1 1 1 1 1 1 1 1 1 1 1 1 1 1 1 1 1 1 1 1 1 1 1 1 1 1 1 1 1 1 1 1 1 1 1 1 1 1 1 1 1 1 1 1 1 1 1  |
 ├─────────────┼─────────────┼──────────────────────────────────────────────────────────────────────────────────────────────────────────────────────────────────┤
 | 5           | 29          | 0 0 0 0 0 1 0 0 0 0 0 0 0 0 0 0 0 0 0 0 0 0 0 0 0 0 0 0 0 1 0 0 0 0 0 0 0 0 0 0 0 0 0 0 0 0 0 0 0 0 0 0 0 0 0 0 0 0 0 0 0 0 0 0  |
 ├─────────────┼─────────────┼──────────────────────────────────────────────────────────────────────────────────────────────────────────────────────────────────┤
 | 5           | 19          | 0 0 0 0 0 1 0 0 0 0 0 0 0 0 0 0 0 0 0 1 0 0 0 0 0 0 0 0 0 0 0 0 0 0 0 0 0 0 0 0 0 0 0 0 0 0 0 0 0 0 0 0 0 0 0 0 0 0 0 0 0 0 0 0  |
 ├─────────────┼─────────────┼──────────────────────────────────────────────────────────────────────────────────────────────────────────────────────────────────┤
 | 5           | 61          | 0 0 0 0 0 1 0 0 0 0 0 0 0 0 0 0 0 0 0 0 0 0 0 0 0 0 0 0 0 0 0 0 0 0 0 0 0 0 0 0 0 0 0 0 0 0 0 0 0 0 0 0 0 0 0 0 0 0 0 0 0 1 0 0  |
 ├─────────────┼─────────────┼──────────────────────────────────────────────────────────────────────────────────────────────────────────────────────────────────┤
 | 6           | 24          | 0 0 0 0 0 0 1 0 0 0 0 0 0 0 0 0 0 0 0 0 0 0 0 0 1 0 0 0 0 1 0 0 0 0 0 0 0 0 1 0 0 0 0 0 0 0 0 0 0 0 0 0 1 1 1 0 0 0 0 0 0 0 0 0  |
 ├─────────────┼─────────────┼──────────────────────────────────────────────────────────────────────────────────────────────────────────────────────────────────┤
 | 6           | 0           | 1 1 1 1 1 1 1 1 1 1 1 1 1 1 1 1 1 1 1 1 1 1 1 1 1 1 1 1 1 1 1 1 1 1 1 1 1 1 1 1 1 1 1 1 1 1 1 1 1 1 1 1 1 1 1 1 1 1 1 1 1 1 1 1  |
 ├─────────────┼─────────────┼──────────────────────────────────────────────────────────────────────────────────────────────────────────────────────────────────┤
 | 6           | 36          | 0 0 0 0 0 0 1 0 0 0 0 0 0 0 0 0 0 0 0 0 0 0 0 0 0 0 0 0 0 0 0 0 0 0 0 1 1 1 0 0 0 0 0 0 0 0 0 0 0 0 0 0 0 0 0 0 0 0 0 0 0 0 0 0  |
 ├─────────────┼─────────────┼──────────────────────────────────────────────────────────────────────────────────────────────────────────────────────────────────┤
 | 6           | 22          | 0 0 0 0 0 0 1 0 0 0 0 0 0 0 0 0 0 0 0 0 0 0 1 0 0 0 0 0 0 0 0 0 0 0 0 0 0 0 0 0 0 0 0 0 0 0 0 0 0 0 0 0 0 0 0 0 0 0 0 0 0 0 0 0  |
 ├─────────────┼─────────────┼──────────────────────────────────────────────────────────────────────────────────────────────────────────────────────────────────┤
 | 7           | 10          | 0 0 0 0 0 0 0 1 0 0 1 1 0 0 1 1 0 0 0 0 0 0 0 0 0 0 0 0 0 0 1 1 0 0 0 0 0 0 0 0 0 0 0 0 0 0 0 0 0 0 0 0 0 0 0 0 0 0 0 0 0 0 0 0  |
 ├─────────────┼─────────────┼──────────────────────────────────────────────────────────────────────────────────────────────────────────────────────────────────┤
 | 7           | 56          | 0 0 0 0 0 0 0 1 0 0 0 0 0 0 0 0 0 0 0 0 0 0 0 0 0 0 0 0 0 0 0 0 0 0 0 0 0 0 0 0 0 0 0 0 0 0 0 0 0 0 0 0 0 0 0 0 1 0 0 0 0 0 0 0  |
 ├─────────────┼─────────────┼──────────────────────────────────────────────────────────────────────────────────────────────────────────────────────────────────┤
 | 7           | 8           | 0 0 0 0 0 0 0 1 1 0 0 0 0 0 0 0 0 0 0 0 0 0 0 0 0 0 0 0 0 0 0 0 0 0 0 0 0 0 0 0 0 0 0 0 0 0 0 0 0 0 0 0 1 1 0 0 0 0 0 0 0 0 0 0  |
 ├─────────────┼─────────────┼──────────────────────────────────────────────────────────────────────────────────────────────────────────────────────────────────┤
 | 7           | 6           | 0 0 0 0 0 0 1 1 0 0 0 0 0 0 0 0 0 0 0 0 0 0 0 0 0 0 0 0 0 0 0 0 0 0 0 0 0 0 0 1 1 0 0 0 0 0 0 1 0 0 0 0 0 0 0 0 0 0 0 0 0 0 0 0  |
 ├─────────────┼─────────────┼──────────────────────────────────────────────────────────────────────────────────────────────────────────────────────────────────┤
 | 8           | 12          | 1 1 1 1 1 1 1 1 1 1 1 1 1 1 1 1 1 1 1 1 1 1 1 1 1 1 1 1 1 1 1 1 1 1 1 1 1 1 1 1 1 1 1 1 1 1 1 1 1 1 1 1 1 1 1 1 1 1 1 1 1 1 1 1  |
 ├─────────────┼─────────────┼──────────────────────────────────────────────────────────────────────────────────────────────────────────────────────────────────┤
 | 8           | 49          | 0 0 0 0 0 0 0 0 1 0 0 0 0 0 0 0 0 0 0 0 0 0 0 0 0 0 0 0 0 0 1 1 0 0 0 0 0 0 0 0 0 0 0 0 0 0 0 0 1 1 1 0 1 1 0 0 0 0 0 0 0 0 0 0  |
 ├─────────────┼─────────────┼──────────────────────────────────────────────────────────────────────────────────────────────────────────────────────────────────┤
 | 8           | 9           | 0 0 0 0 0 0 0 0 1 1 0 0 0 0 0 0 0 0 0 0 0 0 0 0 0 0 0 0 0 0 0 0 0 0 0 0 0 0 0 0 0 0 0 0 0 0 0 0 0 0 0 0 0 0 0 0 0 0 0 0 0 0 0 0  |
 ├─────────────┼─────────────┼──────────────────────────────────────────────────────────────────────────────────────────────────────────────────────────────────┤
 | 8           | 15          | 0 0 0 0 0 0 0 0 1 0 0 0 0 0 0 1 0 0 0 0 0 0 0 0 0 0 0 0 0 0 0 0 0 0 0 0 0 0 0 0 0 0 0 0 0 0 0 0 0 0 0 0 0 0 0 0 0 1 0 0 0 0 0 0  |
 ├─────────────┼─────────────┼──────────────────────────────────────────────────────────────────────────────────────────────────────────────────────────────────┤
 | 9           | 18          | 0 0 0 0 0 0 0 0 0 1 0 0 0 0 0 0 0 0 1 0 0 0 0 0 0 0 0 0 0 0 0 0 0 0 0 0 0 0 1 0 0 0 0 0 0 0 0 0 0 0 0 0 0 1 0 0 0 0 0 1 0 0 0 0  |
 ├─────────────┼─────────────┼──────────────────────────────────────────────────────────────────────────────────────────────────────────────────────────────────┤
 | 9           | 40          | 0 0 0 0 0 0 0 0 0 1 0 0 0 0 0 0 0 0 0 0 0 0 0 0 0 0 0 0 0 0 0 0 0 0 0 0 0 0 0 0 1 1 0 0 0 0 0 0 0 0 0 0 0 0 0 0 0 0 0 0 0 0 0 0  |
 ├─────────────┼─────────────┼──────────────────────────────────────────────────────────────────────────────────────────────────────────────────────────────────┤
 | 9           | 13          | 0 0 0 0 0 0 0 0 0 1 0 0 0 1 0 0 0 0 0 0 0 0 0 0 0 0 0 0 0 0 0 0 0 0 1 0 0 0 0 0 0 0 0 0 0 0 0 0 0 0 0 0 0 0 0 0 0 0 0 0 0 0 0 0  |
 ├─────────────┼─────────────┼──────────────────────────────────────────────────────────────────────────────────────────────────────────────────────────────────┤
 | 9           | 7           | 0 0 0 0 0 0 0 1 0 1 0 0 0 0 0 0 0 0 0 0 0 0 0 0 0 0 0 0 0 0 0 0 0 0 0 0 0 0 0 0 0 0 0 0 0 0 0 0 0 0 0 1 0 0 0 0 0 0 0 0 0 0 0 0  |
 ├─────────────┼─────────────┼──────────────────────────────────────────────────────────────────────────────────────────────────────────────────────────────────┤
 | 10          | 34          | 0 0 0 0 0 0 0 0 0 0 1 0 0 0 0 0 0 0 0 0 0 0 0 0 0 0 0 0 0 0 0 0 0 0 1 0 0 0 0 0 0 0 0 0 0 0 0 0 0 0 0 0 1 0 0 0 0 0 0 0 0 0 0 0  |
 ├─────────────┼─────────────┼──────────────────────────────────────────────────────────────────────────────────────────────────────────────────────────────────┤
 | 10          | 17          | 0 0 0 0 0 0 0 0 0 0 1 0 0 0 0 0 0 1 1 0 1 0 0 0 0 0 0 0 0 0 1 0 0 0 0 0 0 0 0 0 1 0 0 0 0 0 0 0 0 0 0 0 0 0 0 0 0 0 0 0 0 0 0 0  |
 ├─────────────┼─────────────┼──────────────────────────────────────────────────────────────────────────────────────────────────────────────────────────────────┤
 | 10          | 24          | 0 0 0 0 0 0 0 0 0 0 1 0 0 0 0 0 0 0 0 0 0 0 0 0 1 0 0 0 0 0 0 0 0 0 0 0 0 0 0 0 0 0 0 0 0 0 0 1 0 0 0 0 0 0 0 0 0 0 0 0 0 0 0 0  |
 ├─────────────┼─────────────┼──────────────────────────────────────────────────────────────────────────────────────────────────────────────────────────────────┤
 | 10          | 6           | 0 0 0 0 0 0 1 1 0 0 1 0 0 0 0 0 0 0 0 0 0 0 0 0 0 1 1 1 0 0 0 0 0 0 0 0 0 0 0 0 0 0 0 0 0 0 0 0 0 0 0 0 0 0 0 0 0 0 0 0 0 0 0 0  |
 ├─────────────┼─────────────┼──────────────────────────────────────────────────────────────────────────────────────────────────────────────────────────────────┤
 | 11          | 12          | 1 0 1 1 0 0 0 0 0 0 0 1 1 0 0 0 0 0 0 0 0 0 0 0 0 0 0 0 0 0 1 0 0 0 0 0 1 0 0 0 0 0 0 0 0 0 0 0 0 0 0 0 0 0 0 0 0 0 0 0 0 0 0 0  |
 ├─────────────┼─────────────┼──────────────────────────────────────────────────────────────────────────────────────────────────────────────────────────────────┤
 | 11          | 14          | 1 0 0 0 0 0 0 0 0 0 0 1 0 0 1 0 0 1 1 0 1 0 0 0 1 0 0 0 1 1 0 0 0 0 0 1 0 0 1 0 0 1 1 0 1 0 0 0 0 1 0 0 1 0 0 1 0 0 0 1 1 0 1 0  |
 ├─────────────┼─────────────┼──────────────────────────────────────────────────────────────────────────────────────────────────────────────────────────────────┤
 | 11          | 26          | 0 0 0 0 0 0 0 0 0 0 0 1 0 0 0 0 0 0 0 0 0 0 0 0 0 0 1 1 0 0 0 0 0 0 0 0 0 0 0 0 0 0 0 0 0 0 0 0 0 0 0 0 0 0 0 0 0 0 0 0 0 0 0 0  |
 ├─────────────┼─────────────┼──────────────────────────────────────────────────────────────────────────────────────────────────────────────────────────────────┤
 | 11          | 53          | 0 0 0 0 0 0 0 0 0 0 0 1 0 0 0 0 0 0 0 0 0 0 0 0 0 0 0 0 0 0 0 0 0 0 0 0 0 0 0 0 0 0 0 0 0 0 0 0 0 0 0 0 0 1 0 0 0 0 0 0 0 0 0 0  |
 ├─────────────┼─────────────┼──────────────────────────────────────────────────────────────────────────────────────────────────────────────────────────────────┤
 | 12          | 41          | 0 0 0 0 0 0 0 0 0 0 0 0 1 0 0 0 0 0 0 0 0 0 0 0 0 0 0 0 0 0 0 0 0 0 0 0 0 0 0 0 0 1 0 0 0 0 0 0 0 0 0 0 0 0 0 0 0 0 0 1 0 0 0 0  |
 ├─────────────┼─────────────┼──────────────────────────────────────────────────────────────────────────────────────────────────────────────────────────────────┤
 | 12          | 9           | 0 0 0 0 0 0 0 0 0 1 0 0 1 0 0 0 0 0 0 0 0 0 0 0 0 0 0 0 0 0 0 0 0 0 0 0 0 0 0 0 0 0 0 0 0 0 0 0 0 0 0 0 0 0 0 0 0 0 0 0 0 0 0 0  |
 ├─────────────┼─────────────┼──────────────────────────────────────────────────────────────────────────────────────────────────────────────────────────────────┤
 | 12          | 15          | 0 0 0 0 0 0 0 0 0 0 0 0 1 0 0 1 0 0 1 0 0 0 0 0 0 0 0 0 0 0 0 0 0 0 0 0 0 0 0 0 0 0 0 0 0 0 1 0 1 0 0 0 0 0 0 0 0 0 0 0 0 0 0 0  |
 ├─────────────┼─────────────┼──────────────────────────────────────────────────────────────────────────────────────────────────────────────────────────────────┤
 | 12          | 47          | 0 0 0 0 0 0 0 0 0 0 0 0 1 0 0 0 0 0 0 0 0 0 0 0 0 0 0 0 0 0 0 0 0 0 0 0 0 0 0 0 0 0 0 0 0 0 0 1 0 0 0 0 0 0 0 1 0 0 0 0 0 0 0 0  |
 ├─────────────┼─────────────┼──────────────────────────────────────────────────────────────────────────────────────────────────────────────────────────────────┤
 | 13          | 14          | 0 0 0 0 0 0 0 0 0 0 0 0 0 1 1 0 0 0 0 0 0 0 0 0 0 0 0 0 0 0 0 0 0 0 0 0 0 0 0 0 0 0 0 0 0 0 0 0 0 0 0 0 0 0 0 0 0 0 0 0 0 0 0 0  |
 ├─────────────┼─────────────┼──────────────────────────────────────────────────────────────────────────────────────────────────────────────────────────────────┤
 | 13          | 47          | 0 0 1 1 1 0 0 0 0 0 0 0 0 1 0 0 1 1 0 0 0 0 0 0 1 0 1 0 0 0 0 0 0 0 0 0 0 0 0 0 0 0 0 0 0 0 0 1 1 0 0 0 0 1 0 0 0 0 0 0 0 0 1 1  |
 ├─────────────┼─────────────┼──────────────────────────────────────────────────────────────────────────────────────────────────────────────────────────────────┤
 | 13          | 34          | 0 0 0 0 0 0 0 0 0 0 0 0 0 1 0 0 0 0 0 0 0 0 0 0 0 0 0 0 0 0 0 0 0 0 1 0 0 0 0 0 0 0 0 0 0 0 0 0 0 0 0 0 0 0 0 0 0 0 0 0 0 0 0 0  |
 ├─────────────┼─────────────┼──────────────────────────────────────────────────────────────────────────────────────────────────────────────────────────────────┤
 | 13          | 6           | 0 0 0 0 0 0 1 0 0 0 0 0 0 1 0 0 0 0 0 0 0 0 0 0 0 0 0 0 0 0 1 0 0 0 0 0 0 1 0 0 0 0 0 0 0 0 0 0 0 0 0 0 0 0 0 0 0 0 0 0 0 0 0 0  |
 ├─────────────┼─────────────┼──────────────────────────────────────────────────────────────────────────────────────────────────────────────────────────────────┤
 | 14          | 60          | 0 0 0 0 0 0 0 0 0 0 0 0 0 0 1 0 0 1 0 0 0 0 0 0 0 0 0 0 0 0 0 0 0 0 0 0 0 0 0 0 0 0 0 0 0 0 0 0 0 0 0 0 0 0 0 0 0 0 0 0 1 0 0 0  |
 ├─────────────┼─────────────┼──────────────────────────────────────────────────────────────────────────────────────────────────────────────────────────────────┤
 | 14          | 15          | 0 0 0 0 0 0 0 0 0 0 0 0 0 0 1 1 0 0 0 0 0 0 0 0 0 0 0 0 0 0 0 0 0 0 0 0 0 0 0 0 0 0 0 0 0 0 0 0 0 0 0 0 0 0 0 0 0 0 0 0 0 0 0 0  |
 ├─────────────┼─────────────┼──────────────────────────────────────────────────────────────────────────────────────────────────────────────────────────────────┤
 | 14          | 17          | 0 0 0 0 0 0 0 0 0 0 0 0 0 0 1 0 0 1 0 0 0 0 0 0 0 0 0 0 0 0 0 0 0 0 0 0 0 0 0 0 0 0 0 0 0 0 0 0 0 0 0 0 0 0 0 0 0 0 0 0 0 0 0 0  |
 ├─────────────┼─────────────┼──────────────────────────────────────────────────────────────────────────────────────────────────────────────────────────────────┤
 | 14          | 34          | 0 0 0 0 0 0 0 0 0 0 0 0 0 0 1 0 0 0 0 0 0 0 0 0 0 0 0 0 0 0 0 0 0 0 1 0 0 0 0 0 0 0 0 0 0 0 0 0 0 0 0 0 0 0 0 0 0 0 0 0 0 0 0 0  |
 ├─────────────┼─────────────┼──────────────────────────────────────────────────────────────────────────────────────────────────────────────────────────────────┤
 | 15          | 61          | 0 0 0 0 0 0 0 0 0 0 0 0 0 0 0 1 0 0 0 0 0 0 0 0 0 0 0 0 0 0 0 0 0 0 0 0 0 0 0 0 0 0 0 0 0 0 0 0 0 0 0 0 0 0 0 0 0 0 0 0 0 1 0 0  |
 ├─────────────┼─────────────┼──────────────────────────────────────────────────────────────────────────────────────────────────────────────────────────────────┤
 | 15          | 29          | 0 0 0 0 0 0 0 0 0 0 0 0 0 0 0 1 0 0 0 0 0 0 0 0 0 0 0 0 0 1 0 0 0 0 0 0 0 0 0 0 1 0 1 0 0 0 0 0 0 0 0 0 0 0 0 0 0 0 0 0 0 0 0 0  |
 ├─────────────┼─────────────┼──────────────────────────────────────────────────────────────────────────────────────────────────────────────────────────────────┤
 | 15          | 16          | 0 0 0 0 0 0 0 0 0 0 0 0 0 0 0 1 1 0 0 0 1 0 0 0 0 0 0 0 0 0 0 0 0 0 0 0 0 0 0 0 0 1 1 0 0 0 0 1 0 0 0 0 0 0 0 0 0 0 0 0 0 0 0 0  |
 ├─────────────┼─────────────┼──────────────────────────────────────────────────────────────────────────────────────────────────────────────────────────────────┤
 | 15          | 2           | 0 0 1 0 0 0 0 0 0 0 0 0 0 0 0 1 0 0 0 0 0 0 0 0 0 0 0 0 0 1 0 0 0 0 1 0 0 0 0 0 0 0 0 0 1 0 0 0 0 0 0 1 0 0 1 0 0 0 0 0 0 1 0 1  |
 ├─────────────┼─────────────┼──────────────────────────────────────────────────────────────────────────────────────────────────────────────────────────────────┤
 | 16          | 44          | 0 0 0 0 0 0 0 0 0 0 0 0 0 0 0 0 1 0 0 0 0 0 0 0 0 0 0 0 0 0 0 0 0 0 0 0 0 0 0 0 0 0 0 0 1 0 0 0 0 0 0 0 1 0 0 0 0 0 0 0 0 0 0 0  |
 ├─────────────┼─────────────┼──────────────────────────────────────────────────────────────────────────────────────────────────────────────────────────────────┤
 | 16          | 17          | 0 0 0 0 0 0 0 0 0 0 0 0 0 0 0 0 1 1 0 0 0 0 0 0 0 0 0 0 0 0 0 0 0 0 0 0 0 0 0 0 0 0 0 0 0 0 0 0 0 0 0 0 0 0 0 1 1 1 0 0 0 0 0 0  |
 ├─────────────┼─────────────┼──────────────────────────────────────────────────────────────────────────────────────────────────────────────────────────────────┤
 | 16          | 34          | 0 0 0 0 0 0 0 0 0 0 0 0 0 0 0 0 1 0 0 0 0 0 0 0 0 0 0 0 0 0 0 0 0 0 1 0 0 0 0 0 0 0 0 0 0 0 0 0 0 0 0 0 0 0 0 0 0 0 0 0 0 0 0 0  |
 ├─────────────┼─────────────┼──────────────────────────────────────────────────────────────────────────────────────────────────────────────────────────────────┤
 | 16          | 32          | 0 0 0 0 0 0 0 0 0 0 0 0 0 0 0 0 1 0 0 0 0 0 0 0 0 0 0 0 0 0 0 1 1 0 0 0 0 0 0 0 0 0 0 0 0 0 0 0 0 0 0 0 0 0 0 0 0 0 0 0 0 0 0 0  |
 ├─────────────┼─────────────┼──────────────────────────────────────────────────────────────────────────────────────────────────────────────────────────────────┤
 | 17          | 18          | 0 0 0 0 0 0 0 0 0 0 0 0 0 0 0 0 0 1 1 0 0 0 0 0 0 0 0 0 0 0 0 0 0 0 0 0 0 0 0 0 0 0 0 0 0 0 0 0 0 0 0 0 0 0 0 0 0 0 0 0 0 0 0 0  |
 ├─────────────┼─────────────┼──────────────────────────────────────────────────────────────────────────────────────────────────────────────────────────────────┤
 | 17          | 20          | 1 0 1 1 1 1 1 1 1 1 0 1 1 1 1 1 0 1 1 1 1 1 1 1 1 1 1 1 1 1 1 1 1 1 0 1 1 1 1 1 1 1 1 1 1 1 1 1 1 1 0 1 1 1 1 1 1 1 0 1 1 1 1 1  |
 ├─────────────┼─────────────┼──────────────────────────────────────────────────────────────────────────────────────────────────────────────────────────────────┤
 | 17          | 0           | 1 1 1 1 1 1 1 1 1 1 1 1 1 1 1 1 1 1 1 1 1 1 1 1 1 1 1 1 1 1 1 1 1 1 1 1 1 1 1 1 1 1 1 1 1 1 1 1 1 1 1 1 1 1 1 0 1 1 1 1 1 1 1 1  |
 ├─────────────┼─────────────┼──────────────────────────────────────────────────────────────────────────────────────────────────────────────────────────────────┤
 | 17          | 42          | 0 0 0 0 0 0 0 0 0 0 0 0 0 0 0 0 0 1 0 0 0 0 0 0 0 0 0 0 0 0 0 0 0 0 0 0 0 0 0 0 0 0 1 0 0 0 1 0 0 0 0 0 0 0 0 0 0 0 0 1 0 0 0 0  |
 ├─────────────┼─────────────┼──────────────────────────────────────────────────────────────────────────────────────────────────────────────────────────────────┤
 | 18          | 19          | 0 0 0 0 0 0 0 0 0 0 0 0 0 0 0 0 0 0 1 1 0 0 0 0 0 0 0 0 0 0 0 0 0 0 0 0 0 0 0 0 0 0 0 0 0 0 0 0 0 0 0 0 0 0 0 0 0 0 0 0 0 0 0 0  |
 ├─────────────┼─────────────┼──────────────────────────────────────────────────────────────────────────────────────────────────────────────────────────────────┤
 | 18          | 17          | 0 0 0 0 0 0 0 0 0 0 0 0 0 0 0 0 0 1 1 1 0 0 0 0 0 0 0 0 0 0 0 0 0 0 0 0 0 0 0 0 0 0 0 0 0 0 0 0 0 0 0 0 0 0 0 0 0 0 0 1 1 1 0 0  |
 ├─────────────┼─────────────┼──────────────────────────────────────────────────────────────────────────────────────────────────────────────────────────────────┤
 | 18          | 2           | 0 0 1 0 0 0 0 0 0 0 0 0 0 0 0 0 0 0 1 0 0 0 0 1 0 0 1 0 0 0 0 0 0 0 0 0 0 0 0 0 0 0 0 0 0 0 0 0 0 0 0 0 0 1 0 0 0 0 0 0 0 0 0 0  |
 ├─────────────┼─────────────┼──────────────────────────────────────────────────────────────────────────────────────────────────────────────────────────────────┤
 | 18          | 1           | 0 1 0 0 0 0 0 0 0 0 0 0 0 0 1 0 0 0 1 0 0 0 0 0 0 0 0 0 0 0 0 0 0 0 0 1 0 0 0 0 0 0 0 0 0 0 0 0 0 0 0 0 1 0 0 0 0 0 0 0 0 0 0 0  |
 ├─────────────┼─────────────┼──────────────────────────────────────────────────────────────────────────────────────────────────────────────────────────────────┤
 | 19          | 54          | 0 0 0 0 0 0 0 0 0 0 0 0 0 0 0 0 0 0 0 1 0 0 0 0 0 0 0 0 0 0 0 0 0 0 0 0 0 0 0 0 0 0 0 0 0 0 0 0 0 0 0 0 0 0 1 0 0 0 0 0 0 0 0 0  |
 ├─────────────┼─────────────┼──────────────────────────────────────────────────────────────────────────────────────────────────────────────────────────────────┤
 | 19          | 53          | 0 0 0 0 0 0 0 0 0 0 0 0 0 0 0 0 0 0 0 1 0 0 0 0 0 0 0 0 0 0 0 0 0 0 0 0 0 0 0 0 0 0 0 0 0 0 0 0 0 0 0 0 0 1 1 0 0 0 1 1 0 0 0 0  |
 ├─────────────┼─────────────┼──────────────────────────────────────────────────────────────────────────────────────────────────────────────────────────────────┤
 | 19          | 46          | 0 0 0 0 0 0 0 0 0 0 0 0 0 0 0 0 0 0 0 1 0 0 0 0 0 0 0 0 0 0 0 0 0 0 0 0 0 0 0 0 0 0 0 0 0 0 1 1 0 0 0 0 0 0 0 0 0 0 0 0 0 0 0 0  |
 ├─────────────┼─────────────┼──────────────────────────────────────────────────────────────────────────────────────────────────────────────────────────────────┤
 | 19          | 31          | 0 0 0 0 0 0 0 0 0 0 0 0 0 0 0 0 0 0 0 1 0 0 0 0 0 0 0 0 0 0 0 1 0 0 0 0 0 0 0 0 0 0 0 0 0 0 0 0 0 0 0 0 0 0 0 0 0 0 0 0 0 0 0 0  |
 ├─────────────┼─────────────┼──────────────────────────────────────────────────────────────────────────────────────────────────────────────────────────────────┤
 | 20          | 43          | 0 0 0 0 0 0 0 0 0 0 0 0 0 0 0 0 0 0 0 0 1 0 0 0 0 0 0 0 0 0 0 0 0 0 0 0 0 0 0 0 0 0 0 1 0 0 0 0 0 0 0 0 0 0 0 0 0 0 0 0 0 0 0 0  |
 ├─────────────┼─────────────┼──────────────────────────────────────────────────────────────────────────────────────────────────────────────────────────────────┤
 | 20          | 6           | 0 0 0 0 0 0 1 1 0 0 0 0 0 0 0 0 0 0 0 0 1 0 0 0 0 0 0 0 0 0 0 0 0 1 0 0 0 0 0 0 0 0 0 0 0 0 0 0 0 0 0 0 0 0 1 0 0 0 0 0 0 0 0 0  |
 ├─────────────┼─────────────┼──────────────────────────────────────────────────────────────────────────────────────────────────────────────────────────────────┤
 | 20          | 19          | 0 0 0 0 0 0 0 0 0 0 0 0 0 0 0 0 0 0 0 1 1 1 0 0 0 0 0 0 0 0 0 0 0 0 0 0 0 0 0 0 0 0 0 0 0 0 0 0 0 0 0 0 0 0 0 0 0 0 0 0 0 0 0 0  |
 ├─────────────┼─────────────┼──────────────────────────────────────────────────────────────────────────────────────────────────────────────────────────────────┤
 | 20          | 46          | 0 0 0 0 0 0 0 0 0 0 0 0 0 0 0 0 0 0 0 0 1 0 0 0 0 0 0 0 0 0 0 0 0 0 0 0 0 0 0 0 0 0 0 0 0 0 1 0 0 0 0 0 0 0 0 0 0 0 0 0 0 0 0 0  |
 ├─────────────┼─────────────┼──────────────────────────────────────────────────────────────────────────────────────────────────────────────────────────────────┤
 | 21          | 0           | 1 1 0 1 1 1 1 1 1 1 1 1 1 1 1 1 1 1 1 1 0 1 1 0 1 1 1 1 1 1 1 0 1 1 1 1 1 1 1 1 1 1 1 1 1 1 1 1 1 1 0 1 1 1 1 1 1 1 1 1 1 1 1 1  |
 ├─────────────┼─────────────┼──────────────────────────────────────────────────────────────────────────────────────────────────────────────────────────────────┤
 | 21          | 22          | 0 0 0 0 0 0 0 0 0 0 0 0 0 0 0 0 0 0 0 0 0 1 1 0 0 0 0 0 0 1 1 0 0 0 0 0 0 0 0 0 0 0 0 0 0 0 0 0 0 0 0 0 0 0 0 0 0 0 0 0 0 0 0 0  |
 ├─────────────┼─────────────┼──────────────────────────────────────────────────────────────────────────────────────────────────────────────────────────────────┤
 | 21          | 10          | 1 1 1 1 1 1 1 0 1 1 1 1 1 1 1 1 1 1 1 1 1 1 1 1 1 1 1 1 1 1 1 1 1 1 1 1 0 1 1 1 1 1 1 1 1 1 0 1 1 1 1 1 1 1 1 1 1 0 1 1 1 1 1 0  |
 ├─────────────┼─────────────┼──────────────────────────────────────────────────────────────────────────────────────────────────────────────────────────────────┤
 | 21          | 20          | 0 0 0 0 0 0 0 0 1 0 0 0 0 0 0 0 0 0 0 0 1 1 0 0 0 0 0 0 0 0 0 0 0 1 0 0 0 0 0 0 0 0 0 0 0 0 0 0 0 0 0 0 0 0 0 0 0 0 0 0 0 0 0 0  |
 ├─────────────┼─────────────┼──────────────────────────────────────────────────────────────────────────────────────────────────────────────────────────────────┤
 | 22          | 10          | 0 0 0 0 0 0 0 0 0 1 1 0 0 0 0 0 1 0 0 0 0 1 1 1 1 0 0 0 0 0 0 0 0 0 0 1 0 1 0 0 0 0 0 0 0 0 1 1 0 0 1 0 0 0 1 1 1 1 1 1 1 1 0 0  |
 ├─────────────┼─────────────┼──────────────────────────────────────────────────────────────────────────────────────────────────────────────────────────────────┤
 | 22          | 46          | 0 0 0 0 0 0 0 0 0 0 0 0 0 0 0 0 0 0 0 0 0 1 1 0 0 0 0 0 0 0 0 0 0 0 0 0 0 0 0 0 0 0 0 0 0 1 1 1 0 0 0 0 0 0 0 0 0 0 0 0 0 0 0 0  |
 ├─────────────┼─────────────┼──────────────────────────────────────────────────────────────────────────────────────────────────────────────────────────────────┤
 | 22          | 23          | 0 0 0 0 0 0 0 0 0 0 0 0 0 0 0 0 0 0 0 0 0 0 1 1 0 0 0 0 0 0 0 0 0 0 0 0 0 0 0 0 0 0 0 0 0 0 0 0 0 0 0 0 0 0 0 0 0 0 0 0 0 0 0 0  |
 ├─────────────┼─────────────┼──────────────────────────────────────────────────────────────────────────────────────────────────────────────────────────────────┤
 | 22          | 4           | 1 0 0 0 1 1 1 1 1 1 0 1 0 0 0 1 0 0 0 0 1 0 1 0 1 0 1 1 0 0 0 1 0 0 0 0 0 0 1 0 0 1 1 1 0 0 0 0 0 0 0 0 1 0 0 0 0 1 0 0 1 0 0 1  |
 ├─────────────┼─────────────┼──────────────────────────────────────────────────────────────────────────────────────────────────────────────────────────────────┤
 | 23          | 37          | 0 0 0 0 0 0 0 0 0 0 0 0 0 0 0 0 0 0 0 0 0 0 0 1 0 0 0 0 0 0 0 0 0 0 0 0 0 1 0 0 0 0 0 0 0 0 0 0 0 0 0 0 0 0 0 0 0 0 0 1 0 0 0 0  |
 ├─────────────┼─────────────┼──────────────────────────────────────────────────────────────────────────────────────────────────────────────────────────────────┤
 | 23          | 22          | 0 0 0 0 0 0 0 0 0 0 0 0 0 0 0 0 0 0 0 0 0 0 1 1 0 0 0 0 0 0 0 0 0 0 1 0 0 0 0 0 0 0 0 0 0 0 0 0 0 0 0 0 0 0 0 0 0 0 0 0 0 0 0 0  |
 ├─────────────┼─────────────┼──────────────────────────────────────────────────────────────────────────────────────────────────────────────────────────────────┤
 | 23          | 19          | 0 0 0 0 0 0 0 0 0 0 0 0 0 0 0 0 0 0 1 1 1 0 0 1 0 0 0 0 0 0 0 0 0 0 0 0 0 0 0 0 0 0 0 0 0 0 0 0 0 0 0 0 0 0 0 0 0 0 0 0 0 1 1 1  |
 ├─────────────┼─────────────┼──────────────────────────────────────────────────────────────────────────────────────────────────────────────────────────────────┤
 | 23          | 62          | 0 0 0 0 0 0 0 0 0 0 0 0 0 0 0 0 1 0 0 0 0 1 1 1 0 0 0 0 0 0 0 0 0 0 0 0 0 1 1 1 0 0 0 0 1 0 0 0 0 0 0 1 0 0 0 0 0 0 0 1 1 0 1 1  |
 ├─────────────┼─────────────┼──────────────────────────────────────────────────────────────────────────────────────────────────────────────────────────────────┤
 | 24          | 11          | 1 1 1 1 1 1 1 1 1 1 1 1 1 1 1 1 1 1 1 1 1 1 1 1 1 1 1 1 1 1 1 1 1 1 1 1 1 1 1 1 1 1 1 1 1 1 1 1 1 1 1 1 1 1 1 1 1 1 1 1 1 1 1 1  |
 ├─────────────┼─────────────┼──────────────────────────────────────────────────────────────────────────────────────────────────────────────────────────────────┤
 | 24          | 38          | 0 0 0 0 0 0 0 0 0 0 0 0 0 0 0 0 0 0 0 0 0 0 0 0 1 0 0 0 0 0 0 0 0 0 0 0 0 0 1 0 0 0 0 0 0 0 0 0 0 0 0 0 0 0 0 0 0 0 0 0 1 0 0 0  |
 ├─────────────┼─────────────┼──────────────────────────────────────────────────────────────────────────────────────────────────────────────────────────────────┤
 | 24          | 36          | 0 0 0 0 0 0 0 0 0 0 0 0 0 0 0 0 0 0 0 0 0 0 0 0 1 0 0 0 0 0 0 0 0 0 0 0 1 0 0 0 0 0 0 0 0 0 0 0 0 0 0 0 0 0 0 0 0 0 0 0 0 0 0 0  |
 ├─────────────┼─────────────┼──────────────────────────────────────────────────────────────────────────────────────────────────────────────────────────────────┤
 | 24          | 62          | 0 0 0 0 0 0 0 0 0 0 0 0 0 0 0 0 0 0 0 0 0 0 0 0 1 0 0 0 0 0 0 0 0 0 0 0 0 0 0 0 0 0 0 0 0 0 0 0 0 0 0 0 0 0 0 0 0 0 0 0 0 0 1 0  |
 ├─────────────┼─────────────┼──────────────────────────────────────────────────────────────────────────────────────────────────────────────────────────────────┤
 | 25          | 37          | 0 0 0 0 0 0 0 0 0 0 0 0 0 0 0 0 0 0 0 0 0 0 0 0 0 1 0 0 0 0 0 0 0 0 0 0 0 1 0 1 0 0 0 0 0 0 0 0 0 0 0 0 0 1 0 0 0 0 0 0 0 0 0 0  |
 ├─────────────┼─────────────┼──────────────────────────────────────────────────────────────────────────────────────────────────────────────────────────────────┤
 | 25          | 39          | 0 0 0 0 0 0 0 0 0 0 0 0 0 0 0 0 0 0 0 0 0 0 0 0 0 1 0 0 0 0 0 0 0 0 0 0 0 0 0 1 0 0 0 0 0 0 0 0 0 0 0 0 0 0 0 0 0 0 0 0 0 0 0 0  |
 ├─────────────┼─────────────┼──────────────────────────────────────────────────────────────────────────────────────────────────────────────────────────────────┤
 | 25          | 40          | 0 0 0 0 0 0 0 0 0 0 0 0 0 0 0 0 0 0 0 0 0 0 0 0 0 1 0 0 0 0 0 0 0 0 0 0 0 0 0 0 1 0 0 0 0 0 0 0 0 0 0 0 1 0 1 0 0 0 0 0 0 0 0 0  |
 ├─────────────┼─────────────┼──────────────────────────────────────────────────────────────────────────────────────────────────────────────────────────────────┤
 | 25          | 26          | 0 0 0 0 0 0 0 0 0 0 0 0 0 0 0 0 0 0 0 0 0 0 0 0 0 1 1 0 0 0 0 0 0 0 0 0 0 0 0 0 0 0 0 0 0 0 0 0 0 0 0 0 0 0 0 0 0 0 0 0 0 0 0 0  |
 ├─────────────┼─────────────┼──────────────────────────────────────────────────────────────────────────────────────────────────────────────────────────────────┤
 | 26          | 25          | 0 0 0 0 0 0 0 0 0 0 0 0 0 0 0 0 0 0 0 0 0 0 0 0 0 1 1 0 0 0 0 0 0 0 0 0 0 0 0 0 0 0 0 0 0 0 0 0 1 0 0 0 0 0 0 0 0 0 0 0 0 0 0 0  |
 ├─────────────┼─────────────┼──────────────────────────────────────────────────────────────────────────────────────────────────────────────────────────────────┤
 | 26          | 24          | 0 0 0 0 0 0 0 0 0 0 0 0 0 0 0 0 0 0 0 0 0 0 0 0 1 0 1 0 0 0 0 0 0 0 0 0 0 0 0 0 0 0 0 0 0 0 0 0 0 0 0 0 0 0 0 0 0 0 0 0 0 0 0 0  |
 ├─────────────┼─────────────┼──────────────────────────────────────────────────────────────────────────────────────────────────────────────────────────────────┤
 | 26          | 53          | 0 0 0 0 0 0 0 0 0 0 0 0 0 0 0 0 0 0 0 0 0 0 0 0 0 0 1 0 0 0 0 0 0 0 0 0 0 0 0 0 0 0 0 0 0 0 0 0 0 0 0 0 1 1 0 0 0 0 0 0 0 0 0 0  |
 ├─────────────┼─────────────┼──────────────────────────────────────────────────────────────────────────────────────────────────────────────────────────────────┤
 | 26          | 55          | 0 0 1 0 0 0 0 0 0 0 0 0 0 0 0 0 0 0 1 0 0 0 0 0 0 0 1 0 0 0 0 0 0 0 0 0 0 0 0 0 0 0 0 0 0 0 0 0 0 0 0 0 0 0 0 1 0 0 0 0 0 0 0 0  |
 ├─────────────┼─────────────┼──────────────────────────────────────────────────────────────────────────────────────────────────────────────────────────────────┤
 | 27          | 13          | 0 0 0 0 0 0 0 0 0 0 0 0 0 1 0 0 0 0 0 0 0 0 0 0 0 0 0 1 0 0 0 0 0 0 0 0 0 0 0 0 1 1 0 0 0 0 0 0 0 0 0 0 0 0 1 0 0 0 0 0 0 0 0 0  |
 ├─────────────┼─────────────┼──────────────────────────────────────────────────────────────────────────────────────────────────────────────────────────────────┤
 | 27          | 39          | 1 1 1 1 1 1 1 1 1 1 1 1 1 1 1 1 1 1 1 1 1 1 1 1 1 1 1 1 1 1 1 1 1 1 1 1 1 1 1 1 1 1 1 1 1 1 1 1 1 1 1 1 1 1 1 1 1 1 1 1 1 1 1 1  |
 ├─────────────┼─────────────┼──────────────────────────────────────────────────────────────────────────────────────────────────────────────────────────────────┤
 | 27          | 16          | 1 1 1 1 1 1 1 1 1 1 1 1 1 1 1 1 1 1 1 1 1 1 1 1 1 1 0 1 1 1 1 1 1 1 1 1 1 1 1 1 1 1 0 1 1 1 1 1 1 1 1 1 1 1 1 1 1 1 1 1 1 1 1 1  |
 ├─────────────┼─────────────┼──────────────────────────────────────────────────────────────────────────────────────────────────────────────────────────────────┤
 | 27          | 26          | 0 0 0 0 0 1 1 0 0 0 0 0 0 0 0 0 1 1 0 0 0 0 0 0 0 0 1 1 0 0 1 1 0 0 0 0 0 0 0 0 0 0 0 0 0 0 0 0 0 0 0 0 0 0 0 0 0 0 0 0 0 0 0 0  |
 ├─────────────┼─────────────┼──────────────────────────────────────────────────────────────────────────────────────────────────────────────────────────────────┤
 | 28          | 27          | 0 0 0 0 0 0 0 0 0 0 0 0 0 0 0 0 0 0 0 0 0 0 0 0 0 0 0 1 1 0 0 0 0 0 0 0 0 0 0 0 0 0 0 0 0 0 0 0 0 0 0 0 0 0 0 0 0 0 0 0 0 0 0 0  |
 ├─────────────┼─────────────┼──────────────────────────────────────────────────────────────────────────────────────────────────────────────────────────────────┤
 | 28          | 48          | 0 0 0 0 0 0 0 0 0 0 0 0 0 0 0 0 0 0 0 0 0 0 0 0 0 0 0 0 1 0 0 0 0 0 0 0 0 0 1 0 0 0 0 0 0 0 0 0 1 0 0 0 1 0 0 0 0 0 0 0 0 0 0 0  |
 ├─────────────┼─────────────┼──────────────────────────────────────────────────────────────────────────────────────────────────────────────────────────────────┤
 | 28          | 38          | 0 0 0 0 0 0 0 0 0 0 0 0 0 0 0 1 1 0 0 0 0 0 0 0 0 0 0 0 1 0 0 0 0 0 0 0 0 0 1 1 0 0 0 0 0 0 0 0 0 0 0 0 0 0 0 0 0 0 0 0 0 0 0 0  |
 ├─────────────┼─────────────┼──────────────────────────────────────────────────────────────────────────────────────────────────────────────────────────────────┤
 | 28          | 59          | 0 0 0 0 0 0 0 0 0 0 0 0 0 0 0 0 0 0 0 0 0 0 0 0 0 0 0 0 1 0 0 0 0 0 0 0 0 0 0 0 0 0 0 0 0 0 0 0 0 0 0 0 0 0 0 0 0 0 0 1 0 0 0 0  |
 ├─────────────┼─────────────┼──────────────────────────────────────────────────────────────────────────────────────────────────────────────────────────────────┤
 | 29          | 5           | 0 0 0 0 0 1 0 0 0 0 0 0 0 0 0 0 0 0 0 0 0 0 0 0 0 0 0 0 0 1 0 0 0 0 0 0 0 0 0 0 0 0 0 0 0 0 0 0 0 0 0 0 0 0 0 0 0 0 0 0 0 0 0 0  |
 ├─────────────┼─────────────┼──────────────────────────────────────────────────────────────────────────────────────────────────────────────────────────────────┤
 | 29          | 21          | 0 0 0 0 0 0 0 0 0 0 0 0 0 0 0 0 0 0 0 0 0 1 0 0 0 0 0 0 0 1 0 0 0 0 0 0 0 0 0 0 0 0 0 0 0 0 0 0 0 0 0 0 0 0 0 0 0 0 0 0 0 0 0 0  |
 ├─────────────┼─────────────┼──────────────────────────────────────────────────────────────────────────────────────────────────────────────────────────────────┤
 | 29          | 30          | 0 0 0 0 0 0 0 0 0 0 0 0 0 0 0 0 0 0 0 0 0 0 0 0 0 1 1 0 0 1 1 0 0 0 0 0 0 0 0 0 1 0 0 0 0 0 0 0 0 0 0 0 0 0 0 0 0 0 0 0 0 0 0 0  |
 ├─────────────┼─────────────┼──────────────────────────────────────────────────────────────────────────────────────────────────────────────────────────────────┤
 | 29          | 27          | 0 0 0 0 0 0 0 0 0 0 0 0 0 0 0 0 0 0 0 0 0 0 1 0 0 0 0 1 0 1 0 0 0 0 0 0 0 0 0 0 0 0 0 0 0 0 0 0 0 0 0 0 0 0 0 0 0 0 0 0 0 0 0 0  |
 ├─────────────┼─────────────┼──────────────────────────────────────────────────────────────────────────────────────────────────────────────────────────────────┤
 | 30          | 0           | 1 1 1 1 1 1 1 1 1 1 1 1 1 1 1 1 1 1 1 1 1 1 1 1 1 1 1 1 1 1 1 1 1 1 1 1 1 1 1 1 1 1 1 1 1 1 1 1 1 1 1 1 1 1 1 1 1 1 1 1 1 1 1 1  |
 ├─────────────┼─────────────┼──────────────────────────────────────────────────────────────────────────────────────────────────────────────────────────────────┤
 | 30          | 60          | 0 0 0 0 0 0 0 0 0 0 0 0 0 0 0 0 0 0 0 0 0 0 0 0 0 0 0 0 0 0 1 0 0 0 0 0 0 0 0 0 0 0 0 0 0 0 0 0 0 0 0 0 0 0 0 0 0 0 0 1 1 1 0 0  |
 ├─────────────┼─────────────┼──────────────────────────────────────────────────────────────────────────────────────────────────────────────────────────────────┤
 | 30          | 7           | 0 0 0 0 0 0 0 1 0 0 0 0 0 0 0 0 0 0 0 0 0 0 0 0 0 0 0 0 0 0 1 0 0 0 0 0 0 0 0 0 0 0 0 0 0 0 0 0 0 0 0 0 0 1 0 0 0 0 0 0 0 0 0 0  |
 ├─────────────┼─────────────┼──────────────────────────────────────────────────────────────────────────────────────────────────────────────────────────────────┤
 | 30          | 55          | 0 0 0 0 1 0 0 0 0 0 0 0 0 0 0 0 0 0 0 0 0 0 0 0 0 0 0 0 0 0 1 0 0 0 0 0 0 0 0 0 0 0 0 0 0 0 0 0 0 0 0 0 0 0 0 1 0 0 0 0 0 0 0 0  |
 ├─────────────┼─────────────┼──────────────────────────────────────────────────────────────────────────────────────────────────────────────────────────────────┤
 | 31          | 55          | 0 0 0 0 0 0 0 0 0 0 0 0 0 0 0 0 0 0 0 0 0 0 0 0 0 0 0 0 0 0 0 1 0 0 0 0 0 0 0 0 0 0 0 0 0 0 0 0 0 0 0 0 0 0 0 1 0 0 0 0 0 0 0 0  |
 ├─────────────┼─────────────┼──────────────────────────────────────────────────────────────────────────────────────────────────────────────────────────────────┤
 | 31          | 32          | 0 0 0 0 0 0 0 0 0 0 0 0 0 0 0 0 0 0 0 0 0 0 0 0 0 0 0 0 0 0 0 1 1 1 1 1 0 0 0 0 0 0 0 0 1 1 0 0 0 0 0 0 0 0 0 1 0 0 0 0 0 0 0 0  |
 ├─────────────┼─────────────┼──────────────────────────────────────────────────────────────────────────────────────────────────────────────────────────────────┤
 | 31          | 30          | 0 0 0 0 0 0 0 0 0 0 0 0 0 0 0 0 0 0 0 0 0 0 0 0 0 1 0 0 1 0 1 1 0 0 0 0 0 0 0 1 1 0 0 0 0 0 0 0 0 0 0 0 0 0 0 0 0 0 0 0 0 0 0 0  |
 ├─────────────┼─────────────┼──────────────────────────────────────────────────────────────────────────────────────────────────────────────────────────────────┤
 | 31          | 8           | 0 0 0 0 0 0 0 0 1 0 0 0 0 0 0 0 0 0 0 0 0 0 0 0 0 0 0 0 0 0 0 1 0 0 0 0 0 0 0 0 0 0 0 0 0 0 0 0 0 0 0 0 0 0 0 0 0 0 0 0 0 0 0 0  |
 ├─────────────┼─────────────┼──────────────────────────────────────────────────────────────────────────────────────────────────────────────────────────────────┤
 | 32          | 33          | 0 0 0 0 0 0 0 0 0 0 0 0 0 0 0 0 0 0 0 0 0 0 0 0 0 0 0 0 0 0 0 0 1 1 1 1 0 0 0 0 0 0 0 0 0 0 0 0 0 0 0 0 0 0 0 0 0 0 0 0 0 0 0 0  |
 ├─────────────┼─────────────┼──────────────────────────────────────────────────────────────────────────────────────────────────────────────────────────────────┤
 | 32          | 52          | 0 0 0 0 0 0 0 0 0 0 0 0 0 0 0 0 0 0 0 0 0 0 0 0 0 0 0 0 0 0 0 0 1 0 0 0 0 0 0 0 0 0 0 0 0 0 0 0 0 0 0 0 1 0 0 0 0 0 0 0 0 0 0 0  |
 ├─────────────┼─────────────┼──────────────────────────────────────────────────────────────────────────────────────────────────────────────────────────────────┤
 | 32          | 54          | 0 0 0 0 0 0 0 0 0 0 0 0 0 0 0 0 0 0 0 0 0 0 0 0 0 0 0 0 0 0 0 0 1 0 0 0 0 0 0 0 0 0 0 0 0 0 0 0 0 0 0 0 0 0 1 0 0 0 0 0 0 0 0 0  |
 ├─────────────┼─────────────┼──────────────────────────────────────────────────────────────────────────────────────────────────────────────────────────────────┤
 | 32          | 25          | 0 0 0 0 0 0 0 0 0 0 0 0 0 0 0 0 0 0 0 0 0 0 0 0 1 1 1 0 0 0 0 0 1 0 0 0 0 0 0 0 0 0 0 0 0 0 0 0 0 0 0 0 0 0 0 0 0 0 0 0 0 0 0 0  |
 ├─────────────┼─────────────┼──────────────────────────────────────────────────────────────────────────────────────────────────────────────────────────────────┤
 | 33          | 18          | 0 0 0 0 0 0 0 0 0 0 0 0 0 0 0 0 0 0 1 0 0 0 0 0 0 0 0 0 0 0 0 0 0 1 0 0 0 0 0 0 0 1 0 0 0 0 0 0 0 0 0 0 0 0 0 0 0 0 0 0 0 0 0 0  |
 ├─────────────┼─────────────┼──────────────────────────────────────────────────────────────────────────────────────────────────────────────────────────────────┤
 | 33          | 45          | 0 0 0 0 0 0 0 0 0 0 0 0 0 0 0 0 0 0 0 0 0 0 0 0 0 0 0 0 0 0 0 0 0 1 1 0 0 0 0 0 0 0 0 0 0 1 1 0 0 0 0 0 0 0 0 0 0 0 0 0 0 0 0 0  |
 ├─────────────┼─────────────┼──────────────────────────────────────────────────────────────────────────────────────────────────────────────────────────────────┤
 | 33          | 44          | 0 0 0 0 0 0 0 0 0 0 0 0 0 0 0 0 0 0 0 0 0 0 0 0 0 0 0 0 0 0 0 0 0 1 0 0 0 0 0 0 0 0 0 0 1 0 0 0 0 0 0 0 0 0 0 0 0 0 0 0 0 0 0 0  |
 ├─────────────┼─────────────┼──────────────────────────────────────────────────────────────────────────────────────────────────────────────────────────────────┤
 | 33          | 32          | 0 0 0 0 0 0 0 0 0 0 0 0 0 0 0 0 0 0 0 0 0 0 0 0 0 0 0 0 0 0 0 0 1 1 0 0 0 0 0 0 0 0 0 0 0 0 0 0 1 0 0 0 0 0 0 0 0 0 0 0 0 0 0 0  |
 ├─────────────┼─────────────┼──────────────────────────────────────────────────────────────────────────────────────────────────────────────────────────────────┤
 | 34          | 35          | 0 0 0 0 0 0 0 0 0 0 0 0 0 0 0 0 0 0 0 0 0 0 0 0 0 0 0 0 0 0 0 0 0 0 1 1 0 0 0 0 0 0 0 0 0 0 0 0 0 0 0 0 0 0 0 0 0 0 0 0 0 0 0 0  |
 ├─────────────┼─────────────┼──────────────────────────────────────────────────────────────────────────────────────────────────────────────────────────────────┤
 | 34          | 22          | 0 0 0 0 0 0 0 0 0 1 0 0 0 1 0 0 0 0 0 0 0 0 1 0 0 0 0 0 0 0 0 0 0 0 1 0 0 0 0 0 0 0 0 0 0 0 0 0 0 0 0 0 0 0 0 0 0 0 0 0 0 0 0 0  |
 ├─────────────┼─────────────┼──────────────────────────────────────────────────────────────────────────────────────────────────────────────────────────────────┤
 | 34          | 59          | 0 0 0 0 0 0 0 0 0 0 0 0 0 0 0 0 0 0 0 0 0 0 0 0 0 0 0 0 0 0 0 0 0 0 1 0 0 0 0 0 0 0 0 0 0 0 0 0 0 0 0 0 0 0 0 0 0 0 0 1 0 0 0 0  |
 ├─────────────┼─────────────┼──────────────────────────────────────────────────────────────────────────────────────────────────────────────────────────────────┤
 | 34          | 57          | 0 0 0 0 0 0 0 0 0 0 0 0 0 0 0 0 0 0 0 0 0 0 0 0 0 0 0 0 0 0 0 0 0 0 1 0 0 0 0 0 0 0 0 0 0 0 0 0 0 0 0 0 0 0 0 0 0 1 0 0 0 0 0 0  |
 ├─────────────┼─────────────┼──────────────────────────────────────────────────────────────────────────────────────────────────────────────────────────────────┤
 | 35          | 26          | 0 0 0 0 0 0 0 0 0 0 0 0 0 0 0 0 0 1 1 0 0 0 0 0 0 0 1 0 0 0 1 1 0 0 0 1 0 0 0 1 0 0 0 0 0 0 0 0 0 0 0 0 0 0 1 0 0 0 0 0 0 0 0 0  |
 ├─────────────┼─────────────┼──────────────────────────────────────────────────────────────────────────────────────────────────────────────────────────────────┤
 | 35          | 48          | 0 0 0 0 0 0 0 0 0 0 0 0 0 0 0 0 0 0 0 0 0 0 0 0 0 0 0 0 0 0 0 0 0 0 0 1 0 0 0 0 0 0 0 0 0 0 0 0 1 0 0 0 0 0 1 0 0 0 0 0 0 0 0 0  |
 ├─────────────┼─────────────┼──────────────────────────────────────────────────────────────────────────────────────────────────────────────────────────────────┤
 | 35          | 36          | 0 0 0 0 0 0 0 0 0 0 0 0 0 0 0 0 0 0 0 0 0 0 0 0 0 0 0 0 0 0 0 0 0 0 0 1 1 0 0 0 0 0 0 0 0 0 0 0 0 0 0 0 0 0 0 0 0 0 0 0 0 0 0 0  |
 ├─────────────┼─────────────┼──────────────────────────────────────────────────────────────────────────────────────────────────────────────────────────────────┤
 | 35          | 34          | 0 0 0 0 0 0 0 0 0 0 0 0 0 0 0 0 0 0 0 0 0 0 0 0 0 0 0 0 0 0 0 0 0 0 1 1 0 0 0 0 0 0 0 0 0 0 0 0 0 0 0 0 0 0 0 0 0 0 0 0 0 0 0 0  |
 ├─────────────┼─────────────┼──────────────────────────────────────────────────────────────────────────────────────────────────────────────────────────────────┤
 | 36          | 13          | 0 0 0 0 0 0 0 0 0 0 0 0 1 1 0 0 0 0 0 0 0 0 0 0 1 0 0 0 0 0 0 0 0 0 0 0 1 1 0 0 0 0 0 0 0 0 0 0 0 0 0 0 0 0 0 0 0 0 0 0 0 0 0 0  |
 ├─────────────┼─────────────┼──────────────────────────────────────────────────────────────────────────────────────────────────────────────────────────────────┤
 | 36          | 0           | 1 0 0 0 0 0 0 0 0 0 0 0 0 0 0 0 0 0 0 0 0 0 1 1 0 0 0 0 0 0 0 0 0 0 0 1 1 0 0 0 0 0 0 0 0 0 0 0 0 0 0 0 0 0 0 0 0 0 0 0 0 0 0 0  |
 ├─────────────┼─────────────┼──────────────────────────────────────────────────────────────────────────────────────────────────────────────────────────────────┤
 | 36          | 37          | 0 0 0 0 0 0 0 0 0 0 0 0 0 0 0 0 0 0 0 0 0 0 0 0 0 0 0 0 0 0 0 0 0 0 0 0 1 1 0 0 0 0 0 0 0 0 0 0 0 0 0 0 0 0 0 0 0 0 0 0 0 0 0 0  |
 ├─────────────┼─────────────┼──────────────────────────────────────────────────────────────────────────────────────────────────────────────────────────────────┤
 | 36          | 23          | 0 0 0 0 0 0 0 0 0 0 0 0 0 0 0 1 0 0 0 0 0 0 0 1 0 0 0 0 0 0 0 0 0 0 0 0 1 0 0 0 0 0 0 0 0 0 0 0 1 1 0 0 0 0 0 0 0 0 1 0 0 0 0 0  |
 ├─────────────┼─────────────┼──────────────────────────────────────────────────────────────────────────────────────────────────────────────────────────────────┤
 | 37          | 21          | 0 0 1 0 0 0 0 0 0 0 0 0 0 0 0 0 0 0 0 0 0 1 0 0 0 0 0 1 0 0 0 0 0 0 0 0 1 1 0 0 0 0 0 0 0 0 0 0 0 0 0 0 0 0 0 0 0 0 0 0 0 0 0 0  |
 ├─────────────┼─────────────┼──────────────────────────────────────────────────────────────────────────────────────────────────────────────────────────────────┤
 | 37          | 24          | 0 0 0 0 0 0 0 0 0 0 0 0 1 0 0 0 0 0 0 0 0 0 0 0 1 0 0 0 0 0 0 0 0 0 0 0 0 1 0 0 0 0 0 0 0 0 0 0 0 0 0 0 0 0 0 0 0 0 0 0 0 0 0 0  |
 ├─────────────┼─────────────┼──────────────────────────────────────────────────────────────────────────────────────────────────────────────────────────────────┤
 | 37          | 38          | 0 0 0 0 0 0 0 0 0 0 0 0 0 0 0 0 0 0 0 0 0 0 0 0 0 0 0 0 0 0 0 0 0 0 0 0 0 1 1 0 0 0 0 0 0 0 0 0 0 0 0 0 0 0 0 0 0 0 0 0 0 0 0 0  |
 ├─────────────┼─────────────┼──────────────────────────────────────────────────────────────────────────────────────────────────────────────────────────────────┤
 | 37          | 45          | 0 0 0 0 0 0 0 0 0 0 0 0 0 0 0 0 0 0 0 0 0 0 0 0 0 0 0 0 0 0 0 0 0 0 0 0 0 1 0 0 0 0 0 0 0 1 0 0 0 0 0 0 0 0 0 0 0 0 0 0 0 0 0 0  |
 ├─────────────┼─────────────┼──────────────────────────────────────────────────────────────────────────────────────────────────────────────────────────────────┤
 | 38          | 39          | 0 0 0 0 0 0 0 0 0 0 0 0 0 0 0 0 0 0 0 0 0 0 0 0 0 0 0 0 0 0 0 0 0 0 0 0 0 0 1 1 0 0 0 0 0 0 0 0 0 0 0 0 0 0 0 0 0 0 0 0 0 0 0 0  |
 ├─────────────┼─────────────┼──────────────────────────────────────────────────────────────────────────────────────────────────────────────────────────────────┤
 | 38          | 51          | 0 0 0 0 0 0 0 0 0 0 0 0 0 0 0 0 0 0 0 0 0 0 0 0 0 1 0 0 0 0 0 0 0 0 0 0 0 0 1 0 0 0 0 0 0 0 0 0 0 0 0 1 0 0 0 0 0 0 0 0 0 0 0 0  |
 ├─────────────┼─────────────┼──────────────────────────────────────────────────────────────────────────────────────────────────────────────────────────────────┤
 | 38          | 63          | 0 0 0 0 0 0 0 0 0 0 0 0 0 0 0 0 0 0 0 0 0 0 0 0 0 0 0 0 0 0 0 0 0 0 0 0 0 0 1 0 0 0 0 0 0 0 0 0 0 0 0 0 0 0 0 0 0 0 0 0 0 0 0 1  |
 ├─────────────┼─────────────┼──────────────────────────────────────────────────────────────────────────────────────────────────────────────────────────────────┤
 | 38          | 18          | 0 0 0 1 0 0 1 0 0 0 0 0 0 0 0 1 0 0 1 0 0 0 1 0 0 0 0 0 0 0 1 0 0 0 1 0 0 0 1 0 0 0 0 0 1 1 0 0 0 0 0 0 1 0 0 1 0 0 0 0 0 0 1 0  |
 ├─────────────┼─────────────┼──────────────────────────────────────────────────────────────────────────────────────────────────────────────────────────────────┤
 | 39          | 61          | 0 0 0 0 0 0 0 0 0 1 0 0 0 0 0 0 0 0 0 0 0 0 0 0 0 0 0 0 0 0 0 0 0 0 0 0 0 0 0 1 0 0 0 0 0 0 0 0 0 0 0 0 0 0 0 0 0 0 0 0 0 1 0 0  |
 ├─────────────┼─────────────┼──────────────────────────────────────────────────────────────────────────────────────────────────────────────────────────────────┤
 | 39          | 45          | 0 0 0 0 0 0 0 0 0 0 0 0 0 0 0 0 0 0 0 0 0 0 0 0 0 0 0 0 0 0 0 0 0 0 0 0 0 0 0 1 0 0 0 0 0 1 1 0 0 0 0 0 0 0 0 0 0 0 0 0 0 0 0 0  |
 ├─────────────┼─────────────┼──────────────────────────────────────────────────────────────────────────────────────────────────────────────────────────────────┤
 | 39          | 60          | 0 0 0 0 0 0 0 0 0 0 0 0 0 0 0 0 1 1 0 0 0 0 0 0 0 0 0 0 0 0 0 0 0 0 0 0 0 0 0 1 0 0 0 0 0 0 0 0 0 0 0 0 0 0 0 0 0 0 0 0 1 0 0 0  |
 ├─────────────┼─────────────┼──────────────────────────────────────────────────────────────────────────────────────────────────────────────────────────────────┤
 | 39          | 40          | 0 0 0 0 0 0 0 0 0 0 0 0 0 0 0 0 0 0 0 0 0 0 0 0 0 0 0 0 0 0 0 0 0 0 0 0 0 0 0 1 1 0 0 0 0 0 0 0 0 0 0 0 0 0 0 0 0 0 0 0 0 0 0 0  |
 ├─────────────┼─────────────┼──────────────────────────────────────────────────────────────────────────────────────────────────────────────────────────────────┤
 | 40          | 33          | 0 0 0 0 0 0 0 0 0 0 0 0 0 0 0 0 0 0 0 0 0 0 0 0 0 0 0 0 0 0 0 0 0 1 0 0 0 0 0 0 1 0 0 0 0 0 0 0 0 0 0 0 0 0 0 0 0 0 0 0 0 0 0 0  |
 ├─────────────┼─────────────┼──────────────────────────────────────────────────────────────────────────────────────────────────────────────────────────────────┤
 | 40          | 20          | 0 0 0 0 0 0 0 0 0 0 0 0 0 0 0 0 0 0 0 0 1 0 0 0 0 0 0 0 0 0 1 0 0 0 0 0 0 0 0 0 1 0 0 0 0 0 0 0 0 0 0 0 0 0 0 0 0 0 0 0 0 0 0 0  |
 ├─────────────┼─────────────┼──────────────────────────────────────────────────────────────────────────────────────────────────────────────────────────────────┤
 | 40          | 58          | 0 0 0 0 0 0 0 0 0 0 0 0 0 0 0 0 0 0 0 0 0 0 0 0 0 0 0 0 0 0 0 0 0 0 0 0 0 0 0 0 1 0 0 0 0 0 0 0 0 0 0 0 0 0 0 0 0 0 1 0 0 0 0 0  |
 ├─────────────┼─────────────┼──────────────────────────────────────────────────────────────────────────────────────────────────────────────────────────────────┤
 | 40          | 63          | 0 0 0 0 0 0 0 0 0 0 0 0 0 0 0 0 0 0 0 0 0 0 0 0 0 0 0 0 0 0 0 0 0 0 0 0 0 0 0 0 1 0 0 0 0 0 0 0 0 0 0 0 0 0 0 0 0 0 0 0 0 0 0 1  |
 ├─────────────┼─────────────┼──────────────────────────────────────────────────────────────────────────────────────────────────────────────────────────────────┤
 | 41          | 42          | 0 0 0 0 0 0 0 0 0 0 0 0 0 0 0 0 0 0 0 0 0 0 0 0 0 0 0 0 0 0 0 0 0 0 0 0 0 0 0 0 0 1 1 0 0 0 0 0 0 0 0 0 0 0 0 0 0 0 0 0 0 0 0 0  |
 ├─────────────┼─────────────┼──────────────────────────────────────────────────────────────────────────────────────────────────────────────────────────────────┤
 | 41          | 50          | 0 0 0 0 0 0 0 0 0 0 0 0 0 0 0 0 0 0 0 1 0 0 0 0 0 0 0 0 0 0 0 0 0 0 0 0 0 0 0 0 0 1 0 0 0 0 0 0 0 0 1 0 0 0 0 0 0 0 0 0 0 0 0 0  |
 ├─────────────┼─────────────┼──────────────────────────────────────────────────────────────────────────────────────────────────────────────────────────────────┤
 | 41          | 21          | 0 0 0 0 0 0 0 0 0 0 0 0 0 0 0 0 0 0 0 0 0 1 0 0 0 0 0 0 0 0 0 0 0 0 0 0 0 0 0 0 1 1 0 0 0 0 0 0 0 0 0 0 0 0 0 0 0 0 0 0 0 0 0 0  |
 ├─────────────┼─────────────┼──────────────────────────────────────────────────────────────────────────────────────────────────────────────────────────────────┤
 | 41          | 34          | 1 0 1 1 0 0 0 0 0 0 1 1 1 0 0 0 1 0 0 0 0 0 0 0 0 0 0 0 0 0 1 0 0 0 1 0 1 0 0 0 1 1 0 1 0 0 0 0 0 0 0 0 0 0 0 0 0 0 0 0 0 0 0 0  |
 ├─────────────┼─────────────┼──────────────────────────────────────────────────────────────────────────────────────────────────────────────────────────────────┤
 | 42          | 33          | 0 0 0 0 0 0 0 0 0 0 0 0 0 0 0 0 0 0 0 0 0 0 0 0 0 0 0 0 0 0 0 0 0 1 0 0 0 0 0 1 0 0 1 0 0 0 0 0 0 0 0 0 0 0 0 0 0 0 0 0 0 0 0 0  |
 ├─────────────┼─────────────┼──────────────────────────────────────────────────────────────────────────────────────────────────────────────────────────────────┤
 | 42          | 0           | 1 0 0 0 0 0 0 0 0 0 0 0 0 0 0 0 0 0 0 0 0 0 0 0 0 0 0 0 0 0 0 0 0 0 0 0 0 0 0 0 0 0 1 0 0 0 0 0 0 0 0 0 0 0 0 0 0 0 0 0 0 0 0 0  |
 ├─────────────┼─────────────┼──────────────────────────────────────────────────────────────────────────────────────────────────────────────────────────────────┤
 | 42          | 48          | 0 0 0 0 0 0 0 0 0 0 0 0 0 0 0 0 0 0 0 0 0 0 0 0 0 0 0 0 0 0 0 0 0 0 0 0 0 0 0 0 0 0 1 0 0 0 0 0 1 0 0 0 0 0 0 0 0 0 0 0 1 0 0 0  |
 ├─────────────┼─────────────┼──────────────────────────────────────────────────────────────────────────────────────────────────────────────────────────────────┤
 | 42          | 30          | 0 0 0 0 0 0 0 0 0 0 0 0 0 0 0 0 0 0 0 0 0 0 0 0 0 0 0 0 0 0 1 0 0 0 0 0 0 0 0 0 0 0 1 0 0 0 0 0 0 0 0 0 0 0 0 0 0 0 0 0 0 0 0 0  |
 ├─────────────┼─────────────┼──────────────────────────────────────────────────────────────────────────────────────────────────────────────────────────────────┤
 | 43          | 1           | 0 1 0 1 1 1 1 0 1 1 0 0 0 0 1 1 1 1 1 0 0 0 0 0 0 0 0 0 0 0 1 1 0 0 0 0 0 0 0 0 0 1 1 1 0 0 0 0 0 0 0 0 0 1 1 1 0 0 0 0 0 0 0 0  |
 ├─────────────┼─────────────┼──────────────────────────────────────────────────────────────────────────────────────────────────────────────────────────────────┤
 | 43          | 0           | 1 1 1 1 1 1 1 1 1 1 1 1 1 1 1 1 1 1 1 1 1 1 1 1 1 1 1 1 1 1 1 1 1 1 1 1 1 1 1 1 1 1 1 1 1 1 1 1 1 1 1 1 1 1 1 1 1 1 1 1 1 1 1 1  |
 ├─────────────┼─────────────┼──────────────────────────────────────────────────────────────────────────────────────────────────────────────────────────────────┤
 | 43          | 12          | 0 0 0 0 0 0 0 1 0 0 0 0 1 0 0 0 0 0 0 1 0 0 0 0 0 0 0 0 0 0 0 0 0 0 0 0 0 0 0 0 0 0 0 1 0 0 0 0 0 0 0 0 0 0 0 0 0 0 0 0 0 0 0 0  |
 ├─────────────┼─────────────┼──────────────────────────────────────────────────────────────────────────────────────────────────────────────────────────────────┤
 | 43          | 42          | 0 0 0 0 0 0 0 0 0 0 0 0 0 0 0 0 0 0 0 0 0 0 0 0 0 0 0 0 0 0 0 0 0 0 0 0 0 0 0 0 0 0 1 1 0 0 0 0 0 0 0 0 0 0 0 0 0 0 0 0 0 0 0 0  |
 ├─────────────┼─────────────┼──────────────────────────────────────────────────────────────────────────────────────────────────────────────────────────────────┤
 | 44          | 45          | 0 0 0 0 0 0 0 0 0 0 0 0 0 0 0 0 0 0 0 0 0 0 0 0 0 0 0 0 0 0 0 0 0 0 0 0 0 0 0 0 0 0 0 0 1 1 0 0 0 0 0 0 0 0 0 0 0 0 0 0 0 0 0 0  |
 ├─────────────┼─────────────┼──────────────────────────────────────────────────────────────────────────────────────────────────────────────────────────────────┤
 | 44          | 24          | 0 0 0 0 0 0 0 0 0 0 0 0 0 0 0 0 0 0 0 0 0 0 0 0 1 0 0 0 0 0 0 0 0 0 0 0 0 0 0 0 0 0 0 0 1 0 0 0 0 0 0 0 0 0 0 0 0 0 0 0 0 0 0 0  |
 ├─────────────┼─────────────┼──────────────────────────────────────────────────────────────────────────────────────────────────────────────────────────────────┤
 | 44          | 39          | 0 0 0 0 0 0 0 0 0 0 0 0 0 0 0 0 0 0 0 0 0 0 0 0 0 0 0 0 1 0 0 0 0 0 0 0 0 0 0 1 0 0 0 0 1 0 0 0 0 0 0 0 1 0 0 1 0 0 0 0 0 0 0 0  |
 ├─────────────┼─────────────┼──────────────────────────────────────────────────────────────────────────────────────────────────────────────────────────────────┤
 | 44          | 55          | 0 0 0 0 0 0 0 0 0 0 0 0 0 0 0 0 0 0 0 0 0 0 0 0 0 0 0 0 0 0 0 0 0 0 0 0 0 0 0 0 0 0 0 0 1 0 0 0 0 0 0 0 0 0 0 1 0 0 0 0 0 0 0 0  |
 ├─────────────┼─────────────┼──────────────────────────────────────────────────────────────────────────────────────────────────────────────────────────────────┤
 | 45          | 48          | 0 0 0 0 1 0 0 0 0 0 0 0 0 0 0 0 0 0 1 0 1 0 0 0 0 0 0 0 0 0 0 0 0 0 0 0 0 0 0 0 0 0 0 0 0 1 0 0 1 0 0 0 0 0 0 0 0 0 0 1 0 0 0 0  |
 ├─────────────┼─────────────┼──────────────────────────────────────────────────────────────────────────────────────────────────────────────────────────────────┤
 | 45          | 22          | 0 0 0 0 0 0 0 0 0 0 0 0 0 0 0 0 0 0 0 0 0 0 1 0 0 0 0 0 0 0 0 0 0 0 0 0 0 0 0 0 0 0 0 0 0 1 0 0 0 0 0 0 0 1 1 0 0 0 0 0 0 0 0 0  |
 ├─────────────┼─────────────┼──────────────────────────────────────────────────────────────────────────────────────────────────────────────────────────────────┤
 | 45          | 35          | 0 0 0 0 0 0 0 0 0 0 0 0 0 0 0 0 0 0 0 0 0 0 0 1 0 0 1 0 0 0 0 0 0 0 0 1 0 0 0 0 0 0 0 0 1 1 0 1 0 0 0 0 0 0 1 0 0 0 0 0 1 0 0 0  |
 ├─────────────┼─────────────┼──────────────────────────────────────────────────────────────────────────────────────────────────────────────────────────────────┤
 | 45          | 44          | 0 0 0 0 0 0 0 0 0 0 0 0 0 0 0 0 0 0 0 0 0 0 0 0 0 0 0 0 0 0 0 0 0 0 0 0 0 0 0 0 0 0 0 0 1 1 0 0 0 0 0 0 0 0 0 0 0 0 0 0 0 0 0 0  |
 ├─────────────┼─────────────┼──────────────────────────────────────────────────────────────────────────────────────────────────────────────────────────────────┤
 | 46          | 20          | 1 1 0 1 1 1 1 1 1 1 1 1 1 1 1 1 1 1 1 1 1 1 1 1 1 1 1 1 1 1 1 1 1 1 1 1 1 1 1 1 1 1 1 1 1 1 1 1 1 1 1 1 1 1 1 1 1 1 1 1 1 1 1 1  |
 ├─────────────┼─────────────┼──────────────────────────────────────────────────────────────────────────────────────────────────────────────────────────────────┤
 | 46          | 47          | 0 0 0 0 0 0 0 0 0 0 0 0 0 0 0 0 0 0 0 0 0 0 0 0 0 0 0 0 0 0 0 0 0 0 0 0 0 0 0 0 0 0 0 1 0 0 1 1 0 0 0 0 0 0 0 0 0 0 0 0 0 0 0 0  |
 ├─────────────┼─────────────┼──────────────────────────────────────────────────────────────────────────────────────────────────────────────────────────────────┤
 | 46          | 52          | 0 0 0 0 0 0 0 0 0 0 0 0 0 0 0 0 0 0 0 0 0 0 0 0 0 0 0 0 0 0 0 0 0 0 0 0 0 0 0 0 0 0 0 0 0 0 1 0 0 0 0 0 1 0 0 0 0 0 0 0 0 0 0 0  |
 ├─────────────┼─────────────┼──────────────────────────────────────────────────────────────────────────────────────────────────────────────────────────────────┤
 | 46          | 34          | 0 0 0 0 0 0 0 0 0 0 0 0 0 0 0 0 0 0 0 0 0 0 0 0 0 0 0 0 0 0 0 0 0 0 1 0 0 0 0 0 0 0 0 0 0 0 1 0 0 0 0 0 0 0 0 0 0 0 0 0 0 0 0 0  |
 ├─────────────┼─────────────┼──────────────────────────────────────────────────────────────────────────────────────────────────────────────────────────────────┤
 | 47          | 63          | 1 1 0 1 1 0 1 0 1 0 1 1 1 1 0 0 0 0 0 1 1 1 1 1 1 1 0 1 0 1 1 1 0 1 1 1 1 0 1 1 0 1 0 1 1 1 1 1 1 1 1 1 1 1 0 1 1 1 1 1 1 0 1 1  |
 ├─────────────┼─────────────┼──────────────────────────────────────────────────────────────────────────────────────────────────────────────────────────────────┤
 | 47          | 48          | 0 0 0 0 0 0 0 0 0 0 0 0 0 0 0 0 0 0 0 0 0 0 0 0 0 0 0 0 0 0 0 0 0 0 0 0 0 0 0 0 0 0 0 0 0 0 0 1 1 0 0 0 0 0 0 0 0 0 0 0 0 0 0 0  |
 ├─────────────┼─────────────┼──────────────────────────────────────────────────────────────────────────────────────────────────────────────────────────────────┤
 | 47          | 54          | 0 0 0 0 0 0 0 0 0 0 0 0 0 0 0 0 0 0 0 0 0 0 0 0 0 0 0 0 0 0 0 0 0 0 0 0 0 0 0 0 0 0 0 0 0 0 0 1 0 0 0 0 0 0 1 0 0 0 0 0 0 0 0 0  |
 ├─────────────┼─────────────┼──────────────────────────────────────────────────────────────────────────────────────────────────────────────────────────────────┤
 | 47          | 59          | 0 0 0 0 0 0 0 0 0 0 0 0 0 0 0 0 1 0 0 0 0 0 0 0 0 0 0 0 0 0 0 0 0 0 0 0 0 0 0 0 0 0 0 0 0 0 0 1 0 0 0 0 1 0 0 0 0 0 0 1 0 0 0 0  |
 ├─────────────┼─────────────┼──────────────────────────────────────────────────────────────────────────────────────────────────────────────────────────────────┤
 | 48          | 1           | 0 1 1 0 0 0 0 0 0 0 0 0 0 0 0 0 0 0 0 0 0 0 0 0 0 0 0 0 0 0 0 0 0 0 0 0 0 0 0 0 0 0 0 0 0 0 0 0 1 0 0 0 0 0 0 0 0 0 0 0 0 0 0 0  |
 ├─────────────┼─────────────┼──────────────────────────────────────────────────────────────────────────────────────────────────────────────────────────────────┤
 | 48          | 62          | 0 1 1 1 1 1 1 1 1 1 1 1 1 1 0 0 0 0 0 0 1 1 1 0 1 1 1 1 1 1 1 1 1 0 1 1 1 1 1 0 1 1 1 1 1 1 0 1 1 1 1 1 1 1 0 1 1 1 1 1 1 0 1 0  |
 ├─────────────┼─────────────┼──────────────────────────────────────────────────────────────────────────────────────────────────────────────────────────────────┤
 | 48          | 57          | 0 0 0 0 0 0 0 0 0 0 0 0 0 0 0 0 0 0 0 0 0 0 0 0 0 0 0 0 0 0 0 0 0 0 0 0 0 0 0 0 0 0 0 0 0 0 0 0 1 0 0 0 0 0 0 1 0 1 0 0 0 1 1 0  |
 ├─────────────┼─────────────┼──────────────────────────────────────────────────────────────────────────────────────────────────────────────────────────────────┤
 | 48          | 60          | 0 0 0 1 1 0 0 1 0 1 0 1 0 0 0 0 1 1 0 0 0 0 1 1 0 0 0 0 1 1 0 0 0 0 1 0 1 0 0 0 1 1 1 0 0 0 1 1 1 0 0 0 0 1 1 0 0 0 1 1 1 0 0 0  |
 ├─────────────┼─────────────┼──────────────────────────────────────────────────────────────────────────────────────────────────────────────────────────────────┤
 | 49          | 62          | 0 0 0 1 0 0 0 0 0 0 0 0 0 0 0 0 0 0 0 0 0 0 0 0 0 0 0 0 0 0 0 0 0 0 0 0 0 0 0 0 0 0 0 0 0 0 0 0 0 1 1 0 0 0 0 0 0 0 0 0 0 0 1 0  |
 ├─────────────┼─────────────┼──────────────────────────────────────────────────────────────────────────────────────────────────────────────────────────────────┤
 | 49          | 48          | 0 0 0 0 0 0 0 0 0 0 0 0 0 0 0 0 0 0 0 0 0 0 0 0 0 0 0 0 0 0 0 0 0 0 0 0 0 0 0 0 0 0 0 0 0 0 0 0 1 1 1 0 0 0 0 0 0 1 1 0 0 0 0 0  |
 ├─────────────┼─────────────┼──────────────────────────────────────────────────────────────────────────────────────────────────────────────────────────────────┤
 | 49          | 50          | 0 0 0 0 0 0 0 0 0 0 0 0 0 0 0 0 0 0 0 0 0 0 0 0 0 0 0 0 0 0 0 0 0 0 0 0 0 0 0 0 0 0 0 0 0 0 0 0 0 1 1 0 0 0 0 0 0 0 0 0 0 0 0 0  |
 ├─────────────┼─────────────┼──────────────────────────────────────────────────────────────────────────────────────────────────────────────────────────────────┤
 | 49          | 51          | 0 0 0 0 0 0 0 0 0 0 0 0 0 0 0 0 0 0 0 0 0 0 0 0 0 0 0 0 0 0 0 0 0 0 0 0 0 0 0 0 0 0 0 0 0 0 0 0 0 1 0 1 0 0 0 0 0 0 0 0 0 0 0 1  |
 ├─────────────┼─────────────┼──────────────────────────────────────────────────────────────────────────────────────────────────────────────────────────────────┤
 | 50          | 57          | 0 0 0 0 0 0 0 0 0 0 0 0 0 0 0 0 0 0 0 0 0 0 0 0 0 0 0 0 0 0 0 0 0 0 0 0 0 0 0 0 0 0 0 0 0 0 0 0 0 0 1 0 0 0 0 0 0 1 0 0 0 0 0 0  |
 ├─────────────┼─────────────┼──────────────────────────────────────────────────────────────────────────────────────────────────────────────────────────────────┤
 | 50          | 51          | 0 0 0 0 0 0 0 0 0 0 0 0 0 0 0 0 0 0 0 0 0 0 0 0 0 0 0 0 0 0 0 0 0 0 0 0 0 0 0 0 0 0 0 0 0 0 0 0 0 0 1 1 0 0 0 0 0 1 0 0 0 0 0 1  |
 ├─────────────┼─────────────┼──────────────────────────────────────────────────────────────────────────────────────────────────────────────────────────────────┤
 | 50          | 14          | 0 0 0 0 0 0 0 0 0 0 0 0 0 0 1 1 0 0 0 0 0 0 0 0 0 0 1 0 0 1 0 0 0 0 0 0 0 1 1 0 0 0 0 0 0 0 0 0 0 1 1 1 0 0 0 0 0 0 0 0 0 1 1 0  |
 ├─────────────┼─────────────┼──────────────────────────────────────────────────────────────────────────────────────────────────────────────────────────────────┤
 | 50          | 37          | 0 0 0 0 0 0 0 0 0 0 0 0 0 0 0 0 0 0 0 0 0 0 0 0 0 0 0 0 0 0 0 0 0 0 0 0 0 1 0 0 0 0 0 0 0 0 0 0 0 0 1 0 0 0 0 1 0 0 0 0 0 0 0 0  |
 ├─────────────┼─────────────┼──────────────────────────────────────────────────────────────────────────────────────────────────────────────────────────────────┤
 | 51          | 56          | 0 0 0 0 0 0 0 0 0 0 0 0 0 0 0 0 0 0 0 0 0 0 0 0 0 0 0 0 0 0 0 0 0 0 0 0 0 0 0 0 0 0 0 0 0 0 0 0 0 0 0 1 0 0 0 0 1 0 0 0 0 0 0 0  |
 ├─────────────┼─────────────┼──────────────────────────────────────────────────────────────────────────────────────────────────────────────────────────────────┤
 | 51          | 0           | 1 0 0 0 0 0 0 0 0 0 0 0 0 0 0 0 0 0 0 0 0 0 0 0 0 0 0 0 0 0 0 0 0 0 0 0 0 0 0 0 0 0 0 0 0 0 0 0 0 0 0 1 0 0 0 0 0 0 0 0 0 0 0 0  |
 ├─────────────┼─────────────┼──────────────────────────────────────────────────────────────────────────────────────────────────────────────────────────────────┤
 | 51          | 63          | 0 0 0 0 0 0 0 0 0 0 0 0 0 0 0 0 0 0 0 0 0 0 0 0 0 0 0 0 0 0 0 0 0 0 0 0 0 0 0 0 0 0 0 0 0 0 0 0 0 0 0 1 0 0 0 0 0 0 0 0 0 0 0 1  |
 ├─────────────┼─────────────┼──────────────────────────────────────────────────────────────────────────────────────────────────────────────────────────────────┤
 | 51          | 52          | 0 0 0 0 0 0 0 0 0 0 0 0 0 0 0 0 0 0 0 0 0 0 0 0 0 0 0 0 0 0 0 0 0 0 0 0 0 0 0 0 0 0 0 0 0 0 0 0 0 0 0 1 1 0 0 0 0 0 0 0 0 0 0 0  |
 ├─────────────┼─────────────┼──────────────────────────────────────────────────────────────────────────────────────────────────────────────────────────────────┤
 | 52          | 53          | 0 0 0 0 0 0 0 0 0 0 0 0 0 0 0 0 0 0 0 0 0 0 0 0 0 0 0 0 0 0 0 0 0 0 0 0 0 0 0 0 0 0 0 0 0 0 0 0 0 0 0 0 1 1 0 0 0 0 0 0 0 0 0 0  |
 ├─────────────┼─────────────┼──────────────────────────────────────────────────────────────────────────────────────────────────────────────────────────────────┤
 | 52          | 5           | 0 0 0 0 0 1 0 0 0 0 0 0 0 0 0 0 0 0 0 0 0 0 0 0 0 0 0 0 0 0 0 0 0 0 0 0 0 0 0 0 0 0 0 0 0 0 0 0 0 0 0 0 1 0 0 0 0 0 0 0 0 0 0 0  |
 ├─────────────┼─────────────┼──────────────────────────────────────────────────────────────────────────────────────────────────────────────────────────────────┤
 | 52          | 47          | 1 1 1 1 1 1 1 1 1 1 1 0 1 1 1 1 1 1 1 1 1 1 1 1 0 0 1 0 1 1 1 0 0 1 1 0 0 0 0 0 1 1 0 0 0 0 1 1 0 0 0 0 1 0 0 0 0 0 0 0 0 0 0 0  |
 ├─────────────┼─────────────┼──────────────────────────────────────────────────────────────────────────────────────────────────────────────────────────────────┤
 | 52          | 51          | 0 0 0 0 0 0 0 0 0 0 0 0 0 0 0 0 0 0 0 0 0 0 0 0 0 0 0 0 0 0 0 0 0 0 0 0 0 0 0 0 0 0 0 0 0 0 0 0 0 0 0 1 1 0 0 0 0 0 0 0 0 0 0 0  |
 ├─────────────┼─────────────┼──────────────────────────────────────────────────────────────────────────────────────────────────────────────────────────────────┤
 | 53          | 60          | 0 0 0 0 0 0 0 0 0 0 0 0 0 0 0 0 0 0 0 0 0 0 0 0 0 0 0 0 0 0 0 0 0 0 0 0 0 0 0 0 0 0 0 0 0 0 0 0 0 0 0 0 0 1 0 0 0 0 0 0 1 0 0 0  |
 ├─────────────┼─────────────┼──────────────────────────────────────────────────────────────────────────────────────────────────────────────────────────────────┤
 | 53          | 61          | 0 0 0 0 0 0 0 0 0 0 0 0 0 0 0 0 0 0 0 0 0 0 0 0 0 0 0 0 0 0 0 0 0 0 0 0 0 0 0 0 0 0 0 0 0 0 0 0 0 0 0 0 0 1 0 0 0 0 0 0 1 1 0 0  |
 ├─────────────┼─────────────┼──────────────────────────────────────────────────────────────────────────────────────────────────────────────────────────────────┤
 | 53          | 47          | 1 0 0 0 1 0 0 0 0 0 0 0 1 0 0 0 0 0 0 1 0 0 0 0 0 0 0 0 1 0 0 0 0 0 0 0 0 0 0 0 0 0 0 0 0 0 0 1 0 0 0 0 0 1 0 0 0 0 0 0 0 0 0 0  |
 ├─────────────┼─────────────┼──────────────────────────────────────────────────────────────────────────────────────────────────────────────────────────────────┤
 | 53          | 54          | 0 0 0 0 0 0 1 1 0 0 0 0 0 0 0 0 0 0 0 0 0 0 0 0 0 0 0 0 0 0 0 0 0 0 0 0 0 0 0 0 0 0 0 0 0 0 0 0 0 0 0 0 0 1 1 0 0 0 0 0 0 0 0 0  |
 ├─────────────┼─────────────┼──────────────────────────────────────────────────────────────────────────────────────────────────────────────────────────────────┤
 | 54          | 55          | 0 0 0 0 0 0 0 0 0 0 0 0 0 0 0 0 0 0 0 0 0 0 0 0 0 0 0 0 0 0 0 0 0 0 0 0 0 0 0 0 0 0 0 0 0 0 0 0 0 0 0 0 0 0 1 1 0 0 0 0 0 0 0 0  |
 ├─────────────┼─────────────┼──────────────────────────────────────────────────────────────────────────────────────────────────────────────────────────────────┤
 | 54          | 8           | 0 0 0 0 0 0 0 0 1 0 0 0 0 0 0 0 0 0 0 0 0 0 0 1 0 0 0 0 0 0 0 0 0 0 0 0 0 0 0 0 0 0 0 0 0 0 0 0 0 0 0 0 0 0 1 0 0 0 0 0 0 0 0 0  |
 ├─────────────┼─────────────┼──────────────────────────────────────────────────────────────────────────────────────────────────────────────────────────────────┤
 | 54          | 0           | 1 0 0 0 0 0 0 0 0 0 0 0 0 0 0 0 0 0 0 0 0 0 0 0 0 0 0 0 0 0 0 1 0 0 0 0 0 0 0 0 0 0 0 0 0 0 0 0 0 0 0 0 0 0 1 0 0 0 0 0 0 0 0 0  |
 ├─────────────┼─────────────┼──────────────────────────────────────────────────────────────────────────────────────────────────────────────────────────────────┤
 | 54          | 61          | 0 0 0 0 0 0 0 0 0 0 0 0 0 0 0 0 0 0 0 0 0 0 0 0 0 0 0 0 0 0 0 0 0 0 0 0 0 0 0 0 0 0 0 0 0 0 0 0 0 0 0 0 0 0 1 0 0 0 0 0 0 1 0 0  |
 ├─────────────┼─────────────┼──────────────────────────────────────────────────────────────────────────────────────────────────────────────────────────────────┤
 | 55          | 52          | 0 0 0 0 0 0 0 0 0 0 0 0 0 0 0 0 0 0 0 0 0 0 0 0 0 0 0 0 0 0 0 0 0 0 0 0 0 0 0 0 0 0 0 0 0 0 0 0 0 1 1 1 1 0 0 1 0 0 0 0 0 0 0 0  |
 ├─────────────┼─────────────┼──────────────────────────────────────────────────────────────────────────────────────────────────────────────────────────────────┤
 | 55          | 35          | 0 0 0 0 0 0 0 0 0 0 0 0 0 0 0 0 0 0 0 0 0 0 0 0 0 0 0 0 0 0 0 0 0 0 1 1 1 0 0 0 0 0 0 0 1 0 0 0 0 0 0 0 0 0 0 1 0 0 0 0 0 0 0 0  |
 ├─────────────┼─────────────┼──────────────────────────────────────────────────────────────────────────────────────────────────────────────────────────────────┤
 | 55          | 58          | 0 0 0 0 0 0 0 0 0 0 0 0 0 0 0 0 0 0 0 0 0 0 0 0 0 0 0 0 0 0 0 0 0 0 0 0 0 0 0 0 0 0 0 0 0 0 0 0 0 0 0 0 0 0 0 1 0 0 1 0 0 0 0 0  |
 ├─────────────┼─────────────┼──────────────────────────────────────────────────────────────────────────────────────────────────────────────────────────────────┤
 | 55          | 56          | 0 1 0 0 0 0 0 0 0 0 0 0 0 0 0 0 0 0 0 0 0 0 0 0 0 0 0 0 0 0 0 1 0 0 0 0 0 0 1 0 0 0 0 0 0 0 0 0 0 0 0 0 1 1 1 1 1 0 0 0 0 0 1 0  |
 ├─────────────┼─────────────┼──────────────────────────────────────────────────────────────────────────────────────────────────────────────────────────────────┤
 | 56          | 48          | 0 0 0 0 0 0 0 0 0 0 0 0 0 0 0 0 0 0 0 0 0 0 0 0 0 0 0 0 0 0 0 0 0 0 0 0 0 0 0 0 0 0 0 0 0 0 0 0 1 1 0 0 0 0 0 0 1 0 0 0 0 0 0 0  |
 ├─────────────┼─────────────┼──────────────────────────────────────────────────────────────────────────────────────────────────────────────────────────────────┤
 | 56          | 55          | 0 0 0 0 0 0 0 0 0 0 0 0 0 0 0 0 0 0 0 0 0 0 0 0 0 0 0 0 0 0 0 0 0 0 0 0 0 0 0 0 0 0 0 0 0 0 0 0 0 0 0 0 0 0 0 1 1 0 0 0 0 0 0 0  |
 ├─────────────┼─────────────┼──────────────────────────────────────────────────────────────────────────────────────────────────────────────────────────────────┤
 | 56          | 63          | 1 1 1 1 1 1 1 1 1 1 1 1 1 1 1 1 1 1 1 0 0 0 1 1 1 1 1 1 1 1 1 1 1 1 1 1 1 1 1 1 1 1 1 1 1 1 1 1 1 1 1 1 1 1 1 1 1 1 1 1 1 1 1 1  |
 ├─────────────┼─────────────┼──────────────────────────────────────────────────────────────────────────────────────────────────────────────────────────────────┤
 | 56          | 27          | 0 0 0 0 0 0 0 0 0 0 1 1 1 0 0 0 0 0 0 0 0 0 0 0 0 0 0 1 1 0 0 0 0 0 0 0 0 0 0 0 0 0 0 0 0 0 0 0 0 0 0 0 0 0 0 0 1 0 0 0 0 0 0 0  |
 ├─────────────┼─────────────┼──────────────────────────────────────────────────────────────────────────────────────────────────────────────────────────────────┤
 | 57          | 44          | 0 0 0 0 0 0 0 0 0 0 0 0 1 0 0 0 0 0 0 1 0 0 0 0 0 0 0 0 0 0 0 0 0 0 0 0 0 0 0 0 0 0 0 0 1 0 0 0 0 0 0 0 0 0 0 0 0 1 0 0 0 0 0 0  |
 ├─────────────┼─────────────┼──────────────────────────────────────────────────────────────────────────────────────────────────────────────────────────────────┤
 | 57          | 1           | 0 1 0 0 0 0 0 0 0 0 0 0 0 0 0 0 0 0 0 0 0 0 0 0 0 0 0 0 0 0 0 0 0 0 0 0 0 0 0 0 0 0 1 0 0 0 0 0 0 0 0 0 0 0 0 0 0 1 0 0 0 0 0 0  |
 ├─────────────┼─────────────┼──────────────────────────────────────────────────────────────────────────────────────────────────────────────────────────────────┤
 | 57          | 56          | 0 0 0 0 0 0 0 0 0 0 0 0 0 0 0 0 0 0 0 0 0 0 0 0 0 0 0 0 0 0 0 0 0 1 1 0 0 0 0 0 0 0 0 0 0 0 0 0 0 0 0 0 0 0 0 0 1 1 0 0 0 0 0 0  |
 ├─────────────┼─────────────┼──────────────────────────────────────────────────────────────────────────────────────────────────────────────────────────────────┤
 | 57          | 23          | 0 0 0 0 0 0 0 0 0 0 0 0 0 0 0 0 0 0 0 0 0 0 0 1 0 0 0 0 0 0 0 0 0 0 0 0 0 0 0 0 0 0 0 0 0 0 0 0 0 0 0 0 0 0 0 0 0 1 0 0 0 0 0 0  |
 ├─────────────┼─────────────┼──────────────────────────────────────────────────────────────────────────────────────────────────────────────────────────────────┤
 | 58          | 22          | 0 0 0 0 0 0 0 0 0 0 0 0 0 0 0 0 0 0 0 0 0 0 1 0 0 0 0 0 0 0 0 0 0 0 0 0 0 0 0 0 0 0 0 0 1 0 0 0 0 0 0 0 0 0 0 0 0 0 1 0 0 0 1 0  |
 ├─────────────┼─────────────┼──────────────────────────────────────────────────────────────────────────────────────────────────────────────────────────────────┤
 | 58          | 59          | 0 0 0 0 0 0 0 0 0 0 0 0 0 0 0 0 0 0 0 0 0 0 0 0 0 0 0 0 0 0 0 0 0 0 0 0 0 0 0 0 0 0 0 0 0 0 0 0 0 0 0 0 0 0 0 0 0 0 1 1 0 0 0 0  |
 ├─────────────┼─────────────┼──────────────────────────────────────────────────────────────────────────────────────────────────────────────────────────────────┤
 | 58          | 52          | 1 0 0 0 1 0 1 0 1 1 0 0 0 0 0 0 0 1 0 1 0 0 1 0 1 0 0 1 1 0 1 0 1 1 0 1 1 0 1 0 0 0 0 0 0 0 0 0 0 1 1 0 1 0 0 0 0 1 1 0 0 0 0 1  |
 ├─────────────┼─────────────┼──────────────────────────────────────────────────────────────────────────────────────────────────────────────────────────────────┤
 | 58          | 60          | 0 0 0 0 0 0 0 0 0 0 0 0 0 0 0 0 0 0 0 0 0 0 0 0 0 0 0 0 0 0 0 0 0 0 0 0 0 0 0 0 0 0 0 0 0 0 0 0 0 0 0 0 0 0 0 0 1 1 1 0 1 0 0 0  |
 ├─────────────┼─────────────┼──────────────────────────────────────────────────────────────────────────────────────────────────────────────────────────────────┤
 | 59          | 63          | 0 0 0 0 0 0 0 0 0 0 0 0 0 0 0 0 0 0 0 0 0 0 0 0 0 0 0 0 0 0 0 0 0 0 0 0 0 0 0 0 0 0 0 0 0 0 0 0 0 0 0 0 0 0 0 0 0 0 0 1 0 0 0 1  |
 ├─────────────┼─────────────┼──────────────────────────────────────────────────────────────────────────────────────────────────────────────────────────────────┤
 | 59          | 47          | 0 0 0 0 0 0 0 0 0 0 0 0 0 0 0 0 0 0 0 0 0 0 0 0 0 0 0 0 0 0 0 0 0 0 0 0 0 0 0 0 0 1 0 0 0 0 0 1 0 0 1 0 0 0 0 0 1 0 0 1 0 0 0 0  |
 ├─────────────┼─────────────┼──────────────────────────────────────────────────────────────────────────────────────────────────────────────────────────────────┤
 | 59          | 60          | 0 0 0 0 0 0 0 0 0 0 0 0 0 0 0 0 0 0 0 0 0 0 0 0 0 0 0 0 0 0 0 0 0 0 0 0 0 0 0 0 0 0 0 0 0 0 0 0 0 0 0 0 0 0 0 0 0 0 0 1 1 0 0 0  |
 ├─────────────┼─────────────┼──────────────────────────────────────────────────────────────────────────────────────────────────────────────────────────────────┤
 | 59          | 8           | 1 0 0 0 0 0 0 0 1 0 0 0 0 0 0 0 0 0 0 0 0 0 0 0 0 0 0 0 0 0 0 0 0 0 0 0 0 0 0 0 0 0 0 0 0 0 0 0 0 0 0 0 0 0 0 0 0 0 0 1 0 0 0 0  |
 ├─────────────┼─────────────┼──────────────────────────────────────────────────────────────────────────────────────────────────────────────────────────────────┤
 | 60          | 44          | 0 0 0 0 0 0 0 0 0 0 0 0 0 0 0 0 0 0 0 0 0 0 0 0 0 0 0 0 0 0 0 0 0 0 0 0 0 0 0 0 0 0 0 0 1 0 0 0 0 0 0 0 0 0 0 0 0 0 0 0 1 0 0 0  |
 ├─────────────┼─────────────┼──────────────────────────────────────────────────────────────────────────────────────────────────────────────────────────────────┤
 | 60          | 41          | 0 0 0 0 0 0 0 0 0 0 0 0 0 0 0 0 0 0 0 0 0 0 0 0 0 0 0 0 0 0 0 0 0 0 0 0 0 0 0 0 0 1 0 0 0 0 0 0 0 0 0 0 0 0 0 1 0 0 0 0 1 0 0 0  |
 ├─────────────┼─────────────┼──────────────────────────────────────────────────────────────────────────────────────────────────────────────────────────────────┤
 | 60          | 59          | 0 0 0 0 0 0 0 0 0 0 0 0 0 0 0 0 0 0 0 0 0 0 0 0 0 0 0 0 0 0 0 0 0 0 0 0 0 0 0 0 0 0 0 0 0 0 0 0 0 0 0 0 0 0 0 0 0 0 0 1 1 0 0 0  |
 ├─────────────┼─────────────┼──────────────────────────────────────────────────────────────────────────────────────────────────────────────────────────────────┤
 | 60          | 2           | 0 0 1 0 0 0 0 0 0 0 0 0 0 0 0 0 0 0 0 0 0 0 0 0 0 0 0 0 0 0 0 0 0 0 0 0 0 0 0 0 0 0 0 0 0 0 0 0 0 0 0 0 0 0 0 0 0 0 0 0 1 0 0 0  |
 ├─────────────┼─────────────┼──────────────────────────────────────────────────────────────────────────────────────────────────────────────────────────────────┤
 | 61          | 15          | 0 0 0 0 0 0 0 0 0 0 0 0 0 0 0 1 0 0 0 0 0 0 0 0 0 0 0 0 0 0 0 0 0 0 0 0 0 0 0 0 0 0 0 0 0 0 0 0 0 0 0 0 0 0 1 0 0 0 0 0 0 1 0 0  |
 ├─────────────┼─────────────┼──────────────────────────────────────────────────────────────────────────────────────────────────────────────────────────────────┤
 | 61          | 37          | 0 0 0 0 0 0 0 0 0 0 0 0 0 0 0 0 0 0 0 0 0 0 0 0 0 0 0 0 0 0 0 0 0 0 0 0 0 1 1 1 0 0 0 0 0 0 0 0 0 0 0 0 0 1 1 1 1 0 0 0 0 1 0 0  |
 ├─────────────┼─────────────┼──────────────────────────────────────────────────────────────────────────────────────────────────────────────────────────────────┤
 | 61          | 60          | 0 0 0 0 0 0 0 0 0 0 0 0 0 0 0 0 0 0 0 0 0 0 0 0 0 0 0 0 0 0 0 0 0 0 0 0 0 0 0 0 0 0 0 0 0 0 0 0 0 0 0 0 0 0 0 0 0 0 0 0 1 1 0 0  |
 ├─────────────┼─────────────┼──────────────────────────────────────────────────────────────────────────────────────────────────────────────────────────────────┤
 | 61          | 63          | 0 0 0 0 0 0 0 0 0 0 0 0 0 0 0 0 0 0 0 0 0 0 0 0 0 0 0 0 0 0 0 0 0 0 0 0 0 0 0 0 0 1 1 0 0 0 0 1 1 0 0 0 0 0 0 0 0 0 0 1 0 1 0 1  |
 ├─────────────┼─────────────┼──────────────────────────────────────────────────────────────────────────────────────────────────────────────────────────────────┤
 | 62          | 2           | 0 0 1 0 0 0 0 0 0 0 0 0 0 0 0 0 0 0 0 0 0 0 0 0 0 0 0 0 0 0 0 0 0 0 0 0 0 0 0 0 0 0 0 0 0 0 0 0 0 0 0 0 0 0 0 0 0 0 0 0 0 0 1 0  |
 ├─────────────┼─────────────┼──────────────────────────────────────────────────────────────────────────────────────────────────────────────────────────────────┤
 | 62          | 8           | 0 0 0 0 0 0 0 0 1 0 0 0 0 0 0 0 0 0 0 0 0 0 0 0 0 0 1 0 0 0 0 0 0 0 0 0 0 0 0 0 0 0 0 0 0 0 0 0 0 0 0 0 0 0 0 0 0 0 0 0 0 0 1 0  |
 ├─────────────┼─────────────┼──────────────────────────────────────────────────────────────────────────────────────────────────────────────────────────────────┤
 | 62          | 63          | 0 0 0 0 0 0 0 0 0 0 0 0 0 0 0 0 0 0 0 0 0 0 0 0 0 0 0 0 0 0 0 0 0 0 0 0 0 0 0 0 0 0 0 0 0 0 0 0 0 0 0 0 0 1 0 1 0 1 1 0 0 1 1 1  |
 ├─────────────┼─────────────┼──────────────────────────────────────────────────────────────────────────────────────────────────────────────────────────────────┤
 | 62          | 35          | 0 1 0 0 0 0 1 1 0 0 0 0 1 1 0 0 0 0 0 0 0 0 0 0 0 0 0 0 0 1 1 0 0 0 0 1 0 0 0 1 0 0 0 0 0 0 1 0 0 0 0 0 1 0 0 0 1 0 0 0 1 0 1 0  |
 ├─────────────┼─────────────┼──────────────────────────────────────────────────────────────────────────────────────────────────────────────────────────────────┤
 | 63          | 1           | 0 1 0 0 0 0 0 0 0 0 0 0 0 0 0 0 0 0 0 0 0 0 0 0 0 0 0 0 0 0 0 0 0 0 0 0 0 0 0 0 0 0 0 0 0 0 0 0 0 0 0 0 0 0 0 0 0 0 0 0 0 0 0 1  |
 ├─────────────┼─────────────┼──────────────────────────────────────────────────────────────────────────────────────────────────────────────────────────────────┤
 | 63          | 27          | 0 0 0 0 0 0 0 0 0 0 0 0 0 0 0 0 0 0 1 0 0 0 0 0 0 0 0 1 0 0 0 0 0 0 0 0 0 0 0 0 0 1 0 0 0 0 0 0 0 0 0 0 0 0 0 0 0 0 0 1 0 0 0 1  |
 ├─────────────┼─────────────┼──────────────────────────────────────────────────────────────────────────────────────────────────────────────────────────────────┤
 | 63          | 29          | 0 0 0 0 0 0 0 0 0 0 0 0 0 0 0 0 0 0 0 0 0 0 0 0 0 0 0 0 1 1 0 0 0 0 0 0 0 0 0 0 0 0 0 0 0 0 0 0 0 0 0 0 0 0 0 0 0 0 0 0 0 0 0 1  |
 ├─────────────┼─────────────┼──────────────────────────────────────────────────────────────────────────────────────────────────────────────────────────────────┤
 | 63          | 62          | 0 0 0 0 0 0 0 0 0 0 0 0 0 0 0 0 0 0 0 0 0 0 0 0 0 0 0 0 0 0 0 0 0 0 0 0 0 0 0 0 0 0 0 0 0 0 0 0 0 0 0 0 0 0 0 0 0 0 0 0 0 0 1 1  |
 └─────────────┴─────────────┴──────────────────────────────────────────────────────────────────────────────────────────────────────────────────────────────────┘
Pattern table end
Prefetch buffer begin
 ┌────────────────────┬────────────────────┬────────────────────┬────────────────────┬──────────────────────────────────────────────────────────────────────────────────────────────────────────────────────────────────┐
 | RegionNum          | Trigger            | Second             | Meta               | Pattern                                                                                                                          |
 ├────────────────────┼────────────────────┼────────────────────┼────────────────────┼──────────────────────────────────────────────────────────────────────────────────────────────────────────────────────────────────┤
 | 0x000000000000173c | 0x0000000000000038 | 0x000000000000003b | 0x0000000000000001 | 0 0 0 0 0 0 0 0 0 0 0 0 0 0 0 1 0 0 0 1 0 1 1 1 0 1 0 1 1 1 0 1 0 0 1 1 0 1 0 1 1 1 1 1 1 0 0 0 0 0 1 0 1 1 1 1 1 0 0 0 0 0 0 0  |
 ├────────────────────┼────────────────────┼────────────────────┼────────────────────┼──────────────────────────────────────────────────────────────────────────────────────────────────────────────────────────────────┤
 | 0x00000000000016f8 | 0x000000000000003e | 0x000000000000003f | 0x0000000000000001 | 0 0 0 0 0 0 0 0 0 0 0 0 0 0 0 0 0 1 1 1 0 0 0 1 1 1 1 1 1 1 1 1 1 1 0 1 1 1 1 1 1 1 0 0 1 1 1 1 0 0 1 1 1 0 0 0 0 0 0 0 0 0 1 0  |
 ├────────────────────┼────────────────────┼────────────────────┼────────────────────┼──────────────────────────────────────────────────────────────────────────────────────────────────────────────────────────────────┤
 | 0x0000000000002db4 | 0x0000000000000008 | 0x0000000000000009 | 0x0000000000000001 | 0 0 1 1 0 0 0 1 1 0 0 0 0 0 0 0 0 0 0 0 0 0 0 0 0 0 0 0 1 0 0 0 0 0 0 0 0 0 0 0 1 1 0 0 0 0 0 0 0 0 0 0 0 0 0 0 0 0 0 0 0 0 0 0  |
 ├────────────────────┼────────────────────┼────────────────────┼────────────────────┼──────────────────────────────────────────────────────────────────────────────────────────────────────────────────────────────────┤
 | 0x00000000000002b0 | 0x000000000000003a | 0x000000000000003c | 0x0000000000000001 | 0 0 0 0 0 0 0 0 0 0 0 0 0 0 0 0 0 0 0 0 1 0 1 1 0 0 0 1 1 1 1 1 0 1 1 0 1 1 1 1 0 0 1 1 1 1 1 1 1 1 1 1 0 1 1 0 0 0 1 0 0 0 0 0  |
 ├────────────────────┼────────────────────┼────────────────────┼────────────────────┼──────────────────────────────────────────────────────────────────────────────────────────────────────────────────────────────────┤
 | 0x00000000000002b6 | 0x0000000000000000 | 0x0000000000000001 | 0x0000000000000002 | 1 0 0 0 0 0 0 0 0 1 1 1 1 1 1 1 2 2 2 2 2 2 2 2 2 2 2 2 2 2 2 2 2 2 2 2 2 2 2 0 0 0 0 0 0 0 0 0 0 0 0 0 0 0 0 2 2 2 2 2 2 2 2 2  |
 ├────────────────────┼────────────────────┼────────────────────┼────────────────────┼──────────────────────────────────────────────────────────────────────────────────────────────────────────────────────────────────┤
 | 0x00000000000016f2 | 0x000000000000000c | 0x000000000000000c | 0x0000000000000000 | 0 0 0 1 0 0 0 0 0 0 0 0 0 0 0 0 0 0 0 0 0 0 0 0 0 0 0 0 0 0 0 0 0 0 0 0 0 0 0 0 0 0 0 0 0 0 0 0 0 0 0 0 0 0 0 0 0 0 0 0 0 0 0 0  |
 ├────────────────────┼────────────────────┼────────────────────┼────────────────────┼──────────────────────────────────────────────────────────────────────────────────────────────────────────────────────────────────┤
 | 0x000000000000176a | 0x000000000000000d | 0x000000000000000e | 0x0000000000000001 | 0 0 0 0 1 0 0 0 0 0 0 0 0 1 0 0 0 0 0 0 0 0 0 0 0 0 0 0 0 0 0 0 0 0 0 0 0 0 0 0 0 0 0 0 0 0 0 0 0 0 0 0 0 0 0 0 0 0 0 0 0 0 0 0  |
 ├────────────────────┼────────────────────┼────────────────────┼────────────────────┼──────────────────────────────────────────────────────────────────────────────────────────────────────────────────────────────────┤
 | 0x0000000000002de7 | 0x0000000000000022 | 0x0000000000000022 | 0x0000000000000000 | 0 0 0 0 0 0 0 0 0 0 0 0 0 0 0 0 0 0 0 0 0 0 0 0 0 0 0 0 0 0 0 0 0 0 0 0 0 1 1 1 1 0 0 0 0 0 0 0 0 0 0 0 0 0 0 0 0 0 0 0 0 0 0 0  |
 ├────────────────────┼────────────────────┼────────────────────┼────────────────────┼──────────────────────────────────────────────────────────────────────────────────────────────────────────────────────────────────┤
 | 0x0000000000002dad | 0x0000000000000005 | 0x0000000000000006 | 0x0000000000000001 | 0 0 0 0 0 1 0 0 0 0 0 0 0 1 1 1 1 1 1 1 1 1 1 1 1 1 1 1 1 1 1 1 1 1 1 1 1 1 1 1 1 1 1 1 1 1 1 1 1 1 1 1 1 1 1 1 1 1 1 1 1 1 1 1  |
 ├────────────────────┼────────────────────┼────────────────────┼────────────────────┼──────────────────────────────────────────────────────────────────────────────────────────────────────────────────────────────────┤
 | 0x0000000000002dc2 | 0x0000000000000000 | 0x0000000000000001 | 0x0000000000000002 | 1 0 0 0 0 0 0 0 1 1 1 1 1 1 1 1 2 2 2 2 2 2 2 2 2 2 2 2 2 2 2 2 2 2 2 2 2 2 2 2 2 2 2 2 2 2 2 2 2 2 2 2 2 2 2 2 2 2 2 2 2 2 2 2  |
 ├────────────────────┼────────────────────┼────────────────────┼────────────────────┼──────────────────────────────────────────────────────────────────────────────────────────────────────────────────────────────────┤
 | 0x00000000000028f4 | 0x0000000000000006 | 0x0000000000000007 | 0x0000000000000001 | 1 1 1 1 1 1 1 0 0 0 0 0 0 0 0 1 1 1 1 1 1 1 1 1 1 1 1 1 1 1 1 1 1 1 1 1 1 1 1 1 1 1 1 1 1 1 1 1 1 1 1 1 1 1 1 1 1 1 1 1 1 1 1 1  |
 └────────────────────┴────────────────────┴────────────────────┴────────────────────┴──────────────────────────────────────────────────────────────────────────────────────────────────────────────────────────────────┘
Prefetch buffer end
cpu0_L2C
Num Con Filled: 964599
Num Con Useful: 108589 Useless:177281 Accuracy: 37.9855
LLC
