41 41 41
Available num physical pages: 35184372088576
WARNING: physical memory size is smaller than virtual memory size

*** ChampSim Multicore Out-of-Order Simulator ***

Warmup Instructions: 200000000
Simulation Instructions: 200000000
Number of CPUs: 1
Page size: 4096

Basic BTB sets: 1024 ways: 8 indirect buffer size: 4096 RAS size: 64
cpu0_L1D Gaze NEW NEW prefetcher
Pattern Table index_len: 6
Pattern Table index_len: 14
[GAZE] created PHT for page_size=2097152 pht_size=65536
Pattern Table index_len: 8
[GAZE] created PHT for page_size=16384 pht_size=1024
Pattern Table index_len: 6
[GAZE] created PHT for page_size=4096 pht_size=256
Off-chip DRAM Size: 4 GiB Channels: 1 Width: 64-bit Data Rate: 3200 MT/s
[PTW] 🔁 Switched page size to 2048 KB at cycle 500000
[PTW] 🔁 Switched page size to 4 KB at cycle 1000000
[PTW] 🔁 Switched page size to 2048 KB at cycle 1500000
[PTW] 🔁 Switched page size to 4 KB at cycle 2000000
[PTW] 🔁 Switched page size to 2048 KB at cycle 2500000
Heartbeat CPU 0 instructions: 10000000 cycles: 2550464 heartbeat IPC: 3.92086 cumulative IPC: 3.92086 (Simulation time: 0 hr 9 min 17 sec) 
[PTW] 🔁 Switched page size to 4 KB at cycle 3000000
[PTW] 🔁 Switched page size to 2048 KB at cycle 3500000
[PTW] 🔁 Switched page size to 4 KB at cycle 4000000
[PTW] 🔁 Switched page size to 2048 KB at cycle 4500000
[PTW] 🔁 Switched page size to 4 KB at cycle 5000000
Heartbeat CPU 0 instructions: 20000004 cycles: 5205109 heartbeat IPC: 3.76699 cumulative IPC: 3.84238 (Simulation time: 0 hr 18 min 51 sec) 
[PTW] 🔁 Switched page size to 2048 KB at cycle 5500000
[PTW] 🔁 Switched page size to 4 KB at cycle 6000000
[PTW] 🔁 Switched page size to 2048 KB at cycle 6500000
[PTW] 🔁 Switched page size to 4 KB at cycle 7000000
[PTW] 🔁 Switched page size to 2048 KB at cycle 7500000
Heartbeat CPU 0 instructions: 30000004 cycles: 7759864 heartbeat IPC: 3.91427 cumulative IPC: 3.86605 (Simulation time: 0 hr 28 min 28 sec) 
[PTW] 🔁 Switched page size to 4 KB at cycle 8000000
[PTW] 🔁 Switched page size to 2048 KB at cycle 8500000
[PTW] 🔁 Switched page size to 4 KB at cycle 9000000
[PTW] 🔁 Switched page size to 2048 KB at cycle 9500000
[PTW] 🔁 Switched page size to 4 KB at cycle 10000000
Heartbeat CPU 0 instructions: 40000004 cycles: 10313922 heartbeat IPC: 3.91534 cumulative IPC: 3.87826 (Simulation time: 0 hr 38 min 9 sec) 
[PTW] 🔁 Switched page size to 2048 KB at cycle 10500000
[PTW] 🔁 Switched page size to 4 KB at cycle 11000000
[PTW] 🔁 Switched page size to 2048 KB at cycle 11500000
[PTW] 🔁 Switched page size to 4 KB at cycle 12000000
[PTW] 🔁 Switched page size to 2048 KB at cycle 12500000
Heartbeat CPU 0 instructions: 50000002 cycles: 12971136 heartbeat IPC: 3.76334 cumulative IPC: 3.85472 (Simulation time: 0 hr 47 min 55 sec) 
[PTW] 🔁 Switched page size to 4 KB at cycle 13000000
[PTW] 🔁 Switched page size to 2048 KB at cycle 13500000
[PTW] 🔁 Switched page size to 4 KB at cycle 14000000
[PTW] 🔁 Switched page size to 2048 KB at cycle 14500000
[PTW] 🔁 Switched page size to 4 KB at cycle 15000000
[PTW] 🔁 Switched page size to 2048 KB at cycle 15500000
Heartbeat CPU 0 instructions: 60000003 cycles: 15524862 heartbeat IPC: 3.91585 cumulative IPC: 3.86477 (Simulation time: 0 hr 57 min 37 sec) 
[PTW] 🔁 Switched page size to 4 KB at cycle 16000000
[PTW] 🔁 Switched page size to 2048 KB at cycle 16500000
[PTW] 🔁 Switched page size to 4 KB at cycle 17000000
[PTW] 🔁 Switched page size to 2048 KB at cycle 17500000
[PTW] 🔁 Switched page size to 4 KB at cycle 18000000
Heartbeat CPU 0 instructions: 70000000 cycles: 18182379 heartbeat IPC: 3.76291 cumulative IPC: 3.84989 (Simulation time: 1 hr 7 min 11 sec) 
[PTW] 🔁 Switched page size to 2048 KB at cycle 18500000
[PTW] 🔁 Switched page size to 4 KB at cycle 19000000
[PTW] 🔁 Switched page size to 2048 KB at cycle 19500000
[PTW] 🔁 Switched page size to 4 KB at cycle 20000000
[PTW] 🔁 Switched page size to 2048 KB at cycle 20500000
Heartbeat CPU 0 instructions: 80000003 cycles: 20737503 heartbeat IPC: 3.91371 cumulative IPC: 3.85775 (Simulation time: 1 hr 17 min 2 sec) 
[PTW] 🔁 Switched page size to 4 KB at cycle 21000000
[PTW] 🔁 Switched page size to 2048 KB at cycle 21500000
[PTW] 🔁 Switched page size to 4 KB at cycle 22000000
[PTW] 🔁 Switched page size to 2048 KB at cycle 22500000
[PTW] 🔁 Switched page size to 4 KB at cycle 23000000
Heartbeat CPU 0 instructions: 90000003 cycles: 23393448 heartbeat IPC: 3.76514 cumulative IPC: 3.84724 (Simulation time: 1 hr 26 min 48 sec) 
[PTW] 🔁 Switched page size to 2048 KB at cycle 23500000
[PTW] 🔁 Switched page size to 4 KB at cycle 24000000
[PTW] 🔁 Switched page size to 2048 KB at cycle 24500000
[PTW] 🔁 Switched page size to 4 KB at cycle 25000000
[PTW] 🔁 Switched page size to 2048 KB at cycle 25500000
Heartbeat CPU 0 instructions: 100000000 cycles: 25943210 heartbeat IPC: 3.92194 cumulative IPC: 3.85458 (Simulation time: 1 hr 36 min 25 sec) 
[PTW] 🔁 Switched page size to 4 KB at cycle 26000000
[PTW] 🔁 Switched page size to 2048 KB at cycle 26500000
[PTW] 🔁 Switched page size to 4 KB at cycle 27000000
[PTW] 🔁 Switched page size to 2048 KB at cycle 27500000
[PTW] 🔁 Switched page size to 4 KB at cycle 28000000
[PTW] 🔁 Switched page size to 2048 KB at cycle 28500000
Heartbeat CPU 0 instructions: 110000002 cycles: 28597397 heartbeat IPC: 3.76764 cumulative IPC: 3.84651 (Simulation time: 1 hr 46 min 7 sec) 
[PTW] 🔁 Switched page size to 4 KB at cycle 29000000
[PTW] 🔁 Switched page size to 2048 KB at cycle 29500000
[PTW] 🔁 Switched page size to 4 KB at cycle 30000000
[PTW] 🔁 Switched page size to 2048 KB at cycle 30500000
[PTW] 🔁 Switched page size to 4 KB at cycle 31000000
Heartbeat CPU 0 instructions: 120000000 cycles: 31147894 heartbeat IPC: 3.92081 cumulative IPC: 3.85259 (Simulation time: 1 hr 55 min 40 sec) 
[PTW] 🔁 Switched page size to 2048 KB at cycle 31500000
[PTW] 🔁 Switched page size to 4 KB at cycle 32000000
[PTW] 🔁 Switched page size to 2048 KB at cycle 32500000
[PTW] 🔁 Switched page size to 4 KB at cycle 33000000
[PTW] 🔁 Switched page size to 2048 KB at cycle 33500000
Heartbeat CPU 0 instructions: 130000001 cycles: 33725476 heartbeat IPC: 3.87961 cumulative IPC: 3.85466 (Simulation time: 2 hr 5 min 26 sec) 
[PTW] 🔁 Switched page size to 4 KB at cycle 34000000
[PTW] 🔁 Switched page size to 2048 KB at cycle 34500000
[PTW] 🔁 Switched page size to 4 KB at cycle 35000000
[PTW] 🔁 Switched page size to 2048 KB at cycle 35500000
[PTW] 🔁 Switched page size to 4 KB at cycle 36000000
Heartbeat CPU 0 instructions: 140000004 cycles: 36351851 heartbeat IPC: 3.80754 cumulative IPC: 3.85125 (Simulation time: 2 hr 15 min 15 sec) 
[PTW] 🔁 Switched page size to 2048 KB at cycle 36500000
[PTW] 🔁 Switched page size to 4 KB at cycle 37000000
[PTW] 🔁 Switched page size to 2048 KB at cycle 37500000
[PTW] 🔁 Switched page size to 4 KB at cycle 38000000
[PTW] 🔁 Switched page size to 2048 KB at cycle 38500000
Heartbeat CPU 0 instructions: 150000000 cycles: 38901412 heartbeat IPC: 3.92225 cumulative IPC: 3.85591 (Simulation time: 2 hr 25 min 5 sec) 
[PTW] 🔁 Switched page size to 4 KB at cycle 39000000
[PTW] 🔁 Switched page size to 2048 KB at cycle 39500000
[PTW] 🔁 Switched page size to 4 KB at cycle 40000000
[PTW] 🔁 Switched page size to 2048 KB at cycle 40500000
[PTW] 🔁 Switched page size to 4 KB at cycle 41000000
[PTW] 🔁 Switched page size to 2048 KB at cycle 41500000
Heartbeat CPU 0 instructions: 160000003 cycles: 41554705 heartbeat IPC: 3.76891 cumulative IPC: 3.85035 (Simulation time: 2 hr 34 min 31 sec) 
[PTW] 🔁 Switched page size to 4 KB at cycle 42000000
[PTW] 🔁 Switched page size to 2048 KB at cycle 42500000
[PTW] 🔁 Switched page size to 4 KB at cycle 43000000
[PTW] 🔁 Switched page size to 2048 KB at cycle 43500000
[PTW] 🔁 Switched page size to 4 KB at cycle 44000000
Heartbeat CPU 0 instructions: 170000000 cycles: 44105094 heartbeat IPC: 3.92097 cumulative IPC: 3.85444 (Simulation time: 2 hr 44 min 28 sec) 
[PTW] 🔁 Switched page size to 2048 KB at cycle 44500000
[PTW] 🔁 Switched page size to 4 KB at cycle 45000000
[PTW] 🔁 Switched page size to 2048 KB at cycle 45500000
[PTW] 🔁 Switched page size to 4 KB at cycle 46000000
[PTW] 🔁 Switched page size to 2048 KB at cycle 46500000
Heartbeat CPU 0 instructions: 180000003 cycles: 46759295 heartbeat IPC: 3.76762 cumulative IPC: 3.84951 (Simulation time: 2 hr 54 min 2 sec) 
[PTW] 🔁 Switched page size to 4 KB at cycle 47000000
[PTW] 🔁 Switched page size to 2048 KB at cycle 47500000
[PTW] 🔁 Switched page size to 4 KB at cycle 48000000
[PTW] 🔁 Switched page size to 2048 KB at cycle 48500000
[PTW] 🔁 Switched page size to 4 KB at cycle 49000000
Heartbeat CPU 0 instructions: 190000002 cycles: 49310647 heartbeat IPC: 3.9195 cumulative IPC: 3.85313 (Simulation time: 3 hr 3 min 34 sec) 
[PTW] 🔁 Switched page size to 2048 KB at cycle 49500000
[PTW] 🔁 Switched page size to 4 KB at cycle 50000000
[PTW] 🔁 Switched page size to 2048 KB at cycle 50500000
[PTW] 🔁 Switched page size to 4 KB at cycle 51000000
[PTW] 🔁 Switched page size to 2048 KB at cycle 51500000
Heartbeat CPU 0 instructions: 200000002 cycles: 51964322 heartbeat IPC: 3.76836 cumulative IPC: 3.8488 (Simulation time: 3 hr 13 min 30 sec) 
Max paddr 68M
Warmup finished CPU 0 instructions: 200000002 cycles: 51964323 cumulative IPC: 3.8488 (Simulation time: 3 hr 13 min 30 sec) 

Warmup complete CPU 0 instructions: 200000002 cycles: 51964323 (Simulation time: 3 hr 13 min 30 sec) 

[PTW] 🔁 Switched page size to 4 KB at cycle 52000000
[GAZE] PTW notify: base=0x0 size=1000
[PTW] 🔁 Switched page size to 2048 KB at cycle 52500000
[GAZE] PTW notify: base=0x0 size=200000
[PTW] 🔁 Switched page size to 4 KB at cycle 53000000
[GAZE] PTW notify: base=0x0 size=1000
[PTW] 🔁 Switched page size to 2048 KB at cycle 53500000
[GAZE] PTW notify: base=0x0 size=200000
[PTW] 🔁 Switched page size to 4 KB at cycle 54000000
[GAZE] PTW notify: base=0x0 size=1000
[PTW] 🔁 Switched page size to 2048 KB at cycle 54500000
[GAZE] PTW notify: base=0x0 size=200000
Heartbeat CPU 0 instructions: 210000004 cycles: 54985670 heartbeat IPC: 3.30979 cumulative IPC: 3.30979 (Simulation time: 3 hr 25 min 12 sec) 
[PTW] 🔁 Switched page size to 4 KB at cycle 55000000
[GAZE] PTW notify: base=0x0 size=1000
[PTW] 🔁 Switched page size to 2048 KB at cycle 55500000
[GAZE] PTW notify: base=0x0 size=200000
[PTW] 🔁 Switched page size to 4 KB at cycle 56000000
[GAZE] PTW notify: base=0x0 size=1000
[PTW] 🔁 Switched page size to 2048 KB at cycle 56500000
[GAZE] PTW notify: base=0x0 size=200000
[PTW] 🔁 Switched page size to 4 KB at cycle 57000000
[GAZE] PTW notify: base=0x0 size=1000
[PTW] 🔁 Switched page size to 2048 KB at cycle 57500000
[GAZE] PTW notify: base=0x0 size=200000
[PTW] 🔁 Switched page size to 4 KB at cycle 58000000
[GAZE] PTW notify: base=0x0 size=1000
[PTW] 🔁 Switched page size to 2048 KB at cycle 58500000
[GAZE] PTW notify: base=0x0 size=200000
[PTW] 🔁 Switched page size to 4 KB at cycle 59000000
[GAZE] PTW notify: base=0x0 size=1000
Heartbeat CPU 0 instructions: 220000003 cycles: 59226652 heartbeat IPC: 2.35795 cumulative IPC: 2.75394 (Simulation time: 3 hr 37 min 43 sec) 
[PTW] 🔁 Switched page size to 2048 KB at cycle 59500000
[GAZE] PTW notify: base=0x0 size=200000
[PTW] 🔁 Switched page size to 4 KB at cycle 60000000
[GAZE] PTW notify: base=0x0 size=1000
[PTW] 🔁 Switched page size to 2048 KB at cycle 60500000
[GAZE] PTW notify: base=0x0 size=200000
[PTW] 🔁 Switched page size to 4 KB at cycle 61000000
[GAZE] PTW notify: base=0x0 size=1000
[PTW] 🔁 Switched page size to 2048 KB at cycle 61500000
[GAZE] PTW notify: base=0x0 size=200000
[PTW] 🔁 Switched page size to 4 KB at cycle 62000000
[PTW] 🔁 Switched page size to 2048 KB at cycle 62500000
[PTW] 🔁 Switched page size to 4 KB at cycle 63000000
[PTW] 🔁 Switched page size to 2048 KB at cycle 63500000
Heartbeat CPU 0 instructions: 230000000 cycles: 63931718 heartbeat IPC: 2.12537 cumulative IPC: 2.50682 (Simulation time: 3 hr 50 min 39 sec) 
[PTW] 🔁 Switched page size to 4 KB at cycle 64000000
[PTW] 🔁 Switched page size to 2048 KB at cycle 64500000
[PTW] 🔁 Switched page size to 4 KB at cycle 65000000
[PTW] 🔁 Switched page size to 2048 KB at cycle 65500000
[PTW] 🔁 Switched page size to 4 KB at cycle 66000000
[PTW] 🔁 Switched page size to 2048 KB at cycle 66500000
Heartbeat CPU 0 instructions: 240000003 cycles: 66853275 heartbeat IPC: 3.42284 cumulative IPC: 2.68656 (Simulation time: 4 hr 2 min 27 sec) 
[PTW] 🔁 Switched page size to 4 KB at cycle 67000000
[PTW] 🔁 Switched page size to 2048 KB at cycle 67500000
[PTW] 🔁 Switched page size to 4 KB at cycle 68000000
[PTW] 🔁 Switched page size to 2048 KB at cycle 68500000
[PTW] 🔁 Switched page size to 4 KB at cycle 69000000
[PTW] 🔁 Switched page size to 2048 KB at cycle 69500000
[PTW] 🔁 Switched page size to 4 KB at cycle 70000000
[PTW] 🔁 Switched page size to 2048 KB at cycle 70500000
[PTW] 🔁 Switched page size to 4 KB at cycle 71000000
[PTW] 🔁 Switched page size to 2048 KB at cycle 71500000
[PTW] 🔁 Switched page size to 4 KB at cycle 72000000
[PTW] 🔁 Switched page size to 2048 KB at cycle 72500000
Heartbeat CPU 0 instructions: 250000000 cycles: 72951868 heartbeat IPC: 1.63973 cumulative IPC: 2.38237 (Simulation time: 4 hr 16 min 43 sec) 
[PTW] 🔁 Switched page size to 4 KB at cycle 73000000
[PTW] 🔁 Switched page size to 2048 KB at cycle 73500000
[PTW] 🔁 Switched page size to 4 KB at cycle 74000000
[PTW] 🔁 Switched page size to 2048 KB at cycle 74500000
[PTW] 🔁 Switched page size to 4 KB at cycle 75000000
[PTW] 🔁 Switched page size to 2048 KB at cycle 75500000
Heartbeat CPU 0 instructions: 260000003 cycles: 75907862 heartbeat IPC: 3.38296 cumulative IPC: 2.5059 (Simulation time: 4 hr 28 min 26 sec) 
[PTW] 🔁 Switched page size to 4 KB at cycle 76000000
[PTW] 🔁 Switched page size to 2048 KB at cycle 76500000
[PTW] 🔁 Switched page size to 4 KB at cycle 77000000
[PTW] 🔁 Switched page size to 2048 KB at cycle 77500000
[PTW] 🔁 Switched page size to 4 KB at cycle 78000000
[PTW] 🔁 Switched page size to 2048 KB at cycle 78500000
[PTW] 🔁 Switched page size to 4 KB at cycle 79000000
[PTW] 🔁 Switched page size to 2048 KB at cycle 79500000
[PTW] 🔁 Switched page size to 4 KB at cycle 80000000
[PTW] 🔁 Switched page size to 2048 KB at cycle 80500000
[PTW] 🔁 Switched page size to 4 KB at cycle 81000000
[PTW] 🔁 Switched page size to 2048 KB at cycle 81500000
Heartbeat CPU 0 instructions: 270000003 cycles: 81926204 heartbeat IPC: 1.66159 cumulative IPC: 2.33631 (Simulation time: 4 hr 42 min 13 sec) 
[PTW] 🔁 Switched page size to 4 KB at cycle 82000000
[PTW] 🔁 Switched page size to 2048 KB at cycle 82500000
[PTW] 🔁 Switched page size to 4 KB at cycle 83000000
[PTW] 🔁 Switched page size to 2048 KB at cycle 83500000
[PTW] 🔁 Switched page size to 4 KB at cycle 84000000
[PTW] 🔁 Switched page size to 2048 KB at cycle 84500000
Heartbeat CPU 0 instructions: 280000002 cycles: 84896958 heartbeat IPC: 3.36615 cumulative IPC: 2.42921 (Simulation time: 4 hr 52 min 59 sec) 
[PTW] 🔁 Switched page size to 4 KB at cycle 85000000
[PTW] 🔁 Switched page size to 2048 KB at cycle 85500000
[PTW] 🔁 Switched page size to 4 KB at cycle 86000000
[PTW] 🔁 Switched page size to 2048 KB at cycle 86500000
[PTW] 🔁 Switched page size to 4 KB at cycle 87000000
[PTW] 🔁 Switched page size to 2048 KB at cycle 87500000
[PTW] 🔁 Switched page size to 4 KB at cycle 88000000
[PTW] 🔁 Switched page size to 2048 KB at cycle 88500000
[PTW] 🔁 Switched page size to 4 KB at cycle 89000000
[PTW] 🔁 Switched page size to 2048 KB at cycle 89500000
[PTW] 🔁 Switched page size to 4 KB at cycle 90000000
[PTW] 🔁 Switched page size to 2048 KB at cycle 90500000
Heartbeat CPU 0 instructions: 290000000 cycles: 90876363 heartbeat IPC: 1.67241 cumulative IPC: 2.31291 (Simulation time: 5 hr 2 min 44 sec) 
[PTW] 🔁 Switched page size to 4 KB at cycle 91000000
[PTW] 🔁 Switched page size to 2048 KB at cycle 91500000
[PTW] 🔁 Switched page size to 4 KB at cycle 92000000
[PTW] 🔁 Switched page size to 2048 KB at cycle 92500000
[PTW] 🔁 Switched page size to 4 KB at cycle 93000000
[PTW] 🔁 Switched page size to 2048 KB at cycle 93500000
Heartbeat CPU 0 instructions: 300000002 cycles: 93853994 heartbeat IPC: 3.35838 cumulative IPC: 2.38723 (Simulation time: 5 hr 10 min 52 sec) 
[PTW] 🔁 Switched page size to 4 KB at cycle 94000000
[PTW] 🔁 Switched page size to 2048 KB at cycle 94500000
[PTW] 🔁 Switched page size to 4 KB at cycle 95000000
[PTW] 🔁 Switched page size to 2048 KB at cycle 95500000
[PTW] 🔁 Switched page size to 4 KB at cycle 96000000
[PTW] 🔁 Switched page size to 2048 KB at cycle 96500000
[PTW] 🔁 Switched page size to 4 KB at cycle 97000000
[PTW] 🔁 Switched page size to 2048 KB at cycle 97500000
[PTW] 🔁 Switched page size to 4 KB at cycle 98000000
[PTW] 🔁 Switched page size to 2048 KB at cycle 98500000
Heartbeat CPU 0 instructions: 310000000 cycles: 98893216 heartbeat IPC: 1.98444 cumulative IPC: 2.34398 (Simulation time: 5 hr 19 min 49 sec) 
[PTW] 🔁 Switched page size to 4 KB at cycle 99000000
[PTW] 🔁 Switched page size to 2048 KB at cycle 99500000
[PTW] 🔁 Switched page size to 4 KB at cycle 100000000
[PTW] 🔁 Switched page size to 2048 KB at cycle 100500000
[PTW] 🔁 Switched page size to 4 KB at cycle 101000000
[PTW] 🔁 Switched page size to 2048 KB at cycle 101500000
[PTW] 🔁 Switched page size to 4 KB at cycle 102000000
[PTW] 🔁 Switched page size to 2048 KB at cycle 102500000
Heartbeat CPU 0 instructions: 320000001 cycles: 102819095 heartbeat IPC: 2.54721 cumulative IPC: 2.35967 (Simulation time: 5 hr 28 min 4 sec) 
[PTW] 🔁 Switched page size to 4 KB at cycle 103000000
[PTW] 🔁 Switched page size to 2048 KB at cycle 103500000
[PTW] 🔁 Switched page size to 4 KB at cycle 104000000
[PTW] 🔁 Switched page size to 2048 KB at cycle 104500000
[PTW] 🔁 Switched page size to 4 KB at cycle 105000000
[PTW] 🔁 Switched page size to 2048 KB at cycle 105500000
Heartbeat CPU 0 instructions: 330000004 cycles: 105713354 heartbeat IPC: 3.45512 cumulative IPC: 2.41865 (Simulation time: 5 hr 35 min 35 sec) 
[PTW] 🔁 Switched page size to 4 KB at cycle 106000000
[PTW] 🔁 Switched page size to 2048 KB at cycle 106500000
[PTW] 🔁 Switched page size to 4 KB at cycle 107000000
[PTW] 🔁 Switched page size to 2048 KB at cycle 107500000
[PTW] 🔁 Switched page size to 4 KB at cycle 108000000
[PTW] 🔁 Switched page size to 2048 KB at cycle 108500000
[PTW] 🔁 Switched page size to 4 KB at cycle 109000000
[PTW] 🔁 Switched page size to 2048 KB at cycle 109500000
[PTW] 🔁 Switched page size to 4 KB at cycle 110000000
[PTW] 🔁 Switched page size to 2048 KB at cycle 110500000
[PTW] 🔁 Switched page size to 4 KB at cycle 111000000
[PTW] 🔁 Switched page size to 2048 KB at cycle 111500000
Heartbeat CPU 0 instructions: 340000001 cycles: 111705799 heartbeat IPC: 1.66877 cumulative IPC: 2.34344 (Simulation time: 5 hr 44 min 18 sec) 
[PTW] 🔁 Switched page size to 4 KB at cycle 112000000
[PTW] 🔁 Switched page size to 2048 KB at cycle 112500000
[PTW] 🔁 Switched page size to 4 KB at cycle 113000000
[PTW] 🔁 Switched page size to 2048 KB at cycle 113500000
[PTW] 🔁 Switched page size to 4 KB at cycle 114000000
[PTW] 🔁 Switched page size to 2048 KB at cycle 114500000
Heartbeat CPU 0 instructions: 350000003 cycles: 114609046 heartbeat IPC: 3.44442 cumulative IPC: 2.39446 (Simulation time: 5 hr 50 min 57 sec) 
[PTW] 🔁 Switched page size to 4 KB at cycle 115000000
[PTW] 🔁 Switched page size to 2048 KB at cycle 115500000
[PTW] 🔁 Switched page size to 4 KB at cycle 116000000
[PTW] 🔁 Switched page size to 2048 KB at cycle 116500000
[PTW] 🔁 Switched page size to 4 KB at cycle 117000000
[PTW] 🔁 Switched page size to 2048 KB at cycle 117500000
[PTW] 🔁 Switched page size to 4 KB at cycle 118000000
[PTW] 🔁 Switched page size to 2048 KB at cycle 118500000
[PTW] 🔁 Switched page size to 4 KB at cycle 119000000
[PTW] 🔁 Switched page size to 2048 KB at cycle 119500000
[PTW] 🔁 Switched page size to 4 KB at cycle 120000000
[PTW] 🔁 Switched page size to 2048 KB at cycle 120500000
Heartbeat CPU 0 instructions: 360000003 cycles: 120573895 heartbeat IPC: 1.67649 cumulative IPC: 2.33204 (Simulation time: 5 hr 57 min 25 sec) 
[PTW] 🔁 Switched page size to 4 KB at cycle 121000000
[PTW] 🔁 Switched page size to 2048 KB at cycle 121500000
[PTW] 🔁 Switched page size to 4 KB at cycle 122000000
[PTW] 🔁 Switched page size to 2048 KB at cycle 122500000
[PTW] 🔁 Switched page size to 4 KB at cycle 123000000
Heartbeat CPU 0 instructions: 370000000 cycles: 123498632 heartbeat IPC: 3.41911 cumulative IPC: 2.37649 (Simulation time: 6 hr 2 min 45 sec) 
[PTW] 🔁 Switched page size to 2048 KB at cycle 123500000
[PTW] 🔁 Switched page size to 4 KB at cycle 124000000
[PTW] 🔁 Switched page size to 2048 KB at cycle 124500000
[PTW] 🔁 Switched page size to 4 KB at cycle 125000000
[PTW] 🔁 Switched page size to 2048 KB at cycle 125500000
[PTW] 🔁 Switched page size to 4 KB at cycle 126000000
[PTW] 🔁 Switched page size to 2048 KB at cycle 126500000
[PTW] 🔁 Switched page size to 4 KB at cycle 127000000
[PTW] 🔁 Switched page size to 2048 KB at cycle 127500000
[PTW] 🔁 Switched page size to 4 KB at cycle 128000000
[PTW] 🔁 Switched page size to 2048 KB at cycle 128500000
[PTW] 🔁 Switched page size to 4 KB at cycle 129000000
Heartbeat CPU 0 instructions: 380000004 cycles: 129464025 heartbeat IPC: 1.67634 cumulative IPC: 2.32259 (Simulation time: 6 hr 8 min 53 sec) 
[PTW] 🔁 Switched page size to 2048 KB at cycle 129500000
[PTW] 🔁 Switched page size to 4 KB at cycle 130000000
[PTW] 🔁 Switched page size to 2048 KB at cycle 130500000
[PTW] 🔁 Switched page size to 4 KB at cycle 131000000
[PTW] 🔁 Switched page size to 2048 KB at cycle 131500000
[PTW] 🔁 Switched page size to 4 KB at cycle 132000000
Heartbeat CPU 0 instructions: 390000000 cycles: 132449881 heartbeat IPC: 3.34913 cumulative IPC: 2.36068 (Simulation time: 6 hr 14 min 3 sec) 
[PTW] 🔁 Switched page size to 2048 KB at cycle 132500000
[PTW] 🔁 Switched page size to 4 KB at cycle 133000000
[PTW] 🔁 Switched page size to 2048 KB at cycle 133500000
[PTW] 🔁 Switched page size to 4 KB at cycle 134000000
[PTW] 🔁 Switched page size to 2048 KB at cycle 134500000
[PTW] 🔁 Switched page size to 4 KB at cycle 135000000
[PTW] 🔁 Switched page size to 2048 KB at cycle 135500000
[PTW] 🔁 Switched page size to 4 KB at cycle 136000000
[PTW] 🔁 Switched page size to 2048 KB at cycle 136500000
[PTW] 🔁 Switched page size to 4 KB at cycle 137000000
[PTW] 🔁 Switched page size to 2048 KB at cycle 137500000
[PTW] 🔁 Switched page size to 4 KB at cycle 138000000
Heartbeat CPU 0 instructions: 400000000 cycles: 138295025 heartbeat IPC: 1.71083 cumulative IPC: 2.31668 (Simulation time: 6 hr 19 min 53 sec) 
Max paddr 129M
Simulation finished CPU 0 instructions: 200000003 cycles: 86330704 cumulative IPC: 2.31668 (Simulation time: 6 hr 19 min 53 sec) 

Simulation complete CPU 0 instructions: 200000003 cycles: 86330704 (Simulation time: 6 hr 19 min 53 sec) 


ChampSim completed all CPUs

[
  {
    "name": "Simulation",
    "traces": [
      "../traces/436.cactusADM-1804B.champsimtrace.xz"
    ],
    "roi": {
      "cores": [
        {
          "instructions": 200000003,
          "cycles": 86330704,
          "Avg ROB occupancy at mispredict": 227.777, 
          "mispredict": {
            "BRANCH_DIRECT_JUMP": 0,
            "BRANCH_INDIRECT": 0,
            "BRANCH_CONDITIONAL": 2166,
            "BRANCH_DIRECT_CALL": 0,
            "BRANCH_INDIRECT_CALL": 0,
            "BRANCH_RETURN": 0
          }
        }
      ],
      "cpu0_L1I": {
        "LOAD": {
          "hit":33038644,
          "miss":0
        },
        "RFO": {
          "hit":0,
          "miss":0
        },
        "PREFETCH": {
          "hit":0,
          "miss":0
        },
        "WRITE": {
          "hit":0,
          "miss":0
        },
        "TRANSLATION": {
          "hit":0,
          "miss":0
        },
        "mshr full": 0,
        "prefetch requested": 0,
        "prefetch issued": 0,
        "prefetch filled": 0,
        "prefetch useful": 0,
        "prefetch useless": 0,
        "prefetch late": 0,
        "pf_useful_at_l2_from_l1":          0,
        "pf_late_at_l2_from_l1":          0,
        "pf_useless_at_l2_from_l1":          0,
        "pf_at_l2_to_l1":          0,
        "pf_fill_this_level":          0,
        "miss latency": null,
        "cache queues": {
          "PQ_ACCESS": 0,
          "PQ_FULL": 0,
          "PQ_TO_CACHE": 0,
          "PQ_MERGED": 0,
          "RQ_ACCESS": 33352407,
          "RQ_MERGED": 313761,
          "RQ_FULL": 0,
          "WQ_ACCESS": 0,
          "WQ_MERGED": 0,
          "WQ_FULL": 0
        }
      },
      "cpu0_ITLB": {
        "LOAD": {
          "hit":30177079,
          "miss":0
        },
        "RFO": {
          "hit":0,
          "miss":0
        },
        "PREFETCH": {
          "hit":0,
          "miss":0
        },
        "WRITE": {
          "hit":0,
          "miss":0
        },
        "TRANSLATION": {
          "hit":0,
          "miss":0
        },
        "mshr full": 0,
        "prefetch requested": 0,
        "prefetch issued": 0,
        "prefetch filled": 0,
        "prefetch useful": 0,
        "prefetch useless": 0,
        "prefetch late": 0,
        "pf_useful_at_l2_from_l1":          0,
        "pf_late_at_l2_from_l1":          0,
        "pf_useless_at_l2_from_l1":          0,
        "pf_at_l2_to_l1":          0,
        "pf_fill_this_level":          0,
        "miss latency": null,
        "cache queues": {
          "PQ_ACCESS": 0,
          "PQ_FULL": 0,
          "PQ_TO_CACHE": 0,
          "PQ_MERGED": 0,
          "RQ_ACCESS": 30177079,
          "RQ_MERGED": 0,
          "RQ_FULL": 0,
          "WQ_ACCESS": 0,
          "WQ_MERGED": 0,
          "WQ_FULL": 0
        }
      },
      "cpu0_DTLB": {
        "LOAD": {
          "hit":75218535,
          "miss":5328512
        },
        "RFO": {
          "hit":0,
          "miss":0
        },
        "PREFETCH": {
          "hit":0,
          "miss":0
        },
        "WRITE": {
          "hit":0,
          "miss":0
        },
        "TRANSLATION": {
          "hit":0,
          "miss":0
        },
        "mshr full": 1537938,
        "prefetch requested": 0,
        "prefetch issued": 0,
        "prefetch filled": 0,
        "prefetch useful": 0,
        "prefetch useless": 0,
        "prefetch late": 0,
        "pf_useful_at_l2_from_l1":          0,
        "pf_late_at_l2_from_l1":          0,
        "pf_useless_at_l2_from_l1":          0,
        "pf_at_l2_to_l1":          0,
        "pf_fill_this_level":          0,
        "miss latency": 1.52471,
        "cache queues": {
          "PQ_ACCESS": 0,
          "PQ_FULL": 0,
          "PQ_TO_CACHE": 0,
          "PQ_MERGED": 0,
          "RQ_ACCESS": 87486266,
          "RQ_MERGED": 0,
          "RQ_FULL": 6939219,
          "WQ_ACCESS": 0,
          "WQ_MERGED": 0,
          "WQ_FULL": 0
        }
      },
      "cpu0_STLB": {
        "LOAD": {
          "hit":3528114,
          "miss":1290447
        },
        "RFO": {
          "hit":0,
          "miss":0
        },
        "PREFETCH": {
          "hit":0,
          "miss":0
        },
        "WRITE": {
          "hit":0,
          "miss":0
        },
        "TRANSLATION": {
          "hit":0,
          "miss":0
        },
        "mshr full": 0,
        "prefetch requested": 0,
        "prefetch issued": 0,
        "prefetch filled": 0,
        "prefetch useful": 0,
        "prefetch useless": 0,
        "prefetch late": 0,
        "pf_useful_at_l2_from_l1":          0,
        "pf_late_at_l2_from_l1":          0,
        "pf_useless_at_l2_from_l1":          0,
        "pf_at_l2_to_l1":          0,
        "pf_fill_this_level":          0,
        "miss latency": 4.39816,
        "cache queues": {
          "PQ_ACCESS": 0,
          "PQ_FULL": 0,
          "PQ_TO_CACHE": 0,
          "PQ_MERGED": 0,
          "RQ_ACCESS": 4818560,
          "RQ_MERGED": 0,
          "RQ_FULL": 0,
          "WQ_ACCESS": 0,
          "WQ_MERGED": 0,
          "WQ_FULL": 0
        }
      },
      "cpu0_L1D": {
        "LOAD": {
          "hit":62865181,
          "miss":1305558
        },
        "RFO": {
          "hit":0,
          "miss":0
        },
        "PREFETCH": {
          "hit":47998,
          "miss":770710
        },
        "WRITE": {
          "hit":30806656,
          "miss":1323798
        },
        "TRANSLATION": {
          "hit":1038225,
          "miss":1140269
        },
        "mshr full": 14496968,
        "prefetch requested": 818733,
        "prefetch issued": 818733,
        "prefetch filled": 228340,
        "prefetch useful": 121399,
        "prefetch useless": 107252,
        "prefetch late": 620,
        "pf_useful_at_l2_from_l1":          0,
        "pf_late_at_l2_from_l1":          0,
        "pf_useless_at_l2_from_l1":          0,
        "pf_at_l2_to_l1":          3,
        "pf_fill_this_level":     228337,
        "miss latency": 14.8757,
        "cache queues": {
          "PQ_ACCESS": 818733,
          "PQ_FULL": 0,
          "PQ_TO_CACHE": 818733,
          "PQ_MERGED": 25,
          "RQ_ACCESS": 94159178,
          "RQ_MERGED": 17538768,
          "RQ_FULL": 12044381,
          "WQ_ACCESS": 38344664,
          "WQ_MERGED": 1701414,
          "WQ_FULL": 4512794
        }
      },
      "cpu0_L2C": {
        "LOAD": {
          "hit":1163032,
          "miss":38858
        },
        "RFO": {
          "hit":41747,
          "miss":304184
        },
        "PREFETCH": {
          "hit":60243,
          "miss":710412
        },
        "WRITE": {
          "hit":333751,
          "miss":0
        },
        "TRANSLATION": {
          "hit":1055975,
          "miss":84294
        },
        "mshr full": 4548188,
        "prefetch requested": 0,
        "prefetch issued": 0,
        "prefetch filled": 710384,
        "prefetch useful": 0,
        "prefetch useless": 0,
        "prefetch late": 0,
        "pf_useful_at_l2_from_l1":     499442,
        "pf_late_at_l2_from_l1":          3,
        "pf_useless_at_l2_from_l1":      11215,
        "pf_at_l2_to_l1":      31659,
        "pf_fill_this_level":     541635,
        "miss latency": 108.286,
        "cache queues": {
          "PQ_ACCESS": 1125007,
          "PQ_FULL": 354352,
          "PQ_TO_CACHE": 770655,
          "PQ_MERGED": 0,
          "RQ_ACCESS": 2690584,
          "RQ_MERGED": 0,
          "RQ_FULL": 0,
          "WQ_ACCESS": 333997,
          "WQ_MERGED": 0,
          "WQ_FULL": 0
        }
      },
      "LLC": {
        "LOAD": {
          "hit": [2179],
          "miss": [36676]
        },
        "RFO": {
          "hit": [62],
          "miss": [304122]
        },
        "PREFETCH": {
          "hit": [359],
          "miss": [710050]
        },
        "WRITE": {
          "hit": [303131],
          "miss": [0]
        },
        "TRANSLATION": {
          "hit": [103],
          "miss": [84191]
        },
        "mshr full": 0,
        "prefetch requested": 0,
        "prefetch issued": 0,
        "prefetch filled": 710028,
        "prefetch useful": 0,
        "prefetch useless": 0,
        "prefetch late": 0,
        "pf_useful_at_l2_from_l1":          0,
        "pf_late_at_l2_from_l1":          0,
        "pf_useless_at_l2_from_l1":          0,
        "pf_at_l2_to_l1":         54,
        "pf_fill_this_level":          0,
        "miss latency": 105.109,
        "cache queues": {
          "PQ_ACCESS": 710409,
          "PQ_FULL": 0,
          "PQ_TO_CACHE": 710409,
          "PQ_MERGED": 0,
          "RQ_ACCESS": 427333,
          "RQ_MERGED": 0,
          "RQ_FULL": 0,
          "WQ_ACCESS": 303329,
          "WQ_MERGED": 0,
          "WQ_FULL": 0
        }
      },
      "DRAM": [
        {
          "RQ ROW_BUFFER_HIT": 490326,
          "RQ ROW_BUFFER_MISS": 644692,
          "PQ FULL": 0,
          "WQ ROW_BUFFER_HIT": 43702,
          "WQ ROW_BUFFER_MISS": 258848,
          "WQ FULL": 0,
          "AVG DBUS CONGESTED CYCLE": 3.95012
        }
      ]

    },
    "sim": {
      "cores": [
        {
          "instructions": 200000003,
          "cycles": 86330704,
          "Avg ROB occupancy at mispredict": 227.777, 
          "mispredict": {
            "BRANCH_DIRECT_JUMP": 0,
            "BRANCH_INDIRECT": 0,
            "BRANCH_CONDITIONAL": 2166,
            "BRANCH_DIRECT_CALL": 0,
            "BRANCH_INDIRECT_CALL": 0,
            "BRANCH_RETURN": 0
          }
        }
      ],
      "cpu0_L1I": {
        "LOAD": {
          "hit":33038644,
          "miss":0
        },
        "RFO": {
          "hit":0,
          "miss":0
        },
        "PREFETCH": {
          "hit":0,
          "miss":0
        },
        "WRITE": {
          "hit":0,
          "miss":0
        },
        "TRANSLATION": {
          "hit":0,
          "miss":0
        },
        "mshr full": 0,
        "prefetch requested": 0,
        "prefetch issued": 0,
        "prefetch filled": 0,
        "prefetch useful": 0,
        "prefetch useless": 0,
        "prefetch late": 0,
        "pf_useful_at_l2_from_l1":          0,
        "pf_late_at_l2_from_l1":          0,
        "pf_useless_at_l2_from_l1":          0,
        "pf_at_l2_to_l1":          0,
        "pf_fill_this_level":          0,
        "miss latency": null,
        "cache queues": {
          "PQ_ACCESS": 0,
          "PQ_FULL": 0,
          "PQ_TO_CACHE": 0,
          "PQ_MERGED": 0,
          "RQ_ACCESS": 33352407,
          "RQ_MERGED": 313761,
          "RQ_FULL": 0,
          "WQ_ACCESS": 0,
          "WQ_MERGED": 0,
          "WQ_FULL": 0
        }
      },
      "cpu0_ITLB": {
        "LOAD": {
          "hit":30177079,
          "miss":0
        },
        "RFO": {
          "hit":0,
          "miss":0
        },
        "PREFETCH": {
          "hit":0,
          "miss":0
        },
        "WRITE": {
          "hit":0,
          "miss":0
        },
        "TRANSLATION": {
          "hit":0,
          "miss":0
        },
        "mshr full": 0,
        "prefetch requested": 0,
        "prefetch issued": 0,
        "prefetch filled": 0,
        "prefetch useful": 0,
        "prefetch useless": 0,
        "prefetch late": 0,
        "pf_useful_at_l2_from_l1":          0,
        "pf_late_at_l2_from_l1":          0,
        "pf_useless_at_l2_from_l1":          0,
        "pf_at_l2_to_l1":          0,
        "pf_fill_this_level":          0,
        "miss latency": null,
        "cache queues": {
          "PQ_ACCESS": 0,
          "PQ_FULL": 0,
          "PQ_TO_CACHE": 0,
          "PQ_MERGED": 0,
          "RQ_ACCESS": 30177079,
          "RQ_MERGED": 0,
          "RQ_FULL": 0,
          "WQ_ACCESS": 0,
          "WQ_MERGED": 0,
          "WQ_FULL": 0
        }
      },
      "cpu0_DTLB": {
        "LOAD": {
          "hit":75218535,
          "miss":5328512
        },
        "RFO": {
          "hit":0,
          "miss":0
        },
        "PREFETCH": {
          "hit":0,
          "miss":0
        },
        "WRITE": {
          "hit":0,
          "miss":0
        },
        "TRANSLATION": {
          "hit":0,
          "miss":0
        },
        "mshr full": 1537938,
        "prefetch requested": 0,
        "prefetch issued": 0,
        "prefetch filled": 0,
        "prefetch useful": 0,
        "prefetch useless": 0,
        "prefetch late": 0,
        "pf_useful_at_l2_from_l1":          0,
        "pf_late_at_l2_from_l1":          0,
        "pf_useless_at_l2_from_l1":          0,
        "pf_at_l2_to_l1":          0,
        "pf_fill_this_level":          0,
        "miss latency": 1.52471,
        "cache queues": {
          "PQ_ACCESS": 0,
          "PQ_FULL": 0,
          "PQ_TO_CACHE": 0,
          "PQ_MERGED": 0,
          "RQ_ACCESS": 87486266,
          "RQ_MERGED": 0,
          "RQ_FULL": 6939219,
          "WQ_ACCESS": 0,
          "WQ_MERGED": 0,
          "WQ_FULL": 0
        }
      },
      "cpu0_STLB": {
        "LOAD": {
          "hit":3528114,
          "miss":1290447
        },
        "RFO": {
          "hit":0,
          "miss":0
        },
        "PREFETCH": {
          "hit":0,
          "miss":0
        },
        "WRITE": {
          "hit":0,
          "miss":0
        },
        "TRANSLATION": {
          "hit":0,
          "miss":0
        },
        "mshr full": 0,
        "prefetch requested": 0,
        "prefetch issued": 0,
        "prefetch filled": 0,
        "prefetch useful": 0,
        "prefetch useless": 0,
        "prefetch late": 0,
        "pf_useful_at_l2_from_l1":          0,
        "pf_late_at_l2_from_l1":          0,
        "pf_useless_at_l2_from_l1":          0,
        "pf_at_l2_to_l1":          0,
        "pf_fill_this_level":          0,
        "miss latency": 4.39816,
        "cache queues": {
          "PQ_ACCESS": 0,
          "PQ_FULL": 0,
          "PQ_TO_CACHE": 0,
          "PQ_MERGED": 0,
          "RQ_ACCESS": 4818560,
          "RQ_MERGED": 0,
          "RQ_FULL": 0,
          "WQ_ACCESS": 0,
          "WQ_MERGED": 0,
          "WQ_FULL": 0
        }
      },
      "cpu0_L1D": {
        "LOAD": {
          "hit":62865181,
          "miss":1305558
        },
        "RFO": {
          "hit":0,
          "miss":0
        },
        "PREFETCH": {
          "hit":47998,
          "miss":770710
        },
        "WRITE": {
          "hit":30806656,
          "miss":1323798
        },
        "TRANSLATION": {
          "hit":1038225,
          "miss":1140269
        },
        "mshr full": 14496968,
        "prefetch requested": 818733,
        "prefetch issued": 818733,
        "prefetch filled": 228340,
        "prefetch useful": 121399,
        "prefetch useless": 107252,
        "prefetch late": 620,
        "pf_useful_at_l2_from_l1":          0,
        "pf_late_at_l2_from_l1":          0,
        "pf_useless_at_l2_from_l1":          0,
        "pf_at_l2_to_l1":          3,
        "pf_fill_this_level":     228337,
        "miss latency": 14.8757,
        "cache queues": {
          "PQ_ACCESS": 818733,
          "PQ_FULL": 0,
          "PQ_TO_CACHE": 818733,
          "PQ_MERGED": 25,
          "RQ_ACCESS": 94159178,
          "RQ_MERGED": 17538768,
          "RQ_FULL": 12044381,
          "WQ_ACCESS": 38344664,
          "WQ_MERGED": 1701414,
          "WQ_FULL": 4512794
        }
      },
      "cpu0_L2C": {
        "LOAD": {
          "hit":1163032,
          "miss":38858
        },
        "RFO": {
          "hit":41747,
          "miss":304184
        },
        "PREFETCH": {
          "hit":60243,
          "miss":710412
        },
        "WRITE": {
          "hit":333751,
          "miss":0
        },
        "TRANSLATION": {
          "hit":1055975,
          "miss":84294
        },
        "mshr full": 4548188,
        "prefetch requested": 0,
        "prefetch issued": 0,
        "prefetch filled": 710384,
        "prefetch useful": 0,
        "prefetch useless": 0,
        "prefetch late": 0,
        "pf_useful_at_l2_from_l1":     499442,
        "pf_late_at_l2_from_l1":          3,
        "pf_useless_at_l2_from_l1":      11215,
        "pf_at_l2_to_l1":      31659,
        "pf_fill_this_level":     541635,
        "miss latency": 108.286,
        "cache queues": {
          "PQ_ACCESS": 1125007,
          "PQ_FULL": 354352,
          "PQ_TO_CACHE": 770655,
          "PQ_MERGED": 0,
          "RQ_ACCESS": 2690584,
          "RQ_MERGED": 0,
          "RQ_FULL": 0,
          "WQ_ACCESS": 333997,
          "WQ_MERGED": 0,
          "WQ_FULL": 0
        }
      },
      "LLC": {
        "LOAD": {
          "hit": [2179],
          "miss": [36676]
        },
        "RFO": {
          "hit": [62],
          "miss": [304122]
        },
        "PREFETCH": {
          "hit": [359],
          "miss": [710050]
        },
        "WRITE": {
          "hit": [303131],
          "miss": [0]
        },
        "TRANSLATION": {
          "hit": [103],
          "miss": [84191]
        },
        "mshr full": 0,
        "prefetch requested": 0,
        "prefetch issued": 0,
        "prefetch filled": 710028,
        "prefetch useful": 0,
        "prefetch useless": 0,
        "prefetch late": 0,
        "pf_useful_at_l2_from_l1":          0,
        "pf_late_at_l2_from_l1":          0,
        "pf_useless_at_l2_from_l1":          0,
        "pf_at_l2_to_l1":         54,
        "pf_fill_this_level":          0,
        "miss latency": 105.109,
        "cache queues": {
          "PQ_ACCESS": 710409,
          "PQ_FULL": 0,
          "PQ_TO_CACHE": 710409,
          "PQ_MERGED": 0,
          "RQ_ACCESS": 427333,
          "RQ_MERGED": 0,
          "RQ_FULL": 0,
          "WQ_ACCESS": 303329,
          "WQ_MERGED": 0,
          "WQ_FULL": 0
        }
      },
      "DRAM": [
        {
          "RQ ROW_BUFFER_HIT": 490326,
          "RQ ROW_BUFFER_MISS": 644692,
          "PQ FULL": 0,
          "WQ ROW_BUFFER_HIT": 43702,
          "WQ ROW_BUFFER_MISS": 258848,
          "WQ FULL": 0,
          "AVG DBUS CONGESTED CYCLE": 3.95012
        }
      ]

    }
  }
]
cpu0_ITLB
cpu0_DTLB
cpu0_STLB
Filter table begin
 ┌────────────────────┬────────────────────┬────────────────────┐
 | RegionNum          | Trigger            | PC                 |
 ├────────────────────┼────────────────────┼────────────────────┤
 | 0x0000000000006644 | 0x000000000000003f | 0x000000000040e61b |
 ├────────────────────┼────────────────────┼────────────────────┤
 | 0x000000000000532d | 0x000000000000003f | 0x000000000040e61b |
 ├────────────────────┼────────────────────┼────────────────────┤
 | 0x0000000000006cfc | 0x000000000000003f | 0x000000000040e61b |
 ├────────────────────┼────────────────────┼────────────────────┤
 | 0x00000000000002e7 | 0x000000000000003f | 0x000000000040f439 |
 ├────────────────────┼────────────────────┼────────────────────┤
 | 0x000000000000714a | 0x000000000000003f | 0x0000000000410655 |
 ├────────────────────┼────────────────────┼────────────────────┤
 | 0x0000000000007ba8 | 0x000000000000003f | 0x000000000040e725 |
 ├────────────────────┼────────────────────┼────────────────────┤
 | 0x00000000000002ee | 0x000000000000003f | 0x000000000040ecc6 |
 ├────────────────────┼────────────────────┼────────────────────┤
 | 0x00000000000002d1 | 0x000000000000003f | 0x000000000040ea11 |
 ├────────────────────┼────────────────────┼────────────────────┤
 | 0x0000000000007c88 | 0x000000000000003f | 0x000000000040e67b |
 ├────────────────────┼────────────────────┼────────────────────┤
 | 0x000000000000720d | 0x000000000000003f | 0x000000000040e5e1 |
 ├────────────────────┼────────────────────┼────────────────────┤
 | 0x0000000000000482 | 0x000000000000003f | 0x000000000040ea15 |
 ├────────────────────┼────────────────────┼────────────────────┤
 | 0x00000000000005e3 | 0x000000000000003f | 0x000000000040f4a5 |
 ├────────────────────┼────────────────────┼────────────────────┤
 | 0x0000000000000477 | 0x000000000000003f | 0x000000000040e8fa |
 ├────────────────────┼────────────────────┼────────────────────┤
 | 0x00000000000072f1 | 0x000000000000003f | 0x000000000040e5e1 |
 ├────────────────────┼────────────────────┼────────────────────┤
 | 0x0000000000001c9d | 0x000000000000003f | 0x000000000040e76c |
 ├────────────────────┼────────────────────┼────────────────────┤
 | 0x00000000000049b3 | 0x000000000000003f | 0x0000000000410655 |
 ├────────────────────┼────────────────────┼────────────────────┤
 | 0x0000000000005749 | 0x000000000000003f | 0x000000000040e5e1 |
 ├────────────────────┼────────────────────┼────────────────────┤
 | 0x0000000000007c95 | 0x000000000000003f | 0x000000000040e76c |
 ├────────────────────┼────────────────────┼────────────────────┤
 | 0x00000000000005da | 0x000000000000003f | 0x000000000040ecc6 |
 ├────────────────────┼────────────────────┼────────────────────┤
 | 0x0000000000006cdc | 0x000000000000003f | 0x000000000040e6f4 |
 ├────────────────────┼────────────────────┼────────────────────┤
 | 0x00000000000070db | 0x000000000000003f | 0x000000000040e5e1 |
 ├────────────────────┼────────────────────┼────────────────────┤
 | 0x0000000000007c5e | 0x000000000000003f | 0x000000000040e61b |
 ├────────────────────┼────────────────────┼────────────────────┤
 | 0x00000000000004df | 0x000000000000003f | 0x000000000040f14a |
 ├────────────────────┼────────────────────┼────────────────────┤
 | 0x00000000000004e0 | 0x000000000000003f | 0x000000000040eb26 |
 ├────────────────────┼────────────────────┼────────────────────┤
 | 0x00000000000004f2 | 0x000000000000003f | 0x000000000040ea11 |
 ├────────────────────┼────────────────────┼────────────────────┤
 | 0x0000000000007d11 | 0x000000000000003f | 0x000000000040e6ba |
 ├────────────────────┼────────────────────┼────────────────────┤
 | 0x00000000000006c6 | 0x000000000000003f | 0x000000000040eea2 |
 ├────────────────────┼────────────────────┼────────────────────┤
 | 0x0000000000000621 | 0x000000000000003f | 0x000000000040f1c5 |
 ├────────────────────┼────────────────────┼────────────────────┤
 | 0x00000000000006eb | 0x000000000000003f | 0x000000000040ecc6 |
 ├────────────────────┼────────────────────┼────────────────────┤
 | 0x00000000000003ec | 0x000000000000003f | 0x000000000040f48d |
 ├────────────────────┼────────────────────┼────────────────────┤
 | 0x0000000000007ce1 | 0x000000000000003f | 0x000000000040e6ba |
 ├────────────────────┼────────────────────┼────────────────────┤
 | 0x000000000000816e | 0x0000000000000000 | 0x000000000040e6ba |
 ├────────────────────┼────────────────────┼────────────────────┤
 | 0x00000000000003da | 0x000000000000003f | 0x000000000040ebc6 |
 ├────────────────────┼────────────────────┼────────────────────┤
 | 0x00000000000071e3 | 0x000000000000003f | 0x0000000000410655 |
 ├────────────────────┼────────────────────┼────────────────────┤
 | 0x000000000000733a | 0x000000000000003f | 0x0000000000410381 |
 └────────────────────┴────────────────────┴────────────────────┘
Filter table end
Accumulation table begin
 ┌────────────────────┬────────────────────┬────────────────────┬────────────────────┬──────────────────────────────────────────────────────────────────────────────────────────────────────────────────────────────────┬─────────────────────────────────────────────────────────────────────────────────────────────────────────────────────────────────────────────────────────────────────────────────────────┐
 | RegionNum          | Trigger            | Second             | PC                 | Pattern                                                                                                                          | Order                                                                                                                                                                                   |
 ├────────────────────┼────────────────────┼────────────────────┼────────────────────┼──────────────────────────────────────────────────────────────────────────────────────────────────────────────────────────────────┼─────────────────────────────────────────────────────────────────────────────────────────────────────────────────────────────────────────────────────────────────────────────────────────┤
 | 0x0000000000000746 | 0x0000000000000038 | 0x0000000000000029 | 0x000000000040e4eb | 0 0 0 0 0 0 0 0 0 0 0 0 0 0 0 0 0 0 0 0 0 0 0 0 0 0 0 0 0 0 0 0 0 0 0 0 0 0 0 0 0 1 1 1 1 0 0 0 0 0 0 0 0 0 0 0 1 1 1 1 0 0 0 0  | 0 0 0 0 0 0 0 0 0 0 0 0 0 0 0 0 0 0 0 0 0 0 0 0 0 0 0 0 0 0 0 0 0 0 0 0 0 0 0 0 0 2 4 6 8 0 0 0 0 0 0 0 0 0 0 0 1 3 5 7 0 0 0 0                                                         |
 ├────────────────────┼────────────────────┼────────────────────┼────────────────────┼──────────────────────────────────────────────────────────────────────────────────────────────────────────────────────────────────┼─────────────────────────────────────────────────────────────────────────────────────────────────────────────────────────────────────────────────────────────────────────────────────────┤
 | 0x00000000000007a8 | 0x000000000000000d | 0x000000000000000e | 0x0000000000410afa | 1 1 1 0 0 0 0 0 0 0 0 0 0 1 1 1 1 1 0 0 0 0 0 0 0 0 0 0 0 0 0 0 0 0 0 0 0 0 0 0 0 0 0 0 0 0 0 0 0 0 0 0 0 0 0 0 0 0 0 0 0 0 0 0  | 3 5 7 0 0 0 0 0 0 0 0 0 0 1 2 4 6 8 0 0 0 0 0 0 0 0 0 0 0 0 0 0 0 0 0 0 0 0 0 0 0 0 0 0 0 0 0 0 0 0 0 0 0 0 0 0 0 0 0 0 0 0 0 0                                                         |
 ├────────────────────┼────────────────────┼────────────────────┼────────────────────┼──────────────────────────────────────────────────────────────────────────────────────────────────────────────────────────────────┼─────────────────────────────────────────────────────────────────────────────────────────────────────────────────────────────────────────────────────────────────────────────────────────┤
 | 0x0000000000000738 | 0x0000000000000037 | 0x0000000000000038 | 0x000000000040dca2 | 0 0 0 0 0 0 0 0 0 0 0 0 0 0 0 0 0 0 0 0 0 0 0 0 0 0 0 0 0 0 0 0 0 0 0 0 0 0 0 0 0 0 0 0 0 0 0 0 0 0 0 0 0 0 0 1 1 1 1 1 0 0 0 0  | 0 0 0 0 0 0 0 0 0 0 0 0 0 0 0 0 0 0 0 0 0 0 0 0 0 0 0 0 0 0 0 0 0 0 0 0 0 0 0 0 0 0 0 0 0 0 0 0 0 0 0 0 0 0 0 1 2 3 4 5 0 0 0 0                                                         |
 ├────────────────────┼────────────────────┼────────────────────┼────────────────────┼──────────────────────────────────────────────────────────────────────────────────────────────────────────────────────────────────┼─────────────────────────────────────────────────────────────────────────────────────────────────────────────────────────────────────────────────────────────────────────────────────────┤
 | 0x0000000000000c06 | 0x000000000000000f | 0x000000000000001e | 0x000000000040e944 | 1 1 1 1 0 0 0 0 0 0 0 0 0 0 0 1 1 1 1 0 0 0 0 0 0 0 0 0 0 0 1 1 1 1 0 0 0 0 0 0 0 0 0 0 0 0 0 0 0 0 0 0 0 0 0 0 0 0 0 0 0 0 0 0  | 3 6 9 12 0 0 0 0 0 0 0 0 0 0 0 1 4 7 10 0 0 0 0 0 0 0 0 0 0 0 2 5 8 11 0 0 0 0 0 0 0 0 0 0 0 0 0 0 0 0 0 0 0 0 0 0 0 0 0 0 0 0 0 0                                                      |
 ├────────────────────┼────────────────────┼────────────────────┼────────────────────┼──────────────────────────────────────────────────────────────────────────────────────────────────────────────────────────────────┼─────────────────────────────────────────────────────────────────────────────────────────────────────────────────────────────────────────────────────────────────────────────────────────┤
 | 0x0000000000000bfd | 0x0000000000000000 | 0x000000000000000f | 0x000000000040db38 | 1 1 1 1 0 0 0 0 0 0 0 0 0 0 0 1 1 1 1 0 0 0 0 0 0 0 0 0 0 0 0 0 0 0 0 0 0 0 0 0 0 0 0 0 0 0 0 0 0 0 0 0 0 0 0 0 0 0 0 0 0 0 0 0  | 1 3 5 8 0 0 0 0 0 0 0 0 0 0 0 2 4 6 7 0 0 0 0 0 0 0 0 0 0 0 0 0 0 0 0 0 0 0 0 0 0 0 0 0 0 0 0 0 0 0 0 0 0 0 0 0 0 0 0 0 0 0 0 0                                                         |
 ├────────────────────┼────────────────────┼────────────────────┼────────────────────┼──────────────────────────────────────────────────────────────────────────────────────────────────────────────────────────────────┼─────────────────────────────────────────────────────────────────────────────────────────────────────────────────────────────────────────────────────────────────────────────────────────┤
 | 0x0000000000000770 | 0x0000000000000017 | 0x0000000000000018 | 0x000000000040eea2 | 0 0 0 0 0 0 0 0 0 0 0 0 0 0 0 0 0 0 0 0 0 0 0 1 1 1 1 1 0 0 0 0 0 0 0 0 0 0 0 0 0 0 0 0 0 0 0 0 0 0 0 0 0 0 0 0 0 0 0 0 0 0 0 0  | 0 0 0 0 0 0 0 0 0 0 0 0 0 0 0 0 0 0 0 0 0 0 0 1 2 3 4 5 0 0 0 0 0 0 0 0 0 0 0 0 0 0 0 0 0 0 0 0 0 0 0 0 0 0 0 0 0 0 0 0 0 0 0 0                                                         |
 ├────────────────────┼────────────────────┼────────────────────┼────────────────────┼──────────────────────────────────────────────────────────────────────────────────────────────────────────────────────────────────┼─────────────────────────────────────────────────────────────────────────────────────────────────────────────────────────────────────────────────────────────────────────────────────────┤
 | 0x00000000000073ad | 0x000000000000003b | 0x000000000000003c | 0x000000000040e65c | 0 0 0 0 0 0 0 0 0 0 0 0 0 0 0 0 0 0 0 0 0 0 0 0 0 0 0 0 0 0 0 0 0 0 0 0 0 0 0 0 0 0 0 0 0 0 0 0 0 0 0 0 0 0 0 0 0 0 0 1 1 1 1 0  | 0 0 0 0 0 0 0 0 0 0 0 0 0 0 0 0 0 0 0 0 0 0 0 0 0 0 0 0 0 0 0 0 0 0 0 0 0 0 0 0 0 0 0 0 0 0 0 0 0 0 0 0 0 0 0 0 0 0 0 1 2 3 4 0                                                         |
 ├────────────────────┼────────────────────┼────────────────────┼────────────────────┼──────────────────────────────────────────────────────────────────────────────────────────────────────────────────────────────────┼─────────────────────────────────────────────────────────────────────────────────────────────────────────────────────────────────────────────────────────────────────────────────────────┤
 | 0x000000000000079e | 0x0000000000000010 | 0x0000000000000011 | 0x000000000040f4a5 | 0 0 0 0 0 0 0 0 0 0 0 0 0 0 0 0 1 1 1 1 0 0 0 0 0 0 0 0 0 0 0 0 0 0 0 0 0 0 0 0 0 0 0 0 0 0 0 0 0 0 0 0 0 0 0 0 0 0 0 0 0 0 0 0  | 0 0 0 0 0 0 0 0 0 0 0 0 0 0 0 0 1 2 3 4 0 0 0 0 0 0 0 0 0 0 0 0 0 0 0 0 0 0 0 0 0 0 0 0 0 0 0 0 0 0 0 0 0 0 0 0 0 0 0 0 0 0 0 0                                                         |
 ├────────────────────┼────────────────────┼────────────────────┼────────────────────┼──────────────────────────────────────────────────────────────────────────────────────────────────────────────────────────────────┼─────────────────────────────────────────────────────────────────────────────────────────────────────────────────────────────────────────────────────────────────────────────────────────┤
 | 0x0000000000000747 | 0x0000000000000037 | 0x0000000000000028 | 0x000000000040e5bf | 0 0 0 0 0 0 0 0 0 0 0 0 0 0 0 0 0 0 0 0 0 0 0 0 0 0 0 0 0 0 0 0 0 0 0 0 0 0 0 0 1 1 1 1 0 0 0 0 0 0 0 0 0 0 0 1 1 1 1 0 0 0 0 0  | 0 0 0 0 0 0 0 0 0 0 0 0 0 0 0 0 0 0 0 0 0 0 0 0 0 0 0 0 0 0 0 0 0 0 0 0 0 0 0 0 2 4 6 8 0 0 0 0 0 0 0 0 0 0 0 1 3 5 7 0 0 0 0 0                                                         |
 ├────────────────────┼────────────────────┼────────────────────┼────────────────────┼──────────────────────────────────────────────────────────────────────────────────────────────────────────────────────────────────┼─────────────────────────────────────────────────────────────────────────────────────────────────────────────────────────────────────────────────────────────────────────────────────────┤
 | 0x00000000000073c9 | 0x0000000000000013 | 0x0000000000000014 | 0x0000000000410e39 | 0 0 0 0 0 0 0 0 0 0 0 0 0 0 0 0 0 0 0 1 1 1 1 0 0 0 0 0 0 0 0 0 0 0 0 0 0 0 0 0 0 0 0 0 0 0 0 0 0 0 0 0 0 0 0 0 0 0 0 0 0 0 0 0  | 0 0 0 0 0 0 0 0 0 0 0 0 0 0 0 0 0 0 0 1 2 3 4 0 0 0 0 0 0 0 0 0 0 0 0 0 0 0 0 0 0 0 0 0 0 0 0 0 0 0 0 0 0 0 0 0 0 0 0 0 0 0 0 0                                                         |
 ├────────────────────┼────────────────────┼────────────────────┼────────────────────┼──────────────────────────────────────────────────────────────────────────────────────────────────────────────────────────────────┼─────────────────────────────────────────────────────────────────────────────────────────────────────────────────────────────────────────────────────────────────────────────────────────┤
 | 0x0000000000000c0e | 0x0000000000000000 | 0x0000000000000001 | 0x000000000040f12a | 1 1 1 0 0 0 0 0 0 0 0 0 0 0 0 0 0 0 0 0 0 0 0 0 0 0 0 0 0 0 0 0 0 0 0 0 0 0 0 0 0 0 0 0 0 0 0 0 0 0 0 0 0 0 0 0 0 0 0 0 0 0 0 0  | 1 2 3 0 0 0 0 0 0 0 0 0 0 0 0 0 0 0 0 0 0 0 0 0 0 0 0 0 0 0 0 0 0 0 0 0 0 0 0 0 0 0 0 0 0 0 0 0 0 0 0 0 0 0 0 0 0 0 0 0 0 0 0 0                                                         |
 ├────────────────────┼────────────────────┼────────────────────┼────────────────────┼──────────────────────────────────────────────────────────────────────────────────────────────────────────────────────────────────┼─────────────────────────────────────────────────────────────────────────────────────────────────────────────────────────────────────────────────────────────────────────────────────────┤
 | 0x0000000000007d32 | 0x0000000000000037 | 0x0000000000000038 | 0x000000000040e67b | 0 0 0 0 0 0 0 0 0 0 0 0 0 0 0 0 0 0 0 0 0 0 0 0 0 0 0 0 0 0 0 0 0 0 0 0 0 0 0 0 0 0 0 0 0 0 0 0 0 0 0 0 0 0 0 1 1 1 1 0 0 0 0 0  | 0 0 0 0 0 0 0 0 0 0 0 0 0 0 0 0 0 0 0 0 0 0 0 0 0 0 0 0 0 0 0 0 0 0 0 0 0 0 0 0 0 0 0 0 0 0 0 0 0 0 0 0 0 0 0 1 2 3 4 0 0 0 0 0                                                         |
 ├────────────────────┼────────────────────┼────────────────────┼────────────────────┼──────────────────────────────────────────────────────────────────────────────────────────────────────────────────────────────────┼─────────────────────────────────────────────────────────────────────────────────────────────────────────────────────────────────────────────────────────────────────────────────────────┤
 | 0x0000000000000771 | 0x0000000000000017 | 0x0000000000000026 | 0x000000000040e94a | 0 0 0 0 0 0 0 0 1 1 1 1 0 0 0 0 0 0 0 0 0 0 0 1 1 1 1 0 0 0 0 0 0 0 0 0 0 0 1 1 1 1 0 0 0 0 0 0 0 0 0 0 0 0 0 0 0 0 0 0 0 0 0 0  | 0 0 0 0 0 0 0 0 3 6 9 12 0 0 0 0 0 0 0 0 0 0 0 1 4 7 10 0 0 0 0 0 0 0 0 0 0 0 2 5 8 11 0 0 0 0 0 0 0 0 0 0 0 0 0 0 0 0 0 0 0 0 0 0                                                      |
 ├────────────────────┼────────────────────┼────────────────────┼────────────────────┼──────────────────────────────────────────────────────────────────────────────────────────────────────────────────────────────────┼─────────────────────────────────────────────────────────────────────────────────────────────────────────────────────────────────────────────────────────────────────────────────────────┤
 | 0x0000000000008120 | 0x0000000000000000 | 0x0000000000000001 | 0x000000000040d1fa | 1 1 1 1 1 1 1 1 1 1 1 1 1 1 1 1 1 1 1 1 1 1 1 1 1 1 1 1 1 1 1 1 1 1 1 1 1 1 1 1 1 1 1 1 1 1 1 1 1 1 1 1 1 1 1 1 1 1 1 1 1 1 1 1  | 1 2 3 4 5 6 7 8 9 10 11 12 13 14 15 16 17 18 19 20 21 22 23 24 25 26 27 28 29 30 31 32 33 34 35 36 37 38 39 40 41 42 43 44 45 46 47 48 49 50 51 52 53 54 55 56 57 58 59 60 61 62 63 64  |
 ├────────────────────┼────────────────────┼────────────────────┼────────────────────┼──────────────────────────────────────────────────────────────────────────────────────────────────────────────────────────────────┼─────────────────────────────────────────────────────────────────────────────────────────────────────────────────────────────────────────────────────────────────────────────────────────┤
 | 0x0000000000000144 | 0x0000000000000001 | 0x0000000000000000 | 0x000000000040f9f0 | 1 1 1 1 1 1 0 0 0 0 0 0 0 0 0 0 0 0 0 0 0 0 0 0 0 0 0 0 0 0 0 0 0 0 0 0 0 0 0 0 0 0 0 0 0 0 0 0 0 0 0 0 0 0 0 0 0 0 0 0 0 0 0 0  | 2 1 5 3 4 6 0 0 0 0 0 0 0 0 0 0 0 0 0 0 0 0 0 0 0 0 0 0 0 0 0 0 0 0 0 0 0 0 0 0 0 0 0 0 0 0 0 0 0 0 0 0 0 0 0 0 0 0 0 0 0 0 0 0                                                         |
 ├────────────────────┼────────────────────┼────────────────────┼────────────────────┼──────────────────────────────────────────────────────────────────────────────────────────────────────────────────────────────────┼─────────────────────────────────────────────────────────────────────────────────────────────────────────────────────────────────────────────────────────────────────────────────────────┤
 | 0x000000000000815e | 0x0000000000000000 | 0x0000000000000001 | 0x000000000040d1c7 | 1 1 0 0 0 0 0 0 0 0 0 0 0 0 0 0 0 0 0 0 0 0 0 0 0 0 0 0 0 0 0 0 0 0 0 0 0 0 0 0 0 0 0 0 0 0 0 0 0 0 0 0 0 0 0 0 0 0 0 0 0 0 0 0  | 1 2 0 0 0 0 0 0 0 0 0 0 0 0 0 0 0 0 0 0 0 0 0 0 0 0 0 0 0 0 0 0 0 0 0 0 0 0 0 0 0 0 0 0 0 0 0 0 0 0 0 0 0 0 0 0 0 0 0 0 0 0 0 0                                                         |
 ├────────────────────┼────────────────────┼────────────────────┼────────────────────┼──────────────────────────────────────────────────────────────────────────────────────────────────────────────────────────────────┼─────────────────────────────────────────────────────────────────────────────────────────────────────────────────────────────────────────────────────────────────────────────────────────┤
 | 0x0000000000008162 | 0x0000000000000003 | 0x0000000000000004 | 0x000000000040e725 | 0 0 0 1 1 1 1 0 0 0 0 0 0 0 0 0 0 0 0 0 0 0 0 0 0 0 0 0 0 0 0 0 0 0 0 0 0 0 0 0 0 0 0 0 0 0 0 0 0 0 0 0 0 0 0 0 0 0 0 0 0 0 0 0  | 0 0 0 1 2 3 4 0 0 0 0 0 0 0 0 0 0 0 0 0 0 0 0 0 0 0 0 0 0 0 0 0 0 0 0 0 0 0 0 0 0 0 0 0 0 0 0 0 0 0 0 0 0 0 0 0 0 0 0 0 0 0 0 0                                                         |
 ├────────────────────┼────────────────────┼────────────────────┼────────────────────┼──────────────────────────────────────────────────────────────────────────────────────────────────────────────────────────────────┼─────────────────────────────────────────────────────────────────────────────────────────────────────────────────────────────────────────────────────────────────────────────────────────┤
 | 0x0000000000008146 | 0x0000000000000000 | 0x0000000000000001 | 0x000000000040d1fa | 1 1 1 1 1 1 1 1 1 1 1 1 1 1 1 1 1 1 1 1 1 1 1 1 1 1 1 1 1 1 1 1 1 1 1 1 1 1 1 1 0 0 0 0 0 0 0 0 0 0 0 0 0 0 0 0 0 0 0 0 0 0 0 0  | 1 2 3 4 5 6 7 8 9 10 11 12 13 14 15 16 17 18 19 20 21 22 23 24 25 26 27 28 29 30 31 32 33 34 35 36 37 38 39 40 0 0 0 0 0 0 0 0 0 0 0 0 0 0 0 0 0 0 0 0 0 0 0 0                          |
 ├────────────────────┼────────────────────┼────────────────────┼────────────────────┼──────────────────────────────────────────────────────────────────────────────────────────────────────────────────────────────────┼─────────────────────────────────────────────────────────────────────────────────────────────────────────────────────────────────────────────────────────────────────────────────────────┤
 | 0x000000000000810e | 0x0000000000000000 | 0x0000000000000001 | 0x000000000040d23c | 1 1 1 1 1 1 1 1 1 1 1 1 1 1 1 1 1 1 1 1 1 1 1 1 1 1 1 1 1 1 1 1 1 1 1 1 1 1 1 1 1 1 1 1 1 1 1 1 1 1 1 1 1 1 1 1 1 1 1 1 1 1 1 1  | 1 2 3 4 5 6 7 8 9 10 11 12 13 14 15 16 17 18 19 20 21 22 23 24 25 26 27 28 29 30 31 32 33 34 35 36 37 38 39 40 41 42 43 44 45 46 47 48 49 50 51 52 53 54 55 56 57 58 59 60 61 62 63 64  |
 ├────────────────────┼────────────────────┼────────────────────┼────────────────────┼──────────────────────────────────────────────────────────────────────────────────────────────────────────────────────────────────┼─────────────────────────────────────────────────────────────────────────────────────────────────────────────────────────────────────────────────────────────────────────────────────────┤
 | 0x0000000000000147 | 0x000000000000003a | 0x000000000000003f | 0x000000000040ef66 | 0 0 0 0 0 0 0 0 0 0 0 0 0 0 0 0 0 0 0 0 0 0 0 0 0 0 0 0 0 0 0 0 0 0 0 0 0 0 0 0 0 0 0 0 0 0 0 0 0 0 0 0 0 0 0 0 0 1 1 1 1 1 1 1  | 0 0 0 0 0 0 0 0 0 0 0 0 0 0 0 0 0 0 0 0 0 0 0 0 0 0 0 0 0 0 0 0 0 0 0 0 0 0 0 0 0 0 0 0 0 0 0 0 0 0 0 0 0 0 0 0 0 3 1 4 6 5 7 2                                                         |
 ├────────────────────┼────────────────────┼────────────────────┼────────────────────┼──────────────────────────────────────────────────────────────────────────────────────────────────────────────────────────────────┼─────────────────────────────────────────────────────────────────────────────────────────────────────────────────────────────────────────────────────────────────────────────────────────┤
 | 0x000000000000811c | 0x0000000000000000 | 0x0000000000000001 | 0x000000000040d221 | 1 1 1 1 1 1 1 1 1 1 1 1 1 1 1 1 1 1 1 1 1 1 1 1 1 1 1 1 1 1 1 1 1 1 1 1 1 1 1 1 1 1 1 1 1 1 1 1 1 1 1 1 1 1 1 1 1 1 1 1 1 1 1 1  | 1 2 3 4 5 6 7 8 9 10 11 12 13 14 15 16 17 18 19 20 21 22 23 24 25 26 27 28 29 30 31 32 33 34 35 36 37 38 39 40 41 42 43 44 45 46 47 48 49 50 51 52 53 54 55 56 57 58 59 60 61 62 63 64  |
 ├────────────────────┼────────────────────┼────────────────────┼────────────────────┼──────────────────────────────────────────────────────────────────────────────────────────────────────────────────────────────────┼─────────────────────────────────────────────────────────────────────────────────────────────────────────────────────────────────────────────────────────────────────────────────────────┤
 | 0x000000000000815d | 0x0000000000000000 | 0x0000000000000001 | 0x000000000040d1f2 | 1 1 1 1 1 1 1 1 0 0 0 0 0 0 0 0 0 0 0 0 0 0 0 0 0 0 0 0 0 0 0 0 0 0 0 0 0 0 0 0 0 0 0 0 0 0 0 0 0 0 0 0 0 0 0 0 0 0 0 0 0 0 0 0  | 1 2 3 4 5 6 7 8 0 0 0 0 0 0 0 0 0 0 0 0 0 0 0 0 0 0 0 0 0 0 0 0 0 0 0 0 0 0 0 0 0 0 0 0 0 0 0 0 0 0 0 0 0 0 0 0 0 0 0 0 0 0 0 0                                                         |
 ├────────────────────┼────────────────────┼────────────────────┼────────────────────┼──────────────────────────────────────────────────────────────────────────────────────────────────────────────────────────────────┼─────────────────────────────────────────────────────────────────────────────────────────────────────────────────────────────────────────────────────────────────────────────────────────┤
 | 0x0000000000007d2a | 0x000000000000003d | 0x000000000000003e | 0x000000000040e6ba | 0 0 0 0 0 0 0 0 0 0 0 0 0 0 0 0 0 0 0 0 0 0 0 0 0 0 0 0 0 0 0 0 0 0 0 0 0 0 0 0 0 0 0 0 0 0 0 0 0 0 0 0 0 0 0 0 0 0 0 0 0 1 1 1  | 0 0 0 0 0 0 0 0 0 0 0 0 0 0 0 0 0 0 0 0 0 0 0 0 0 0 0 0 0 0 0 0 0 0 0 0 0 0 0 0 0 0 0 0 0 0 0 0 0 0 0 0 0 0 0 0 0 0 0 0 0 1 2 3                                                         |
 ├────────────────────┼────────────────────┼────────────────────┼────────────────────┼──────────────────────────────────────────────────────────────────────────────────────────────────────────────────────────────────┼─────────────────────────────────────────────────────────────────────────────────────────────────────────────────────────────────────────────────────────────────────────────────────────┤
 | 0x00000000000080d2 | 0x0000000000000000 | 0x0000000000000001 | 0x000000000040d221 | 1 1 1 1 1 1 1 1 1 1 1 1 1 1 1 1 1 1 1 1 1 1 1 1 1 1 1 1 1 1 1 1 1 1 1 1 1 1 1 1 1 1 1 1 1 1 1 1 1 1 1 1 1 1 1 1 1 1 1 1 1 1 1 1  | 1 2 3 4 5 6 7 8 9 10 11 12 13 14 15 16 17 18 19 20 21 22 23 24 25 26 27 28 29 30 31 32 33 34 35 36 37 38 39 40 41 42 43 44 45 46 47 48 49 50 51 52 53 54 55 56 57 58 59 60 61 62 63 64  |
 ├────────────────────┼────────────────────┼────────────────────┼────────────────────┼──────────────────────────────────────────────────────────────────────────────────────────────────────────────────────────────────┼─────────────────────────────────────────────────────────────────────────────────────────────────────────────────────────────────────────────────────────────────────────────────────────┤
 | 0x000000000000815c | 0x0000000000000000 | 0x0000000000000001 | 0x000000000040d217 | 1 1 1 1 1 1 1 1 1 1 1 1 1 1 0 0 0 0 0 0 0 0 0 0 0 0 0 0 0 0 0 0 0 0 0 0 0 0 0 0 0 0 0 0 0 0 0 0 0 0 0 0 0 0 0 0 0 0 0 0 0 0 0 0  | 1 2 3 4 5 6 7 8 9 10 11 12 13 14 0 0 0 0 0 0 0 0 0 0 0 0 0 0 0 0 0 0 0 0 0 0 0 0 0 0 0 0 0 0 0 0 0 0 0 0 0 0 0 0 0 0 0 0 0 0 0 0 0 0                                                    |
 ├────────────────────┼────────────────────┼────────────────────┼────────────────────┼──────────────────────────────────────────────────────────────────────────────────────────────────────────────────────────────────┼─────────────────────────────────────────────────────────────────────────────────────────────────────────────────────────────────────────────────────────────────────────────────────────┤
 | 0x000000000000814e | 0x0000000000000000 | 0x0000000000000001 | 0x000000000040d19f | 1 1 1 1 1 1 1 1 1 1 1 1 1 1 1 1 1 1 1 1 1 1 1 1 1 1 1 1 1 1 1 1 0 0 0 0 0 0 0 0 0 0 0 0 0 0 0 0 0 0 0 0 0 0 0 0 0 0 0 0 0 0 0 0  | 1 2 3 4 5 6 7 8 9 10 11 12 13 14 15 16 17 18 19 20 21 22 23 24 25 26 27 28 29 30 31 32 0 0 0 0 0 0 0 0 0 0 0 0 0 0 0 0 0 0 0 0 0 0 0 0 0 0 0 0 0 0 0 0                                  |
 ├────────────────────┼────────────────────┼────────────────────┼────────────────────┼──────────────────────────────────────────────────────────────────────────────────────────────────────────────────────────────────┼─────────────────────────────────────────────────────────────────────────────────────────────────────────────────────────────────────────────────────────────────────────────────────────┤
 | 0x0000000000007670 | 0x0000000000000001 | 0x0000000000000002 | 0x000000000040e6a3 | 0 1 1 1 1 0 0 0 0 0 0 0 0 0 0 0 0 0 0 0 0 0 0 0 0 0 0 0 0 0 0 0 0 0 0 0 0 0 0 0 0 0 0 0 0 0 0 0 0 0 0 0 0 0 0 0 0 0 0 0 0 0 0 0  | 0 1 2 3 4 0 0 0 0 0 0 0 0 0 0 0 0 0 0 0 0 0 0 0 0 0 0 0 0 0 0 0 0 0 0 0 0 0 0 0 0 0 0 0 0 0 0 0 0 0 0 0 0 0 0 0 0 0 0 0 0 0 0 0                                                         |
 ├────────────────────┼────────────────────┼────────────────────┼────────────────────┼──────────────────────────────────────────────────────────────────────────────────────────────────────────────────────────────────┼─────────────────────────────────────────────────────────────────────────────────────────────────────────────────────────────────────────────────────────────────────────────────────────┤
 | 0x0000000000008163 | 0x0000000000000009 | 0x000000000000000a | 0x000000000040e76c | 0 0 0 0 0 0 0 0 0 1 1 1 1 0 0 0 0 0 0 0 0 0 0 0 0 0 0 0 0 0 0 0 0 0 0 0 0 0 0 0 0 0 0 0 0 0 0 0 0 0 0 0 0 0 0 0 0 0 0 0 0 0 0 0  | 0 0 0 0 0 0 0 0 0 1 2 3 4 0 0 0 0 0 0 0 0 0 0 0 0 0 0 0 0 0 0 0 0 0 0 0 0 0 0 0 0 0 0 0 0 0 0 0 0 0 0 0 0 0 0 0 0 0 0 0 0 0 0 0                                                         |
 ├────────────────────┼────────────────────┼────────────────────┼────────────────────┼──────────────────────────────────────────────────────────────────────────────────────────────────────────────────────────────────┼─────────────────────────────────────────────────────────────────────────────────────────────────────────────────────────────────────────────────────────────────────────────────────────┤
 | 0x00000000000073ae | 0x0000000000000035 | 0x0000000000000036 | 0x000000000040e5e1 | 0 0 0 0 0 0 0 0 0 0 0 0 0 0 0 0 0 0 0 0 0 0 0 0 0 0 0 0 0 0 0 0 0 0 0 0 0 0 0 0 0 0 0 0 0 0 0 0 0 0 0 0 0 1 1 1 1 0 0 0 0 0 0 0  | 0 0 0 0 0 0 0 0 0 0 0 0 0 0 0 0 0 0 0 0 0 0 0 0 0 0 0 0 0 0 0 0 0 0 0 0 0 0 0 0 0 0 0 0 0 0 0 0 0 0 0 0 0 1 2 3 4 0 0 0 0 0 0 0                                                         |
 ├────────────────────┼────────────────────┼────────────────────┼────────────────────┼──────────────────────────────────────────────────────────────────────────────────────────────────────────────────────────────────┼─────────────────────────────────────────────────────────────────────────────────────────────────────────────────────────────────────────────────────────────────────────────────────────┤
 | 0x00000000000007ab | 0x0000000000000007 | 0x0000000000000008 | 0x000000000040f138 | 0 0 0 0 0 0 0 1 1 1 1 0 0 0 0 0 0 0 0 0 0 0 0 0 0 0 0 0 0 0 0 0 0 0 0 0 0 0 0 0 0 0 0 0 0 0 0 0 0 0 0 0 0 0 0 0 0 0 0 0 0 0 0 0  | 0 0 0 0 0 0 0 1 2 3 4 0 0 0 0 0 0 0 0 0 0 0 0 0 0 0 0 0 0 0 0 0 0 0 0 0 0 0 0 0 0 0 0 0 0 0 0 0 0 0 0 0 0 0 0 0 0 0 0 0 0 0 0 0                                                         |
 ├────────────────────┼────────────────────┼────────────────────┼────────────────────┼──────────────────────────────────────────────────────────────────────────────────────────────────────────────────────────────────┼─────────────────────────────────────────────────────────────────────────────────────────────────────────────────────────────────────────────────────────────────────────────────────────┤
 | 0x0000000000000773 | 0x000000000000001f | 0x0000000000000020 | 0x000000000040eea7 | 0 0 0 0 0 0 0 0 0 0 0 0 0 0 0 0 0 0 0 0 0 0 0 0 0 0 0 0 0 0 0 1 1 1 1 1 0 0 0 0 0 0 0 0 0 0 0 0 0 0 0 0 0 0 0 0 0 0 0 0 0 0 0 0  | 0 0 0 0 0 0 0 0 0 0 0 0 0 0 0 0 0 0 0 0 0 0 0 0 0 0 0 0 0 0 0 1 2 3 4 5 0 0 0 0 0 0 0 0 0 0 0 0 0 0 0 0 0 0 0 0 0 0 0 0 0 0 0 0                                                         |
 ├────────────────────┼────────────────────┼────────────────────┼────────────────────┼──────────────────────────────────────────────────────────────────────────────────────────────────────────────────────────────────┼─────────────────────────────────────────────────────────────────────────────────────────────────────────────────────────────────────────────────────────────────────────────────────────┤
 | 0x000000000000766b | 0x000000000000000d | 0x000000000000000e | 0x000000000040e74d | 0 0 0 0 0 0 0 0 0 0 0 0 0 1 1 1 1 0 0 0 0 0 0 0 0 0 0 0 0 0 0 0 0 0 0 0 0 0 0 0 0 0 0 0 0 0 0 0 0 0 0 0 0 0 0 0 0 0 0 0 0 0 0 0  | 0 0 0 0 0 0 0 0 0 0 0 0 0 1 2 3 4 0 0 0 0 0 0 0 0 0 0 0 0 0 0 0 0 0 0 0 0 0 0 0 0 0 0 0 0 0 0 0 0 0 0 0 0 0 0 0 0 0 0 0 0 0 0 0                                                         |
 ├────────────────────┼────────────────────┼────────────────────┼────────────────────┼──────────────────────────────────────────────────────────────────────────────────────────────────────────────────────────────────┼─────────────────────────────────────────────────────────────────────────────────────────────────────────────────────────────────────────────────────────────────────────────────────────┤
 | 0x0000000000008164 | 0x000000000000000f | 0x0000000000000010 | 0x000000000040e7ab | 0 0 0 0 0 0 0 0 0 0 0 0 0 0 0 1 1 1 1 0 0 0 0 0 0 0 0 0 0 0 0 0 0 0 0 0 0 0 0 0 0 0 0 0 0 0 0 0 0 0 0 0 0 0 0 0 0 0 0 0 0 0 0 0  | 0 0 0 0 0 0 0 0 0 0 0 0 0 0 0 1 2 3 4 0 0 0 0 0 0 0 0 0 0 0 0 0 0 0 0 0 0 0 0 0 0 0 0 0 0 0 0 0 0 0 0 0 0 0 0 0 0 0 0 0 0 0 0 0                                                         |
 ├────────────────────┼────────────────────┼────────────────────┼────────────────────┼──────────────────────────────────────────────────────────────────────────────────────────────────────────────────────────────────┼─────────────────────────────────────────────────────────────────────────────────────────────────────────────────────────────────────────────────────────────────────────────────────────┤
 | 0x0000000000000c02 | 0x0000000000000006 | 0x0000000000000007 | 0x000000000040eaa6 | 0 0 0 0 0 0 1 1 1 1 0 0 0 0 0 0 0 0 0 0 0 0 0 0 0 0 0 0 0 0 0 0 0 0 0 0 0 0 0 0 0 0 0 0 0 0 0 0 0 0 0 0 0 0 0 0 0 0 0 0 0 0 0 0  | 0 0 0 0 0 0 1 2 3 4 0 0 0 0 0 0 0 0 0 0 0 0 0 0 0 0 0 0 0 0 0 0 0 0 0 0 0 0 0 0 0 0 0 0 0 0 0 0 0 0 0 0 0 0 0 0 0 0 0 0 0 0 0 0                                                         |
 ├────────────────────┼────────────────────┼────────────────────┼────────────────────┼──────────────────────────────────────────────────────────────────────────────────────────────────────────────────────────────────┼─────────────────────────────────────────────────────────────────────────────────────────────────────────────────────────────────────────────────────────────────────────────────────────┤
 | 0x000000000000073c | 0x0000000000000031 | 0x0000000000000032 | 0x000000000040e4d8 | 0 0 0 0 0 0 0 0 0 0 0 0 0 0 0 0 0 0 0 0 0 0 0 0 0 0 0 0 0 0 0 0 0 0 0 0 0 0 0 0 0 0 0 0 0 0 0 0 0 1 1 1 1 0 0 0 0 0 0 0 0 0 0 0  | 0 0 0 0 0 0 0 0 0 0 0 0 0 0 0 0 0 0 0 0 0 0 0 0 0 0 0 0 0 0 0 0 0 0 0 0 0 0 0 0 0 0 0 0 0 0 0 0 0 1 2 3 4 0 0 0 0 0 0 0 0 0 0 0                                                         |
 ├────────────────────┼────────────────────┼────────────────────┼────────────────────┼──────────────────────────────────────────────────────────────────────────────────────────────────────────────────────────────────┼─────────────────────────────────────────────────────────────────────────────────────────────────────────────────────────────────────────────────────────────────────────────────────────┤
 | 0x0000000000000750 | 0x0000000000000030 | 0x000000000000003f | 0x000000000040dc1b | 0 0 0 0 0 0 0 0 0 0 0 0 0 0 0 0 0 0 0 0 0 0 0 0 0 0 0 0 0 0 0 0 0 1 1 1 1 0 0 0 0 0 0 0 0 0 0 0 1 1 1 1 0 0 0 0 0 0 0 0 0 0 0 1  | 0 0 0 0 0 0 0 0 0 0 0 0 0 0 0 0 0 0 0 0 0 0 0 0 0 0 0 0 0 0 0 0 0 3 5 7 9 0 0 0 0 0 0 0 0 0 0 0 1 4 6 8 0 0 0 0 0 0 0 0 0 0 0 2                                                         |
 ├────────────────────┼────────────────────┼────────────────────┼────────────────────┼──────────────────────────────────────────────────────────────────────────────────────────────────────────────────────────────────┼─────────────────────────────────────────────────────────────────────────────────────────────────────────────────────────────────────────────────────────────────────────────────────────┤
 | 0x0000000000000766 | 0x000000000000001f | 0x000000000000002e | 0x000000000040e5cd | 0 0 0 0 0 0 0 0 0 0 0 0 0 0 0 0 1 1 1 1 0 0 0 0 0 0 0 0 0 0 0 1 1 1 1 0 0 0 0 0 0 0 0 0 0 0 1 1 1 1 0 0 0 0 0 0 0 0 0 0 0 0 0 0  | 0 0 0 0 0 0 0 0 0 0 0 0 0 0 0 0 3 6 9 12 0 0 0 0 0 0 0 0 0 0 0 1 4 7 10 0 0 0 0 0 0 0 0 0 0 0 2 5 8 11 0 0 0 0 0 0 0 0 0 0 0 0 0 0                                                      |
 ├────────────────────┼────────────────────┼────────────────────┼────────────────────┼──────────────────────────────────────────────────────────────────────────────────────────────────────────────────────────────────┼─────────────────────────────────────────────────────────────────────────────────────────────────────────────────────────────────────────────────────────────────────────────────────────┤
 | 0x0000000000000bf9 | 0x0000000000000015 | 0x0000000000000006 | 0x000000000040dc67 | 0 0 0 0 0 0 1 1 1 1 1 0 0 0 0 0 0 0 0 0 0 1 1 1 1 1 0 0 0 0 0 0 0 0 0 0 0 0 0 0 0 0 0 0 0 0 0 0 0 0 0 0 0 0 0 0 0 0 0 0 0 0 0 0  | 0 0 0 0 0 0 2 3 5 7 9 0 0 0 0 0 0 0 0 0 0 1 4 6 8 10 0 0 0 0 0 0 0 0 0 0 0 0 0 0 0 0 0 0 0 0 0 0 0 0 0 0 0 0 0 0 0 0 0 0 0 0 0 0                                                        |
 ├────────────────────┼────────────────────┼────────────────────┼────────────────────┼──────────────────────────────────────────────────────────────────────────────────────────────────────────────────────────────────┼─────────────────────────────────────────────────────────────────────────────────────────────────────────────────────────────────────────────────────────────────────────────────────────┤
 | 0x000000000000813e | 0x0000000000000000 | 0x0000000000000001 | 0x000000000040d15f | 1 1 1 1 1 1 1 1 1 1 1 1 1 1 1 1 1 1 1 1 1 1 1 1 1 1 1 1 1 1 1 1 1 1 1 1 1 1 1 1 1 1 1 1 1 1 1 1 1 1 1 1 1 1 0 0 0 0 0 0 0 0 0 0  | 1 2 3 4 5 6 7 8 9 10 11 12 13 14 15 16 17 18 19 20 21 22 23 24 25 26 27 28 29 30 31 32 33 34 35 36 37 38 39 40 41 42 43 44 45 46 47 48 49 50 51 52 53 54 0 0 0 0 0 0 0 0 0 0            |
 ├────────────────────┼────────────────────┼────────────────────┼────────────────────┼──────────────────────────────────────────────────────────────────────────────────────────────────────────────────────────────────┼─────────────────────────────────────────────────────────────────────────────────────────────────────────────────────────────────────────────────────────────────────────────────────────┤
 | 0x0000000000000759 | 0x0000000000000027 | 0x0000000000000036 | 0x000000000040eb55 | 0 0 0 0 0 0 0 0 0 0 0 0 0 0 0 0 0 0 0 0 0 0 0 0 1 1 1 1 0 0 0 0 0 0 0 0 0 0 0 1 1 1 1 0 0 0 0 0 0 0 0 0 0 0 1 1 1 1 0 0 0 0 0 0  | 0 0 0 0 0 0 0 0 0 0 0 0 0 0 0 0 0 0 0 0 0 0 0 0 3 6 9 12 0 0 0 0 0 0 0 0 0 0 0 1 4 7 10 0 0 0 0 0 0 0 0 0 0 0 2 5 8 11 0 0 0 0 0 0                                                      |
 ├────────────────────┼────────────────────┼────────────────────┼────────────────────┼──────────────────────────────────────────────────────────────────────────────────────────────────────────────────────────────────┼─────────────────────────────────────────────────────────────────────────────────────────────────────────────────────────────────────────────────────────────────────────────────────────┤
 | 0x0000000000000751 | 0x000000000000002f | 0x000000000000003e | 0x000000000040eb60 | 0 0 0 0 0 0 0 0 0 0 0 0 0 0 0 0 0 0 0 0 0 0 0 0 0 0 0 0 0 0 0 0 1 1 1 1 0 0 0 0 0 0 0 0 0 0 0 1 1 1 1 0 0 0 0 0 0 0 0 0 0 0 1 1  | 0 0 0 0 0 0 0 0 0 0 0 0 0 0 0 0 0 0 0 0 0 0 0 0 0 0 0 0 0 0 0 0 3 6 8 10 0 0 0 0 0 0 0 0 0 0 0 1 4 7 9 0 0 0 0 0 0 0 0 0 0 0 2 5                                                        |
 ├────────────────────┼────────────────────┼────────────────────┼────────────────────┼──────────────────────────────────────────────────────────────────────────────────────────────────────────────────────────────────┼─────────────────────────────────────────────────────────────────────────────────────────────────────────────────────────────────────────────────────────────────────────────────────────┤
 | 0x00000000000007a4 | 0x0000000000000007 | 0x0000000000000016 | 0x000000000040ed43 | 0 0 0 0 0 0 0 1 1 1 1 1 0 0 0 0 0 0 0 0 0 0 1 1 1 1 1 0 0 0 0 0 0 0 0 0 0 0 0 0 0 0 0 0 0 0 0 0 0 0 0 0 0 0 0 0 0 0 0 0 0 0 0 0  | 0 0 0 0 0 0 0 1 3 5 7 9 0 0 0 0 0 0 0 0 0 0 2 4 6 8 10 0 0 0 0 0 0 0 0 0 0 0 0 0 0 0 0 0 0 0 0 0 0 0 0 0 0 0 0 0 0 0 0 0 0 0 0 0                                                        |
 ├────────────────────┼────────────────────┼────────────────────┼────────────────────┼──────────────────────────────────────────────────────────────────────────────────────────────────────────────────────────────────┼─────────────────────────────────────────────────────────────────────────────────────────────────────────────────────────────────────────────────────────────────────────────────────────┤
 | 0x0000000000000775 | 0x0000000000000000 | 0x000000000000000f | 0x000000000040ec9d | 1 1 1 1 1 0 0 0 0 0 0 0 0 0 0 1 1 1 1 1 0 0 0 0 0 0 0 0 0 0 1 1 1 1 1 0 0 0 0 0 0 0 0 0 0 0 0 0 0 0 0 0 0 0 0 0 0 0 0 0 0 0 0 0  | 1 6 9 11 15 0 0 0 0 0 0 0 0 0 0 2 4 8 12 14 0 0 0 0 0 0 0 0 0 0 3 5 7 10 13 0 0 0 0 0 0 0 0 0 0 0 0 0 0 0 0 0 0 0 0 0 0 0 0 0 0 0 0 0                                                   |
 ├────────────────────┼────────────────────┼────────────────────┼────────────────────┼──────────────────────────────────────────────────────────────────────────────────────────────────────────────────────────────────┼─────────────────────────────────────────────────────────────────────────────────────────────────────────────────────────────────────────────────────────────────────────────────────────┤
 | 0x0000000000007d36 | 0x0000000000000031 | 0x0000000000000032 | 0x000000000040e61b | 0 0 0 0 0 0 0 0 0 0 0 0 0 0 0 0 0 0 0 0 0 0 0 0 0 0 0 0 0 0 0 0 0 0 0 0 0 0 0 0 0 0 0 0 0 0 0 0 0 1 1 1 1 0 0 0 0 0 0 0 0 0 0 0  | 0 0 0 0 0 0 0 0 0 0 0 0 0 0 0 0 0 0 0 0 0 0 0 0 0 0 0 0 0 0 0 0 0 0 0 0 0 0 0 0 0 0 0 0 0 0 0 0 0 1 2 3 4 0 0 0 0 0 0 0 0 0 0 0                                                         |
 ├────────────────────┼────────────────────┼────────────────────┼────────────────────┼──────────────────────────────────────────────────────────────────────────────────────────────────────────────────────────────────┼─────────────────────────────────────────────────────────────────────────────────────────────────────────────────────────────────────────────────────────────────────────────────────────┤
 | 0x0000000000000bf8 | 0x0000000000000005 | 0x0000000000000006 | 0x0000000000410aec | 0 0 0 0 0 1 1 1 1 1 0 0 0 0 0 0 0 0 0 0 0 0 0 0 0 0 0 0 0 0 0 0 0 0 0 0 0 0 0 0 0 0 0 0 0 0 0 0 0 0 0 0 0 0 0 0 0 0 0 0 0 0 0 0  | 0 0 0 0 0 1 2 3 4 5 0 0 0 0 0 0 0 0 0 0 0 0 0 0 0 0 0 0 0 0 0 0 0 0 0 0 0 0 0 0 0 0 0 0 0 0 0 0 0 0 0 0 0 0 0 0 0 0 0 0 0 0 0 0                                                         |
 ├────────────────────┼────────────────────┼────────────────────┼────────────────────┼──────────────────────────────────────────────────────────────────────────────────────────────────────────────────────────────────┼─────────────────────────────────────────────────────────────────────────────────────────────────────────────────────────────────────────────────────────────────────────────────────────┤
 | 0x000000000000073d | 0x000000000000003f | 0x0000000000000030 | 0x000000000040dbb3 | 0 0 0 0 0 0 0 0 0 0 0 0 0 0 0 0 0 0 0 0 0 0 0 0 0 0 0 0 0 0 0 0 0 0 0 0 0 0 0 0 0 0 0 0 0 0 0 0 1 1 1 1 1 0 0 0 0 0 0 0 0 0 0 1  | 0 0 0 0 0 0 0 0 0 0 0 0 0 0 0 0 0 0 0 0 0 0 0 0 0 0 0 0 0 0 0 0 0 0 0 0 0 0 0 0 0 0 0 0 0 0 0 0 2 3 4 5 6 0 0 0 0 0 0 0 0 0 0 1                                                         |
 ├────────────────────┼────────────────────┼────────────────────┼────────────────────┼──────────────────────────────────────────────────────────────────────────────────────────────────────────────────────────────────┼─────────────────────────────────────────────────────────────────────────────────────────────────────────────────────────────────────────────────────────────────────────────────────────┤
 | 0x000000000000813f | 0x0000000000000000 | 0x0000000000000001 | 0x000000000040d245 | 1 1 1 1 1 1 1 1 1 1 1 1 1 1 1 1 1 1 1 1 1 1 1 1 1 1 1 1 1 1 1 1 1 1 1 1 1 1 1 1 1 1 1 1 1 1 1 1 0 0 0 0 0 0 0 0 0 0 0 0 0 0 0 0  | 1 2 3 4 5 6 7 8 9 10 11 12 13 14 15 16 17 18 19 20 21 22 23 24 25 26 27 28 29 30 31 32 33 34 35 36 37 38 39 40 41 42 43 44 45 46 47 48 0 0 0 0 0 0 0 0 0 0 0 0 0 0 0 0                  |
 ├────────────────────┼────────────────────┼────────────────────┼────────────────────┼──────────────────────────────────────────────────────────────────────────────────────────────────────────────────────────────────┼─────────────────────────────────────────────────────────────────────────────────────────────────────────────────────────────────────────────────────────────────────────────────────────┤
 | 0x000000000000076e | 0x0000000000000027 | 0x0000000000000028 | 0x000000000040e5dc | 0 0 0 0 0 0 0 0 0 0 0 0 0 0 0 0 0 0 0 0 0 0 0 0 1 1 1 1 1 0 0 0 0 0 0 0 0 0 0 1 1 1 1 1 0 0 0 0 0 0 0 0 0 0 1 1 1 1 1 0 0 0 0 0  | 0 0 0 0 0 0 0 0 0 0 0 0 0 0 0 0 0 0 0 0 0 0 0 0 4 5 9 12 14 0 0 0 0 0 0 0 0 0 0 1 2 7 10 13 0 0 0 0 0 0 0 0 0 0 3 6 8 11 15 0 0 0 0 0                                                   |
 ├────────────────────┼────────────────────┼────────────────────┼────────────────────┼──────────────────────────────────────────────────────────────────────────────────────────────────────────────────────────────────┼─────────────────────────────────────────────────────────────────────────────────────────────────────────────────────────────────────────────────────────────────────────────────────────┤
 | 0x0000000000000110 | 0x000000000000003b | 0x0000000000000017 | 0x000000000040e524 | 1 1 1 1 1 1 1 1 1 1 1 1 1 1 1 1 1 1 1 1 1 1 1 1 1 1 1 1 1 1 1 1 1 1 1 1 1 1 1 1 1 1 1 0 0 0 0 0 0 0 0 0 1 1 1 1 1 1 1 1 1 1 1 1  | 17 31 30 29 33 32 51 50 48 23 24 18 20 26 27 25 14 15 21 28 19 10 13 2 3 4 5 6 7 8 9 37 42 44 45 47 52 46 39 38 55 54 53 0 0 0 0 0 0 0 0 0 22 16 41 43 34 40 36 1 35 11 12 49           |
 ├────────────────────┼────────────────────┼────────────────────┼────────────────────┼──────────────────────────────────────────────────────────────────────────────────────────────────────────────────────────────────┼─────────────────────────────────────────────────────────────────────────────────────────────────────────────────────────────────────────────────────────────────────────────────────────┤
 | 0x000000000000766e | 0x0000000000000007 | 0x0000000000000008 | 0x000000000040e6f4 | 0 0 0 0 0 0 0 1 1 1 1 0 0 0 0 0 0 0 0 0 0 0 0 0 0 0 0 0 0 0 0 0 0 0 0 0 0 0 0 0 0 0 0 0 0 0 0 0 0 0 0 0 0 0 0 0 0 0 0 0 0 0 0 0  | 0 0 0 0 0 0 0 1 2 3 4 0 0 0 0 0 0 0 0 0 0 0 0 0 0 0 0 0 0 0 0 0 0 0 0 0 0 0 0 0 0 0 0 0 0 0 0 0 0 0 0 0 0 0 0 0 0 0 0 0 0 0 0 0                                                         |
 ├────────────────────┼────────────────────┼────────────────────┼────────────────────┼──────────────────────────────────────────────────────────────────────────────────────────────────────────────────────────────────┼─────────────────────────────────────────────────────────────────────────────────────────────────────────────────────────────────────────────────────────────────────────────────────────┤
 | 0x0000000000000737 | 0x0000000000000038 | 0x0000000000000039 | 0x000000000040ee10 | 0 0 0 0 0 0 0 0 0 0 0 0 0 0 0 0 0 0 0 0 0 0 0 0 0 0 0 0 0 0 0 0 0 0 0 0 0 0 0 0 0 0 0 0 0 0 0 0 0 0 0 0 0 0 0 0 1 1 1 1 1 0 0 0  | 0 0 0 0 0 0 0 0 0 0 0 0 0 0 0 0 0 0 0 0 0 0 0 0 0 0 0 0 0 0 0 0 0 0 0 0 0 0 0 0 0 0 0 0 0 0 0 0 0 0 0 0 0 0 0 0 1 2 3 4 5 0 0 0                                                         |
 ├────────────────────┼────────────────────┼────────────────────┼────────────────────┼──────────────────────────────────────────────────────────────────────────────────────────────────────────────────────────────────┼─────────────────────────────────────────────────────────────────────────────────────────────────────────────────────────────────────────────────────────────────────────────────────────┤
 | 0x0000000000000bfb | 0x000000000000000e | 0x0000000000000000 | 0x000000000040edf0 | 1 1 1 1 0 0 0 0 0 0 0 0 0 0 1 1 1 1 1 0 0 0 0 0 0 0 0 0 0 0 0 0 0 0 0 0 0 0 0 0 0 0 0 0 0 0 0 0 0 0 0 0 0 0 0 0 0 0 0 0 0 0 0 0  | 2 4 6 8 0 0 0 0 0 0 0 0 0 0 1 3 5 7 9 0 0 0 0 0 0 0 0 0 0 0 0 0 0 0 0 0 0 0 0 0 0 0 0 0 0 0 0 0 0 0 0 0 0 0 0 0 0 0 0 0 0 0 0 0                                                         |
 ├────────────────────┼────────────────────┼────────────────────┼────────────────────┼──────────────────────────────────────────────────────────────────────────────────────────────────────────────────────────────────┼─────────────────────────────────────────────────────────────────────────────────────────────────────────────────────────────────────────────────────────────────────────────────────────┤
 | 0x000000000000813c | 0x0000000000000000 | 0x0000000000000001 | 0x000000000040d193 | 1 1 1 1 1 1 1 1 1 1 1 1 1 1 1 1 1 1 1 1 1 1 1 1 1 1 1 1 1 1 1 1 1 1 1 1 1 1 1 1 1 1 1 1 1 1 1 1 1 1 1 1 1 1 1 1 1 1 1 1 0 0 0 0  | 1 2 3 4 5 6 7 8 9 10 11 12 13 14 15 16 17 18 19 20 21 22 23 24 25 26 27 28 29 30 31 32 33 34 35 36 37 38 39 40 41 42 43 44 45 46 47 48 49 50 51 52 53 54 55 56 57 58 59 60 0 0 0 0      |
 ├────────────────────┼────────────────────┼────────────────────┼────────────────────┼──────────────────────────────────────────────────────────────────────────────────────────────────────────────────────────────────┼─────────────────────────────────────────────────────────────────────────────────────────────────────────────────────────────────────────────────────────────────────────────────────────┤
 | 0x0000000000000c09 | 0x0000000000000008 | 0x0000000000000009 | 0x000000000040f48d | 0 0 0 0 0 0 0 0 1 1 1 1 0 0 0 0 0 0 0 0 0 0 0 0 0 0 0 0 0 0 0 0 0 0 0 0 0 0 0 0 0 0 0 0 0 0 0 0 0 0 0 0 0 0 0 0 0 0 0 0 0 0 0 0  | 0 0 0 0 0 0 0 0 1 2 3 4 0 0 0 0 0 0 0 0 0 0 0 0 0 0 0 0 0 0 0 0 0 0 0 0 0 0 0 0 0 0 0 0 0 0 0 0 0 0 0 0 0 0 0 0 0 0 0 0 0 0 0 0                                                         |
 ├────────────────────┼────────────────────┼────────────────────┼────────────────────┼──────────────────────────────────────────────────────────────────────────────────────────────────────────────────────────────────┼─────────────────────────────────────────────────────────────────────────────────────────────────────────────────────────────────────────────────────────────────────────────────────────┤
 | 0x000000000000073e | 0x000000000000003e | 0x000000000000003f | 0x000000000040dcd4 | 0 0 0 0 0 0 0 0 0 0 0 0 0 0 0 0 0 0 0 0 0 0 0 0 0 0 0 0 0 0 0 0 0 0 0 0 0 0 0 0 0 0 0 0 0 0 0 1 1 1 1 1 0 0 0 0 0 0 0 0 0 0 1 1  | 0 0 0 0 0 0 0 0 0 0 0 0 0 0 0 0 0 0 0 0 0 0 0 0 0 0 0 0 0 0 0 0 0 0 0 0 0 0 0 0 0 0 0 0 0 0 0 3 4 5 6 7 0 0 0 0 0 0 0 0 0 0 1 2                                                         |
 ├────────────────────┼────────────────────┼────────────────────┼────────────────────┼──────────────────────────────────────────────────────────────────────────────────────────────────────────────────────────────────┼─────────────────────────────────────────────────────────────────────────────────────────────────────────────────────────────────────────────────────────────────────────────────────────┤
 | 0x0000000000008159 | 0x0000000000000000 | 0x0000000000000001 | 0x000000000040d23c | 1 1 1 1 1 1 1 1 1 1 1 1 1 1 1 1 1 1 1 1 0 0 0 0 0 0 0 0 0 0 0 0 0 0 0 0 0 0 0 0 0 0 0 0 0 0 0 0 0 0 0 0 0 0 0 0 0 0 0 0 0 0 0 0  | 1 2 3 4 5 6 7 8 9 10 11 12 13 14 15 16 17 18 19 20 0 0 0 0 0 0 0 0 0 0 0 0 0 0 0 0 0 0 0 0 0 0 0 0 0 0 0 0 0 0 0 0 0 0 0 0 0 0 0 0 0 0 0 0                                              |
 ├────────────────────┼────────────────────┼────────────────────┼────────────────────┼──────────────────────────────────────────────────────────────────────────────────────────────────────────────────────────────────┼─────────────────────────────────────────────────────────────────────────────────────────────────────────────────────────────────────────────────────────────────────────────────────────┤
 | 0x0000000000000111 | 0x0000000000000012 | 0x0000000000000013 | 0x000000000040e811 | 0 0 0 0 0 0 0 0 0 0 0 0 0 0 0 0 0 0 1 1 0 0 0 0 0 0 0 0 0 0 0 0 0 0 0 0 0 0 0 0 0 0 0 0 0 0 0 0 0 0 0 0 0 0 0 0 0 0 0 0 0 0 0 0  | 0 0 0 0 0 0 0 0 0 0 0 0 0 0 0 0 0 0 1 2 0 0 0 0 0 0 0 0 0 0 0 0 0 0 0 0 0 0 0 0 0 0 0 0 0 0 0 0 0 0 0 0 0 0 0 0 0 0 0 0 0 0 0 0                                                         |
 ├────────────────────┼────────────────────┼────────────────────┼────────────────────┼──────────────────────────────────────────────────────────────────────────────────────────────────────────────────────────────────┼─────────────────────────────────────────────────────────────────────────────────────────────────────────────────────────────────────────────────────────────────────────────────────────┤
 | 0x0000000000000bf3 | 0x0000000000000018 | 0x0000000000000027 | 0x000000000040e5ef | 0 0 0 0 0 0 0 0 0 1 1 1 1 0 0 0 0 0 0 0 0 0 0 0 1 1 1 1 0 0 0 0 0 0 0 0 0 0 0 1 1 1 1 0 0 0 0 0 0 0 0 0 0 0 0 0 0 0 0 0 0 0 0 0  | 0 0 0 0 0 0 0 0 0 3 5 9 12 0 0 0 0 0 0 0 0 0 0 0 1 6 7 11 0 0 0 0 0 0 0 0 0 0 0 2 4 8 10 0 0 0 0 0 0 0 0 0 0 0 0 0 0 0 0 0 0 0 0 0                                                      |
 ├────────────────────┼────────────────────┼────────────────────┼────────────────────┼──────────────────────────────────────────────────────────────────────────────────────────────────────────────────────────────────┼─────────────────────────────────────────────────────────────────────────────────────────────────────────────────────────────────────────────────────────────────────────────────────────┤
 | 0x00000000000007af | 0x0000000000000000 | 0x0000000000000001 | 0x000000000040ebbc | 1 1 0 0 0 0 0 0 0 0 0 0 0 0 0 0 0 0 0 0 0 0 0 0 0 0 0 0 0 0 0 0 0 0 0 0 0 0 0 0 0 0 0 0 0 0 0 0 0 0 0 0 0 0 0 0 0 0 0 0 0 0 0 0  | 1 2 0 0 0 0 0 0 0 0 0 0 0 0 0 0 0 0 0 0 0 0 0 0 0 0 0 0 0 0 0 0 0 0 0 0 0 0 0 0 0 0 0 0 0 0 0 0 0 0 0 0 0 0 0 0 0 0 0 0 0 0 0 0                                                         |
 ├────────────────────┼────────────────────┼────────────────────┼────────────────────┼──────────────────────────────────────────────────────────────────────────────────────────────────────────────────────────────────┼─────────────────────────────────────────────────────────────────────────────────────────────────────────────────────────────────────────────────────────────────────────────────────────┤
 | 0x0000000000008119 | 0x0000000000000000 | 0x0000000000000001 | 0x000000000040d245 | 1 1 1 1 1 1 1 1 1 1 1 1 1 1 1 1 1 1 1 1 1 1 1 1 1 1 1 1 1 1 1 1 1 1 1 1 1 1 1 1 1 1 1 1 1 1 1 1 1 1 1 1 1 1 1 1 1 1 1 1 1 1 1 1  | 1 2 3 4 5 6 7 8 9 10 11 12 13 14 15 16 17 18 19 20 21 22 23 24 25 26 27 28 29 30 31 32 33 34 35 36 37 38 39 40 41 42 43 44 45 46 47 48 49 50 51 52 53 54 55 56 57 58 59 60 61 62 63 64  |
 ├────────────────────┼────────────────────┼────────────────────┼────────────────────┼──────────────────────────────────────────────────────────────────────────────────────────────────────────────────────────────────┼─────────────────────────────────────────────────────────────────────────────────────────────────────────────────────────────────────────────────────────────────────────────────────────┤
 | 0x0000000000008143 | 0x0000000000000000 | 0x0000000000000001 | 0x000000000040d221 | 1 1 1 1 1 1 1 1 1 1 1 1 1 1 1 1 1 1 1 1 1 1 1 1 1 1 1 1 1 1 1 1 1 1 1 1 1 1 1 1 1 1 1 1 0 0 0 0 0 0 0 0 0 0 0 0 0 0 0 0 0 0 0 0  | 1 2 3 4 5 6 7 8 9 10 11 12 13 14 15 16 17 18 19 20 21 22 23 24 25 26 27 28 29 30 31 32 33 34 35 36 37 38 39 40 41 42 43 44 0 0 0 0 0 0 0 0 0 0 0 0 0 0 0 0 0 0 0 0                      |
 ├────────────────────┼────────────────────┼────────────────────┼────────────────────┼──────────────────────────────────────────────────────────────────────────────────────────────────────────────────────────────────┼─────────────────────────────────────────────────────────────────────────────────────────────────────────────────────────────────────────────────────────────────────────────────────────┤
 | 0x000000000000814a | 0x0000000000000000 | 0x0000000000000001 | 0x000000000040d1d3 | 1 1 1 1 1 1 1 1 1 1 1 1 1 1 1 1 1 1 1 1 1 1 1 1 1 1 1 1 1 1 1 1 1 1 1 1 0 0 0 0 0 0 0 0 0 0 0 0 0 0 0 0 0 0 0 0 0 0 0 0 0 0 0 0  | 1 2 3 4 5 6 7 8 9 10 11 12 13 14 15 16 17 18 19 20 21 22 23 24 25 26 27 28 29 30 31 32 33 34 35 36 0 0 0 0 0 0 0 0 0 0 0 0 0 0 0 0 0 0 0 0 0 0 0 0 0 0 0 0                              |
 ├────────────────────┼────────────────────┼────────────────────┼────────────────────┼──────────────────────────────────────────────────────────────────────────────────────────────────────────────────────────────────┼─────────────────────────────────────────────────────────────────────────────────────────────────────────────────────────────────────────────────────────────────────────────────────────┤
 | 0x0000000000008110 | 0x0000000000000000 | 0x0000000000000001 | 0x000000000040d13b | 1 1 1 1 1 1 1 1 1 1 1 1 1 1 1 1 1 1 1 1 1 1 1 1 1 1 1 1 1 1 1 1 1 1 1 1 1 1 1 1 1 1 1 1 1 1 1 1 1 1 1 1 1 1 1 1 1 1 1 1 1 1 1 1  | 1 2 3 4 5 6 7 8 9 10 11 12 13 14 15 16 17 18 19 20 21 22 23 24 25 26 27 28 29 30 31 32 33 34 35 36 37 38 39 40 41 42 43 44 45 46 47 48 49 50 51 52 53 54 55 56 57 58 59 60 61 62 63 64  |
 ├────────────────────┼────────────────────┼────────────────────┼────────────────────┼──────────────────────────────────────────────────────────────────────────────────────────────────────────────────────────────────┼─────────────────────────────────────────────────────────────────────────────────────────────────────────────────────────────────────────────────────────────────────────────────────────┤
 | 0x0000000000000bfa | 0x0000000000000036 | 0x0000000000000037 | 0x000000000040dcb5 | 0 0 0 0 0 0 0 0 0 0 0 0 0 0 0 0 0 0 0 0 0 0 0 0 0 0 0 0 0 0 0 0 0 0 0 0 0 0 0 1 1 1 1 1 0 0 0 0 0 0 0 0 0 0 1 1 1 1 1 0 0 0 0 0  | 0 0 0 0 0 0 0 0 0 0 0 0 0 0 0 0 0 0 0 0 0 0 0 0 0 0 0 0 0 0 0 0 0 0 0 0 0 0 0 3 4 6 8 10 0 0 0 0 0 0 0 0 0 0 1 2 5 7 9 0 0 0 0 0                                                        |
 └────────────────────┴────────────────────┴────────────────────┴────────────────────┴──────────────────────────────────────────────────────────────────────────────────────────────────────────────────────────────────┴─────────────────────────────────────────────────────────────────────────────────────────────────────────────────────────────────────────────────────────────────────────────────────────┘
Accumulation table end
Pattern table(s) begin
Default PT (4KB) ->  ┌─────────┬────────┬─────────┐
 | Trigger | Second | Pattern |
 └─────────┴────────┴─────────┘

PHT for page_size=4096 ->  ┌─────────────┬─────────────┬──────────────────────────────────────────────────────────────────────────────────────────────────────────────────────────────────┐
 | Trigger     | Second      | Pattern                                                                                                                          |
 ├─────────────┼─────────────┼──────────────────────────────────────────────────────────────────────────────────────────────────────────────────────────────────┤
 | 0           | 15          | 1 1 0 0 0 0 0 0 0 0 0 0 0 0 0 1 1 0 0 0 0 0 0 0 0 0 0 0 0 0 0 0 0 0 0 0 0 0 0 0 0 0 0 0 0 0 0 0 0 0 0 0 0 0 0 0 0 0 0 0 0 0 0 0  |
 ├─────────────┼─────────────┼──────────────────────────────────────────────────────────────────────────────────────────────────────────────────────────────────┤
 | 0           | 14          | 1 1 0 0 0 0 0 0 0 0 0 0 0 0 1 1 1 0 0 0 0 0 0 0 0 0 0 0 0 0 0 0 0 0 0 0 0 0 0 0 0 0 0 0 0 0 0 0 0 0 0 0 0 0 0 0 0 0 0 0 0 0 0 0  |
 ├─────────────┼─────────────┼──────────────────────────────────────────────────────────────────────────────────────────────────────────────────────────────────┤
 | 0           | 30          | 1 1 1 0 0 0 0 0 0 0 0 0 0 0 0 1 1 1 0 0 0 0 0 0 0 0 0 0 0 0 1 1 1 0 0 0 0 0 0 0 0 0 0 0 0 0 0 0 0 0 0 0 0 0 0 0 0 0 0 0 0 0 0 0  |
 ├─────────────┼─────────────┼──────────────────────────────────────────────────────────────────────────────────────────────────────────────────────────────────┤
 | 0           | 31          | 1 0 0 0 0 0 0 0 0 0 0 0 0 0 0 0 0 0 0 0 0 0 0 0 0 0 0 0 0 0 0 1 1 1 1 1 1 1 1 1 1 1 1 1 1 1 1 1 1 1 1 1 1 1 1 1 1 1 1 1 1 1 1 1  |
 ├─────────────┼─────────────┼──────────────────────────────────────────────────────────────────────────────────────────────────────────────────────────────────┤
 | 1           | 16          | 0 1 1 0 0 0 0 0 0 0 0 0 0 0 0 0 1 1 0 0 0 0 0 0 0 0 0 0 0 0 0 0 0 0 0 0 0 0 0 0 0 0 0 0 0 0 0 0 0 0 0 0 0 0 0 0 0 0 0 0 0 0 0 0  |
 ├─────────────┼─────────────┼──────────────────────────────────────────────────────────────────────────────────────────────────────────────────────────────────┤
 | 1           | 2           | 0 1 1 0 0 0 0 0 0 0 0 0 0 0 0 0 0 0 0 0 0 0 0 0 0 0 0 0 0 0 0 0 0 0 0 0 0 0 0 0 0 0 0 0 0 0 0 0 0 0 0 0 0 0 0 0 0 0 0 0 0 0 0 0  |
 ├─────────────┼─────────────┼──────────────────────────────────────────────────────────────────────────────────────────────────────────────────────────────────┤
 | 1           | 0           | 1 1 0 0 0 0 0 0 0 0 0 0 0 0 0 0 0 0 0 0 0 0 0 0 0 0 0 0 0 0 0 0 0 0 0 0 0 0 0 0 0 0 0 0 0 0 0 0 0 0 0 0 0 0 0 0 0 0 0 0 0 0 0 0  |
 ├─────────────┼─────────────┼──────────────────────────────────────────────────────────────────────────────────────────────────────────────────────────────────┤
 | 1           | 15          | 1 1 0 0 0 0 0 0 0 0 0 0 0 0 0 1 1 0 0 0 0 0 0 0 0 0 0 0 0 0 0 0 0 0 0 0 0 0 0 0 0 0 0 0 0 0 0 0 0 0 0 0 0 0 0 0 0 0 0 0 0 0 0 0  |
 ├─────────────┼─────────────┼──────────────────────────────────────────────────────────────────────────────────────────────────────────────────────────────────┤
 | 2           | 3           | 0 0 1 1 1 0 0 0 0 0 0 0 0 0 0 0 0 0 0 0 0 0 0 0 0 0 0 0 0 0 0 0 0 0 0 0 0 0 0 0 0 0 0 0 0 0 0 0 0 0 0 0 0 0 0 0 0 0 0 0 0 0 0 0  |
 ├─────────────┼─────────────┼──────────────────────────────────────────────────────────────────────────────────────────────────────────────────────────────────┤
 | 2           | 17          | 0 0 1 1 0 0 0 0 0 0 0 0 0 0 0 0 0 1 1 0 0 0 0 0 0 0 0 0 0 0 0 0 0 0 0 0 0 0 0 0 0 0 0 0 0 0 0 0 0 0 0 0 0 0 0 0 0 0 0 0 0 0 0 0  |
 ├─────────────┼─────────────┼──────────────────────────────────────────────────────────────────────────────────────────────────────────────────────────────────┤
 | 2           | 1           | 0 1 1 1 0 0 0 0 0 0 0 0 0 0 0 0 0 0 0 0 0 0 0 0 0 0 0 0 0 0 0 0 0 0 0 0 0 0 0 0 0 0 0 0 0 0 0 0 0 0 0 0 0 0 0 0 0 0 0 0 0 0 0 0  |
 ├─────────────┼─────────────┼──────────────────────────────────────────────────────────────────────────────────────────────────────────────────────────────────┤
 | 2           | 18          | 0 0 1 1 1 0 0 0 0 0 0 0 0 0 0 0 0 0 1 1 0 0 0 0 0 0 0 0 0 0 0 0 0 0 0 0 0 0 0 0 0 0 0 0 0 0 0 0 0 0 0 0 0 0 0 0 0 0 0 0 0 0 0 0  |
 ├─────────────┼─────────────┼──────────────────────────────────────────────────────────────────────────────────────────────────────────────────────────────────┤
 | 3           | 4           | 0 0 0 1 1 0 0 0 0 0 0 0 0 0 0 0 0 0 0 0 0 0 0 0 0 0 0 0 0 0 0 0 0 0 0 0 0 0 0 0 0 0 0 0 0 0 0 0 0 0 0 0 0 0 0 0 0 0 0 0 0 0 0 0  |
 ├─────────────┼─────────────┼──────────────────────────────────────────────────────────────────────────────────────────────────────────────────────────────────┤
 | 3           | 18          | 0 0 0 1 1 0 0 0 0 0 0 0 0 0 0 0 0 0 1 1 0 0 0 0 0 0 0 0 0 0 0 0 0 0 0 0 0 0 0 0 0 0 0 0 0 0 0 0 0 0 0 0 0 0 0 0 0 0 0 0 0 0 0 0  |
 ├─────────────┼─────────────┼──────────────────────────────────────────────────────────────────────────────────────────────────────────────────────────────────┤
 | 3           | 2           | 0 0 1 1 0 0 0 0 0 0 0 0 0 0 0 0 0 0 1 0 0 0 0 0 0 0 0 0 0 0 0 0 0 0 0 0 0 0 0 0 0 0 0 0 0 0 0 0 0 0 0 0 0 0 0 0 0 0 0 0 0 0 0 0  |
 ├─────────────┼─────────────┼──────────────────────────────────────────────────────────────────────────────────────────────────────────────────────────────────┤
 | 3           | 17          | 0 0 1 1 0 0 0 0 0 0 0 0 0 0 0 0 0 1 1 0 0 0 0 0 0 0 0 0 0 0 0 0 0 0 0 0 0 0 0 0 0 0 0 0 0 0 0 0 0 0 0 0 0 0 0 0 0 0 0 0 0 0 0 0  |
 ├─────────────┼─────────────┼──────────────────────────────────────────────────────────────────────────────────────────────────────────────────────────────────┤
 | 4           | 19          | 0 0 0 0 1 1 0 0 0 0 0 0 0 0 0 0 0 0 0 1 1 0 0 0 0 0 0 0 0 0 0 0 0 0 0 0 0 0 0 0 0 0 0 0 0 0 0 0 0 0 0 0 0 0 0 0 0 0 0 0 0 0 0 0  |
 ├─────────────┼─────────────┼──────────────────────────────────────────────────────────────────────────────────────────────────────────────────────────────────┤
 | 4           | 5           | 0 0 0 0 1 1 0 0 0 0 0 0 0 0 0 0 0 0 0 0 0 0 0 0 0 0 0 0 0 0 0 0 0 0 0 0 0 0 0 0 0 0 0 0 0 0 0 0 0 0 0 0 0 0 0 0 0 0 0 0 0 0 0 0  |
 ├─────────────┼─────────────┼──────────────────────────────────────────────────────────────────────────────────────────────────────────────────────────────────┤
 | 4           | 3           | 0 0 0 1 1 1 0 0 0 0 0 0 0 0 0 0 0 0 1 1 1 0 0 0 0 0 0 0 0 0 0 0 0 0 0 0 0 0 0 0 0 0 0 0 0 0 0 0 0 0 0 0 0 0 0 0 0 0 0 0 0 0 0 0  |
 ├─────────────┼─────────────┼──────────────────────────────────────────────────────────────────────────────────────────────────────────────────────────────────┤
 | 4           | 34          | 0 0 0 0 1 1 0 0 0 0 0 0 0 0 0 0 0 0 0 1 1 0 0 0 0 0 0 0 0 0 0 0 0 0 1 1 0 0 0 0 0 0 0 0 0 0 0 0 0 0 0 0 0 0 0 0 0 0 0 0 0 0 0 0  |
 ├─────────────┼─────────────┼──────────────────────────────────────────────────────────────────────────────────────────────────────────────────────────────────┤
 | 5           | 4           | 0 0 0 0 1 1 1 0 0 0 0 0 0 0 0 0 0 0 0 1 1 1 0 0 0 0 0 0 0 0 0 0 0 0 0 0 0 0 0 0 0 0 0 0 0 0 0 0 0 0 0 0 0 0 0 0 0 0 0 0 0 0 0 0  |
 ├─────────────┼─────────────┼──────────────────────────────────────────────────────────────────────────────────────────────────────────────────────────────────┤
 | 5           | 6           | 0 0 0 0 0 1 1 1 1 1 1 1 1 1 1 1 1 1 1 1 1 1 1 1 1 1 1 1 1 1 1 1 1 1 1 0 0 0 0 0 0 0 0 0 0 0 0 0 0 0 0 0 0 0 0 0 0 0 0 0 0 0 0 0  |
 ├─────────────┼─────────────┼──────────────────────────────────────────────────────────────────────────────────────────────────────────────────────────────────┤
 | 5           | 20          | 1 1 1 1 1 1 1 1 1 1 1 1 1 1 1 1 1 1 1 1 1 1 1 1 1 1 1 1 1 1 1 1 1 1 1 1 1 1 1 1 1 1 1 1 1 1 1 1 0 0 0 0 0 0 0 0 0 0 0 0 0 0 0 0  |
 ├─────────────┼─────────────┼──────────────────────────────────────────────────────────────────────────────────────────────────────────────────────────────────┤
 | 5           | 19          | 0 0 0 0 1 1 0 0 0 0 0 0 0 0 0 0 0 0 0 1 1 0 0 0 0 0 0 0 0 0 0 0 0 0 0 0 0 0 0 0 0 0 0 0 0 0 0 0 0 0 0 0 0 0 0 0 0 0 0 0 0 0 0 0  |
 ├─────────────┼─────────────┼──────────────────────────────────────────────────────────────────────────────────────────────────────────────────────────────────┤
 | 6           | 5           | 0 0 0 0 0 1 1 0 0 0 0 0 0 0 0 0 0 0 0 0 1 1 0 0 0 0 0 0 0 0 0 0 0 0 0 0 0 0 0 0 0 0 0 0 0 0 0 0 0 0 0 0 0 0 0 0 0 0 0 0 0 0 0 0  |
 ├─────────────┼─────────────┼──────────────────────────────────────────────────────────────────────────────────────────────────────────────────────────────────┤
 | 6           | 7           | 0 0 0 0 0 0 1 1 1 1 1 1 1 1 1 1 1 1 1 1 1 1 1 1 1 1 1 1 1 1 1 1 1 1 1 1 1 1 1 1 1 1 1 1 1 1 1 1 1 1 1 1 1 1 1 1 1 1 1 1 1 1 1 1  |
 ├─────────────┼─────────────┼──────────────────────────────────────────────────────────────────────────────────────────────────────────────────────────────────┤
 | 6           | 21          | 0 0 0 0 0 0 1 1 0 0 0 0 0 0 0 0 0 0 0 0 0 1 1 0 0 0 0 0 0 0 0 0 0 0 0 0 0 0 0 0 0 0 0 0 0 0 0 0 0 0 0 0 0 0 0 0 0 0 0 0 0 0 0 0  |
 ├─────────────┼─────────────┼──────────────────────────────────────────────────────────────────────────────────────────────────────────────────────────────────┤
 | 6           | 36          | 0 0 0 0 0 0 1 1 1 1 1 1 0 0 0 0 0 0 0 0 1 1 1 1 1 1 1 1 0 0 0 0 0 0 0 0 1 1 1 1 1 1 0 0 0 0 0 0 0 0 0 0 0 0 0 0 0 0 0 0 0 0 0 0  |
 ├─────────────┼─────────────┼──────────────────────────────────────────────────────────────────────────────────────────────────────────────────────────────────┤
 | 7           | 8           | 0 0 0 0 0 0 0 1 1 0 0 0 0 0 0 0 0 0 0 0 0 0 0 0 0 0 0 0 0 0 0 0 0 0 0 0 0 0 0 0 0 0 0 0 0 0 0 0 0 0 0 0 0 0 0 0 0 0 0 0 0 0 0 0  |
 ├─────────────┼─────────────┼──────────────────────────────────────────────────────────────────────────────────────────────────────────────────────────────────┤
 | 7           | 22          | 0 0 0 0 0 0 0 1 1 0 0 0 0 0 0 0 0 0 0 0 0 0 1 1 0 0 0 0 0 0 0 0 0 0 0 0 0 0 0 0 0 0 0 0 0 0 0 0 0 0 0 0 0 0 0 0 0 0 0 0 0 0 0 0  |
 ├─────────────┼─────────────┼──────────────────────────────────────────────────────────────────────────────────────────────────────────────────────────────────┤
 | 7           | 6           | 0 0 0 0 0 0 1 1 0 0 0 0 0 0 0 0 0 0 0 0 0 0 0 0 0 0 0 0 0 0 0 0 0 0 0 0 0 0 0 0 0 0 0 0 0 0 0 0 0 0 0 0 0 0 0 0 0 0 0 0 0 0 0 0  |
 ├─────────────┼─────────────┼──────────────────────────────────────────────────────────────────────────────────────────────────────────────────────────────────┤
 | 7           | 37          | 0 0 0 0 0 0 0 1 1 1 1 1 1 1 1 1 1 1 1 1 1 1 1 1 1 1 1 1 1 1 1 1 1 1 1 1 1 1 1 1 1 1 1 1 1 1 1 1 1 1 1 1 0 0 0 0 0 0 0 0 0 0 0 0  |
 ├─────────────┼─────────────┼──────────────────────────────────────────────────────────────────────────────────────────────────────────────────────────────────┤
 | 8           | 9           | 0 0 0 0 0 0 0 0 1 1 0 0 0 0 0 0 0 0 0 0 0 0 0 0 0 0 0 0 0 0 0 0 0 0 0 0 0 0 0 0 0 0 0 0 0 0 0 0 0 0 0 0 0 0 0 0 0 0 0 0 0 0 0 0  |
 ├─────────────┼─────────────┼──────────────────────────────────────────────────────────────────────────────────────────────────────────────────────────────────┤
 | 8           | 23          | 0 0 0 0 0 0 0 0 1 1 0 0 0 0 0 0 0 0 0 0 0 0 0 1 1 0 0 0 0 0 0 0 0 0 0 0 0 0 0 0 0 0 0 0 0 0 0 0 0 0 0 0 0 0 0 0 0 0 0 0 0 0 0 0  |
 ├─────────────┼─────────────┼──────────────────────────────────────────────────────────────────────────────────────────────────────────────────────────────────┤
 | 8           | 7           | 0 0 0 0 0 0 0 1 1 0 0 0 0 0 0 0 0 0 0 0 0 0 0 0 0 0 0 0 0 0 0 0 0 0 0 0 0 0 0 0 0 0 0 0 0 0 0 0 0 0 0 0 0 0 0 0 0 0 0 0 0 0 0 0  |
 ├─────────────┼─────────────┼──────────────────────────────────────────────────────────────────────────────────────────────────────────────────────────────────┤
 | 8           | 24          | 0 0 0 0 0 0 0 0 1 1 1 1 1 0 0 0 0 0 0 0 0 0 0 0 1 1 1 0 0 0 0 0 0 0 0 0 0 0 0 0 0 0 0 0 0 0 0 0 0 0 0 0 0 0 0 0 0 0 0 0 0 0 0 0  |
 ├─────────────┼─────────────┼──────────────────────────────────────────────────────────────────────────────────────────────────────────────────────────────────┤
 | 9           | 10          | 0 0 0 0 0 0 0 0 0 1 1 0 0 0 0 0 0 0 0 0 0 0 0 0 0 0 0 0 0 0 0 0 0 0 0 0 0 0 0 0 0 0 0 0 0 0 0 0 0 0 0 0 0 0 0 0 0 0 0 0 0 0 0 0  |
 ├─────────────┼─────────────┼──────────────────────────────────────────────────────────────────────────────────────────────────────────────────────────────────┤
 | 9           | 24          | 0 0 0 0 0 0 0 0 0 1 1 0 0 0 0 0 0 0 0 0 0 0 0 0 1 1 0 0 0 0 0 0 0 0 0 0 0 0 0 0 0 0 0 0 0 0 0 0 0 0 0 0 0 0 0 0 0 0 0 0 0 0 0 0  |
 ├─────────────┼─────────────┼──────────────────────────────────────────────────────────────────────────────────────────────────────────────────────────────────┤
 | 9           | 8           | 0 0 0 0 0 0 0 0 1 1 0 0 0 0 0 0 0 0 0 0 0 0 0 0 0 0 0 0 0 0 0 0 0 0 0 0 0 0 0 0 0 0 0 0 0 0 0 0 0 0 0 0 0 0 0 0 0 0 0 0 0 0 0 0  |
 ├─────────────┼─────────────┼──────────────────────────────────────────────────────────────────────────────────────────────────────────────────────────────────┤
 | 9           | 23          | 0 0 0 0 0 0 0 0 1 1 1 1 0 0 0 0 0 0 0 0 0 0 0 1 1 1 1 0 0 0 0 0 0 0 0 0 0 0 0 0 0 0 0 0 0 0 0 0 0 0 0 0 0 0 0 0 0 0 0 0 0 0 0 0  |
 ├─────────────┼─────────────┼──────────────────────────────────────────────────────────────────────────────────────────────────────────────────────────────────┤
 | 10          | 11          | 0 0 0 0 0 0 0 0 0 0 1 1 0 0 0 0 0 0 0 0 0 0 0 0 0 0 0 0 0 0 0 0 0 0 0 0 0 0 0 0 0 0 0 0 0 0 0 0 0 0 0 0 0 0 0 0 0 0 0 0 0 0 0 0  |
 ├─────────────┼─────────────┼──────────────────────────────────────────────────────────────────────────────────────────────────────────────────────────────────┤
 | 10          | 25          | 0 0 0 0 0 0 0 0 0 0 1 1 1 1 0 0 0 0 0 0 0 0 0 0 0 1 1 1 1 0 0 0 0 0 0 0 0 0 0 0 0 0 0 0 0 0 0 0 0 0 0 0 0 0 0 0 0 0 0 0 0 0 0 0  |
 ├─────────────┼─────────────┼──────────────────────────────────────────────────────────────────────────────────────────────────────────────────────────────────┤
 | 10          | 40          | 0 0 0 0 0 0 0 0 0 0 1 1 1 1 1 0 0 0 0 0 0 0 0 0 0 1 1 1 1 1 0 0 0 0 0 0 0 0 0 0 1 1 1 1 1 0 0 0 0 0 0 0 0 0 0 0 0 0 0 0 0 0 0 0  |
 ├─────────────┼─────────────┼──────────────────────────────────────────────────────────────────────────────────────────────────────────────────────────────────┤
 | 10          | 9           | 0 0 0 0 0 0 0 0 0 1 1 1 0 0 0 0 0 0 0 0 0 0 0 0 1 1 1 0 0 0 0 0 0 0 0 0 0 0 0 0 0 0 0 0 0 0 0 0 0 0 0 0 0 0 0 0 0 0 0 0 0 0 0 0  |
 ├─────────────┼─────────────┼──────────────────────────────────────────────────────────────────────────────────────────────────────────────────────────────────┤
 | 11          | 12          | 0 0 0 0 0 0 0 0 0 0 0 1 1 1 1 1 1 1 1 1 1 1 1 1 1 1 1 1 1 1 1 1 1 1 1 1 1 0 0 0 0 0 0 0 0 0 0 0 0 0 0 0 0 0 0 0 0 0 0 0 0 0 0 0  |
 ├─────────────┼─────────────┼──────────────────────────────────────────────────────────────────────────────────────────────────────────────────────────────────┤
 | 11          | 26          | 0 0 0 0 0 0 0 0 0 0 0 1 1 0 0 0 0 0 0 0 0 0 0 0 0 0 1 1 0 0 0 0 0 0 0 0 0 0 0 0 0 0 0 0 0 0 0 0 0 0 0 0 0 0 0 0 0 0 0 0 0 0 0 0  |
 ├─────────────┼─────────────┼──────────────────────────────────────────────────────────────────────────────────────────────────────────────────────────────────┤
 | 11          | 10          | 0 0 0 0 0 0 0 0 0 0 1 1 1 1 0 0 0 0 0 0 0 0 0 0 0 0 1 1 0 0 0 0 0 0 0 0 0 0 0 0 0 0 0 0 0 0 0 0 0 0 0 0 0 0 0 0 0 0 0 0 0 0 0 0  |
 ├─────────────┼─────────────┼──────────────────────────────────────────────────────────────────────────────────────────────────────────────────────────────────┤
 | 11          | 25          | 0 0 0 0 0 0 0 0 0 0 1 1 0 0 0 0 0 0 0 0 0 0 0 0 0 1 1 0 0 0 0 0 0 0 0 0 0 0 0 0 0 0 0 0 0 0 0 0 0 0 0 0 0 0 0 0 0 0 0 0 0 0 0 0  |
 ├─────────────┼─────────────┼──────────────────────────────────────────────────────────────────────────────────────────────────────────────────────────────────┤
 | 12          | 27          | 0 0 0 0 0 0 0 0 0 0 0 0 1 1 0 0 0 0 0 0 0 0 0 0 0 0 0 1 1 0 0 0 0 0 0 0 0 0 0 0 0 0 0 0 0 0 0 0 0 0 0 0 0 0 0 0 0 0 0 0 0 0 0 0  |
 ├─────────────┼─────────────┼──────────────────────────────────────────────────────────────────────────────────────────────────────────────────────────────────┤
 | 12          | 13          | 0 0 0 0 0 0 0 0 0 0 0 0 1 1 1 1 1 1 1 1 1 1 1 1 1 1 1 1 1 1 1 1 1 1 1 1 1 1 1 1 1 1 1 1 1 1 1 1 1 1 1 1 1 1 1 1 1 1 1 1 1 1 1 1  |
 ├─────────────┼─────────────┼──────────────────────────────────────────────────────────────────────────────────────────────────────────────────────────────────┤
 | 12          | 11          | 1 1 1 1 1 1 1 1 1 1 1 1 1 1 1 1 1 1 1 1 1 1 1 1 1 1 1 1 1 1 1 1 1 1 1 1 1 1 1 1 1 1 1 0 0 0 0 0 0 0 0 0 0 0 0 0 0 0 0 0 0 0 0 0  |
 ├─────────────┼─────────────┼──────────────────────────────────────────────────────────────────────────────────────────────────────────────────────────────────┤
 | 12          | 26          | 1 1 1 1 1 1 1 1 1 1 1 1 1 1 1 1 1 1 1 1 1 1 1 1 1 1 1 1 1 1 1 1 1 1 1 1 1 1 1 1 1 1 1 1 1 1 1 1 1 1 1 1 1 1 1 1 1 1 1 1 1 1 1 1  |
 ├─────────────┼─────────────┼──────────────────────────────────────────────────────────────────────────────────────────────────────────────────────────────────┤
 | 13          | 14          | 1 1 1 1 1 1 1 1 1 1 1 1 1 1 1 1 1 1 1 1 1 1 1 1 1 1 1 1 1 1 1 1 1 1 1 1 1 1 1 1 1 1 1 1 1 1 1 1 1 1 1 1 1 1 1 1 1 1 1 1 1 1 1 1  |
 ├─────────────┼─────────────┼──────────────────────────────────────────────────────────────────────────────────────────────────────────────────────────────────┤
 | 13          | 12          | 1 1 1 1 1 1 1 1 1 1 1 1 1 1 1 1 1 1 1 1 1 1 1 1 1 1 1 1 1 1 1 1 1 1 1 1 1 1 1 1 1 1 0 0 0 0 0 0 0 0 0 0 0 0 0 0 0 0 0 0 0 0 0 0  |
 ├─────────────┼─────────────┼──────────────────────────────────────────────────────────────────────────────────────────────────────────────────────────────────┤
 | 13          | 28          | 1 1 1 1 1 1 1 1 1 1 1 1 1 1 1 1 1 1 1 1 1 1 1 1 1 1 1 1 1 1 1 1 1 1 1 1 1 1 1 1 1 1 1 1 1 1 1 1 1 1 1 1 1 1 1 1 1 1 1 1 1 1 1 1  |
 ├─────────────┼─────────────┼──────────────────────────────────────────────────────────────────────────────────────────────────────────────────────────────────┤
 | 13          | 43          | 0 0 0 0 0 0 0 0 0 0 0 0 0 1 1 0 0 0 0 0 0 0 0 0 0 0 0 0 1 1 0 0 0 0 0 0 0 0 0 0 0 0 0 1 1 0 0 0 0 0 0 0 0 0 0 0 0 0 0 0 0 0 0 0  |
 ├─────────────┼─────────────┼──────────────────────────────────────────────────────────────────────────────────────────────────────────────────────────────────┤
 | 14          | 15          | 0 0 0 0 0 0 0 0 0 0 0 0 0 0 1 1 1 1 1 0 0 0 0 0 0 0 0 0 0 0 0 0 0 0 0 0 0 0 0 0 0 0 0 0 0 0 0 0 0 0 0 0 0 0 0 0 0 0 0 0 0 0 0 0  |
 ├─────────────┼─────────────┼──────────────────────────────────────────────────────────────────────────────────────────────────────────────────────────────────┤
 | 14          | 0           | 1 0 0 0 0 0 0 0 0 0 0 0 0 0 1 1 0 0 0 0 0 0 0 0 0 0 0 0 0 0 0 0 0 0 0 0 0 0 0 0 0 0 0 0 0 0 0 0 0 0 0 0 0 0 0 0 0 0 0 0 0 0 0 0  |
 ├─────────────┼─────────────┼──────────────────────────────────────────────────────────────────────────────────────────────────────────────────────────────────┤
 | 14          | 29          | 1 1 1 1 1 1 1 1 1 1 1 1 1 1 1 1 1 1 1 1 1 1 1 1 1 1 1 1 1 1 1 1 1 1 1 1 1 1 1 1 1 1 1 1 1 1 1 1 1 1 1 1 1 1 1 1 1 0 0 0 0 0 0 0  |
 ├─────────────┼─────────────┼──────────────────────────────────────────────────────────────────────────────────────────────────────────────────────────────────┤
 | 14          | 13          | 0 0 0 0 0 0 0 0 0 0 0 0 0 1 1 0 0 0 0 0 0 0 0 0 0 0 0 0 1 1 0 0 0 0 0 0 0 0 0 0 0 0 0 0 0 0 0 0 0 0 0 0 0 0 0 0 0 0 0 0 0 0 0 0  |
 ├─────────────┼─────────────┼──────────────────────────────────────────────────────────────────────────────────────────────────────────────────────────────────┤
 | 15          | 14          | 1 0 0 0 0 0 0 0 0 0 0 0 0 0 1 1 0 0 0 0 0 0 0 0 0 0 0 0 0 1 1 0 0 0 0 0 0 0 0 0 0 0 0 0 0 0 0 0 0 0 0 0 0 0 0 0 0 0 0 0 0 0 0 0  |
 ├─────────────┼─────────────┼──────────────────────────────────────────────────────────────────────────────────────────────────────────────────────────────────┤
 | 15          | 16          | 0 0 0 0 0 0 0 0 0 0 0 0 0 0 0 1 1 1 1 1 1 1 1 1 1 1 1 1 1 1 1 1 1 1 1 1 1 1 1 1 1 1 1 1 1 1 1 1 1 1 1 1 1 1 1 1 1 1 1 1 1 1 0 0  |
 ├─────────────┼─────────────┼──────────────────────────────────────────────────────────────────────────────────────────────────────────────────────────────────┤
 | 15          | 30          | 1 1 0 0 0 0 0 0 0 0 0 0 0 0 0 1 1 0 0 0 0 0 0 0 0 0 0 0 0 0 1 1 0 0 0 0 0 0 0 0 0 0 0 0 0 0 0 0 0 0 0 0 0 0 0 0 0 0 0 0 0 0 0 0  |
 ├─────────────┼─────────────┼──────────────────────────────────────────────────────────────────────────────────────────────────────────────────────────────────┤
 | 15          | 0           | 1 1 0 0 0 0 0 0 0 0 0 0 0 0 0 1 1 0 0 0 0 0 0 0 0 0 0 0 0 0 0 0 0 0 0 0 0 0 0 0 0 0 0 0 0 0 0 0 0 0 0 0 0 0 0 0 0 0 0 0 0 0 0 0  |
 ├─────────────┼─────────────┼──────────────────────────────────────────────────────────────────────────────────────────────────────────────────────────────────┤
 | 16          | 1           | 1 1 1 1 1 1 1 1 1 1 1 1 1 1 1 1 1 1 1 1 1 1 1 1 1 1 1 1 1 1 1 1 1 1 1 1 1 1 1 1 1 1 1 1 1 1 1 1 1 1 1 1 1 1 1 1 1 1 1 1 1 1 1 1  |
 ├─────────────┼─────────────┼──────────────────────────────────────────────────────────────────────────────────────────────────────────────────────────────────┤
 | 16          | 17          | 0 0 0 0 0 0 0 0 0 0 0 0 0 0 0 0 1 1 1 1 1 1 1 1 1 1 1 1 1 1 1 1 1 1 1 1 1 1 1 1 1 1 1 1 1 1 1 1 1 1 1 1 1 1 1 1 1 1 1 1 1 1 1 1  |
 ├─────────────┼─────────────┼──────────────────────────────────────────────────────────────────────────────────────────────────────────────────────────────────┤
 | 16          | 31          | 0 1 0 0 0 0 0 0 0 0 0 0 0 0 0 0 1 0 0 0 0 0 0 0 0 0 0 0 0 0 0 1 0 0 0 0 0 0 0 0 0 0 0 0 0 0 0 0 0 0 0 0 0 0 0 0 0 0 0 0 0 0 0 0  |
 ├─────────────┼─────────────┼──────────────────────────────────────────────────────────────────────────────────────────────────────────────────────────────────┤
 | 16          | 15          | 0 1 1 0 0 0 0 0 0 0 0 0 0 0 0 1 1 1 0 0 0 0 0 0 0 0 0 0 0 0 0 1 1 0 0 0 0 0 0 0 0 0 0 0 0 0 0 0 0 0 0 0 0 0 0 0 0 0 0 0 0 0 0 0  |
 ├─────────────┼─────────────┼──────────────────────────────────────────────────────────────────────────────────────────────────────────────────────────────────┤
 | 17          | 2           | 0 0 1 1 0 0 0 0 0 0 0 0 0 0 0 0 0 1 1 0 0 0 0 0 0 0 0 0 0 0 0 0 0 0 0 0 0 0 0 0 0 0 0 0 0 0 0 0 0 0 0 0 0 0 0 0 0 0 0 0 0 0 0 0  |
 ├─────────────┼─────────────┼──────────────────────────────────────────────────────────────────────────────────────────────────────────────────────────────────┤
 | 17          | 32          | 0 0 1 0 0 0 0 0 0 0 0 0 0 0 0 0 0 1 0 0 0 0 0 0 0 0 0 0 0 0 0 0 1 0 0 0 0 0 0 0 0 0 0 0 0 0 0 0 0 0 0 0 0 0 0 0 0 0 0 0 0 0 0 0  |
 ├─────────────┼─────────────┼──────────────────────────────────────────────────────────────────────────────────────────────────────────────────────────────────┤
 | 17          | 16          | 0 1 1 1 1 0 0 0 0 0 0 0 0 0 0 0 1 1 1 1 0 0 0 0 0 0 0 0 0 0 0 1 1 1 1 0 0 0 0 0 0 0 0 0 0 0 0 0 0 0 0 0 0 0 0 0 0 0 0 0 0 0 0 0  |
 ├─────────────┼─────────────┼──────────────────────────────────────────────────────────────────────────────────────────────────────────────────────────────────┤
 | 17          | 18          | 0 0 0 0 0 0 0 0 0 0 0 0 0 0 0 0 0 1 1 1 1 1 1 1 1 1 1 1 1 1 1 1 1 1 1 1 1 1 1 1 1 1 1 1 1 1 1 1 1 1 1 1 1 1 1 1 1 1 1 1 1 1 1 1  |
 ├─────────────┼─────────────┼──────────────────────────────────────────────────────────────────────────────────────────────────────────────────────────────────┤
 | 18          | 33          | 0 0 0 1 0 0 0 0 0 0 0 0 0 0 0 0 0 0 1 0 0 0 0 0 0 0 0 0 0 0 0 0 0 1 0 0 0 0 0 0 0 0 0 0 0 0 0 0 0 0 0 0 0 0 0 0 0 0 0 0 0 0 0 0  |
 ├─────────────┼─────────────┼──────────────────────────────────────────────────────────────────────────────────────────────────────────────────────────────────┤
 | 18          | 19          | 0 0 0 0 0 0 0 0 0 0 0 0 0 0 0 0 0 0 1 1 0 0 0 0 0 0 0 0 0 0 0 0 0 0 0 0 0 0 0 0 0 0 0 0 0 0 0 0 0 0 0 0 0 0 0 0 0 0 0 0 0 0 0 0  |
 ├─────────────┼─────────────┼──────────────────────────────────────────────────────────────────────────────────────────────────────────────────────────────────┤
 | 18          | 3           | 1 1 1 1 1 1 1 1 1 1 1 1 1 1 1 1 1 1 1 1 1 1 1 1 1 1 1 1 1 1 1 1 1 1 1 1 1 1 1 1 1 1 1 1 1 1 1 1 1 1 1 1 1 1 1 1 1 1 1 1 1 1 1 1  |
 ├─────────────┼─────────────┼──────────────────────────────────────────────────────────────────────────────────────────────────────────────────────────────────┤
 | 18          | 17          | 0 0 1 1 1 1 1 0 0 0 0 0 0 0 0 0 0 1 1 1 1 1 0 0 0 0 0 0 0 0 0 0 1 1 1 1 1 0 0 0 0 0 0 0 0 0 0 0 0 0 0 0 0 0 0 0 0 0 0 0 0 0 0 0  |
 ├─────────────┼─────────────┼──────────────────────────────────────────────────────────────────────────────────────────────────────────────────────────────────┤
 | 19          | 4           | 0 0 0 0 1 1 1 0 0 0 0 0 0 0 0 0 0 0 0 1 1 1 0 0 0 0 0 0 0 0 0 0 0 0 1 1 1 0 0 0 0 0 0 0 0 0 0 0 0 0 0 0 0 0 0 0 0 0 0 0 0 0 0 0  |
 ├─────────────┼─────────────┼──────────────────────────────────────────────────────────────────────────────────────────────────────────────────────────────────┤
 | 19          | 20          | 0 0 0 0 0 0 0 0 0 0 0 0 0 0 0 0 0 0 0 1 1 0 0 0 0 0 0 0 0 0 0 0 0 0 0 0 0 0 0 0 0 0 0 0 0 0 0 0 0 0 0 0 0 0 0 0 0 0 0 0 0 0 0 0  |
 ├─────────────┼─────────────┼──────────────────────────────────────────────────────────────────────────────────────────────────────────────────────────────────┤
 | 19          | 18          | 0 0 0 0 1 0 0 0 0 0 0 0 0 0 0 0 0 0 1 1 1 0 0 0 0 0 0 0 0 0 0 0 0 0 1 0 0 0 0 0 0 0 0 0 0 0 0 0 0 0 0 0 0 0 0 0 0 0 0 0 0 0 0 0  |
 ├─────────────┼─────────────┼──────────────────────────────────────────────────────────────────────────────────────────────────────────────────────────────────┤
 | 19          | 34          | 0 0 0 0 1 1 1 1 1 1 1 1 1 1 1 1 1 1 1 1 1 1 1 1 1 1 1 1 1 1 1 1 1 1 1 1 1 1 1 1 1 1 1 1 1 1 1 1 1 1 1 1 1 1 1 1 1 1 1 1 1 1 1 1  |
 ├─────────────┼─────────────┼──────────────────────────────────────────────────────────────────────────────────────────────────────────────────────────────────┤
 | 20          | 35          | 0 0 0 0 0 1 0 0 0 0 0 0 0 0 0 0 0 0 0 0 1 0 0 0 0 0 0 0 0 0 0 0 0 0 0 1 0 0 0 0 0 0 0 0 0 0 0 0 0 0 0 0 0 0 0 0 0 0 0 0 0 0 0 0  |
 ├─────────────┼─────────────┼──────────────────────────────────────────────────────────────────────────────────────────────────────────────────────────────────┤
 | 20          | 21          | 0 0 0 0 0 0 0 0 0 0 0 0 0 0 0 0 0 0 0 0 1 1 1 1 1 1 1 1 1 1 1 1 1 1 1 1 1 1 1 1 1 1 1 1 1 1 1 1 1 1 1 1 1 1 1 1 1 1 1 1 1 1 1 1  |
 ├─────────────┼─────────────┼──────────────────────────────────────────────────────────────────────────────────────────────────────────────────────────────────┤
 | 20          | 19          | 0 0 0 0 0 0 0 0 0 0 0 0 0 0 0 0 0 0 0 1 1 1 1 1 1 1 1 1 1 1 1 1 1 1 1 1 1 1 1 1 1 1 1 1 1 1 1 1 1 1 1 1 1 1 1 1 1 1 1 1 1 1 1 1  |
 ├─────────────┼─────────────┼──────────────────────────────────────────────────────────────────────────────────────────────────────────────────────────────────┤
 | 20          | 5           | 0 0 0 0 0 1 1 1 1 1 0 0 0 0 0 0 0 0 0 0 1 1 1 1 1 0 0 0 0 0 0 0 0 0 0 0 0 0 0 0 0 0 0 0 0 0 0 0 0 0 0 0 0 0 0 0 0 0 0 0 0 0 0 0  |
 ├─────────────┼─────────────┼──────────────────────────────────────────────────────────────────────────────────────────────────────────────────────────────────┤
 | 21          | 6           | 0 0 0 0 0 0 1 1 1 1 1 1 1 1 1 1 1 1 1 1 1 1 1 1 1 1 1 1 1 1 1 1 1 1 1 1 1 1 1 1 1 1 1 1 1 1 1 1 1 1 1 1 0 0 0 0 0 0 0 0 0 0 0 0  |
 ├─────────────┼─────────────┼──────────────────────────────────────────────────────────────────────────────────────────────────────────────────────────────────┤
 | 21          | 51          | 0 0 0 0 0 0 0 0 0 0 0 0 0 0 0 0 0 0 0 0 0 1 1 0 0 0 0 0 0 0 0 0 0 0 0 0 1 1 0 0 0 0 0 0 0 0 0 0 0 0 0 1 1 0 0 0 0 0 0 0 0 0 0 0  |
 ├─────────────┼─────────────┼──────────────────────────────────────────────────────────────────────────────────────────────────────────────────────────────────┤
 | 21          | 22          | 0 0 0 0 0 0 0 0 0 0 0 0 0 0 0 0 0 0 0 0 0 1 1 1 0 0 0 0 0 0 0 0 0 0 0 0 0 0 0 0 0 0 0 0 0 0 0 0 0 0 0 0 0 0 0 0 0 0 0 0 0 0 0 0  |
 ├─────────────┼─────────────┼──────────────────────────────────────────────────────────────────────────────────────────────────────────────────────────────────┤
 | 21          | 36          | 0 0 0 0 0 0 1 0 0 0 0 0 0 0 0 0 0 0 0 0 0 1 0 0 0 0 0 0 0 0 0 0 0 0 0 0 1 0 0 0 0 0 0 0 0 0 0 0 0 0 0 0 0 0 0 0 0 0 0 0 0 0 0 0  |
 ├─────────────┼─────────────┼──────────────────────────────────────────────────────────────────────────────────────────────────────────────────────────────────┤
 | 22          | 23          | 0 0 0 0 0 0 0 0 0 0 0 0 0 0 0 0 0 0 0 0 0 0 1 1 1 1 1 1 1 1 1 1 1 1 1 1 0 0 0 0 0 0 0 0 0 0 0 0 0 0 0 0 0 0 0 0 0 0 0 0 0 0 0 0  |
 ├─────────────┼─────────────┼──────────────────────────────────────────────────────────────────────────────────────────────────────────────────────────────────┤
 | 22          | 21          | 0 0 0 0 0 0 0 1 1 0 0 0 0 0 0 0 0 0 0 0 0 1 1 1 0 0 0 0 0 0 0 0 0 0 0 0 0 1 1 0 0 0 0 0 0 0 0 0 0 0 0 0 0 0 0 0 0 0 0 0 0 0 0 0  |
 ├─────────────┼─────────────┼──────────────────────────────────────────────────────────────────────────────────────────────────────────────────────────────────┤
 | 22          | 37          | 0 0 0 0 0 0 0 1 0 0 0 0 0 0 0 0 0 0 0 0 0 0 1 0 0 0 0 0 0 0 0 0 0 0 0 0 0 1 0 0 0 0 0 0 0 0 0 0 0 0 0 0 0 0 0 0 0 0 0 0 0 0 0 0  |
 ├─────────────┼─────────────┼──────────────────────────────────────────────────────────────────────────────────────────────────────────────────────────────────┤
 | 22          | 7           | 0 0 0 0 0 0 0 1 1 0 0 0 0 0 0 0 0 0 0 0 0 0 1 1 0 0 0 0 0 0 0 0 0 0 0 0 0 0 0 0 0 0 0 0 0 0 0 0 0 0 0 0 0 0 0 0 0 0 0 0 0 0 0 0  |
 ├─────────────┼─────────────┼──────────────────────────────────────────────────────────────────────────────────────────────────────────────────────────────────┤
 | 23          | 24          | 0 0 0 0 0 0 0 0 0 0 0 0 0 0 0 0 0 0 0 0 0 0 0 1 1 1 1 0 0 0 0 0 0 0 0 0 0 0 0 0 0 0 0 0 0 0 0 0 0 0 0 0 0 0 0 0 0 0 0 0 0 0 0 0  |
 ├─────────────┼─────────────┼──────────────────────────────────────────────────────────────────────────────────────────────────────────────────────────────────┤
 | 23          | 38          | 0 0 0 0 0 0 0 0 1 0 0 0 0 0 0 0 0 0 0 0 0 0 0 1 0 0 0 0 0 0 0 0 0 0 0 0 0 0 1 0 0 0 0 0 0 0 0 0 0 0 0 0 0 0 0 0 0 0 0 0 0 0 0 0  |
 ├─────────────┼─────────────┼──────────────────────────────────────────────────────────────────────────────────────────────────────────────────────────────────┤
 | 23          | 22          | 0 0 0 0 0 0 0 0 1 1 1 0 0 0 0 0 0 0 0 0 0 0 1 1 1 1 1 0 0 0 0 0 0 0 0 0 0 0 1 1 1 0 0 0 0 0 0 0 0 0 0 0 0 0 0 0 0 0 0 0 0 0 0 0  |
 ├─────────────┼─────────────┼──────────────────────────────────────────────────────────────────────────────────────────────────────────────────────────────────┤
 | 23          | 8           | 0 0 0 0 0 0 0 0 1 1 0 0 0 0 0 0 0 0 0 0 0 0 0 1 1 0 0 0 0 0 0 0 0 0 0 0 0 0 0 0 0 0 0 0 0 0 0 0 0 0 0 0 0 0 0 0 0 0 0 0 0 0 0 0  |
 ├─────────────┼─────────────┼──────────────────────────────────────────────────────────────────────────────────────────────────────────────────────────────────┤
 | 24          | 25          | 0 0 0 0 0 0 0 0 0 0 0 0 0 0 0 0 0 0 0 0 0 0 0 0 1 1 1 1 1 1 1 1 1 1 1 1 1 1 1 1 1 1 1 1 1 1 1 1 1 1 1 1 1 1 1 1 1 1 1 1 1 1 1 1  |
 ├─────────────┼─────────────┼──────────────────────────────────────────────────────────────────────────────────────────────────────────────────────────────────┤
 | 24          | 39          | 0 0 0 0 0 0 0 0 0 1 0 0 0 0 0 0 0 0 0 0 0 0 0 0 1 0 0 0 0 0 0 0 0 0 0 0 0 0 0 1 0 0 0 0 0 0 0 0 0 0 0 0 0 0 0 0 0 0 0 0 0 0 0 0  |
 ├─────────────┼─────────────┼──────────────────────────────────────────────────────────────────────────────────────────────────────────────────────────────────┤
 | 24          | 23          | 0 0 0 0 0 0 0 0 1 1 0 0 0 0 0 0 0 0 0 0 0 0 0 1 1 0 0 0 0 0 0 0 0 0 0 0 0 0 1 1 0 0 0 0 0 0 0 0 0 0 0 0 0 0 0 0 0 0 0 0 0 0 0 0  |
 ├─────────────┼─────────────┼──────────────────────────────────────────────────────────────────────────────────────────────────────────────────────────────────┤
 | 24          | 9           | 0 0 0 0 0 0 0 0 0 1 1 0 0 0 0 0 0 0 0 0 0 0 0 0 1 1 0 0 0 0 0 0 0 0 0 0 0 0 0 0 0 0 0 0 0 0 0 0 0 0 0 0 0 0 0 0 0 0 0 0 0 0 0 0  |
 ├─────────────┼─────────────┼──────────────────────────────────────────────────────────────────────────────────────────────────────────────────────────────────┤
 | 25          | 24          | 0 0 0 0 0 0 0 0 0 1 1 0 0 0 0 0 0 0 0 0 0 0 0 0 1 1 0 0 0 0 0 0 0 0 0 0 0 0 0 1 1 0 0 0 0 0 0 0 0 0 0 0 0 0 0 0 0 0 0 0 0 0 0 0  |
 ├─────────────┼─────────────┼──────────────────────────────────────────────────────────────────────────────────────────────────────────────────────────────────┤
 | 25          | 10          | 0 0 0 0 0 0 0 0 0 0 1 1 0 0 0 0 0 0 0 0 0 0 0 0 0 1 1 0 0 0 0 0 0 0 0 0 0 0 0 0 0 0 0 0 0 0 0 0 0 0 0 0 0 0 0 0 0 0 0 0 0 0 0 0  |
 ├─────────────┼─────────────┼──────────────────────────────────────────────────────────────────────────────────────────────────────────────────────────────────┤
 | 25          | 26          | 0 0 0 0 0 0 0 0 0 0 0 0 0 0 0 0 0 0 0 0 0 0 0 0 0 1 1 1 0 0 0 0 0 0 0 0 0 0 0 0 0 0 0 0 0 0 0 0 0 0 0 0 0 0 0 0 0 0 0 0 0 0 0 0  |
 ├─────────────┼─────────────┼──────────────────────────────────────────────────────────────────────────────────────────────────────────────────────────────────┤
 | 25          | 40          | 0 0 0 0 0 0 0 0 0 0 1 0 0 0 0 0 0 0 0 0 0 0 0 0 0 1 0 0 0 0 0 0 0 0 0 0 0 0 0 0 1 0 0 0 0 0 0 0 0 0 0 0 0 0 0 0 0 0 0 0 0 0 0 0  |
 ├─────────────┼─────────────┼──────────────────────────────────────────────────────────────────────────────────────────────────────────────────────────────────┤
 | 26          | 41          | 0 0 0 0 0 0 0 0 0 0 0 1 0 0 0 0 0 0 0 0 0 0 0 0 0 0 1 0 0 0 0 0 0 0 0 0 0 0 0 0 0 1 0 0 0 0 0 0 0 0 0 0 0 0 0 0 0 0 0 0 0 0 0 0  |
 ├─────────────┼─────────────┼──────────────────────────────────────────────────────────────────────────────────────────────────────────────────────────────────┤
 | 26          | 27          | 0 0 0 0 0 0 0 0 0 0 0 0 0 0 0 0 0 0 0 0 0 0 0 0 0 0 1 1 1 1 1 1 1 1 1 1 1 1 1 1 1 1 1 1 1 1 1 1 1 1 1 1 1 1 1 1 1 1 1 1 1 1 1 1  |
 ├─────────────┼─────────────┼──────────────────────────────────────────────────────────────────────────────────────────────────────────────────────────────────┤
 | 26          | 25          | 0 0 0 0 0 0 0 0 0 0 0 1 1 0 0 0 0 0 0 0 0 0 0 0 0 1 1 1 1 0 0 0 0 0 0 0 0 0 0 0 0 1 1 0 0 0 0 0 0 0 0 0 0 0 0 0 0 0 0 0 0 0 0 0  |
 ├─────────────┼─────────────┼──────────────────────────────────────────────────────────────────────────────────────────────────────────────────────────────────┤
 | 26          | 11          | 1 0 0 0 0 0 0 0 0 0 0 1 1 1 1 1 0 0 0 0 0 0 0 0 0 0 1 1 1 1 1 0 0 0 0 0 0 0 0 0 0 0 0 0 0 0 0 0 0 0 0 0 0 0 0 0 0 0 0 0 0 0 0 0  |
 ├─────────────┼─────────────┼──────────────────────────────────────────────────────────────────────────────────────────────────────────────────────────────────┤
 | 27          | 12          | 0 0 0 0 0 0 0 0 0 0 0 0 1 1 1 1 0 0 0 0 0 0 0 0 0 0 0 1 1 1 1 0 0 0 0 0 0 0 0 0 0 0 1 1 1 1 0 0 0 0 0 0 0 0 0 0 0 0 0 0 0 0 0 0  |
 ├─────────────┼─────────────┼──────────────────────────────────────────────────────────────────────────────────────────────────────────────────────────────────┤
 | 27          | 42          | 0 0 0 0 0 0 0 0 0 0 0 0 1 1 0 0 0 0 0 0 0 0 0 0 0 0 0 1 1 0 0 0 0 0 0 0 0 0 0 0 0 0 1 1 0 0 0 0 0 0 0 0 0 0 0 0 0 0 0 0 0 0 0 0  |
 ├─────────────┼─────────────┼──────────────────────────────────────────────────────────────────────────────────────────────────────────────────────────────────┤
 | 27          | 28          | 0 0 0 0 0 0 0 0 0 0 0 0 0 0 0 0 0 0 0 0 0 0 0 0 0 0 0 1 1 1 1 0 0 0 0 0 0 0 0 0 0 0 0 0 0 0 0 0 0 0 0 0 0 0 0 0 0 0 0 0 0 0 0 0  |
 ├─────────────┼─────────────┼──────────────────────────────────────────────────────────────────────────────────────────────────────────────────────────────────┤
 | 27          | 26          | 0 0 0 0 0 0 0 0 0 0 0 0 1 1 0 0 0 0 0 0 0 0 0 0 0 0 1 1 1 1 0 0 0 0 0 0 0 0 0 0 0 0 1 1 0 0 0 0 0 0 0 0 0 0 0 0 0 0 0 0 0 0 0 0  |
 ├─────────────┼─────────────┼──────────────────────────────────────────────────────────────────────────────────────────────────────────────────────────────────┤
 | 28          | 27          | 0 0 0 0 0 0 0 0 0 0 0 0 1 1 0 0 0 0 0 0 0 0 0 0 0 0 0 1 1 0 0 0 0 0 0 0 0 0 0 0 0 0 1 1 0 0 0 0 0 0 0 0 0 0 0 0 0 0 0 0 0 0 0 0  |
 ├─────────────┼─────────────┼──────────────────────────────────────────────────────────────────────────────────────────────────────────────────────────────────┤
 | 28          | 43          | 0 0 0 0 0 0 0 0 0 0 0 0 0 1 1 0 0 0 0 0 0 0 0 0 0 0 0 0 1 1 0 0 0 0 0 0 0 0 0 0 0 0 0 1 1 0 0 0 0 0 0 0 0 0 0 0 0 0 0 0 0 0 0 0  |
 ├─────────────┼─────────────┼──────────────────────────────────────────────────────────────────────────────────────────────────────────────────────────────────┤
 | 28          | 29          | 0 0 0 0 0 0 0 0 0 0 0 0 0 0 0 0 0 0 0 0 0 0 0 0 0 0 0 0 1 1 1 1 1 1 1 1 1 1 1 1 1 1 1 1 1 1 1 1 1 1 1 1 1 1 1 1 1 1 1 1 1 1 1 1  |
 ├─────────────┼─────────────┼──────────────────────────────────────────────────────────────────────────────────────────────────────────────────────────────────┤
 | 28          | 13          | 0 0 0 0 0 0 0 0 0 0 0 0 0 1 1 0 0 0 0 0 0 0 0 0 0 0 0 0 1 1 0 0 0 0 0 0 0 0 0 0 0 0 0 0 0 0 0 0 0 0 0 0 0 0 0 0 0 0 0 0 0 0 0 0  |
 ├─────────────┼─────────────┼──────────────────────────────────────────────────────────────────────────────────────────────────────────────────────────────────┤
 | 29          | 30          | 0 0 0 0 0 0 0 0 0 0 0 0 0 0 0 0 0 0 0 0 0 0 0 0 0 0 0 0 0 1 1 0 0 0 0 0 0 0 0 0 0 0 0 0 0 0 0 0 0 0 0 0 0 0 0 0 0 0 0 0 0 0 0 0  |
 ├─────────────┼─────────────┼──────────────────────────────────────────────────────────────────────────────────────────────────────────────────────────────────┤
 | 29          | 44          | 0 0 0 0 0 0 0 0 0 0 0 0 0 0 1 0 0 0 0 0 0 0 0 0 0 0 0 0 0 1 0 0 0 0 0 0 0 0 0 0 0 0 0 0 1 0 0 0 0 0 0 0 0 0 0 0 0 0 0 0 0 0 0 0  |
 ├─────────────┼─────────────┼──────────────────────────────────────────────────────────────────────────────────────────────────────────────────────────────────┤
 | 29          | 28          | 0 0 0 0 0 0 0 0 0 0 0 0 0 1 1 0 0 0 0 0 0 0 0 0 0 0 0 0 1 1 0 0 0 0 0 0 0 0 0 0 0 0 0 1 1 0 0 0 0 0 0 0 0 0 0 0 0 0 0 0 0 0 0 0  |
 ├─────────────┼─────────────┼──────────────────────────────────────────────────────────────────────────────────────────────────────────────────────────────────┤
 | 29          | 14          | 1 1 1 1 1 1 1 1 1 1 1 1 1 1 1 1 1 1 1 1 1 1 1 1 1 1 1 1 1 1 1 1 1 1 1 1 1 1 1 1 1 1 1 1 1 1 1 0 0 0 0 0 0 0 0 0 0 0 0 0 0 0 0 0  |
 ├─────────────┼─────────────┼──────────────────────────────────────────────────────────────────────────────────────────────────────────────────────────────────┤
 | 30          | 15          | 1 1 1 0 0 0 0 0 0 0 0 0 0 0 0 1 1 1 0 0 0 0 0 0 0 0 0 0 0 0 1 1 1 0 0 0 0 0 0 0 0 0 0 0 0 0 0 0 0 0 0 0 0 0 0 0 0 0 0 0 0 0 0 0  |
 ├─────────────┼─────────────┼──────────────────────────────────────────────────────────────────────────────────────────────────────────────────────────────────┤
 | 30          | 31          | 0 0 0 0 0 0 0 0 0 0 0 0 0 0 0 0 0 0 0 0 0 0 0 0 0 0 0 0 0 0 1 1 1 0 0 0 0 0 0 0 0 0 0 0 0 0 0 0 0 0 0 0 0 0 0 0 0 0 0 0 0 0 0 0  |
 ├─────────────┼─────────────┼──────────────────────────────────────────────────────────────────────────────────────────────────────────────────────────────────┤
 | 30          | 29          | 0 0 0 0 0 0 0 0 0 0 0 0 0 0 1 1 0 0 0 0 0 0 0 0 0 0 0 0 0 1 1 0 0 0 0 0 0 0 0 0 0 0 0 0 1 1 0 0 0 0 0 0 0 0 0 0 0 0 0 0 0 0 0 0  |
 ├─────────────┼─────────────┼──────────────────────────────────────────────────────────────────────────────────────────────────────────────────────────────────┤
 | 30          | 45          | 0 0 0 0 0 0 0 0 0 0 0 0 0 0 0 1 0 0 0 0 0 0 0 0 0 0 0 0 0 0 1 0 0 0 0 0 0 0 0 0 0 0 0 0 0 1 0 0 0 0 0 0 0 0 0 0 0 0 0 0 0 0 0 0  |
 ├─────────────┼─────────────┼──────────────────────────────────────────────────────────────────────────────────────────────────────────────────────────────────┤
 | 31          | 32          | 0 0 0 0 0 0 0 0 0 0 0 0 0 0 0 0 0 0 0 0 0 0 0 0 0 0 0 0 0 0 0 1 1 1 0 0 0 0 0 0 0 0 0 0 0 0 0 0 0 0 0 0 0 0 0 0 0 0 0 0 0 0 0 0  |
 ├─────────────┼─────────────┼──────────────────────────────────────────────────────────────────────────────────────────────────────────────────────────────────┤
 | 31          | 16          | 0 0 0 0 0 0 0 0 0 0 0 0 0 0 0 0 1 1 1 1 1 1 1 1 0 0 0 0 0 0 1 1 1 1 1 1 1 1 1 0 0 0 0 0 0 0 1 1 1 1 1 1 1 1 0 0 0 0 0 0 0 0 0 0  |
 ├─────────────┼─────────────┼──────────────────────────────────────────────────────────────────────────────────────────────────────────────────────────────────┤
 | 31          | 46          | 0 0 0 0 0 0 0 0 0 0 0 0 0 0 0 0 1 1 1 1 1 1 1 1 1 1 1 1 1 1 1 1 1 1 1 1 1 1 1 1 1 1 1 1 1 1 1 1 1 1 1 1 1 1 1 1 1 1 1 1 1 1 1 1  |
 ├─────────────┼─────────────┼──────────────────────────────────────────────────────────────────────────────────────────────────────────────────────────────────┤
 | 31          | 30          | 0 0 0 0 0 0 0 0 0 0 0 0 0 0 0 0 1 1 1 1 1 1 1 1 0 0 0 0 0 0 1 1 1 1 1 1 1 1 1 1 0 0 0 0 0 0 1 1 1 1 1 1 1 1 0 0 0 0 0 0 0 0 0 0  |
 ├─────────────┼─────────────┼──────────────────────────────────────────────────────────────────────────────────────────────────────────────────────────────────┤
 | 32          | 47          | 0 0 0 0 0 0 0 0 0 0 0 0 0 0 0 0 0 1 1 0 0 0 0 0 0 0 0 0 0 0 0 0 1 1 0 0 0 0 0 0 0 0 0 0 0 0 0 1 1 0 0 0 0 0 0 0 0 0 0 0 0 0 0 0  |
 ├─────────────┼─────────────┼──────────────────────────────────────────────────────────────────────────────────────────────────────────────────────────────────┤
 | 32          | 33          | 0 0 0 0 0 0 0 0 0 0 0 0 0 0 0 0 0 0 0 0 0 0 0 0 0 0 0 0 0 0 0 0 1 1 1 1 1 1 1 1 1 1 1 1 1 1 1 1 1 1 1 1 1 1 1 1 1 1 1 1 1 1 1 1  |
 ├─────────────┼─────────────┼──────────────────────────────────────────────────────────────────────────────────────────────────────────────────────────────────┤
 | 32          | 2           | 0 0 1 1 1 0 0 0 0 0 0 0 0 0 0 0 0 1 1 1 0 0 0 0 0 0 0 0 0 0 0 0 1 1 1 0 0 0 0 0 0 0 0 0 0 0 0 0 0 0 0 0 0 0 0 0 0 0 0 0 0 0 0 0  |
 ├─────────────┼─────────────┼──────────────────────────────────────────────────────────────────────────────────────────────────────────────────────────────────┤
 | 32          | 31          | 0 0 0 0 0 0 0 0 0 0 0 0 0 0 0 0 0 1 1 1 1 0 0 0 0 0 0 0 0 0 0 1 1 1 1 1 1 0 0 0 0 0 0 0 0 0 0 1 1 1 1 0 0 0 0 0 0 0 0 0 0 0 0 0  |
 ├─────────────┼─────────────┼──────────────────────────────────────────────────────────────────────────────────────────────────────────────────────────────────┤
 | 33          | 48          | 0 0 0 0 0 0 0 0 0 0 0 0 0 0 0 0 0 0 1 1 1 1 1 0 0 0 0 0 0 0 0 0 0 1 1 1 1 1 0 0 0 0 0 0 0 0 0 0 1 1 1 1 1 0 0 0 0 0 0 0 0 0 0 0  |
 ├─────────────┼─────────────┼──────────────────────────────────────────────────────────────────────────────────────────────────────────────────────────────────┤
 | 33          | 3           | 0 0 0 1 1 0 0 0 0 0 0 0 0 0 0 0 0 0 1 1 0 0 0 0 0 0 0 0 0 0 0 0 0 1 1 0 0 0 0 0 0 0 0 0 0 0 0 0 0 0 0 0 0 0 0 0 0 0 0 0 0 0 0 0  |
 ├─────────────┼─────────────┼──────────────────────────────────────────────────────────────────────────────────────────────────────────────────────────────────┤
 | 33          | 18          | 0 0 0 0 0 0 0 0 0 0 0 0 0 0 0 0 0 0 1 1 1 1 1 1 1 1 1 1 1 1 1 1 1 1 1 1 1 1 1 1 1 1 1 1 1 1 1 1 1 1 1 1 1 1 1 1 1 1 1 1 1 1 1 1  |
 ├─────────────┼─────────────┼──────────────────────────────────────────────────────────────────────────────────────────────────────────────────────────────────┤
 | 33          | 34          | 0 0 0 0 0 0 0 0 0 0 0 0 0 0 0 0 0 0 0 0 0 0 0 0 0 0 0 0 0 0 0 0 0 1 1 0 0 0 0 0 0 0 0 0 0 0 0 0 0 0 0 0 0 0 0 0 0 0 0 0 0 0 0 0  |
 ├─────────────┼─────────────┼──────────────────────────────────────────────────────────────────────────────────────────────────────────────────────────────────┤
 | 34          | 49          | 0 0 0 0 0 0 0 0 0 0 0 0 0 0 0 0 0 0 0 1 1 0 0 0 0 0 0 0 0 0 0 0 0 0 1 1 0 0 0 0 0 0 0 0 0 0 0 0 0 1 1 0 0 0 0 0 0 0 0 0 0 0 0 0  |
 ├─────────────┼─────────────┼──────────────────────────────────────────────────────────────────────────────────────────────────────────────────────────────────┤
 | 34          | 33          | 0 0 0 0 0 0 0 0 0 0 0 0 0 0 0 0 0 0 1 1 0 0 0 0 0 0 0 0 0 0 0 0 0 1 1 0 0 0 0 0 0 0 0 0 0 0 0 0 1 1 0 0 0 0 0 0 0 0 0 0 0 0 0 0  |
 ├─────────────┼─────────────┼──────────────────────────────────────────────────────────────────────────────────────────────────────────────────────────────────┤
 | 34          | 35          | 0 0 0 0 0 0 0 0 0 0 0 0 0 0 0 0 0 0 0 0 0 0 0 0 0 0 0 0 0 0 0 0 0 0 1 1 0 0 0 0 0 0 0 0 0 0 0 0 0 0 0 0 0 0 0 0 0 0 0 0 0 0 0 0  |
 ├─────────────┼─────────────┼──────────────────────────────────────────────────────────────────────────────────────────────────────────────────────────────────┤
 | 34          | 19          | 0 0 0 0 0 0 0 0 0 0 0 0 0 0 0 0 0 0 0 1 1 0 0 0 0 0 0 0 0 0 0 0 0 0 1 1 0 0 0 0 0 0 0 0 0 0 0 0 0 1 1 0 0 0 0 0 0 0 0 0 0 0 0 0  |
 ├─────────────┼─────────────┼──────────────────────────────────────────────────────────────────────────────────────────────────────────────────────────────────┤
 | 35          | 20          | 0 0 0 0 0 0 0 0 0 0 0 0 0 0 0 0 0 0 0 0 1 1 1 1 1 1 1 1 1 1 1 1 1 1 1 1 1 1 1 1 1 1 1 1 1 1 1 1 1 1 1 1 1 1 1 1 1 1 1 1 1 1 1 1  |
 ├─────────────┼─────────────┼──────────────────────────────────────────────────────────────────────────────────────────────────────────────────────────────────┤
 | 35          | 50          | 0 0 0 0 0 0 0 0 0 0 0 0 0 0 0 0 0 0 0 0 1 1 1 1 0 0 0 0 0 0 0 0 0 0 0 1 1 1 1 0 0 0 0 0 0 0 0 0 0 0 1 1 1 1 0 0 0 0 0 0 0 0 0 0  |
 ├─────────────┼─────────────┼──────────────────────────────────────────────────────────────────────────────────────────────────────────────────────────────────┤
 | 35          | 36          | 0 0 0 0 0 0 0 0 0 0 0 0 0 0 0 0 0 0 0 0 0 0 0 0 0 0 0 0 0 0 0 0 0 0 0 1 1 0 0 0 0 0 0 0 0 0 0 0 0 0 0 0 0 0 0 0 0 0 0 0 0 0 0 0  |
 ├─────────────┼─────────────┼──────────────────────────────────────────────────────────────────────────────────────────────────────────────────────────────────┤
 | 35          | 34          | 0 0 0 0 0 0 0 0 0 0 0 0 0 0 0 0 0 0 0 1 1 1 0 0 0 0 0 0 0 0 0 0 0 0 1 1 1 0 0 0 0 0 0 0 0 0 0 0 0 1 1 1 0 0 0 0 0 0 0 0 0 0 0 0  |
 ├─────────────┼─────────────┼──────────────────────────────────────────────────────────────────────────────────────────────────────────────────────────────────┤
 | 36          | 35          | 0 0 0 0 0 0 0 0 0 0 0 0 0 0 0 0 0 0 0 0 0 1 1 1 1 1 1 1 1 1 1 1 1 1 1 1 1 1 1 1 1 1 1 1 1 1 1 1 1 1 1 1 1 1 1 1 1 1 1 1 1 1 1 1  |
 ├─────────────┼─────────────┼──────────────────────────────────────────────────────────────────────────────────────────────────────────────────────────────────┤
 | 36          | 51          | 0 0 0 0 0 0 0 0 0 0 0 0 0 0 0 0 0 0 0 0 0 1 1 1 1 1 1 1 1 0 0 0 0 0 0 0 1 1 1 1 1 1 1 1 0 0 0 0 0 0 0 1 1 1 1 1 1 1 1 0 0 0 0 0  |
 ├─────────────┼─────────────┼──────────────────────────────────────────────────────────────────────────────────────────────────────────────────────────────────┤
 | 36          | 37          | 0 0 0 0 0 0 0 0 0 0 0 0 0 0 0 0 0 0 0 0 0 0 0 0 0 0 0 0 0 0 0 0 0 0 0 0 1 1 1 1 1 1 1 1 1 1 1 1 1 1 1 1 1 1 1 1 1 1 1 1 1 1 1 1  |
 ├─────────────┼─────────────┼──────────────────────────────────────────────────────────────────────────────────────────────────────────────────────────────────┤
 | 36          | 21          | 0 0 0 0 0 0 0 0 0 0 0 0 0 0 0 0 0 0 0 0 0 1 1 0 0 0 0 0 0 0 0 0 0 0 0 0 1 1 0 0 0 0 0 0 0 0 0 0 0 0 0 1 1 0 0 0 0 0 0 0 0 0 0 0  |
 ├─────────────┼─────────────┼──────────────────────────────────────────────────────────────────────────────────────────────────────────────────────────────────┤
 | 37          | 52          | 0 0 0 0 0 0 0 0 0 0 0 0 0 0 0 0 0 0 0 0 0 0 0 0 0 0 0 0 0 0 0 0 0 0 0 0 0 1 1 1 1 1 1 1 1 1 1 1 1 1 1 1 1 1 1 1 1 1 1 1 1 1 1 1  |
 ├─────────────┼─────────────┼──────────────────────────────────────────────────────────────────────────────────────────────────────────────────────────────────┤
 | 37          | 38          | 0 0 0 0 0 0 0 0 0 0 0 0 0 0 0 0 0 0 0 0 0 0 0 0 0 0 0 0 0 0 0 0 0 0 0 0 0 1 1 0 0 0 0 0 0 0 0 0 0 0 0 0 0 0 0 0 0 0 0 0 0 0 0 0  |
 ├─────────────┼─────────────┼──────────────────────────────────────────────────────────────────────────────────────────────────────────────────────────────────┤
 | 37          | 22          | 0 0 0 0 0 0 0 0 0 0 0 0 0 0 0 0 0 0 0 0 0 0 1 1 1 0 0 0 0 0 0 0 0 0 0 0 0 1 1 1 0 0 0 0 0 0 0 0 0 0 0 0 1 1 1 0 0 0 0 0 0 0 0 0  |
 ├─────────────┼─────────────┼──────────────────────────────────────────────────────────────────────────────────────────────────────────────────────────────────┤
 | 37          | 36          | 0 0 0 0 0 0 0 0 0 0 0 0 0 0 0 0 0 0 0 0 0 0 1 1 1 0 0 0 0 0 0 0 0 0 0 0 1 1 1 1 1 0 0 0 0 0 0 0 0 0 0 0 1 1 1 0 0 0 0 0 0 0 0 0  |
 ├─────────────┼─────────────┼──────────────────────────────────────────────────────────────────────────────────────────────────────────────────────────────────┤
 | 38          | 53          | 0 0 0 0 0 0 0 0 0 0 0 0 0 0 0 0 0 0 0 0 0 0 0 1 1 1 1 1 1 1 1 1 1 1 1 1 1 1 1 1 1 1 1 1 1 1 1 1 1 1 1 1 1 1 1 1 1 1 1 1 1 1 1 1  |
 ├─────────────┼─────────────┼──────────────────────────────────────────────────────────────────────────────────────────────────────────────────────────────────┤
 | 38          | 23          | 0 0 0 0 0 0 0 0 0 0 0 0 0 0 0 0 0 0 0 0 0 0 0 1 1 1 0 0 0 0 0 0 0 0 0 0 0 0 1 1 1 0 0 0 0 0 0 0 0 0 0 0 0 1 1 1 0 0 0 0 0 0 0 0  |
 ├─────────────┼─────────────┼──────────────────────────────────────────────────────────────────────────────────────────────────────────────────────────────────┤
 | 38          | 39          | 0 0 0 0 0 0 0 0 0 0 0 0 0 0 0 0 0 0 0 0 0 0 0 0 1 1 1 1 1 1 1 0 0 0 0 0 0 0 1 1 1 1 1 1 1 1 1 0 0 0 0 0 0 0 1 1 1 1 1 1 1 0 0 0  |
 ├─────────────┼─────────────┼──────────────────────────────────────────────────────────────────────────────────────────────────────────────────────────────────┤
 | 38          | 37          | 0 0 0 0 0 0 0 0 0 0 0 0 0 0 0 0 0 0 0 0 0 0 1 1 1 0 0 0 0 0 0 0 0 0 0 0 0 1 1 1 0 0 0 0 0 0 0 0 0 0 0 0 1 1 1 0 0 0 0 0 0 0 0 0  |
 ├─────────────┼─────────────┼──────────────────────────────────────────────────────────────────────────────────────────────────────────────────────────────────┤
 | 39          | 40          | 0 0 0 0 0 0 0 0 0 0 0 0 0 0 0 0 0 0 0 0 0 0 0 0 0 0 0 0 0 0 0 0 0 0 0 0 0 0 0 1 1 0 0 0 0 0 0 0 0 0 0 0 0 0 0 0 0 0 0 0 0 0 0 0  |
 ├─────────────┼─────────────┼──────────────────────────────────────────────────────────────────────────────────────────────────────────────────────────────────┤
 | 39          | 54          | 0 0 0 0 0 0 0 0 0 0 0 0 0 0 0 0 0 0 0 0 0 0 0 0 1 1 1 0 0 0 0 0 0 0 0 0 0 0 0 1 1 1 0 0 0 0 0 0 0 0 0 0 0 0 1 1 1 0 0 0 0 0 0 0  |
 ├─────────────┼─────────────┼──────────────────────────────────────────────────────────────────────────────────────────────────────────────────────────────────┤
 | 39          | 24          | 0 0 0 0 0 0 0 0 0 0 0 0 0 0 0 0 0 0 0 0 0 0 0 0 1 0 0 0 0 0 0 0 0 0 0 0 0 0 0 1 1 0 0 0 0 0 0 0 0 0 0 0 0 0 1 0 0 0 0 0 0 0 0 0  |
 ├─────────────┼─────────────┼──────────────────────────────────────────────────────────────────────────────────────────────────────────────────────────────────┤
 | 39          | 38          | 0 0 0 0 0 0 0 0 0 0 0 0 0 0 0 0 0 0 0 0 0 0 0 0 1 1 1 1 1 1 0 0 0 0 0 0 0 0 1 1 1 1 1 1 1 0 0 0 0 0 0 0 0 0 1 1 1 1 1 1 0 0 0 0  |
 ├─────────────┼─────────────┼──────────────────────────────────────────────────────────────────────────────────────────────────────────────────────────────────┤
 | 40          | 41          | 0 0 0 0 0 0 0 0 0 0 0 0 0 0 0 0 0 0 0 0 0 0 0 0 0 0 0 0 0 0 0 0 0 0 0 0 0 0 0 0 1 1 1 1 1 1 1 1 1 1 1 1 1 1 1 1 1 1 1 1 1 1 1 1  |
 ├─────────────┼─────────────┼──────────────────────────────────────────────────────────────────────────────────────────────────────────────────────────────────┤
 | 40          | 55          | 0 0 0 0 0 0 0 0 0 0 0 0 0 0 0 0 0 0 0 0 0 0 0 0 0 1 1 0 0 0 0 0 0 0 0 0 0 0 0 0 1 1 0 0 0 0 0 0 0 0 0 0 0 0 0 1 1 0 0 0 0 0 0 0  |
 ├─────────────┼─────────────┼──────────────────────────────────────────────────────────────────────────────────────────────────────────────────────────────────┤
 | 40          | 39          | 0 0 0 0 0 0 0 0 0 0 0 0 0 0 0 0 0 0 0 0 0 0 0 0 0 1 1 1 0 0 0 0 0 0 0 0 0 0 0 1 1 1 1 1 0 0 0 0 0 0 0 0 0 0 0 1 1 1 0 0 0 0 0 0  |
 ├─────────────┼─────────────┼──────────────────────────────────────────────────────────────────────────────────────────────────────────────────────────────────┤
 | 40          | 25          | 0 0 0 0 0 0 0 0 0 0 0 0 0 0 0 0 0 0 0 0 0 0 0 0 0 1 1 0 0 0 0 0 0 0 0 0 0 0 0 1 1 1 1 0 0 0 0 0 0 0 0 0 0 0 0 1 1 0 0 0 0 0 0 0  |
 ├─────────────┼─────────────┼──────────────────────────────────────────────────────────────────────────────────────────────────────────────────────────────────┤
 | 41          | 42          | 0 0 0 0 0 0 0 0 0 0 0 0 0 0 0 0 0 0 0 0 0 0 0 0 0 0 0 0 0 0 0 0 0 0 0 0 0 0 0 0 0 1 1 0 0 0 0 0 0 0 0 0 0 0 0 0 0 0 0 0 0 0 0 0  |
 ├─────────────┼─────────────┼──────────────────────────────────────────────────────────────────────────────────────────────────────────────────────────────────┤
 | 41          | 26          | 0 0 0 0 0 0 0 0 0 0 0 0 0 0 0 0 0 0 0 0 0 0 0 0 0 0 1 0 0 0 0 0 0 0 0 0 0 0 0 0 0 1 0 0 0 0 0 0 0 0 0 0 0 0 0 0 1 0 0 0 0 0 0 0  |
 ├─────────────┼─────────────┼──────────────────────────────────────────────────────────────────────────────────────────────────────────────────────────────────┤
 | 41          | 56          | 0 0 0 0 0 0 0 0 0 0 0 0 0 0 0 0 0 0 0 0 0 0 0 0 0 0 1 1 0 0 0 0 0 0 0 0 0 0 0 0 0 1 1 0 0 0 0 0 0 0 0 0 0 0 0 0 1 1 0 0 0 0 0 0  |
 ├─────────────┼─────────────┼──────────────────────────────────────────────────────────────────────────────────────────────────────────────────────────────────┤
 | 41          | 40          | 0 0 0 0 0 0 0 0 0 0 0 0 0 0 0 0 0 0 0 0 0 0 0 0 0 0 1 1 1 1 1 0 0 0 0 0 0 0 0 0 1 1 1 1 1 1 1 0 0 0 0 0 0 0 0 0 1 1 1 1 1 0 0 0  |
 ├─────────────┼─────────────┼──────────────────────────────────────────────────────────────────────────────────────────────────────────────────────────────────┤
 | 42          | 43          | 0 0 0 0 0 0 0 0 0 0 0 0 0 0 0 0 0 0 0 0 0 0 0 0 0 0 0 0 0 0 0 0 0 0 0 0 0 0 0 0 0 0 1 1 0 0 0 0 0 0 0 0 0 0 0 0 0 0 0 0 0 0 0 0  |
 ├─────────────┼─────────────┼──────────────────────────────────────────────────────────────────────────────────────────────────────────────────────────────────┤
 | 42          | 27          | 0 0 0 0 0 0 0 0 0 0 0 0 0 0 0 0 0 0 0 0 0 0 0 0 0 0 0 1 1 0 0 0 0 0 0 0 0 0 0 0 0 0 1 1 0 0 0 0 0 0 0 0 0 0 0 0 0 1 1 0 0 0 0 0  |
 ├─────────────┼─────────────┼──────────────────────────────────────────────────────────────────────────────────────────────────────────────────────────────────┤
 | 42          | 57          | 0 0 0 0 0 0 0 0 0 0 0 0 0 0 0 0 0 0 0 0 0 0 0 0 0 0 0 1 1 0 0 0 0 0 0 0 0 0 0 0 0 0 1 1 0 0 0 0 0 0 0 0 0 0 0 0 0 1 1 0 0 0 0 0  |
 ├─────────────┼─────────────┼──────────────────────────────────────────────────────────────────────────────────────────────────────────────────────────────────┤
 | 42          | 41          | 0 0 0 0 0 0 0 0 0 0 0 0 0 0 0 0 0 0 0 0 0 0 0 0 0 0 0 1 1 1 0 0 0 0 0 0 0 0 0 0 0 1 1 1 1 1 0 0 0 0 0 0 0 0 0 0 0 1 1 1 0 0 0 0  |
 ├─────────────┼─────────────┼──────────────────────────────────────────────────────────────────────────────────────────────────────────────────────────────────┤
 | 43          | 58          | 0 0 0 0 0 0 0 0 0 0 0 0 0 0 0 0 0 0 0 0 0 0 0 0 0 0 0 0 1 1 0 0 0 0 0 0 0 0 0 0 0 0 0 1 1 0 0 0 0 0 0 0 0 0 0 0 0 0 1 1 0 0 0 0  |
 ├─────────────┼─────────────┼──────────────────────────────────────────────────────────────────────────────────────────────────────────────────────────────────┤
 | 43          | 44          | 0 0 0 0 0 0 0 0 0 0 0 0 0 0 0 0 0 0 0 0 0 0 0 0 0 0 0 0 0 0 0 0 0 0 0 0 0 0 0 0 0 0 0 1 1 1 1 1 1 1 1 1 1 1 1 1 1 1 0 0 0 0 0 0  |
 ├─────────────┼─────────────┼──────────────────────────────────────────────────────────────────────────────────────────────────────────────────────────────────┤
 | 43          | 42          | 0 0 0 0 0 0 0 0 0 0 0 0 0 0 0 0 0 0 0 0 0 0 0 0 0 0 0 0 1 1 1 1 0 0 0 0 0 0 0 0 0 0 1 1 1 1 1 1 0 0 0 0 0 0 0 0 0 0 1 1 1 1 0 0  |
 ├─────────────┼─────────────┼──────────────────────────────────────────────────────────────────────────────────────────────────────────────────────────────────┤
 | 43          | 28          | 0 0 0 0 0 0 0 0 0 0 0 0 0 1 1 1 1 0 0 0 0 0 0 0 0 0 0 0 1 1 1 1 0 0 0 0 0 0 0 0 0 0 0 1 1 1 1 0 0 0 0 0 0 0 0 0 0 0 0 0 0 0 0 0  |
 ├─────────────┼─────────────┼──────────────────────────────────────────────────────────────────────────────────────────────────────────────────────────────────┤
 | 44          | 45          | 0 0 0 0 0 0 0 0 0 0 0 0 0 0 0 0 0 0 0 0 0 0 0 0 0 0 0 0 0 0 0 0 0 0 0 0 0 0 0 0 0 0 0 0 1 1 0 0 0 0 0 0 0 0 0 0 0 0 0 0 0 0 0 0  |
 ├─────────────┼─────────────┼──────────────────────────────────────────────────────────────────────────────────────────────────────────────────────────────────┤
 | 44          | 59          | 0 0 0 0 0 0 0 0 0 0 0 0 0 0 0 0 0 0 0 0 0 0 0 0 0 0 0 0 0 1 1 0 0 0 0 0 0 0 0 0 0 0 0 0 1 1 0 0 0 0 0 0 0 0 0 0 0 0 0 1 1 0 0 0  |
 ├─────────────┼─────────────┼──────────────────────────────────────────────────────────────────────────────────────────────────────────────────────────────────┤
 | 44          | 43          | 0 0 0 0 0 0 0 0 0 0 0 0 0 0 0 0 0 0 0 0 0 0 0 0 0 0 0 0 1 1 0 0 0 0 0 0 0 0 0 0 0 0 0 1 1 0 0 0 0 0 0 0 0 0 0 0 0 0 1 1 0 0 0 0  |
 ├─────────────┼─────────────┼──────────────────────────────────────────────────────────────────────────────────────────────────────────────────────────────────┤
 | 44          | 14          | 0 0 0 0 0 0 0 0 0 0 0 0 0 0 1 1 1 1 1 1 1 0 0 0 0 0 0 0 0 1 1 1 1 1 1 1 0 0 0 0 0 0 0 0 1 1 1 1 1 1 1 0 0 0 0 0 0 0 0 0 0 0 0 0  |
 ├─────────────┼─────────────┼──────────────────────────────────────────────────────────────────────────────────────────────────────────────────────────────────┤
 | 45          | 46          | 0 0 0 0 0 0 0 0 0 0 0 0 0 0 0 0 0 0 0 0 0 0 0 0 0 0 0 0 0 0 0 0 0 0 0 0 0 0 0 0 0 0 0 0 0 1 1 0 0 0 0 0 0 0 0 0 0 0 0 0 0 0 0 0  |
 ├─────────────┼─────────────┼──────────────────────────────────────────────────────────────────────────────────────────────────────────────────────────────────┤
 | 45          | 60          | 0 0 0 0 0 0 0 0 0 0 0 0 0 0 0 0 0 0 0 0 0 0 0 0 0 0 0 0 0 0 1 1 0 0 0 0 0 0 0 0 0 0 0 0 0 1 1 0 0 0 0 0 0 0 0 0 0 0 0 0 1 1 0 0  |
 ├─────────────┼─────────────┼──────────────────────────────────────────────────────────────────────────────────────────────────────────────────────────────────┤
 | 45          | 44          | 0 0 0 0 0 0 0 0 0 0 0 0 0 0 0 0 0 0 0 0 0 0 0 0 0 0 0 0 0 0 1 1 1 1 1 1 1 1 1 0 0 0 0 0 1 1 1 1 1 1 1 1 1 1 1 0 0 0 0 0 1 1 1 1  |
 ├─────────────┼─────────────┼──────────────────────────────────────────────────────────────────────────────────────────────────────────────────────────────────┤
 | 45          | 30          | 0 0 0 0 0 0 0 0 0 0 0 0 0 0 0 0 0 0 0 0 0 0 0 0 0 0 0 0 0 0 1 1 1 1 1 1 1 1 1 1 1 1 1 1 1 1 1 1 1 1 1 1 1 1 1 1 1 1 1 1 1 1 1 1  |
 ├─────────────┼─────────────┼──────────────────────────────────────────────────────────────────────────────────────────────────────────────────────────────────┤
 | 46          | 31          | 0 0 0 0 0 0 0 0 0 0 0 0 0 0 0 0 1 1 1 1 1 1 1 1 1 1 1 1 1 1 0 1 1 1 1 1 1 1 1 1 1 1 1 1 1 0 1 1 1 1 1 1 1 1 1 1 1 1 1 1 0 0 0 0  |
 ├─────────────┼─────────────┼──────────────────────────────────────────────────────────────────────────────────────────────────────────────────────────────────┤
 | 46          | 47          | 0 0 0 0 0 0 0 0 0 0 0 0 0 0 0 0 0 0 0 0 0 0 0 0 0 0 0 0 0 0 0 0 0 0 0 0 0 0 0 0 0 0 0 0 0 0 1 1 1 1 1 1 1 1 1 1 1 1 1 1 1 1 1 1  |
 ├─────────────┼─────────────┼──────────────────────────────────────────────────────────────────────────────────────────────────────────────────────────────────┤
 | 46          | 61          | 0 0 0 0 0 0 0 0 0 0 0 0 0 0 0 0 0 0 0 0 0 0 0 0 0 0 0 0 0 0 0 1 0 0 0 0 0 0 0 0 0 0 0 0 0 0 1 0 0 0 0 0 0 0 0 0 0 0 0 0 0 1 0 0  |
 ├─────────────┼─────────────┼──────────────────────────────────────────────────────────────────────────────────────────────────────────────────────────────────┤
 | 46          | 45          | 0 0 0 0 0 0 0 0 0 0 0 0 0 0 0 0 0 0 0 0 0 0 0 0 0 0 0 0 0 0 0 1 0 0 0 0 0 0 0 0 0 0 0 0 0 1 1 1 0 0 0 0 0 0 0 0 0 0 0 0 0 1 0 0  |
 ├─────────────┼─────────────┼──────────────────────────────────────────────────────────────────────────────────────────────────────────────────────────────────┤
 | 47          | 46          | 0 0 0 0 0 0 0 0 0 0 0 0 0 0 0 0 0 0 0 0 0 0 0 0 0 0 0 0 0 0 0 0 1 1 0 0 0 0 0 0 0 0 0 0 0 0 1 1 1 0 0 0 0 0 0 0 0 0 0 0 0 0 1 1  |
 ├─────────────┼─────────────┼──────────────────────────────────────────────────────────────────────────────────────────────────────────────────────────────────┤
 | 47          | 32          | 0 0 0 0 0 0 0 0 0 0 0 0 0 0 0 0 0 1 1 1 0 0 0 0 0 0 0 0 0 0 0 0 1 1 1 0 0 0 0 0 0 0 0 0 0 0 0 1 1 1 0 0 0 0 0 0 0 0 0 0 0 0 0 0  |
 ├─────────────┼─────────────┼──────────────────────────────────────────────────────────────────────────────────────────────────────────────────────────────────┤
 | 47          | 48          | 0 0 0 0 0 0 0 0 0 0 0 0 0 0 0 0 0 0 0 0 0 0 0 0 0 0 0 0 0 0 0 0 0 0 0 0 0 0 0 0 0 0 0 0 0 0 0 1 1 0 0 0 0 0 0 0 0 0 0 0 0 0 0 0  |
 ├─────────────┼─────────────┼──────────────────────────────────────────────────────────────────────────────────────────────────────────────────────────────────┤
 | 47          | 62          | 0 0 0 0 0 0 0 0 0 0 0 0 0 0 0 0 0 0 0 0 0 0 0 0 0 0 0 0 0 0 0 0 1 1 0 0 0 0 0 0 0 0 0 0 0 0 0 1 1 0 0 0 0 0 0 0 0 0 0 0 0 0 1 1  |
 ├─────────────┼─────────────┼──────────────────────────────────────────────────────────────────────────────────────────────────────────────────────────────────┤
 | 48          | 63          | 0 0 0 0 0 0 0 0 0 0 0 0 0 0 0 0 0 0 0 0 0 0 0 0 0 0 0 0 0 0 0 0 0 0 0 0 0 0 0 0 0 0 0 0 0 0 0 0 1 1 0 0 0 0 0 0 0 0 0 0 0 0 0 1  |
 ├─────────────┼─────────────┼──────────────────────────────────────────────────────────────────────────────────────────────────────────────────────────────────┤
 | 48          | 49          | 0 0 0 0 0 0 0 0 0 0 0 0 0 0 0 0 0 0 0 0 0 0 0 0 0 0 0 0 0 0 0 0 0 0 0 0 0 0 0 0 0 0 0 0 0 0 0 0 1 1 0 0 0 0 0 0 0 0 0 0 0 0 0 0  |
 ├─────────────┼─────────────┼──────────────────────────────────────────────────────────────────────────────────────────────────────────────────────────────────┤
 | 48          | 33          | 0 0 0 0 0 0 0 0 0 0 0 0 0 0 0 0 0 0 1 1 0 0 0 0 0 0 0 0 0 0 0 0 0 1 1 0 0 0 0 0 0 0 0 0 0 0 0 0 1 1 0 0 0 0 0 0 0 0 0 0 0 0 0 0  |
 ├─────────────┼─────────────┼──────────────────────────────────────────────────────────────────────────────────────────────────────────────────────────────────┤
 | 48          | 47          | 0 0 0 0 0 0 0 0 0 0 0 0 0 0 0 0 0 0 0 0 0 0 0 0 0 0 0 0 0 0 0 0 1 1 1 0 0 0 0 0 0 0 0 0 0 0 0 1 1 1 0 0 0 0 0 0 0 0 0 0 0 0 1 1  |
 ├─────────────┼─────────────┼──────────────────────────────────────────────────────────────────────────────────────────────────────────────────────────────────┤
 | 49          | 50          | 0 0 0 0 0 0 0 0 0 0 0 0 0 0 0 0 0 0 0 0 0 0 0 0 0 0 0 0 0 0 0 0 0 0 0 0 0 0 0 0 0 0 0 0 0 0 0 0 0 1 1 0 0 0 0 0 0 0 0 0 0 0 0 0  |
 ├─────────────┼─────────────┼──────────────────────────────────────────────────────────────────────────────────────────────────────────────────────────────────┤
 | 49          | 34          | 0 0 0 0 0 0 0 0 0 0 0 0 0 0 0 0 0 0 0 0 0 0 0 0 0 0 0 0 0 0 0 0 0 0 1 1 0 0 0 0 0 0 0 0 0 0 0 0 0 1 1 0 0 0 0 0 0 0 0 0 0 0 0 0  |
 ├─────────────┼─────────────┼──────────────────────────────────────────────────────────────────────────────────────────────────────────────────────────────────┤
 | 49          | 63          | 0 0 0 0 0 0 0 0 0 0 0 0 0 0 0 0 0 0 0 0 0 0 0 0 0 0 0 0 0 0 0 0 0 0 0 0 0 0 0 0 0 0 0 0 0 0 0 0 0 1 0 0 0 0 0 0 0 0 0 0 0 0 0 1  |
 ├─────────────┼─────────────┼──────────────────────────────────────────────────────────────────────────────────────────────────────────────────────────────────┤
 | 49          | 48          | 0 0 0 0 0 0 0 0 0 0 0 0 0 0 0 0 0 0 0 0 0 0 0 0 0 0 0 0 0 0 0 0 0 0 1 1 0 0 0 0 0 0 0 0 0 0 0 0 1 1 1 0 0 0 0 0 0 0 0 0 0 0 0 0  |
 ├─────────────┼─────────────┼──────────────────────────────────────────────────────────────────────────────────────────────────────────────────────────────────┤
 | 50          | 51          | 0 0 0 0 0 0 0 0 0 0 0 0 0 0 0 0 0 0 0 0 0 0 0 0 0 0 0 0 0 0 0 0 0 0 0 0 0 0 0 0 0 0 0 0 0 0 0 0 0 0 1 1 0 0 0 0 0 0 0 0 0 0 0 0  |
 ├─────────────┼─────────────┼──────────────────────────────────────────────────────────────────────────────────────────────────────────────────────────────────┤
 | 50          | 35          | 0 0 0 0 0 0 0 0 0 0 0 0 0 0 0 0 0 0 0 0 0 0 0 0 0 0 0 0 0 0 0 0 0 0 0 1 1 0 0 0 0 0 0 0 0 0 0 0 0 0 1 1 0 0 0 0 0 0 0 0 0 0 0 0  |
 ├─────────────┼─────────────┼──────────────────────────────────────────────────────────────────────────────────────────────────────────────────────────────────┤
 | 50          | 49          | 0 0 0 0 0 0 0 0 0 0 0 0 0 0 0 0 0 0 0 0 0 0 0 0 0 0 0 0 0 0 0 0 0 0 0 1 0 0 0 0 0 0 0 0 0 0 0 0 0 1 1 1 0 0 0 0 0 0 0 0 0 0 0 0  |
 ├─────────────┼─────────────┼──────────────────────────────────────────────────────────────────────────────────────────────────────────────────────────────────┤
 | 50          | 20          | 0 0 0 0 0 0 0 0 0 0 0 0 0 0 0 0 0 0 0 0 1 1 1 0 0 0 0 0 0 0 0 0 0 0 0 1 1 1 0 0 0 0 0 0 0 0 0 0 0 0 1 1 1 0 0 0 0 0 0 0 0 0 0 0  |
 ├─────────────┼─────────────┼──────────────────────────────────────────────────────────────────────────────────────────────────────────────────────────────────┤
 | 51          | 52          | 0 0 0 0 0 0 0 0 0 0 0 0 0 0 0 0 0 0 0 0 0 0 0 0 0 0 0 0 0 0 0 0 0 0 0 0 0 0 0 0 0 0 0 0 0 0 0 0 0 0 0 1 1 0 0 0 0 0 0 0 0 0 0 0  |
 ├─────────────┼─────────────┼──────────────────────────────────────────────────────────────────────────────────────────────────────────────────────────────────┤
 | 51          | 36          | 0 0 0 0 0 0 0 0 0 0 0 0 0 0 0 0 0 0 0 0 0 0 0 0 0 0 0 0 0 0 0 0 0 0 0 0 1 0 0 0 0 0 0 0 0 0 0 0 0 0 0 1 0 0 0 0 0 0 0 0 0 0 0 0  |
 ├─────────────┼─────────────┼──────────────────────────────────────────────────────────────────────────────────────────────────────────────────────────────────┤
 | 51          | 50          | 0 0 0 0 0 0 0 0 0 0 0 0 0 0 0 0 0 0 0 0 0 0 0 0 0 0 0 0 0 0 0 0 0 0 0 0 1 0 0 0 0 0 0 0 0 0 0 0 0 0 1 1 1 0 0 0 0 0 0 0 0 0 0 0  |
 ├─────────────┼─────────────┼──────────────────────────────────────────────────────────────────────────────────────────────────────────────────────────────────┤
 | 51          | 21          | 0 0 0 0 0 0 0 0 0 0 0 0 0 0 0 0 0 0 0 0 0 1 1 0 0 0 0 0 0 0 0 0 0 0 0 0 1 1 0 0 0 0 0 0 0 0 0 0 0 0 0 1 1 0 0 0 0 0 0 0 0 0 0 0  |
 ├─────────────┼─────────────┼──────────────────────────────────────────────────────────────────────────────────────────────────────────────────────────────────┤
 | 52          | 53          | 0 0 0 0 0 0 0 0 0 0 0 0 0 0 0 0 0 0 0 0 0 0 0 0 0 0 0 0 0 0 0 0 0 0 0 0 0 0 0 0 0 0 0 0 0 0 0 0 0 0 0 0 1 1 1 1 1 1 1 1 1 1 1 1  |
 ├─────────────┼─────────────┼──────────────────────────────────────────────────────────────────────────────────────────────────────────────────────────────────┤
 | 52          | 37          | 0 0 0 0 0 0 0 0 0 0 0 0 0 0 0 0 0 0 0 0 0 0 0 0 0 0 0 0 0 0 0 0 0 0 0 0 0 1 1 0 0 0 0 0 0 0 0 0 0 0 0 0 1 1 0 0 0 0 0 0 0 0 0 0  |
 ├─────────────┼─────────────┼──────────────────────────────────────────────────────────────────────────────────────────────────────────────────────────────────┤
 | 52          | 51          | 0 0 0 0 0 0 0 0 0 0 0 0 0 0 0 0 0 0 0 0 0 0 0 0 0 0 0 0 0 0 0 0 0 0 0 0 0 1 0 0 0 0 0 0 0 0 0 0 0 0 0 1 1 1 0 0 0 0 0 0 0 0 0 0  |
 ├─────────────┼─────────────┼──────────────────────────────────────────────────────────────────────────────────────────────────────────────────────────────────┤
 | 52          | 36          | 0 0 0 0 0 0 0 0 0 0 0 0 0 0 0 0 0 0 0 0 0 0 0 0 0 0 0 0 0 0 0 0 0 0 0 0 1 1 0 0 0 0 0 0 0 0 0 0 0 0 0 1 1 0 0 0 0 0 0 0 0 0 0 0  |
 ├─────────────┼─────────────┼──────────────────────────────────────────────────────────────────────────────────────────────────────────────────────────────────┤
 | 53          | 54          | 0 0 0 0 0 0 0 0 0 0 0 0 0 0 0 0 0 0 0 0 0 0 0 0 0 0 0 0 0 0 0 0 0 0 0 0 0 0 0 0 0 0 0 0 0 0 0 0 0 0 0 0 0 1 1 0 0 0 0 0 0 0 0 0  |
 ├─────────────┼─────────────┼──────────────────────────────────────────────────────────────────────────────────────────────────────────────────────────────────┤
 | 53          | 38          | 0 0 0 0 0 0 0 0 0 0 0 0 0 0 0 0 0 0 0 0 0 0 0 0 0 0 0 0 0 0 0 0 0 0 0 0 0 0 1 1 0 0 0 0 0 0 0 0 0 0 0 0 0 1 1 0 0 0 0 0 0 0 0 0  |
 ├─────────────┼─────────────┼──────────────────────────────────────────────────────────────────────────────────────────────────────────────────────────────────┤
 | 53          | 23          | 0 0 0 0 0 0 0 0 0 0 0 0 0 0 0 0 0 0 0 0 0 0 0 1 1 0 0 0 0 0 0 0 0 0 0 0 0 0 1 1 0 0 0 0 0 0 0 0 0 0 0 0 0 1 1 0 0 0 0 0 0 0 0 0  |
 ├─────────────┼─────────────┼──────────────────────────────────────────────────────────────────────────────────────────────────────────────────────────────────┤
 | 53          | 52          | 0 0 0 0 0 0 0 0 0 0 0 0 0 0 0 0 0 0 0 0 0 0 0 0 0 0 0 0 0 0 0 0 0 0 0 0 0 0 1 0 0 0 0 0 0 0 0 0 0 0 0 0 1 1 1 0 0 0 0 0 0 0 0 0  |
 ├─────────────┼─────────────┼──────────────────────────────────────────────────────────────────────────────────────────────────────────────────────────────────┤
 | 54          | 39          | 0 0 0 0 0 0 0 0 0 0 0 0 0 0 0 0 0 0 0 0 0 0 0 0 0 0 0 0 0 0 0 0 0 0 0 0 0 0 0 1 1 0 0 0 0 0 0 0 0 0 0 0 0 0 1 1 0 0 0 0 0 0 0 0  |
 ├─────────────┼─────────────┼──────────────────────────────────────────────────────────────────────────────────────────────────────────────────────────────────┤
 | 54          | 55          | 0 0 0 0 0 0 0 0 0 0 0 0 0 0 0 0 0 0 0 0 0 0 0 0 0 0 0 0 0 0 0 0 0 0 0 0 0 0 0 0 0 0 0 0 0 0 0 0 0 0 0 0 0 0 1 1 1 1 1 1 1 1 1 1  |
 ├─────────────┼─────────────┼──────────────────────────────────────────────────────────────────────────────────────────────────────────────────────────────────┤
 | 54          | 24          | 0 0 0 0 0 0 0 0 0 0 0 0 0 0 0 0 0 0 0 0 0 0 0 0 1 1 1 1 1 1 1 1 1 1 1 1 1 1 1 1 1 1 1 1 1 1 1 1 1 1 1 1 1 1 1 1 1 1 1 1 1 1 1 1  |
 ├─────────────┼─────────────┼──────────────────────────────────────────────────────────────────────────────────────────────────────────────────────────────────┤
 | 54          | 53          | 0 0 0 0 0 0 0 0 0 0 0 0 0 0 0 0 0 0 0 0 0 0 0 0 0 0 0 0 0 0 0 0 0 0 0 0 0 0 0 1 1 0 0 0 0 0 0 0 0 0 0 0 0 1 1 1 1 0 0 0 0 0 0 0  |
 ├─────────────┼─────────────┼──────────────────────────────────────────────────────────────────────────────────────────────────────────────────────────────────┤
 | 55          | 56          | 0 0 0 0 0 0 0 0 0 0 0 0 0 0 0 0 0 0 0 0 0 0 0 0 0 0 0 0 0 0 0 0 0 0 0 0 0 0 0 0 0 0 0 0 0 0 0 0 0 0 0 0 0 0 0 1 1 0 0 0 0 0 0 0  |
 ├─────────────┼─────────────┼──────────────────────────────────────────────────────────────────────────────────────────────────────────────────────────────────┤
 | 55          | 40          | 0 0 0 0 0 0 0 0 0 0 0 0 0 0 0 0 0 0 0 0 0 0 0 0 0 0 0 0 0 0 0 0 0 0 0 0 0 0 0 0 1 1 0 0 0 0 0 0 0 0 0 0 0 0 0 1 1 0 0 0 0 0 0 0  |
 ├─────────────┼─────────────┼──────────────────────────────────────────────────────────────────────────────────────────────────────────────────────────────────┤
 | 55          | 54          | 0 0 0 0 0 0 0 0 0 0 0 0 0 0 0 0 0 0 0 0 0 0 0 0 0 0 0 0 0 0 0 0 0 0 0 0 0 0 0 0 0 0 0 0 0 0 0 0 0 0 0 0 0 0 1 1 0 0 0 0 0 0 0 0  |
 ├─────────────┼─────────────┼──────────────────────────────────────────────────────────────────────────────────────────────────────────────────────────────────┤
 | 55          | 41          | 0 0 0 0 0 0 0 0 0 0 0 0 0 0 0 0 0 0 0 0 0 0 0 0 0 0 0 0 0 0 0 0 0 0 0 0 0 0 0 0 0 1 0 0 0 0 0 0 0 0 0 0 0 0 0 1 1 0 0 0 0 0 0 0  |
 ├─────────────┼─────────────┼──────────────────────────────────────────────────────────────────────────────────────────────────────────────────────────────────┤
 | 56          | 42          | 0 0 0 0 0 0 0 0 0 0 0 0 0 0 0 0 0 0 0 0 0 0 0 0 0 0 0 0 0 0 0 0 0 0 0 0 0 0 0 0 0 0 1 0 0 0 0 0 0 0 0 0 0 0 0 0 1 1 1 0 0 0 0 0  |
 ├─────────────┼─────────────┼──────────────────────────────────────────────────────────────────────────────────────────────────────────────────────────────────┤
 | 56          | 57          | 0 0 0 0 0 0 0 0 0 0 0 0 0 0 0 0 0 0 0 0 0 0 0 0 0 0 0 0 0 0 0 0 0 0 0 0 0 0 0 0 0 0 0 0 0 0 0 0 0 0 0 0 0 0 0 0 1 1 0 0 0 0 0 0  |
 ├─────────────┼─────────────┼──────────────────────────────────────────────────────────────────────────────────────────────────────────────────────────────────┤
 | 56          | 41          | 0 0 0 0 0 0 0 0 0 0 0 0 0 0 0 0 0 0 0 0 0 0 0 0 0 0 0 0 0 0 0 0 0 0 0 0 0 0 0 0 0 1 1 0 0 0 0 0 0 0 0 0 0 0 0 0 1 1 0 0 0 0 0 0  |
 ├─────────────┼─────────────┼──────────────────────────────────────────────────────────────────────────────────────────────────────────────────────────────────┤
 | 56          | 55          | 0 0 0 0 0 0 0 0 0 0 0 0 0 0 0 0 0 0 0 0 0 0 0 0 0 0 0 0 0 0 0 0 0 0 0 0 0 0 0 0 0 1 0 0 0 0 0 0 0 0 0 0 0 0 0 1 1 1 0 0 0 0 0 0  |
 ├─────────────┼─────────────┼──────────────────────────────────────────────────────────────────────────────────────────────────────────────────────────────────┤
 | 57          | 58          | 0 0 0 0 0 0 0 0 0 0 0 0 0 0 0 0 0 0 0 0 0 0 0 0 0 0 0 0 0 0 0 0 0 0 0 0 0 0 0 0 0 0 0 0 0 0 0 0 0 0 0 0 0 0 0 0 0 1 1 0 0 0 0 0  |
 ├─────────────┼─────────────┼──────────────────────────────────────────────────────────────────────────────────────────────────────────────────────────────────┤
 | 57          | 42          | 0 0 0 0 0 0 0 0 0 0 0 0 0 0 0 0 0 0 0 0 0 0 0 0 0 0 0 0 0 0 0 0 0 0 0 0 0 0 0 0 0 0 1 1 0 0 0 0 0 0 0 0 0 0 0 0 0 1 1 0 0 0 0 0  |
 ├─────────────┼─────────────┼──────────────────────────────────────────────────────────────────────────────────────────────────────────────────────────────────┤
 | 57          | 56          | 0 0 0 0 0 0 0 0 0 0 0 0 0 0 0 0 0 0 0 0 0 0 0 0 0 0 0 0 0 0 0 0 0 0 0 0 0 0 0 0 0 0 1 0 0 0 0 0 0 0 0 0 0 0 0 0 1 1 1 0 0 0 0 0  |
 ├─────────────┼─────────────┼──────────────────────────────────────────────────────────────────────────────────────────────────────────────────────────────────┤
 | 57          | 27          | 0 0 0 0 0 0 0 0 0 0 0 0 0 0 0 0 0 0 0 0 0 0 0 0 0 0 0 1 0 0 0 0 0 0 0 0 0 0 0 0 0 0 1 0 0 0 0 0 0 0 0 0 0 0 0 0 0 1 0 0 0 0 0 0  |
 ├─────────────┼─────────────┼──────────────────────────────────────────────────────────────────────────────────────────────────────────────────────────────────┤
 | 58          | 43          | 0 0 0 0 0 0 0 0 0 0 0 0 0 0 0 0 0 0 0 0 0 0 0 0 0 0 0 0 0 0 0 0 0 0 0 0 0 0 0 0 0 0 0 1 1 0 0 0 0 0 0 0 0 0 0 0 0 0 1 1 0 0 0 0  |
 ├─────────────┼─────────────┼──────────────────────────────────────────────────────────────────────────────────────────────────────────────────────────────────┤
 | 58          | 59          | 0 0 0 0 0 0 0 0 0 0 0 0 0 0 0 0 0 0 0 0 0 0 0 0 0 0 0 0 0 0 0 0 0 0 0 0 0 0 0 0 0 0 0 0 0 0 0 0 0 0 0 0 0 0 0 0 0 0 1 1 1 1 1 1  |
 ├─────────────┼─────────────┼──────────────────────────────────────────────────────────────────────────────────────────────────────────────────────────────────┤
 | 58          | 63          | 0 0 0 0 0 0 0 0 0 0 0 0 0 0 0 0 0 0 0 0 0 0 0 0 0 0 0 0 0 0 0 0 0 0 0 0 0 0 0 0 0 0 0 0 0 0 0 0 0 0 0 0 0 0 0 0 0 1 1 1 1 1 1 1  |
 ├─────────────┼─────────────┼──────────────────────────────────────────────────────────────────────────────────────────────────────────────────────────────────┤
 | 58          | 57          | 0 0 0 0 0 0 0 0 0 0 0 0 0 0 0 0 0 0 0 0 0 0 0 0 0 0 0 0 0 0 0 0 0 0 0 0 0 0 0 0 0 0 0 1 0 0 0 0 0 0 0 0 0 0 0 0 0 1 1 1 0 0 0 0  |
 ├─────────────┼─────────────┼──────────────────────────────────────────────────────────────────────────────────────────────────────────────────────────────────┤
 | 59          | 44          | 0 0 0 0 0 0 0 0 0 0 0 0 0 0 0 0 0 0 0 0 0 0 0 0 0 0 0 0 0 0 0 0 0 0 0 0 0 0 0 0 0 0 0 0 1 1 1 1 1 1 1 1 1 1 1 1 1 1 1 1 1 1 1 1  |
 ├─────────────┼─────────────┼──────────────────────────────────────────────────────────────────────────────────────────────────────────────────────────────────┤
 | 59          | 60          | 0 0 0 0 0 0 0 0 0 0 0 0 0 0 0 0 0 0 0 0 0 0 0 0 0 0 0 0 0 0 0 0 0 0 0 0 0 0 0 0 0 0 0 0 0 0 0 0 0 0 0 0 0 0 0 0 0 0 0 1 1 0 0 0  |
 ├─────────────┼─────────────┼──────────────────────────────────────────────────────────────────────────────────────────────────────────────────────────────────┤
 | 59          | 29          | 0 0 0 0 0 0 0 0 0 0 0 0 0 0 0 0 0 0 0 0 0 0 0 0 0 0 0 0 0 1 1 0 0 0 0 0 0 0 0 0 0 0 0 0 1 1 0 0 0 0 0 0 0 0 0 0 0 0 0 1 1 0 0 0  |
 ├─────────────┼─────────────┼──────────────────────────────────────────────────────────────────────────────────────────────────────────────────────────────────┤
 | 59          | 58          | 0 0 0 0 0 0 0 0 0 0 0 0 0 0 0 0 0 0 0 0 0 0 0 0 0 0 0 0 0 0 0 0 0 0 0 0 0 0 0 0 0 0 0 0 1 1 0 0 0 0 0 0 0 0 0 0 0 0 1 1 1 1 0 0  |
 ├─────────────┼─────────────┼──────────────────────────────────────────────────────────────────────────────────────────────────────────────────────────────────┤
 | 60          | 45          | 0 0 0 0 0 0 0 0 0 0 0 0 0 0 0 0 0 0 0 0 0 0 0 0 0 0 0 0 0 0 0 0 0 0 0 0 0 0 0 0 0 0 0 0 0 1 1 1 0 0 0 0 0 0 0 0 0 0 0 0 1 1 1 0  |
 ├─────────────┼─────────────┼──────────────────────────────────────────────────────────────────────────────────────────────────────────────────────────────────┤
 | 60          | 61          | 0 0 0 0 0 0 0 0 0 0 0 0 0 0 0 0 0 0 0 0 0 0 0 0 0 0 0 0 0 0 0 0 0 0 0 0 0 0 0 0 0 0 0 0 0 0 0 0 0 0 0 0 0 0 0 0 0 0 0 0 1 1 0 0  |
 ├─────────────┼─────────────┼──────────────────────────────────────────────────────────────────────────────────────────────────────────────────────────────────┤
 | 60          | 30          | 0 0 0 0 0 0 0 0 0 0 0 0 0 0 0 0 0 0 0 0 0 0 0 0 0 0 0 0 0 0 1 0 0 0 0 0 0 0 0 0 0 0 0 0 0 1 0 0 0 0 0 0 0 0 0 0 0 0 0 0 1 0 0 0  |
 ├─────────────┼─────────────┼──────────────────────────────────────────────────────────────────────────────────────────────────────────────────────────────────┤
 | 60          | 59          | 0 0 0 0 0 0 0 0 0 0 0 0 0 0 0 0 0 0 0 0 0 0 0 0 0 0 0 0 0 0 0 0 0 0 0 0 0 0 0 0 0 0 0 0 1 1 0 0 0 0 0 0 0 0 0 0 0 0 0 1 1 0 0 0  |
 ├─────────────┼─────────────┼──────────────────────────────────────────────────────────────────────────────────────────────────────────────────────────────────┤
 | 61          | 46          | 0 0 0 0 0 0 0 0 0 0 0 0 0 0 0 0 0 0 0 0 0 0 0 0 0 0 0 0 0 0 0 0 0 0 0 0 0 0 0 0 0 0 0 0 0 0 1 0 0 0 0 0 0 0 0 0 0 0 0 0 0 1 1 0  |
 ├─────────────┼─────────────┼──────────────────────────────────────────────────────────────────────────────────────────────────────────────────────────────────┤
 | 61          | 62          | 0 0 0 0 0 0 0 0 0 0 0 0 0 0 0 0 0 0 0 0 0 0 0 0 0 0 0 0 0 0 0 0 0 0 0 0 0 0 0 0 0 0 0 0 0 0 0 0 0 0 0 0 0 0 0 0 0 0 0 0 0 1 1 0  |
 ├─────────────┼─────────────┼──────────────────────────────────────────────────────────────────────────────────────────────────────────────────────────────────┤
 | 61          | 60          | 0 0 0 0 0 0 0 0 0 0 0 0 0 0 0 0 0 0 0 0 0 0 0 0 0 0 0 0 0 0 0 0 0 0 0 0 0 0 0 0 0 0 0 0 0 0 1 1 0 0 0 0 0 0 0 0 0 0 0 0 1 1 1 1  |
 ├─────────────┼─────────────┼──────────────────────────────────────────────────────────────────────────────────────────────────────────────────────────────────┤
 | 61          | 31          | 0 0 0 0 0 0 0 0 0 0 0 0 0 0 0 0 0 0 0 0 0 0 0 0 0 0 0 0 0 0 0 1 1 1 1 1 1 1 1 1 1 1 1 1 1 1 1 1 1 1 1 1 1 1 1 1 1 1 1 1 1 1 1 1  |
 ├─────────────┼─────────────┼──────────────────────────────────────────────────────────────────────────────────────────────────────────────────────────────────┤
 | 62          | 63          | 0 0 0 0 0 0 0 0 0 0 0 0 0 0 0 0 0 0 0 0 0 0 0 0 0 0 0 0 0 0 0 0 0 0 0 0 0 0 0 0 0 0 0 0 0 0 0 0 0 0 0 0 0 0 0 0 0 0 0 0 0 0 1 1  |
 ├─────────────┼─────────────┼──────────────────────────────────────────────────────────────────────────────────────────────────────────────────────────────────┤
 | 62          | 47          | 0 0 0 0 0 0 0 0 0 0 0 0 0 0 0 0 0 0 0 0 0 0 0 0 0 0 0 0 0 0 0 0 0 0 0 0 0 0 0 0 0 0 0 0 0 0 0 1 1 0 0 0 0 0 0 0 0 0 0 0 0 0 1 1  |
 ├─────────────┼─────────────┼──────────────────────────────────────────────────────────────────────────────────────────────────────────────────────────────────┤
 | 62          | 61          | 0 0 0 0 0 0 0 0 0 0 0 0 0 0 0 0 0 0 0 0 0 0 0 0 0 0 0 0 0 0 0 0 0 0 0 0 0 0 0 0 0 0 0 0 0 0 0 1 0 0 0 0 0 0 0 0 0 0 0 0 0 1 1 0  |
 ├─────────────┼─────────────┼──────────────────────────────────────────────────────────────────────────────────────────────────────────────────────────────────┤
 | 62          | 48          | 0 0 0 0 0 0 0 0 0 0 0 0 0 0 0 0 0 0 0 0 0 0 0 0 0 0 0 0 0 0 0 0 0 0 0 0 0 0 0 0 0 0 0 0 0 0 0 0 1 0 0 0 0 0 0 0 0 0 0 0 0 0 1 1  |
 ├─────────────┼─────────────┼──────────────────────────────────────────────────────────────────────────────────────────────────────────────────────────────────┤
 | 63          | 48          | 0 0 0 0 0 0 0 0 0 0 0 0 0 0 0 0 0 0 0 0 0 0 0 0 0 0 0 0 0 0 0 0 0 0 0 0 0 0 0 0 0 0 0 0 0 0 0 0 1 0 0 0 0 0 0 0 0 0 0 0 0 0 0 1  |
 ├─────────────┼─────────────┼──────────────────────────────────────────────────────────────────────────────────────────────────────────────────────────────────┤
 | 63          | 33          | 0 0 0 0 0 0 0 0 0 0 0 0 0 0 0 0 0 0 0 0 0 0 0 0 0 0 0 0 0 0 0 0 0 1 1 0 0 0 0 0 0 0 0 0 0 0 0 0 1 1 1 0 0 0 0 0 0 0 0 0 0 0 0 1  |
 ├─────────────┼─────────────┼──────────────────────────────────────────────────────────────────────────────────────────────────────────────────────────────────┤
 | 63          | 62          | 0 0 0 0 0 0 0 0 0 0 0 0 0 0 0 0 0 0 0 0 0 0 0 0 0 0 0 0 0 0 0 0 0 0 0 0 0 0 0 0 0 0 0 0 0 0 0 0 1 1 1 1 1 1 1 1 1 1 1 1 1 1 1 1  |
 ├─────────────┼─────────────┼──────────────────────────────────────────────────────────────────────────────────────────────────────────────────────────────────┤
 | 63          | 0           | 1 1 1 1 1 1 1 1 1 1 1 1 1 1 1 1 1 1 1 1 1 1 1 1 1 1 1 1 1 1 1 1 1 1 1 1 1 0 0 0 0 0 0 0 0 0 0 0 0 0 0 0 0 0 0 0 0 0 0 0 0 0 0 1  |
 └─────────────┴─────────────┴──────────────────────────────────────────────────────────────────────────────────────────────────────────────────────────────────┘

PHT for page_size=16384 ->  ┌─────────┬────────┬─────────┐
 | Trigger | Second | Pattern |
 └─────────┴────────┴─────────┘

PHT for page_size=2097152 ->  ┌─────────────┬─────────────┬──────────────────────────────────────────────────────────────────────────────────────────────────────────────────────────────────┐
 | Trigger     | Second      | Pattern                                                                                                                          |
 ├─────────────┼─────────────┼──────────────────────────────────────────────────────────────────────────────────────────────────────────────────────────────────┤
 | 0           | 15          | 1 1 0 0 0 0 0 0 0 0 0 0 0 0 0 1 1 0 0 0 0 0 0 0 0 0 0 0 0 0 0 0 0 0 0 0 0 0 0 0 0 0 0 0 0 0 0 0 0 0 0 0 0 0 0 0 0 0 0 0 0 0 0 0  |
 ├─────────────┼─────────────┼──────────────────────────────────────────────────────────────────────────────────────────────────────────────────────────────────┤
 | 1           | 2           | 0 1 1 1 0 0 0 0 0 0 0 0 0 0 0 0 0 0 0 0 0 0 0 0 0 0 0 0 0 0 0 0 0 0 0 0 0 0 0 0 0 0 0 0 0 0 0 0 0 0 0 0 0 0 0 0 0 0 0 0 0 0 0 0  |
 ├─────────────┼─────────────┼──────────────────────────────────────────────────────────────────────────────────────────────────────────────────────────────────┤
 | 1           | 0           | 1 1 1 1 1 1 0 0 0 0 0 0 0 0 0 0 0 0 0 0 0 0 0 0 0 0 0 0 0 0 0 0 0 0 0 0 0 0 0 0 0 0 0 0 0 0 0 0 0 0 0 0 0 0 0 0 0 0 0 0 0 0 0 0  |
 ├─────────────┼─────────────┼──────────────────────────────────────────────────────────────────────────────────────────────────────────────────────────────────┤
 | 2           | 3           | 0 0 1 1 1 1 1 0 0 0 0 0 0 0 0 0 0 0 0 0 0 0 0 0 0 0 0 0 0 0 0 0 0 0 0 0 0 0 0 0 0 0 0 0 0 0 0 0 0 0 0 0 0 0 0 0 0 0 0 0 0 0 0 0  |
 ├─────────────┼─────────────┼──────────────────────────────────────────────────────────────────────────────────────────────────────────────────────────────────┤
 | 2           | 1           | 0 1 1 1 1 0 0 0 0 0 0 0 0 0 0 0 0 0 0 0 0 0 0 0 0 0 0 0 0 0 0 0 0 0 0 0 0 0 0 0 0 0 0 0 0 0 0 0 0 0 0 0 0 0 0 0 0 0 0 0 0 0 0 0  |
 ├─────────────┼─────────────┼──────────────────────────────────────────────────────────────────────────────────────────────────────────────────────────────────┤
 | 2           | 17          | 1 1 1 1 1 1 1 1 1 1 1 1 1 1 1 1 1 1 1 1 1 1 1 1 1 1 1 1 1 1 1 1 1 1 1 1 1 1 1 1 1 1 1 1 1 1 1 1 1 1 1 1 1 1 1 1 1 1 1 1 1 1 1 1  |
 ├─────────────┼─────────────┼──────────────────────────────────────────────────────────────────────────────────────────────────────────────────────────────────┤
 | 3           | 4           | 0 0 0 1 1 1 1 1 1 1 1 1 1 1 1 1 1 1 1 1 1 1 1 1 1 1 1 1 1 1 1 1 1 1 1 1 1 1 1 1 1 1 1 1 1 1 1 1 1 1 1 1 1 1 1 1 1 1 1 1 1 1 1 1  |
 ├─────────────┼─────────────┼──────────────────────────────────────────────────────────────────────────────────────────────────────────────────────────────────┤
 | 4           | 19          | 0 0 0 0 1 1 0 0 0 0 0 0 0 0 0 0 0 0 0 1 1 0 0 0 0 0 0 0 0 0 0 0 0 0 0 0 0 0 0 0 0 0 0 0 0 0 0 0 0 0 0 0 0 0 0 0 0 0 0 0 0 0 0 0  |
 ├─────────────┼─────────────┼──────────────────────────────────────────────────────────────────────────────────────────────────────────────────────────────────┤
 | 4           | 5           | 1 1 1 1 1 1 1 1 1 1 1 1 1 1 1 1 1 1 1 1 1 1 1 1 1 1 1 1 1 1 1 1 1 1 1 1 1 1 1 1 1 1 1 1 1 1 1 1 1 1 1 1 1 1 1 1 1 0 0 0 0 0 0 0  |
 ├─────────────┼─────────────┼──────────────────────────────────────────────────────────────────────────────────────────────────────────────────────────────────┤
 | 4           | 3           | 0 0 0 1 1 1 0 0 0 0 0 0 0 0 0 0 0 0 0 0 0 0 0 0 0 0 0 0 0 0 0 0 0 0 0 0 0 0 0 0 0 0 0 0 0 0 0 0 0 0 0 0 0 0 0 0 0 0 0 0 0 0 0 0  |
 ├─────────────┼─────────────┼──────────────────────────────────────────────────────────────────────────────────────────────────────────────────────────────────┤
 | 5           | 20          | 1 1 1 1 1 1 1 1 1 1 1 1 1 1 1 1 1 1 1 1 1 1 1 1 1 1 1 1 1 1 1 1 1 1 1 1 1 1 1 1 1 1 1 1 1 1 1 1 1 1 1 1 1 1 1 1 1 1 1 1 1 1 1 1  |
 ├─────────────┼─────────────┼──────────────────────────────────────────────────────────────────────────────────────────────────────────────────────────────────┤
 | 5           | 6           | 0 0 0 0 0 1 1 0 0 0 0 0 0 0 0 0 0 0 0 0 0 0 0 0 0 0 0 0 0 0 0 0 0 0 0 0 0 0 0 0 0 0 0 0 0 0 0 0 0 0 0 0 0 0 0 0 0 0 0 0 0 0 0 0  |
 ├─────────────┼─────────────┼──────────────────────────────────────────────────────────────────────────────────────────────────────────────────────────────────┤
 | 5           | 4           | 0 0 0 0 1 1 1 1 0 0 0 0 0 0 0 0 0 0 0 0 0 0 0 0 0 0 0 0 0 0 0 0 0 0 0 0 0 0 0 0 0 0 0 0 0 0 0 0 0 0 0 0 0 0 0 0 0 0 0 0 0 0 0 0  |
 ├─────────────┼─────────────┼──────────────────────────────────────────────────────────────────────────────────────────────────────────────────────────────────┤
 | 6           | 7           | 0 0 0 0 0 0 1 1 0 0 0 0 0 0 0 0 0 0 0 0 0 0 0 0 0 0 0 0 0 0 0 0 0 0 0 0 0 0 0 0 0 0 0 0 0 0 0 0 0 0 0 0 0 0 0 0 0 0 0 0 0 0 0 0  |
 ├─────────────┼─────────────┼──────────────────────────────────────────────────────────────────────────────────────────────────────────────────────────────────┤
 | 6           | 21          | 0 0 0 0 0 0 1 1 1 0 0 0 0 0 0 0 0 0 0 0 0 1 1 1 0 0 0 0 0 0 0 0 0 0 0 0 0 0 0 0 0 0 0 0 0 0 0 0 0 0 0 0 0 0 0 0 0 0 0 0 0 0 0 0  |
 ├─────────────┼─────────────┼──────────────────────────────────────────────────────────────────────────────────────────────────────────────────────────────────┤
 | 6           | 36          | 0 0 0 0 0 0 1 1 1 1 1 1 1 1 1 1 1 1 1 1 1 1 1 1 1 1 1 1 1 1 1 1 1 1 1 1 1 1 1 1 1 1 1 1 1 1 1 1 1 1 1 1 1 1 1 1 1 1 1 1 1 1 1 1  |
 ├─────────────┼─────────────┼──────────────────────────────────────────────────────────────────────────────────────────────────────────────────────────────────┤
 | 6           | 5           | 1 1 1 1 1 1 1 1 1 1 1 1 1 1 1 1 1 1 1 1 1 1 1 1 1 1 1 1 1 1 1 1 1 1 1 1 1 1 1 1 1 1 1 1 1 1 1 1 1 1 1 1 1 1 1 1 1 1 1 1 1 1 1 1  |
 ├─────────────┼─────────────┼──────────────────────────────────────────────────────────────────────────────────────────────────────────────────────────────────┤
 | 7           | 8           | 0 0 0 0 0 0 0 1 1 0 0 0 0 0 0 0 0 0 0 0 0 0 0 0 0 0 0 0 0 0 0 0 0 0 0 0 0 0 0 0 0 0 0 0 0 0 0 0 0 0 0 0 0 0 0 0 0 0 0 0 0 0 0 0  |
 ├─────────────┼─────────────┼──────────────────────────────────────────────────────────────────────────────────────────────────────────────────────────────────┤
 | 8           | 9           | 0 0 0 0 0 0 0 0 1 1 1 0 0 0 0 0 0 0 0 0 0 0 0 0 0 0 0 0 0 0 0 0 0 0 0 0 0 0 0 0 0 0 0 0 0 0 0 0 0 0 0 0 0 0 0 0 0 0 0 0 0 0 0 0  |
 ├─────────────┼─────────────┼──────────────────────────────────────────────────────────────────────────────────────────────────────────────────────────────────┤
 | 8           | 23          | 0 0 0 0 0 0 0 0 1 1 1 0 0 0 0 0 0 0 0 0 0 0 0 1 1 1 0 0 0 0 0 0 0 0 0 0 0 0 0 0 0 0 0 0 0 0 0 0 0 0 0 0 0 0 0 0 0 0 0 0 0 0 0 0  |
 ├─────────────┼─────────────┼──────────────────────────────────────────────────────────────────────────────────────────────────────────────────────────────────┤
 | 9           | 10          | 0 0 0 0 0 0 0 0 0 1 1 0 0 0 0 0 0 0 0 0 0 0 0 0 0 0 0 0 0 0 0 0 0 0 0 0 0 0 0 0 0 0 0 0 0 0 0 0 0 0 0 0 0 0 0 0 0 0 0 0 0 0 0 0  |
 ├─────────────┼─────────────┼──────────────────────────────────────────────────────────────────────────────────────────────────────────────────────────────────┤
 | 10          | 11          | 0 0 0 0 0 0 0 0 0 0 1 1 0 0 0 0 0 0 0 0 0 0 0 0 0 0 0 0 0 0 0 0 0 0 0 0 0 0 0 0 0 0 0 0 0 0 0 0 0 0 0 0 0 0 0 0 0 0 0 0 0 0 0 0  |
 ├─────────────┼─────────────┼──────────────────────────────────────────────────────────────────────────────────────────────────────────────────────────────────┤
 | 10          | 9           | 0 0 0 0 0 0 0 0 0 1 1 0 0 0 0 0 0 0 0 0 0 0 0 0 0 0 0 0 0 0 0 0 0 0 0 0 0 0 0 0 0 0 0 0 0 0 0 0 0 0 0 0 0 0 0 0 0 0 0 0 0 0 0 0  |
 ├─────────────┼─────────────┼──────────────────────────────────────────────────────────────────────────────────────────────────────────────────────────────────┤
 | 10          | 25          | 0 0 0 0 0 0 0 0 0 0 1 1 1 0 0 0 0 0 0 0 0 0 0 0 0 1 1 1 0 0 0 0 0 0 0 0 0 0 0 0 0 0 0 0 0 0 0 0 0 0 0 0 0 0 0 0 0 0 0 0 0 0 0 0  |
 ├─────────────┼─────────────┼──────────────────────────────────────────────────────────────────────────────────────────────────────────────────────────────────┤
 | 11          | 26          | 1 1 0 0 0 0 0 0 0 0 0 1 1 1 1 1 1 0 0 0 0 0 0 0 0 0 1 1 1 1 1 1 0 0 0 0 0 0 0 0 0 0 0 0 0 0 0 0 0 0 0 0 0 0 0 0 0 0 0 0 0 0 0 0  |
 ├─────────────┼─────────────┼──────────────────────────────────────────────────────────────────────────────────────────────────────────────────────────────────┤
 | 11          | 12          | 1 1 1 1 1 1 1 1 1 1 1 1 1 1 1 1 1 1 1 1 1 1 1 1 1 1 1 1 1 1 1 1 1 1 1 1 1 1 1 1 1 1 1 1 1 1 1 1 1 1 1 1 1 1 1 1 1 1 1 1 1 1 1 1  |
 ├─────────────┼─────────────┼──────────────────────────────────────────────────────────────────────────────────────────────────────────────────────────────────┤
 | 12          | 13          | 1 1 1 1 1 1 1 1 1 1 1 1 1 1 1 1 1 1 1 1 1 1 1 1 1 1 1 1 1 1 1 1 1 1 1 1 1 1 1 1 1 1 1 1 1 1 1 1 1 1 1 1 1 1 1 1 1 1 1 1 1 1 1 1  |
 ├─────────────┼─────────────┼──────────────────────────────────────────────────────────────────────────────────────────────────────────────────────────────────┤
 | 12          | 27          | 1 1 1 1 1 1 1 1 1 1 1 1 1 1 1 1 1 1 1 1 1 1 1 1 1 1 1 1 1 1 1 1 1 1 1 1 1 1 1 1 1 1 1 1 1 1 1 1 1 1 1 1 1 1 1 1 1 1 1 1 1 1 1 1  |
 ├─────────────┼─────────────┼──────────────────────────────────────────────────────────────────────────────────────────────────────────────────────────────────┤
 | 13          | 28          | 0 0 0 0 0 0 0 0 0 0 0 0 0 1 1 0 0 0 0 0 0 0 0 0 0 0 0 0 1 1 0 0 0 0 0 0 0 0 0 0 0 0 0 0 0 0 0 0 0 0 0 0 0 0 0 0 0 0 0 0 0 0 0 0  |
 ├─────────────┼─────────────┼──────────────────────────────────────────────────────────────────────────────────────────────────────────────────────────────────┤
 | 13          | 14          | 0 0 0 0 0 0 0 0 0 0 0 0 0 1 1 1 0 0 0 0 0 0 0 0 0 0 0 0 0 0 0 0 0 0 0 0 0 0 0 0 0 0 0 0 0 0 0 0 0 0 0 0 0 0 0 0 0 0 0 0 0 0 0 0  |
 ├─────────────┼─────────────┼──────────────────────────────────────────────────────────────────────────────────────────────────────────────────────────────────┤
 | 14          | 29          | 1 1 1 1 1 1 1 1 1 1 1 1 1 1 1 1 1 1 1 1 1 1 1 1 1 1 1 1 1 1 1 1 1 1 1 1 1 1 1 1 1 1 1 1 1 1 1 1 1 1 1 1 1 1 1 1 1 1 1 1 1 1 1 1  |
 ├─────────────┼─────────────┼──────────────────────────────────────────────────────────────────────────────────────────────────────────────────────────────────┤
 | 14          | 15          | 0 0 0 0 0 0 0 0 0 0 0 0 0 0 1 1 1 1 1 0 0 0 0 0 0 0 0 0 0 0 0 0 0 0 0 0 0 0 0 0 0 0 0 0 0 0 0 0 0 0 0 0 0 0 0 0 0 0 0 0 0 0 0 0  |
 ├─────────────┼─────────────┼──────────────────────────────────────────────────────────────────────────────────────────────────────────────────────────────────┤
 | 14          | 13          | 0 0 0 0 0 0 0 0 0 0 0 0 0 1 1 0 0 0 0 0 0 0 0 0 0 0 0 0 0 0 0 0 0 0 0 0 0 0 0 0 0 0 0 0 0 0 0 0 0 0 0 0 0 0 0 0 0 0 0 0 0 0 0 0  |
 ├─────────────┼─────────────┼──────────────────────────────────────────────────────────────────────────────────────────────────────────────────────────────────┤
 | 15          | 16          | 0 0 0 0 0 0 0 0 0 0 0 0 0 0 0 1 1 1 0 0 0 0 0 0 0 0 0 0 0 0 0 0 0 0 0 0 0 0 0 0 0 0 0 0 0 0 0 0 0 0 0 0 0 0 0 0 0 0 0 0 0 0 0 0  |
 ├─────────────┼─────────────┼──────────────────────────────────────────────────────────────────────────────────────────────────────────────────────────────────┤
 | 15          | 30          | 1 0 0 0 0 0 0 0 0 0 0 0 0 0 0 1 0 0 0 0 0 0 0 0 0 0 0 0 0 0 1 0 0 0 0 0 0 0 0 0 0 0 0 0 0 0 0 0 0 0 0 0 0 0 0 0 0 0 0 0 0 0 0 0  |
 ├─────────────┼─────────────┼──────────────────────────────────────────────────────────────────────────────────────────────────────────────────────────────────┤
 | 16          | 17          | 0 0 0 0 0 0 0 0 0 0 0 0 0 0 0 0 1 1 1 1 1 1 1 1 1 0 0 0 0 0 0 0 0 0 0 0 0 0 0 0 0 0 0 0 0 0 0 0 0 0 0 0 0 0 0 0 0 0 0 0 0 0 0 0  |
 ├─────────────┼─────────────┼──────────────────────────────────────────────────────────────────────────────────────────────────────────────────────────────────┤
 | 17          | 18          | 0 0 0 0 0 0 0 0 0 0 0 0 0 0 0 0 0 1 1 1 0 0 0 0 0 0 0 0 0 0 0 0 0 0 0 0 0 0 0 0 0 0 0 0 0 0 0 0 0 0 0 0 0 0 0 0 0 0 0 0 0 0 0 0  |
 ├─────────────┼─────────────┼──────────────────────────────────────────────────────────────────────────────────────────────────────────────────────────────────┤
 | 17          | 32          | 0 0 1 1 1 0 0 0 0 0 0 0 0 0 0 0 0 1 1 1 0 0 0 0 0 0 0 0 0 0 0 0 1 1 1 0 0 0 0 0 0 0 0 0 0 0 0 0 0 0 0 0 0 0 0 0 0 0 0 0 0 0 0 0  |
 ├─────────────┼─────────────┼──────────────────────────────────────────────────────────────────────────────────────────────────────────────────────────────────┤
 | 18          | 19          | 0 0 0 0 0 0 0 0 0 0 0 0 0 0 0 0 0 0 1 1 1 1 0 0 0 0 0 0 0 0 0 0 0 0 0 0 0 0 0 0 0 0 0 0 0 0 0 0 0 0 0 0 0 0 0 0 0 0 0 0 0 0 0 0  |
 ├─────────────┼─────────────┼──────────────────────────────────────────────────────────────────────────────────────────────────────────────────────────────────┤
 | 19          | 20          | 0 0 0 0 0 0 0 0 0 0 0 0 0 0 0 0 0 0 0 1 1 1 0 0 0 0 0 0 0 0 0 0 0 0 0 0 0 0 0 0 0 0 0 0 0 0 0 0 0 0 0 0 0 0 0 0 0 0 0 0 0 0 0 0  |
 ├─────────────┼─────────────┼──────────────────────────────────────────────────────────────────────────────────────────────────────────────────────────────────┤
 | 19          | 34          | 0 0 0 0 1 1 1 0 0 0 0 0 0 0 0 0 0 0 0 1 1 1 0 0 0 0 0 0 0 0 0 0 0 0 1 1 1 0 0 0 0 0 0 0 0 0 0 0 0 0 0 0 0 0 0 0 0 0 0 0 0 0 0 0  |
 ├─────────────┼─────────────┼──────────────────────────────────────────────────────────────────────────────────────────────────────────────────────────────────┤
 | 20          | 21          | 0 0 0 0 0 0 0 0 0 0 0 0 0 0 0 0 0 0 0 0 1 1 1 0 0 0 0 0 0 0 0 0 0 0 0 0 0 0 0 0 0 0 0 0 0 0 0 0 0 0 0 0 0 0 0 0 0 0 0 0 0 0 0 0  |
 ├─────────────┼─────────────┼──────────────────────────────────────────────────────────────────────────────────────────────────────────────────────────────────┤
 | 21          | 36          | 0 0 0 0 0 0 0 0 0 0 0 0 0 0 0 0 0 0 0 0 0 1 1 1 1 1 1 1 0 0 0 0 0 0 0 0 1 1 1 1 1 1 1 0 0 0 0 0 0 0 0 1 1 1 1 1 1 1 0 0 0 0 0 0  |
 ├─────────────┼─────────────┼──────────────────────────────────────────────────────────────────────────────────────────────────────────────────────────────────┤
 | 21          | 20          | 0 0 0 0 0 0 0 0 0 0 0 0 0 0 0 0 0 0 0 0 1 1 1 1 1 1 1 1 1 1 1 1 1 1 1 1 1 1 1 1 1 1 1 1 1 1 1 1 1 1 1 1 1 1 1 1 1 1 1 1 1 1 1 1  |
 ├─────────────┼─────────────┼──────────────────────────────────────────────────────────────────────────────────────────────────────────────────────────────────┤
 | 21          | 22          | 0 0 0 0 0 0 0 0 0 0 0 0 0 0 0 0 0 0 0 0 0 1 1 1 1 1 1 1 1 1 1 1 1 1 1 1 1 1 1 1 1 1 1 1 1 1 1 1 1 1 1 1 1 1 1 1 1 1 1 1 1 1 1 1  |
 ├─────────────┼─────────────┼──────────────────────────────────────────────────────────────────────────────────────────────────────────────────────────────────┤
 | 22          | 23          | 0 0 0 0 0 0 0 0 0 0 0 0 0 0 0 0 0 0 0 0 0 0 1 1 1 1 1 1 1 1 1 1 1 1 1 1 1 1 1 1 1 1 1 1 1 1 1 1 1 1 1 1 1 1 1 1 1 1 1 1 1 1 1 1  |
 ├─────────────┼─────────────┼──────────────────────────────────────────────────────────────────────────────────────────────────────────────────────────────────┤
 | 23          | 38          | 0 0 0 0 0 0 0 0 1 1 0 0 0 0 0 0 0 0 0 0 0 0 0 1 1 0 0 0 0 0 0 0 0 0 0 0 0 0 1 1 0 0 0 0 0 0 0 0 0 0 0 0 0 0 0 0 0 0 0 0 0 0 0 0  |
 ├─────────────┼─────────────┼──────────────────────────────────────────────────────────────────────────────────────────────────────────────────────────────────┤
 | 23          | 24          | 0 0 0 0 0 0 0 0 0 0 0 0 0 0 0 0 0 0 0 0 0 0 0 1 1 1 0 0 0 0 0 0 0 0 0 0 0 0 0 0 0 0 0 0 0 0 0 0 0 0 0 0 0 0 0 0 0 0 0 0 0 0 0 0  |
 ├─────────────┼─────────────┼──────────────────────────────────────────────────────────────────────────────────────────────────────────────────────────────────┤
 | 24          | 9           | 0 0 0 0 0 0 0 0 0 1 1 1 1 1 0 0 0 0 0 0 0 0 0 0 1 1 1 1 1 0 0 0 0 0 0 0 0 0 0 1 1 1 1 1 0 0 0 0 0 0 0 0 0 0 0 0 0 0 0 0 0 0 0 0  |
 ├─────────────┼─────────────┼──────────────────────────────────────────────────────────────────────────────────────────────────────────────────────────────────┤
 | 24          | 39          | 0 0 0 0 0 0 0 0 0 1 1 1 1 1 1 0 0 0 0 0 0 0 0 0 1 1 1 1 1 1 0 0 0 0 0 0 0 0 0 1 1 1 1 1 1 0 0 0 0 0 0 0 0 0 0 0 0 0 0 0 0 0 0 0  |
 ├─────────────┼─────────────┼──────────────────────────────────────────────────────────────────────────────────────────────────────────────────────────────────┤
 | 24          | 25          | 0 0 0 0 0 0 0 0 0 0 0 0 0 0 0 0 0 0 0 0 0 0 0 0 1 1 0 0 0 0 0 0 0 0 0 0 0 0 0 0 0 0 0 0 0 0 0 0 0 0 0 0 0 0 0 0 0 0 0 0 0 0 0 0  |
 ├─────────────┼─────────────┼──────────────────────────────────────────────────────────────────────────────────────────────────────────────────────────────────┤
 | 25          | 26          | 0 0 0 0 0 0 0 0 0 0 0 0 0 0 0 0 0 0 0 0 0 0 0 0 0 1 1 1 0 0 0 0 0 0 0 0 0 0 0 0 0 0 0 0 0 0 0 0 0 0 0 0 0 0 0 0 0 0 0 0 0 0 0 0  |
 ├─────────────┼─────────────┼──────────────────────────────────────────────────────────────────────────────────────────────────────────────────────────────────┤
 | 25          | 40          | 0 0 0 0 0 0 0 0 0 0 1 1 1 1 1 1 1 1 1 1 1 0 0 0 0 1 1 1 1 1 1 1 1 1 1 1 0 0 0 0 1 1 1 1 1 1 1 1 1 1 1 0 0 0 0 0 0 0 0 0 0 0 0 0  |
 ├─────────────┼─────────────┼──────────────────────────────────────────────────────────────────────────────────────────────────────────────────────────────────┤
 | 26          | 27          | 0 0 0 0 0 0 0 0 0 0 0 0 0 0 0 0 0 0 0 0 0 0 0 0 0 0 1 1 1 0 0 0 0 0 0 0 0 0 0 0 0 0 0 0 0 0 0 0 0 0 0 0 0 0 0 0 0 0 0 0 0 0 0 0  |
 ├─────────────┼─────────────┼──────────────────────────────────────────────────────────────────────────────────────────────────────────────────────────────────┤
 | 26          | 41          | 0 0 0 0 0 0 0 0 0 0 0 1 1 0 0 0 0 0 0 0 0 0 0 0 0 0 1 1 0 0 0 0 0 0 0 0 0 0 0 0 0 1 1 0 0 0 0 0 0 0 0 0 0 0 0 0 0 0 0 0 0 0 0 0  |
 ├─────────────┼─────────────┼──────────────────────────────────────────────────────────────────────────────────────────────────────────────────────────────────┤
 | 27          | 42          | 0 0 0 0 0 0 0 0 0 0 0 0 1 1 1 0 0 0 0 0 0 0 0 0 0 0 0 1 1 1 0 0 0 0 0 0 0 0 0 0 0 0 1 1 1 0 0 0 0 0 0 0 0 0 0 0 0 0 0 0 0 0 0 0  |
 ├─────────────┼─────────────┼──────────────────────────────────────────────────────────────────────────────────────────────────────────────────────────────────┤
 | 27          | 28          | 0 0 0 0 0 0 0 0 0 0 0 0 0 0 0 0 0 0 0 0 0 0 0 0 0 0 0 1 1 1 1 0 0 0 0 0 0 0 0 0 0 0 0 0 0 0 0 0 0 0 0 0 0 0 0 0 0 0 0 0 0 0 0 0  |
 ├─────────────┼─────────────┼──────────────────────────────────────────────────────────────────────────────────────────────────────────────────────────────────┤
 | 28          | 43          | 0 0 0 0 0 0 0 0 0 0 0 0 0 1 1 0 0 0 0 0 0 0 0 0 0 0 0 0 1 1 0 0 0 0 0 0 0 0 0 0 0 0 0 1 1 0 0 0 0 0 0 0 0 0 0 0 0 0 0 0 0 0 0 0  |
 ├─────────────┼─────────────┼──────────────────────────────────────────────────────────────────────────────────────────────────────────────────────────────────┤
 | 28          | 29          | 0 0 0 0 0 0 0 0 0 0 0 0 0 0 0 0 0 0 0 0 0 0 0 0 0 0 0 0 1 1 0 0 0 0 0 0 0 0 0 0 0 0 0 0 0 0 0 0 0 0 0 0 0 0 0 0 0 0 0 0 0 0 0 0  |
 ├─────────────┼─────────────┼──────────────────────────────────────────────────────────────────────────────────────────────────────────────────────────────────┤
 | 29          | 44          | 0 0 0 0 0 0 0 0 0 0 0 0 0 0 1 1 1 0 0 0 0 0 0 0 0 0 0 0 0 1 1 1 0 0 0 0 0 0 0 0 0 0 0 0 1 1 1 0 0 0 0 0 0 0 0 0 0 0 0 0 0 0 0 0  |
 ├─────────────┼─────────────┼──────────────────────────────────────────────────────────────────────────────────────────────────────────────────────────────────┤
 | 29          | 30          | 0 0 0 0 0 0 0 0 0 0 0 0 0 0 0 0 0 0 0 0 0 0 0 0 0 0 0 0 0 1 1 0 0 0 0 0 0 0 0 0 0 0 0 0 0 0 0 0 0 0 0 0 0 0 0 0 0 0 0 0 0 0 0 0  |
 ├─────────────┼─────────────┼──────────────────────────────────────────────────────────────────────────────────────────────────────────────────────────────────┤
 | 30          | 31          | 0 0 0 0 0 0 0 0 0 0 0 0 0 0 0 0 0 0 0 0 0 0 0 0 0 0 0 0 0 0 1 1 1 1 1 1 1 1 1 1 1 1 0 0 0 0 0 0 0 0 0 0 0 0 0 0 0 0 0 0 0 0 0 0  |
 ├─────────────┼─────────────┼──────────────────────────────────────────────────────────────────────────────────────────────────────────────────────────────────┤
 | 31          | 46          | 0 0 0 0 0 0 0 0 0 0 0 0 0 0 0 0 1 1 1 1 1 1 1 1 1 1 1 1 0 0 0 1 1 1 1 1 1 1 1 1 1 1 1 0 0 0 1 1 1 1 1 1 1 1 1 1 1 1 0 0 0 0 0 0  |
 ├─────────────┼─────────────┼──────────────────────────────────────────────────────────────────────────────────────────────────────────────────────────────────┤
 | 31          | 32          | 0 0 0 0 0 0 0 0 0 0 0 0 0 0 0 0 0 0 0 0 0 0 0 0 0 0 0 0 0 0 0 1 1 1 1 0 0 0 0 0 0 0 0 0 0 0 0 0 0 0 0 0 0 0 0 0 0 0 0 0 0 0 0 0  |
 ├─────────────┼─────────────┼──────────────────────────────────────────────────────────────────────────────────────────────────────────────────────────────────┤
 | 32          | 33          | 0 0 0 0 0 0 0 0 0 0 0 0 0 0 0 0 0 0 0 0 0 0 0 0 0 0 0 0 0 0 0 0 1 1 0 0 0 0 0 0 0 0 0 0 0 0 0 0 0 0 0 0 0 0 0 0 0 0 0 0 0 0 0 0  |
 ├─────────────┼─────────────┼──────────────────────────────────────────────────────────────────────────────────────────────────────────────────────────────────┤
 | 33          | 34          | 0 0 0 0 0 0 0 0 0 0 0 0 0 0 0 0 0 0 0 0 0 0 0 0 0 0 0 0 0 0 0 0 0 1 1 1 1 1 1 1 1 1 1 1 1 1 1 1 0 0 0 0 0 0 0 0 0 0 0 0 0 0 0 0  |
 ├─────────────┼─────────────┼──────────────────────────────────────────────────────────────────────────────────────────────────────────────────────────────────┤
 | 34          | 35          | 0 0 0 0 0 0 0 0 0 0 0 0 0 0 0 0 0 0 0 0 0 0 0 0 0 0 0 0 0 0 0 0 0 0 1 1 1 0 0 0 0 0 0 0 0 0 0 0 0 0 0 0 0 0 0 0 0 0 0 0 0 0 0 0  |
 ├─────────────┼─────────────┼──────────────────────────────────────────────────────────────────────────────────────────────────────────────────────────────────┤
 | 34          | 49          | 0 0 0 0 0 0 0 0 0 0 0 0 0 0 0 0 0 0 0 1 1 1 1 1 1 1 1 0 0 0 0 0 0 0 1 1 1 1 1 1 1 1 0 0 0 0 0 0 0 1 1 1 1 1 1 1 1 0 0 0 0 0 0 0  |
 ├─────────────┼─────────────┼──────────────────────────────────────────────────────────────────────────────────────────────────────────────────────────────────┤
 | 34          | 19          | 0 0 0 0 0 0 0 0 0 0 0 0 0 0 0 0 0 0 0 1 1 1 1 1 1 1 1 1 1 1 1 1 1 1 1 1 1 1 1 1 1 1 1 1 1 1 1 1 1 1 1 1 1 1 1 1 1 1 1 1 1 1 1 1  |
 ├─────────────┼─────────────┼──────────────────────────────────────────────────────────────────────────────────────────────────────────────────────────────────┤
 | 35          | 50          | 0 0 0 0 0 0 0 0 0 0 0 0 0 0 0 0 0 0 0 0 1 1 1 1 0 0 0 0 0 0 0 0 0 0 0 1 1 1 1 0 0 0 0 0 0 0 0 0 0 0 1 1 1 1 0 0 0 0 0 0 0 0 0 0  |
 ├─────────────┼─────────────┼──────────────────────────────────────────────────────────────────────────────────────────────────────────────────────────────────┤
 | 35          | 36          | 0 0 0 0 0 0 0 0 0 0 0 0 0 0 0 0 0 0 0 0 0 0 0 0 0 0 0 0 0 0 0 0 0 0 0 1 1 0 0 0 0 0 0 0 0 0 0 0 0 0 0 0 0 0 0 0 0 0 0 0 0 0 0 0  |
 ├─────────────┼─────────────┼──────────────────────────────────────────────────────────────────────────────────────────────────────────────────────────────────┤
 | 36          | 37          | 0 0 0 0 0 0 0 0 0 0 0 0 0 0 0 0 0 0 0 0 0 0 0 0 0 0 0 0 0 0 0 0 0 0 0 0 1 1 0 0 0 0 0 0 0 0 0 0 0 0 0 0 0 0 0 0 0 0 0 0 0 0 0 0  |
 ├─────────────┼─────────────┼──────────────────────────────────────────────────────────────────────────────────────────────────────────────────────────────────┤
 | 37          | 38          | 0 0 0 0 0 0 0 0 0 0 0 0 0 0 0 0 0 0 0 0 0 0 0 0 0 0 0 0 0 0 0 0 0 0 0 0 0 1 1 1 1 1 1 0 0 0 0 0 0 0 0 0 0 0 0 0 0 0 0 0 0 0 0 0  |
 ├─────────────┼─────────────┼──────────────────────────────────────────────────────────────────────────────────────────────────────────────────────────────────┤
 | 38          | 39          | 0 0 0 0 0 0 0 0 0 0 0 0 0 0 0 0 0 0 0 0 0 0 0 0 0 0 0 0 0 0 0 0 0 0 0 0 0 0 1 1 1 0 0 0 0 0 0 0 0 0 0 0 0 0 0 0 0 0 0 0 0 0 0 0  |
 ├─────────────┼─────────────┼──────────────────────────────────────────────────────────────────────────────────────────────────────────────────────────────────┤
 | 38          | 53          | 0 0 0 0 0 0 0 0 0 0 0 0 0 0 0 0 0 0 0 0 0 0 0 1 1 1 1 1 1 1 1 1 1 1 1 1 1 0 1 1 1 1 1 1 1 1 1 1 1 1 1 1 0 1 1 1 1 1 1 1 1 1 1 1  |
 ├─────────────┼─────────────┼──────────────────────────────────────────────────────────────────────────────────────────────────────────────────────────────────┤
 | 39          | 38          | 0 0 0 0 0 0 0 0 0 0 0 0 0 0 0 0 0 0 0 0 0 0 0 0 1 0 0 0 0 0 0 0 0 0 0 0 0 0 1 1 0 0 0 0 0 0 0 0 0 0 0 0 0 0 1 0 0 0 0 0 0 0 0 0  |
 ├─────────────┼─────────────┼──────────────────────────────────────────────────────────────────────────────────────────────────────────────────────────────────┤
 | 39          | 54          | 0 0 0 0 0 0 0 0 0 0 0 0 0 0 0 0 0 0 0 0 0 0 0 0 1 1 1 1 1 1 1 1 1 1 1 1 1 1 1 1 1 1 1 1 1 1 1 1 1 1 1 1 1 1 1 1 1 1 1 1 1 1 1 1  |
 ├─────────────┼─────────────┼──────────────────────────────────────────────────────────────────────────────────────────────────────────────────────────────────┤
 | 39          | 40          | 0 0 0 0 0 0 0 0 0 0 0 0 0 0 0 0 0 0 0 0 0 0 0 0 0 0 0 0 0 0 0 0 0 0 0 0 0 0 0 1 1 1 1 1 1 1 1 1 1 1 1 1 1 1 1 1 1 1 1 1 1 1 1 1  |
 ├─────────────┼─────────────┼──────────────────────────────────────────────────────────────────────────────────────────────────────────────────────────────────┤
 | 40          | 39          | 0 0 0 0 0 0 0 0 0 0 0 0 0 0 0 0 0 0 0 0 0 0 0 0 0 1 0 0 0 0 0 0 0 0 0 0 0 0 0 1 1 0 0 0 0 0 0 0 0 0 0 0 0 0 0 1 0 0 0 0 0 0 0 0  |
 ├─────────────┼─────────────┼──────────────────────────────────────────────────────────────────────────────────────────────────────────────────────────────────┤
 | 40          | 55          | 0 0 0 0 0 0 0 0 0 0 0 0 0 0 0 0 0 0 0 0 0 0 0 0 0 1 1 1 1 0 0 0 0 0 0 0 0 0 0 0 1 1 1 1 0 0 0 0 0 0 0 0 0 0 0 1 1 1 1 0 0 0 0 0  |
 ├─────────────┼─────────────┼──────────────────────────────────────────────────────────────────────────────────────────────────────────────────────────────────┤
 | 40          | 41          | 0 0 0 0 0 0 0 0 0 0 0 0 0 0 0 0 0 0 0 0 0 0 0 0 0 0 0 0 0 0 0 0 0 0 0 0 0 0 0 0 1 1 1 1 1 1 1 1 1 1 1 1 1 1 1 1 1 1 1 1 1 1 1 1  |
 ├─────────────┼─────────────┼──────────────────────────────────────────────────────────────────────────────────────────────────────────────────────────────────┤
 | 41          | 40          | 0 0 0 0 0 0 0 0 0 0 0 0 0 0 0 0 0 0 0 0 0 0 0 0 0 0 1 0 0 0 0 0 0 0 0 0 0 0 0 0 1 1 1 0 0 0 0 0 0 0 0 0 0 0 0 0 1 0 0 0 0 0 0 0  |
 ├─────────────┼─────────────┼──────────────────────────────────────────────────────────────────────────────────────────────────────────────────────────────────┤
 | 41          | 42          | 0 0 0 0 0 0 0 0 0 0 0 0 0 0 0 0 0 0 0 0 0 0 0 0 0 0 0 0 0 0 0 0 0 0 0 0 0 0 0 0 0 1 1 0 0 0 0 0 0 0 0 0 0 0 0 0 0 0 0 0 0 0 0 0  |
 ├─────────────┼─────────────┼──────────────────────────────────────────────────────────────────────────────────────────────────────────────────────────────────┤
 | 41          | 56          | 0 0 0 0 0 0 0 0 0 0 0 0 0 0 0 0 0 0 0 0 0 0 0 0 0 0 1 1 0 0 0 0 0 0 0 0 0 0 0 0 0 1 1 0 0 0 0 0 0 0 0 0 0 0 0 0 1 1 0 0 0 0 0 0  |
 ├─────────────┼─────────────┼──────────────────────────────────────────────────────────────────────────────────────────────────────────────────────────────────┤
 | 42          | 57          | 0 0 0 0 0 0 0 0 0 0 0 0 0 0 0 0 0 0 0 0 0 0 0 0 0 0 0 1 1 0 0 0 0 0 0 0 0 0 0 0 0 1 1 1 1 0 0 0 0 0 0 0 0 0 0 0 0 1 1 0 0 0 0 0  |
 ├─────────────┼─────────────┼──────────────────────────────────────────────────────────────────────────────────────────────────────────────────────────────────┤
 | 42          | 41          | 0 0 0 0 0 0 0 0 0 0 0 0 0 0 0 0 0 0 0 0 0 0 0 0 0 0 0 1 0 0 0 0 0 0 0 0 0 0 0 0 0 1 1 1 0 0 0 0 0 0 0 0 0 0 0 0 0 1 0 0 0 0 0 0  |
 ├─────────────┼─────────────┼──────────────────────────────────────────────────────────────────────────────────────────────────────────────────────────────────┤
 | 42          | 43          | 0 0 0 0 0 0 0 0 0 0 0 0 0 0 0 0 0 0 0 0 0 0 0 0 0 0 0 0 0 0 0 0 0 0 0 0 0 0 0 0 0 0 1 1 1 0 0 0 0 0 0 0 0 0 0 0 0 0 0 0 0 0 0 0  |
 ├─────────────┼─────────────┼──────────────────────────────────────────────────────────────────────────────────────────────────────────────────────────────────┤
 | 43          | 58          | 0 0 0 0 0 0 0 0 0 0 0 0 0 0 0 0 0 0 0 0 0 0 0 0 0 0 0 0 1 1 1 1 0 0 0 0 0 0 0 0 0 0 0 1 1 1 1 0 0 0 0 0 0 0 0 0 0 0 1 1 1 1 0 0  |
 ├─────────────┼─────────────┼──────────────────────────────────────────────────────────────────────────────────────────────────────────────────────────────────┤
 | 43          | 44          | 0 0 0 0 0 0 0 0 0 0 0 0 0 0 0 0 0 0 0 0 0 0 0 0 0 0 0 0 0 0 0 0 0 0 0 0 0 0 0 0 0 0 0 1 1 0 0 0 0 0 0 0 0 0 0 0 0 0 0 0 0 0 0 0  |
 ├─────────────┼─────────────┼──────────────────────────────────────────────────────────────────────────────────────────────────────────────────────────────────┤
 | 44          | 43          | 0 0 0 0 0 0 0 0 0 0 0 0 0 0 0 0 0 0 0 0 0 0 0 0 0 0 0 0 0 1 0 0 0 0 0 0 0 0 0 0 0 0 0 1 1 1 0 0 0 0 0 0 0 0 0 0 0 0 0 1 0 0 0 0  |
 ├─────────────┼─────────────┼──────────────────────────────────────────────────────────────────────────────────────────────────────────────────────────────────┤
 | 44          | 45          | 0 0 0 0 0 0 0 0 0 0 0 0 0 0 0 0 0 0 0 0 0 0 0 0 0 0 0 0 0 0 0 0 0 0 0 0 0 0 0 0 0 0 0 0 1 1 0 0 0 0 0 0 0 0 0 0 0 0 0 0 0 0 0 0  |
 ├─────────────┼─────────────┼──────────────────────────────────────────────────────────────────────────────────────────────────────────────────────────────────┤
 | 44          | 59          | 0 0 0 0 0 0 0 0 0 0 0 0 0 0 0 0 0 0 0 0 0 0 0 0 0 0 0 0 0 1 1 1 1 1 1 1 1 1 1 1 1 1 1 1 1 1 1 1 1 1 1 1 1 1 1 1 1 1 1 1 1 1 1 1  |
 ├─────────────┼─────────────┼──────────────────────────────────────────────────────────────────────────────────────────────────────────────────────────────────┤
 | 45          | 60          | 0 0 0 0 0 0 0 0 0 0 0 0 0 0 0 0 0 0 0 0 0 0 0 0 0 0 0 0 0 0 1 1 0 0 0 0 0 0 0 0 0 0 0 0 0 1 1 0 0 0 0 0 0 0 0 0 0 0 0 0 1 1 0 0  |
 ├─────────────┼─────────────┼──────────────────────────────────────────────────────────────────────────────────────────────────────────────────────────────────┤
 | 45          | 44          | 0 0 0 0 0 0 0 0 0 0 0 0 0 0 0 0 0 0 0 0 0 0 0 0 0 0 0 0 0 0 1 0 0 0 0 0 0 0 0 0 0 0 0 0 1 1 1 0 0 0 0 0 0 0 0 0 0 0 0 0 1 0 0 0  |
 ├─────────────┼─────────────┼──────────────────────────────────────────────────────────────────────────────────────────────────────────────────────────────────┤
 | 45          | 46          | 0 0 0 0 0 0 0 0 0 0 0 0 0 0 0 0 0 0 0 0 0 0 0 0 0 0 0 0 0 0 0 1 1 0 0 0 0 0 0 0 0 0 0 0 0 1 1 1 1 0 0 0 0 0 0 0 0 0 0 0 0 1 1 0  |
 ├─────────────┼─────────────┼──────────────────────────────────────────────────────────────────────────────────────────────────────────────────────────────────┤
 | 46          | 61          | 0 0 0 0 0 0 0 0 0 0 0 0 0 0 0 0 0 0 0 0 0 0 0 0 0 0 0 0 0 0 0 1 1 1 1 1 1 1 1 1 1 1 1 1 1 1 1 1 1 1 1 1 1 1 1 1 1 1 1 1 1 1 1 1  |
 ├─────────────┼─────────────┼──────────────────────────────────────────────────────────────────────────────────────────────────────────────────────────────────┤
 | 46          | 47          | 0 0 0 0 0 0 0 0 0 0 0 0 0 0 0 0 0 0 0 0 0 0 0 0 0 0 0 0 0 0 0 0 0 0 0 0 0 0 0 0 0 0 0 0 0 0 1 1 1 0 0 0 0 0 0 0 0 0 0 0 0 0 0 0  |
 ├─────────────┼─────────────┼──────────────────────────────────────────────────────────────────────────────────────────────────────────────────────────────────┤
 | 46          | 31          | 0 0 0 0 0 0 0 0 0 0 0 0 0 0 0 0 0 0 0 0 0 0 0 0 0 0 0 0 0 0 0 1 1 1 1 0 0 0 0 0 0 0 0 0 0 0 1 1 1 1 0 0 0 0 0 0 0 0 0 0 0 1 1 1  |
 ├─────────────┼─────────────┼──────────────────────────────────────────────────────────────────────────────────────────────────────────────────────────────────┤
 | 47          | 48          | 0 0 0 0 0 0 0 0 0 0 0 0 0 0 0 0 0 0 0 0 0 0 0 0 0 0 0 0 0 0 0 0 0 0 0 0 0 0 0 0 0 0 0 0 0 0 0 1 1 1 1 0 0 0 0 0 0 0 0 0 0 0 0 0  |
 ├─────────────┼─────────────┼──────────────────────────────────────────────────────────────────────────────────────────────────────────────────────────────────┤
 | 47          | 62          | 0 0 0 0 0 0 0 0 0 0 0 0 0 0 0 0 0 0 0 0 0 0 0 0 0 0 0 0 0 0 0 0 1 0 0 0 0 0 0 0 0 0 0 0 0 0 0 1 1 0 0 0 0 0 0 0 0 0 0 0 0 0 1 0  |
 ├─────────────┼─────────────┼──────────────────────────────────────────────────────────────────────────────────────────────────────────────────────────────────┤
 | 47          | 46          | 0 0 0 0 0 0 0 0 0 0 0 0 0 0 0 0 0 0 0 0 0 0 0 0 0 0 0 0 0 0 0 0 1 0 0 0 0 0 0 0 0 0 0 0 0 0 1 1 0 0 0 0 0 0 0 0 0 0 0 0 0 0 1 0  |
 ├─────────────┼─────────────┼──────────────────────────────────────────────────────────────────────────────────────────────────────────────────────────────────┤
 | 48          | 63          | 0 0 0 0 0 0 0 0 0 0 0 0 0 0 0 0 0 0 0 0 0 0 0 0 0 0 0 0 0 0 0 0 0 1 1 1 1 1 1 1 1 1 1 1 1 1 1 1 1 1 1 1 1 1 1 1 1 1 1 1 1 1 1 1  |
 ├─────────────┼─────────────┼──────────────────────────────────────────────────────────────────────────────────────────────────────────────────────────────────┤
 | 48          | 47          | 0 0 0 0 0 0 0 0 0 0 0 0 0 0 0 0 0 0 0 0 0 0 0 0 0 0 0 0 0 0 0 0 0 1 0 0 0 0 0 0 0 0 0 0 0 0 0 1 1 1 0 0 0 0 0 0 0 0 0 0 0 0 0 1  |
 ├─────────────┼─────────────┼──────────────────────────────────────────────────────────────────────────────────────────────────────────────────────────────────┤
 | 48          | 49          | 0 0 0 0 0 0 0 0 0 0 0 0 0 0 0 0 0 0 0 0 0 0 0 0 0 0 0 0 0 0 0 0 0 0 0 0 0 0 0 0 0 0 0 0 0 0 0 0 1 1 0 0 0 0 0 0 0 0 0 0 0 0 0 0  |
 ├─────────────┼─────────────┼──────────────────────────────────────────────────────────────────────────────────────────────────────────────────────────────────┤
 | 49          | 50          | 0 0 0 0 0 0 0 0 0 0 0 0 0 0 0 0 0 0 0 0 0 0 0 0 0 0 0 0 0 0 0 0 0 0 0 0 0 0 0 0 0 0 0 0 0 0 0 0 0 1 1 1 1 1 1 1 1 1 1 1 1 1 1 1  |
 ├─────────────┼─────────────┼──────────────────────────────────────────────────────────────────────────────────────────────────────────────────────────────────┤
 | 49          | 48          | 0 0 0 0 0 0 0 0 0 0 0 0 0 0 0 0 0 0 0 0 0 0 0 0 0 0 0 0 0 0 0 0 0 0 1 0 0 0 0 0 0 0 0 0 0 0 0 0 1 1 1 0 0 0 0 0 0 0 0 0 0 0 0 0  |
 ├─────────────┼─────────────┼──────────────────────────────────────────────────────────────────────────────────────────────────────────────────────────────────┤
 | 49          | 63          | 0 0 0 0 0 0 0 0 0 0 0 0 0 0 0 0 0 0 0 0 0 0 0 0 0 0 0 0 0 0 0 0 0 0 0 0 0 0 0 0 0 0 0 0 0 0 0 0 0 1 0 0 0 0 0 0 0 0 0 0 0 0 0 1  |
 ├─────────────┼─────────────┼──────────────────────────────────────────────────────────────────────────────────────────────────────────────────────────────────┤
 | 49          | 34          | 0 0 0 0 0 0 0 0 0 0 0 0 0 0 0 0 0 0 0 0 0 0 0 0 0 0 0 0 0 0 0 0 0 0 1 0 0 0 0 0 0 0 0 0 0 0 0 0 0 1 0 0 0 0 0 0 0 0 0 0 0 0 0 0  |
 ├─────────────┼─────────────┼──────────────────────────────────────────────────────────────────────────────────────────────────────────────────────────────────┤
 | 50          | 51          | 0 0 0 0 0 0 0 0 0 0 0 0 0 0 0 0 0 0 0 0 0 0 0 0 0 0 0 0 0 0 0 0 0 0 0 0 0 0 0 0 0 0 0 0 0 0 0 0 0 0 1 1 1 0 0 0 0 0 0 0 0 0 0 0  |
 ├─────────────┼─────────────┼──────────────────────────────────────────────────────────────────────────────────────────────────────────────────────────────────┤
 | 50          | 35          | 0 0 0 0 0 0 0 0 0 0 0 0 0 0 0 0 0 0 0 0 0 0 0 0 0 0 0 0 0 0 0 0 0 0 0 1 1 0 0 0 0 0 0 0 0 0 0 0 0 0 1 1 0 0 0 0 0 0 0 0 0 0 0 0  |
 ├─────────────┼─────────────┼──────────────────────────────────────────────────────────────────────────────────────────────────────────────────────────────────┤
 | 50          | 49          | 0 0 0 0 0 0 0 0 0 0 0 0 0 0 0 0 0 0 0 0 0 0 0 0 0 0 0 0 0 0 0 0 0 0 1 1 1 1 1 1 0 0 0 0 0 0 0 0 0 1 1 1 1 1 1 0 0 0 0 0 0 0 0 0  |
 ├─────────────┼─────────────┼──────────────────────────────────────────────────────────────────────────────────────────────────────────────────────────────────┤
 | 50          | 36          | 0 0 0 0 0 0 0 0 0 0 0 0 0 0 0 0 0 0 0 0 0 0 0 0 0 0 0 0 0 0 0 0 0 0 0 0 1 0 0 0 0 0 0 0 0 0 0 0 0 0 1 1 1 0 0 0 0 0 0 0 0 0 0 0  |
 ├─────────────┼─────────────┼──────────────────────────────────────────────────────────────────────────────────────────────────────────────────────────────────┤
 | 51          | 52          | 0 0 0 0 0 0 0 0 0 0 0 0 0 0 0 0 0 0 0 0 0 0 0 0 0 0 0 0 0 0 0 0 0 0 0 0 0 0 0 0 0 0 0 0 0 0 0 0 0 0 0 1 1 1 1 1 1 1 1 1 1 1 1 1  |
 ├─────────────┼─────────────┼──────────────────────────────────────────────────────────────────────────────────────────────────────────────────────────────────┤
 | 51          | 36          | 0 0 0 0 0 0 0 0 0 0 0 0 0 0 0 0 0 0 0 0 0 0 0 0 0 0 0 0 0 0 0 0 0 0 0 0 1 1 0 0 0 0 0 0 0 0 0 0 0 0 0 1 1 0 0 0 0 0 0 0 0 0 0 0  |
 ├─────────────┼─────────────┼──────────────────────────────────────────────────────────────────────────────────────────────────────────────────────────────────┤
 | 52          | 53          | 0 0 0 0 0 0 0 0 0 0 0 0 0 0 0 0 0 0 0 0 0 0 0 0 0 0 0 0 0 0 0 0 0 0 0 0 0 0 0 0 0 0 0 0 0 0 0 0 0 0 0 0 1 1 1 1 1 1 1 1 1 1 1 1  |
 ├─────────────┼─────────────┼──────────────────────────────────────────────────────────────────────────────────────────────────────────────────────────────────┤
 | 52          | 51          | 0 0 0 0 0 0 0 0 0 0 0 0 0 0 0 0 0 0 0 0 0 0 0 0 0 0 0 0 0 0 0 0 0 0 0 0 0 0 0 0 0 0 0 0 0 0 0 0 0 0 0 1 1 1 1 1 1 1 1 1 1 1 1 1  |
 ├─────────────┼─────────────┼──────────────────────────────────────────────────────────────────────────────────────────────────────────────────────────────────┤
 | 52          | 37          | 0 0 0 0 0 0 0 0 0 0 0 0 0 0 0 0 0 0 0 0 0 0 0 0 0 0 0 0 0 0 0 0 0 0 0 0 0 1 1 1 0 0 0 0 0 0 0 0 0 0 0 0 1 1 1 0 0 0 0 0 0 0 0 0  |
 ├─────────────┼─────────────┼──────────────────────────────────────────────────────────────────────────────────────────────────────────────────────────────────┤
 | 53          | 54          | 0 0 0 0 0 0 0 0 0 0 0 0 0 0 0 0 0 0 0 0 0 0 0 0 0 0 0 0 0 0 0 0 0 0 0 0 0 0 0 0 0 0 0 0 0 0 0 0 0 0 0 0 0 1 1 0 0 0 0 0 0 0 0 0  |
 ├─────────────┼─────────────┼──────────────────────────────────────────────────────────────────────────────────────────────────────────────────────────────────┤
 | 53          | 38          | 0 0 0 0 0 0 0 0 0 0 0 0 0 0 0 0 0 0 0 0 0 0 0 0 0 0 0 0 0 0 0 0 0 0 0 0 0 0 1 1 1 0 0 0 0 0 0 0 0 0 0 0 0 1 1 1 0 0 0 0 0 0 0 0  |
 ├─────────────┼─────────────┼──────────────────────────────────────────────────────────────────────────────────────────────────────────────────────────────────┤
 | 53          | 52          | 0 0 0 0 0 0 0 0 0 0 0 0 0 0 0 0 0 0 0 0 0 0 0 0 0 0 0 0 0 0 0 0 0 0 0 0 0 1 1 1 1 1 1 1 1 1 1 1 1 1 1 1 1 1 1 1 1 1 1 1 1 1 1 1  |
 ├─────────────┼─────────────┼──────────────────────────────────────────────────────────────────────────────────────────────────────────────────────────────────┤
 | 54          | 53          | 0 0 0 0 0 0 0 0 0 0 0 0 0 0 0 0 0 0 0 0 0 0 0 0 0 0 0 0 0 0 0 0 0 0 0 0 0 0 1 1 0 0 0 0 0 0 0 0 0 0 0 0 0 1 1 0 0 0 0 0 0 0 0 0  |
 ├─────────────┼─────────────┼──────────────────────────────────────────────────────────────────────────────────────────────────────────────────────────────────┤
 | 54          | 55          | 0 0 0 0 0 0 0 0 0 0 0 0 0 0 0 0 0 0 0 0 0 0 0 0 0 0 0 0 0 0 0 0 0 0 0 0 0 0 0 0 0 0 0 0 0 0 0 0 0 0 0 0 0 0 1 1 0 0 0 0 0 0 0 0  |
 ├─────────────┼─────────────┼──────────────────────────────────────────────────────────────────────────────────────────────────────────────────────────────────┤
 | 54          | 39          | 0 0 0 0 0 0 0 0 0 0 0 0 0 0 0 0 0 0 0 0 0 0 0 0 0 0 0 0 0 0 0 0 0 0 0 0 0 0 0 1 1 1 1 0 0 0 0 0 0 0 0 0 0 0 1 1 1 1 0 0 0 0 0 0  |
 ├─────────────┼─────────────┼──────────────────────────────────────────────────────────────────────────────────────────────────────────────────────────────────┤
 | 55          | 40          | 0 0 0 0 0 0 0 0 0 0 0 0 0 0 0 0 0 0 0 0 0 0 0 0 0 0 0 0 0 0 0 0 0 0 0 0 0 0 0 0 1 0 0 0 0 0 0 0 0 0 0 0 0 0 0 1 1 0 0 0 0 0 0 0  |
 ├─────────────┼─────────────┼──────────────────────────────────────────────────────────────────────────────────────────────────────────────────────────────────┤
 | 55          | 56          | 0 0 0 0 0 0 0 0 0 0 0 0 0 0 0 0 0 0 0 0 0 0 0 0 0 0 0 0 0 0 0 0 0 0 0 0 0 0 0 0 0 0 0 0 0 0 0 0 0 0 0 0 0 0 0 1 1 1 1 1 1 1 1 1  |
 ├─────────────┼─────────────┼──────────────────────────────────────────────────────────────────────────────────────────────────────────────────────────────────┤
 | 56          | 41          | 0 0 0 0 0 0 0 0 0 0 0 0 0 0 0 0 0 0 0 0 0 0 0 0 0 0 0 0 0 0 0 0 0 0 0 0 0 0 0 0 0 1 1 1 0 0 0 0 0 0 0 0 0 0 0 0 1 1 1 0 0 0 0 0  |
 ├─────────────┼─────────────┼──────────────────────────────────────────────────────────────────────────────────────────────────────────────────────────────────┤
 | 56          | 57          | 0 0 0 0 0 0 0 0 0 0 0 0 0 0 0 0 0 0 0 0 0 0 0 0 0 0 0 0 0 0 0 0 0 0 0 0 0 0 0 0 0 0 0 0 0 0 0 0 0 0 0 0 0 0 0 0 1 1 0 0 0 0 0 0  |
 ├─────────────┼─────────────┼──────────────────────────────────────────────────────────────────────────────────────────────────────────────────────────────────┤
 | 56          | 55          | 0 0 0 0 0 0 0 0 0 0 0 0 0 0 0 0 0 0 0 0 0 0 0 0 0 0 0 0 0 0 0 0 0 0 0 0 0 0 0 0 0 1 1 0 0 0 0 0 0 0 0 0 0 0 0 1 1 1 0 0 0 0 0 0  |
 ├─────────────┼─────────────┼──────────────────────────────────────────────────────────────────────────────────────────────────────────────────────────────────┤
 | 57          | 42          | 0 0 0 0 0 0 0 0 0 0 0 0 0 0 0 0 0 0 0 0 0 0 0 0 0 0 0 0 0 0 0 0 0 0 0 0 0 0 0 0 0 0 1 1 1 1 0 0 0 0 0 0 0 0 0 0 0 1 1 1 1 0 0 0  |
 ├─────────────┼─────────────┼──────────────────────────────────────────────────────────────────────────────────────────────────────────────────────────────────┤
 | 57          | 58          | 0 0 0 0 0 0 0 0 0 0 0 0 0 0 0 0 0 0 0 0 0 0 0 0 0 0 0 0 0 0 0 0 0 0 0 0 0 0 0 0 0 0 0 0 0 0 0 0 0 0 0 0 0 0 0 0 0 1 1 1 0 0 0 0  |
 ├─────────────┼─────────────┼──────────────────────────────────────────────────────────────────────────────────────────────────────────────────────────────────┤
 | 57          | 56          | 0 0 0 0 0 0 0 0 0 0 0 0 0 0 0 0 0 0 0 0 0 0 0 0 0 0 0 0 0 0 0 0 0 0 0 0 0 0 0 0 0 0 0 0 0 0 0 0 0 0 0 0 0 0 0 0 1 1 1 1 1 1 1 1  |
 ├─────────────┼─────────────┼──────────────────────────────────────────────────────────────────────────────────────────────────────────────────────────────────┤
 | 58          | 43          | 0 0 0 0 0 0 0 0 0 0 0 0 0 0 0 0 0 0 0 0 0 0 0 0 0 0 0 0 0 0 0 0 0 0 0 0 0 0 0 0 0 0 0 1 1 1 1 1 1 1 1 1 1 1 1 1 1 1 1 1 1 1 1 1  |
 ├─────────────┼─────────────┼──────────────────────────────────────────────────────────────────────────────────────────────────────────────────────────────────┤
 | 58          | 59          | 0 0 0 0 0 0 0 0 0 0 0 0 0 0 0 0 0 0 0 0 0 0 0 0 0 0 0 0 0 0 0 0 0 0 0 0 0 0 0 0 0 0 0 0 0 0 0 0 0 0 0 0 0 0 0 0 0 0 1 1 1 0 0 0  |
 ├─────────────┼─────────────┼──────────────────────────────────────────────────────────────────────────────────────────────────────────────────────────────────┤
 | 58          | 57          | 0 0 0 0 0 0 0 0 0 0 0 0 0 0 0 0 0 0 0 0 0 0 0 0 0 0 0 0 0 0 0 0 0 0 0 0 0 0 0 0 0 0 0 1 0 0 0 0 0 0 0 0 0 0 0 0 0 1 1 0 0 0 0 0  |
 ├─────────────┼─────────────┼──────────────────────────────────────────────────────────────────────────────────────────────────────────────────────────────────┤
 | 59          | 44          | 0 0 0 0 0 0 0 0 0 0 0 0 0 0 0 0 0 0 0 0 0 0 0 0 0 0 0 0 0 0 0 0 0 0 0 0 0 0 0 0 0 0 0 0 1 1 0 0 0 0 0 0 0 0 0 0 0 0 1 1 1 0 0 0  |
 ├─────────────┼─────────────┼──────────────────────────────────────────────────────────────────────────────────────────────────────────────────────────────────┤
 | 59          | 60          | 0 0 0 0 0 0 0 0 0 0 0 0 0 0 0 0 0 0 0 0 0 0 0 0 0 0 0 0 0 0 0 0 0 0 0 0 0 0 0 0 0 0 0 0 0 0 0 0 0 0 0 0 0 0 0 0 0 0 0 1 1 1 0 0  |
 ├─────────────┼─────────────┼──────────────────────────────────────────────────────────────────────────────────────────────────────────────────────────────────┤
 | 59          | 58          | 0 0 0 0 0 0 0 0 0 0 0 0 0 0 0 0 0 0 0 0 0 0 0 0 0 0 0 0 0 0 0 0 0 0 0 0 0 0 0 0 0 0 0 0 1 1 0 0 0 0 0 0 0 0 0 0 0 0 1 1 1 0 0 0  |
 ├─────────────┼─────────────┼──────────────────────────────────────────────────────────────────────────────────────────────────────────────────────────────────┤
 | 60          | 45          | 0 0 0 0 0 0 0 0 0 0 0 0 0 0 0 0 0 0 0 0 0 0 0 0 0 0 0 0 0 0 0 0 0 0 0 0 0 0 0 0 0 0 0 0 0 1 1 1 1 1 1 1 1 1 1 1 1 1 1 1 1 1 1 1  |
 ├─────────────┼─────────────┼──────────────────────────────────────────────────────────────────────────────────────────────────────────────────────────────────┤
 | 60          | 61          | 0 0 0 0 0 0 0 0 0 0 0 0 0 0 0 0 0 0 0 0 0 0 0 0 0 0 0 0 0 0 0 0 0 0 0 0 0 0 0 0 0 0 0 0 0 0 0 0 0 0 0 0 0 0 0 0 0 0 0 0 1 1 0 0  |
 ├─────────────┼─────────────┼──────────────────────────────────────────────────────────────────────────────────────────────────────────────────────────────────┤
 | 61          | 62          | 0 0 0 0 0 0 0 0 0 0 0 0 0 0 0 0 0 0 0 0 0 0 0 0 0 0 0 0 0 0 0 0 0 0 0 0 0 0 0 0 0 0 0 0 0 0 0 0 0 0 0 0 0 0 0 0 0 0 0 0 0 1 1 1  |
 ├─────────────┼─────────────┼──────────────────────────────────────────────────────────────────────────────────────────────────────────────────────────────────┤
 | 61          | 46          | 0 0 0 0 0 0 0 0 0 0 0 0 0 0 0 0 0 0 0 0 0 0 0 0 0 0 0 0 0 0 0 0 0 0 0 0 0 0 0 0 0 0 0 0 0 0 1 0 0 0 0 0 0 0 0 0 0 0 0 0 0 1 0 0  |
 ├─────────────┼─────────────┼──────────────────────────────────────────────────────────────────────────────────────────────────────────────────────────────────┤
 | 61          | 47          | 0 0 0 0 0 0 0 0 0 0 0 0 0 0 0 0 0 0 0 0 0 0 0 0 0 0 0 0 0 0 0 0 0 0 0 0 0 0 0 0 0 0 0 0 0 0 0 1 0 0 0 0 0 0 0 0 0 0 0 0 0 1 1 1  |
 ├─────────────┼─────────────┼──────────────────────────────────────────────────────────────────────────────────────────────────────────────────────────────────┤
 | 62          | 47          | 0 0 0 0 0 0 0 0 0 0 0 0 0 0 0 0 0 0 0 0 0 0 0 0 0 0 0 0 0 0 0 0 0 0 0 0 0 0 0 0 0 0 0 0 0 0 0 1 1 0 0 0 0 0 0 0 0 0 0 0 0 0 1 1  |
 ├─────────────┼─────────────┼──────────────────────────────────────────────────────────────────────────────────────────────────────────────────────────────────┤
 | 62          | 63          | 0 0 0 0 0 0 0 0 0 0 0 0 0 0 0 0 0 0 0 0 0 0 0 0 0 0 0 0 0 0 0 0 0 0 0 0 0 0 0 0 0 0 0 0 0 0 0 0 0 0 0 0 0 0 0 0 0 0 0 0 0 0 1 1  |
 ├─────────────┼─────────────┼──────────────────────────────────────────────────────────────────────────────────────────────────────────────────────────────────┤
 | 63          | 48          | 0 0 0 0 0 0 0 0 0 0 0 0 0 0 0 0 0 0 0 0 0 0 0 0 0 0 0 0 0 0 0 0 0 0 0 0 0 0 0 0 0 0 0 0 0 0 0 0 1 1 1 1 0 0 0 0 0 0 0 0 0 0 0 1  |
 ├─────────────┼─────────────┼──────────────────────────────────────────────────────────────────────────────────────────────────────────────────────────────────┤
 | 63          | 62          | 0 0 0 0 0 0 0 0 0 0 0 0 0 0 0 0 0 0 0 0 0 0 0 0 0 0 0 0 0 0 0 0 0 0 0 0 0 0 0 0 0 0 0 0 0 0 0 0 1 1 0 0 0 0 0 0 0 0 0 0 0 0 1 1  |
 ├─────────────┼─────────────┼──────────────────────────────────────────────────────────────────────────────────────────────────────────────────────────────────┤
 | 63          | 0           | 1 1 1 1 1 1 1 1 1 1 1 1 1 1 1 1 1 1 1 1 1 1 1 1 1 1 1 1 1 1 1 1 1 1 1 1 1 1 1 1 1 1 1 1 1 1 1 1 1 1 1 1 1 1 1 1 1 1 1 1 1 1 1 1  |
 └─────────────┴─────────────┴──────────────────────────────────────────────────────────────────────────────────────────────────────────────────────────────────┘

Pattern table(s) end
Prefetch buffer begin
 ┌────────────────────┬────────────────────┬────────────────────┬────────────────────┬──────────────────────────────────────────────────────────────────────────────────────────────────────────────────────────────────┐
 | RegionNum          | Trigger            | Second             | Meta               | Pattern                                                                                                                          |
 ├────────────────────┼────────────────────┼────────────────────┼────────────────────┼──────────────────────────────────────────────────────────────────────────────────────────────────────────────────────────────────┤
 | 0x000000000000815f | 0x0000000000000000 | 0x0000000000000001 | 0x0000000000000002 | 1 0 0 0 0 0 0 0 0 0 0 0 0 1 1 1 2 2 2 2 2 2 2 2 2 2 2 2 2 2 2 2 2 2 2 2 2 2 2 2 2 2 2 2 2 2 2 2 2 2 2 2 2 2 2 2 2 2 2 2 2 2 2 2  |
 ├────────────────────┼────────────────────┼────────────────────┼────────────────────┼──────────────────────────────────────────────────────────────────────────────────────────────────────────────────────────────────┤
 | 0x0000000000000c0f | 0x0000000000000000 | 0x0000000000000001 | 0x0000000000000002 | 1 0 0 0 0 0 0 0 0 0 0 0 0 0 0 0 0 0 0 0 0 0 0 0 0 0 0 0 0 0 0 0 0 0 0 0 0 0 0 2 2 2 2 2 2 2 2 2 2 2 2 2 2 2 2 2 2 2 2 2 2 2 2 2  |
 ├────────────────────┼────────────────────┼────────────────────┼────────────────────┼──────────────────────────────────────────────────────────────────────────────────────────────────────────────────────────────────┤
 | 0x000000000000079e | 0x0000000000000010 | 0x0000000000000011 | 0x0000000000000001 | 0 0 0 0 0 0 0 0 0 0 0 0 0 0 0 0 1 0 0 0 0 0 0 0 0 0 0 0 0 0 0 0 0 0 0 1 1 1 1 1 1 1 1 1 1 1 1 1 1 1 1 1 1 1 1 1 1 1 1 1 1 1 1 1  |
 ├────────────────────┼────────────────────┼────────────────────┼────────────────────┼──────────────────────────────────────────────────────────────────────────────────────────────────────────────────────────────────┤
 | 0x00000000000007af | 0x0000000000000000 | 0x0000000000000001 | 0x0000000000000002 | 1 0 0 0 0 0 0 0 0 0 0 0 0 0 0 0 0 0 0 0 0 0 0 0 0 0 0 0 0 0 0 0 0 0 0 0 0 0 0 0 0 0 0 0 0 0 2 2 2 2 2 2 2 2 2 2 2 2 2 2 2 2 2 2  |
 └────────────────────┴────────────────────┴────────────────────┴────────────────────┴──────────────────────────────────────────────────────────────────────────────────────────────────────────────────────────────────┘
Prefetch buffer end
cpu0_L2C
Num Con Filled: 541635
Num Con Useful: 499442 Useless:11215 Accuracy: 97.8039
LLC
