41 41 41
Available num physical pages: 35184372088576
WARNING: physical memory size is smaller than virtual memory size

*** ChampSim Multicore Out-of-Order Simulator ***

Warmup Instructions: 200000000
Simulation Instructions: 200000000
Number of CPUs: 1
Page size: 4096

Basic BTB sets: 1024 ways: 8 indirect buffer size: 4096 RAS size: 64
cpu0_L1D Gaze NEW NEW prefetcher
Pattern Table index_len: 6
Off-chip DRAM Size: 4 GiB Channels: 1 Width: 64-bit Data Rate: 3200 MT/s
[PTW] 🔁 Switched page size to 2048 KB at cycle 500000
[PTW] 🔁 Switched page size to 4 KB at cycle 1000000
[PTW] 🔁 Switched page size to 2048 KB at cycle 1500000
[PTW] 🔁 Switched page size to 4 KB at cycle 2000000
[PTW] 🔁 Switched page size to 2048 KB at cycle 2500000
Heartbeat CPU 0 instructions: 10000001 cycles: 2750195 heartbeat IPC: 3.63611 cumulative IPC: 3.63611 (Simulation time: 0 hr 4 min 50 sec) 
[PTW] 🔁 Switched page size to 4 KB at cycle 3000000
[PTW] 🔁 Switched page size to 2048 KB at cycle 3500000
[PTW] 🔁 Switched page size to 4 KB at cycle 4000000
[PTW] 🔁 Switched page size to 2048 KB at cycle 4500000
[PTW] 🔁 Switched page size to 4 KB at cycle 5000000
[PTW] 🔁 Switched page size to 2048 KB at cycle 5500000
Heartbeat CPU 0 instructions: 20000004 cycles: 5607333 heartbeat IPC: 3.50001 cumulative IPC: 3.56676 (Simulation time: 0 hr 10 min 19 sec) 
[PTW] 🔁 Switched page size to 4 KB at cycle 6000000
[PTW] 🔁 Switched page size to 2048 KB at cycle 6500000
[PTW] 🔁 Switched page size to 4 KB at cycle 7000000
[PTW] 🔁 Switched page size to 2048 KB at cycle 7500000
[PTW] 🔁 Switched page size to 4 KB at cycle 8000000
Heartbeat CPU 0 instructions: 30000001 cycles: 8369738 heartbeat IPC: 3.62004 cumulative IPC: 3.58435 (Simulation time: 0 hr 15 min 10 sec) 
[PTW] 🔁 Switched page size to 2048 KB at cycle 8500000
[PTW] 🔁 Switched page size to 4 KB at cycle 9000000
[PTW] 🔁 Switched page size to 2048 KB at cycle 9500000
[PTW] 🔁 Switched page size to 4 KB at cycle 10000000
[PTW] 🔁 Switched page size to 2048 KB at cycle 10500000
[PTW] 🔁 Switched page size to 4 KB at cycle 11000000
Heartbeat CPU 0 instructions: 40000000 cycles: 11093142 heartbeat IPC: 3.67188 cumulative IPC: 3.60584 (Simulation time: 0 hr 19 min 38 sec) 
[PTW] 🔁 Switched page size to 2048 KB at cycle 11500000
[PTW] 🔁 Switched page size to 4 KB at cycle 12000000
[PTW] 🔁 Switched page size to 2048 KB at cycle 12500000
[PTW] 🔁 Switched page size to 4 KB at cycle 13000000
[PTW] 🔁 Switched page size to 2048 KB at cycle 13500000
Heartbeat CPU 0 instructions: 50000001 cycles: 13818077 heartbeat IPC: 3.66982 cumulative IPC: 3.61845 (Simulation time: 0 hr 24 min 11 sec) 
[PTW] 🔁 Switched page size to 4 KB at cycle 14000000
[PTW] 🔁 Switched page size to 2048 KB at cycle 14500000
[PTW] 🔁 Switched page size to 4 KB at cycle 15000000
[PTW] 🔁 Switched page size to 2048 KB at cycle 15500000
[PTW] 🔁 Switched page size to 4 KB at cycle 16000000
[PTW] 🔁 Switched page size to 2048 KB at cycle 16500000
Heartbeat CPU 0 instructions: 60000002 cycles: 16545350 heartbeat IPC: 3.66667 cumulative IPC: 3.6264 (Simulation time: 0 hr 28 min 41 sec) 
[PTW] 🔁 Switched page size to 4 KB at cycle 17000000
[PTW] 🔁 Switched page size to 2048 KB at cycle 17500000
[PTW] 🔁 Switched page size to 4 KB at cycle 18000000
[PTW] 🔁 Switched page size to 2048 KB at cycle 18500000
[PTW] 🔁 Switched page size to 4 KB at cycle 19000000
Heartbeat CPU 0 instructions: 70000004 cycles: 19284474 heartbeat IPC: 3.65081 cumulative IPC: 3.62987 (Simulation time: 0 hr 33 min 16 sec) 
[PTW] 🔁 Switched page size to 2048 KB at cycle 19500000
[PTW] 🔁 Switched page size to 4 KB at cycle 20000000
[PTW] 🔁 Switched page size to 2048 KB at cycle 20500000
[PTW] 🔁 Switched page size to 4 KB at cycle 21000000
[PTW] 🔁 Switched page size to 2048 KB at cycle 21500000
[PTW] 🔁 Switched page size to 4 KB at cycle 22000000
Heartbeat CPU 0 instructions: 80000004 cycles: 22141615 heartbeat IPC: 3.50001 cumulative IPC: 3.61311 (Simulation time: 0 hr 38 min 46 sec) 
[PTW] 🔁 Switched page size to 2048 KB at cycle 22500000
[PTW] 🔁 Switched page size to 4 KB at cycle 23000000
[PTW] 🔁 Switched page size to 2048 KB at cycle 23500000
[PTW] 🔁 Switched page size to 4 KB at cycle 24000000
[PTW] 🔁 Switched page size to 2048 KB at cycle 24500000
Heartbeat CPU 0 instructions: 90000003 cycles: 24915395 heartbeat IPC: 3.60519 cumulative IPC: 3.61223 (Simulation time: 0 hr 43 min 36 sec) 
[PTW] 🔁 Switched page size to 4 KB at cycle 25000000
[PTW] 🔁 Switched page size to 2048 KB at cycle 25500000
[PTW] 🔁 Switched page size to 4 KB at cycle 26000000
[PTW] 🔁 Switched page size to 2048 KB at cycle 26500000
[PTW] 🔁 Switched page size to 4 KB at cycle 27000000
[PTW] 🔁 Switched page size to 2048 KB at cycle 27500000
Heartbeat CPU 0 instructions: 100000000 cycles: 27638799 heartbeat IPC: 3.67188 cumulative IPC: 3.61811 (Simulation time: 0 hr 48 min 10 sec) 
[PTW] 🔁 Switched page size to 4 KB at cycle 28000000
[PTW] 🔁 Switched page size to 2048 KB at cycle 28500000
[PTW] 🔁 Switched page size to 4 KB at cycle 29000000
[PTW] 🔁 Switched page size to 2048 KB at cycle 29500000
[PTW] 🔁 Switched page size to 4 KB at cycle 30000000
Heartbeat CPU 0 instructions: 110000004 cycles: 30360987 heartbeat IPC: 3.67352 cumulative IPC: 3.62308 (Simulation time: 0 hr 52 min 42 sec) 
[PTW] 🔁 Switched page size to 2048 KB at cycle 30500000
[PTW] 🔁 Switched page size to 4 KB at cycle 31000000
[PTW] 🔁 Switched page size to 2048 KB at cycle 31500000
[PTW] 🔁 Switched page size to 4 KB at cycle 32000000
[PTW] 🔁 Switched page size to 2048 KB at cycle 32500000
[PTW] 🔁 Switched page size to 4 KB at cycle 33000000
Heartbeat CPU 0 instructions: 120000003 cycles: 33080533 heartbeat IPC: 3.67709 cumulative IPC: 3.62752 (Simulation time: 0 hr 57 min 16 sec) 
[PTW] 🔁 Switched page size to 2048 KB at cycle 33500000
[PTW] 🔁 Switched page size to 4 KB at cycle 34000000
[PTW] 🔁 Switched page size to 2048 KB at cycle 34500000
[PTW] 🔁 Switched page size to 4 KB at cycle 35000000
[PTW] 🔁 Switched page size to 2048 KB at cycle 35500000
Heartbeat CPU 0 instructions: 130000003 cycles: 35800081 heartbeat IPC: 3.67709 cumulative IPC: 3.63128 (Simulation time: 1 hr 1 min 47 sec) 
[PTW] 🔁 Switched page size to 4 KB at cycle 36000000
[PTW] 🔁 Switched page size to 2048 KB at cycle 36500000
[PTW] 🔁 Switched page size to 4 KB at cycle 37000000
[PTW] 🔁 Switched page size to 2048 KB at cycle 37500000
[PTW] 🔁 Switched page size to 4 KB at cycle 38000000
[PTW] 🔁 Switched page size to 2048 KB at cycle 38500000
Heartbeat CPU 0 instructions: 140000000 cycles: 38657173 heartbeat IPC: 3.50007 cumulative IPC: 3.62158 (Simulation time: 1 hr 7 min 19 sec) 
[PTW] 🔁 Switched page size to 4 KB at cycle 39000000
[PTW] 🔁 Switched page size to 2048 KB at cycle 39500000
[PTW] 🔁 Switched page size to 4 KB at cycle 40000000
[PTW] 🔁 Switched page size to 2048 KB at cycle 40500000
[PTW] 🔁 Switched page size to 4 KB at cycle 41000000
Heartbeat CPU 0 instructions: 150000002 cycles: 41443203 heartbeat IPC: 3.58934 cumulative IPC: 3.61942 (Simulation time: 1 hr 12 min 14 sec) 
[PTW] 🔁 Switched page size to 2048 KB at cycle 41500000
[PTW] 🔁 Switched page size to 4 KB at cycle 42000000
[PTW] 🔁 Switched page size to 2048 KB at cycle 42500000
[PTW] 🔁 Switched page size to 4 KB at cycle 43000000
[PTW] 🔁 Switched page size to 2048 KB at cycle 43500000
[PTW] 🔁 Switched page size to 4 KB at cycle 44000000
Heartbeat CPU 0 instructions: 160000000 cycles: 44166606 heartbeat IPC: 3.67188 cumulative IPC: 3.62265 (Simulation time: 1 hr 16 min 43 sec) 
[PTW] 🔁 Switched page size to 2048 KB at cycle 44500000
[PTW] 🔁 Switched page size to 4 KB at cycle 45000000
[PTW] 🔁 Switched page size to 2048 KB at cycle 45500000
[PTW] 🔁 Switched page size to 4 KB at cycle 46000000
[PTW] 🔁 Switched page size to 2048 KB at cycle 46500000
Heartbeat CPU 0 instructions: 170000001 cycles: 46888296 heartbeat IPC: 3.67419 cumulative IPC: 3.62564 (Simulation time: 1 hr 21 min 14 sec) 
[PTW] 🔁 Switched page size to 4 KB at cycle 47000000
[PTW] 🔁 Switched page size to 2048 KB at cycle 47500000
[PTW] 🔁 Switched page size to 4 KB at cycle 48000000
[PTW] 🔁 Switched page size to 2048 KB at cycle 48500000
[PTW] 🔁 Switched page size to 4 KB at cycle 49000000
[PTW] 🔁 Switched page size to 2048 KB at cycle 49500000
Heartbeat CPU 0 instructions: 180000003 cycles: 49603997 heartbeat IPC: 3.6823 cumulative IPC: 3.62874 (Simulation time: 1 hr 25 min 41 sec) 
[PTW] 🔁 Switched page size to 4 KB at cycle 50000000
[PTW] 🔁 Switched page size to 2048 KB at cycle 50500000
[PTW] 🔁 Switched page size to 4 KB at cycle 51000000
[PTW] 🔁 Switched page size to 2048 KB at cycle 51500000
[PTW] 🔁 Switched page size to 4 KB at cycle 52000000
Heartbeat CPU 0 instructions: 190000004 cycles: 52319696 heartbeat IPC: 3.6823 cumulative IPC: 3.63152 (Simulation time: 1 hr 30 min 13 sec) 
[PTW] 🔁 Switched page size to 2048 KB at cycle 52500000
[PTW] 🔁 Switched page size to 4 KB at cycle 53000000
[PTW] 🔁 Switched page size to 2048 KB at cycle 53500000
[PTW] 🔁 Switched page size to 4 KB at cycle 54000000
[PTW] 🔁 Switched page size to 2048 KB at cycle 54500000
[PTW] 🔁 Switched page size to 4 KB at cycle 55000000
Heartbeat CPU 0 instructions: 200000000 cycles: 55163367 heartbeat IPC: 3.51658 cumulative IPC: 3.6256 (Simulation time: 1 hr 35 min 40 sec) 
Max paddr 33M
Warmup finished CPU 0 instructions: 200000000 cycles: 55163368 cumulative IPC: 3.6256 (Simulation time: 1 hr 35 min 40 sec) 

Warmup complete CPU 0 instructions: 200000000 cycles: 55163368 (Simulation time: 1 hr 35 min 40 sec) 

[PTW] 🔁 Switched page size to 2048 KB at cycle 55500000
[PTW] 🔁 Switched page size to 4 KB at cycle 56000000
[PTW] 🔁 Switched page size to 2048 KB at cycle 56500000
[PTW] 🔁 Switched page size to 4 KB at cycle 57000000
[PTW] 🔁 Switched page size to 2048 KB at cycle 57500000
[PTW] 🔁 Switched page size to 4 KB at cycle 58000000
[PTW] 🔁 Switched page size to 2048 KB at cycle 58500000
[PTW] 🔁 Switched page size to 4 KB at cycle 59000000
[PTW] 🔁 Switched page size to 2048 KB at cycle 59500000
[PTW] 🔁 Switched page size to 4 KB at cycle 60000000
[PTW] 🔁 Switched page size to 2048 KB at cycle 60500000
[PTW] 🔁 Switched page size to 4 KB at cycle 61000000
[PTW] 🔁 Switched page size to 2048 KB at cycle 61500000
[PTW] 🔁 Switched page size to 4 KB at cycle 62000000
[PTW] 🔁 Switched page size to 2048 KB at cycle 62500000
[PTW] 🔁 Switched page size to 4 KB at cycle 63000000
[PTW] 🔁 Switched page size to 2048 KB at cycle 63500000
[PTW] 🔁 Switched page size to 4 KB at cycle 64000000
[PTW] 🔁 Switched page size to 2048 KB at cycle 64500000
[PTW] 🔁 Switched page size to 4 KB at cycle 65000000
[PTW] 🔁 Switched page size to 2048 KB at cycle 65500000
[PTW] 🔁 Switched page size to 4 KB at cycle 66000000
[PTW] 🔁 Switched page size to 2048 KB at cycle 66500000
[PTW] 🔁 Switched page size to 4 KB at cycle 67000000
[PTW] 🔁 Switched page size to 2048 KB at cycle 67500000
[PTW] 🔁 Switched page size to 4 KB at cycle 68000000
[PTW] 🔁 Switched page size to 2048 KB at cycle 68500000
[PTW] 🔁 Switched page size to 4 KB at cycle 69000000
[PTW] 🔁 Switched page size to 2048 KB at cycle 69500000
[PTW] 🔁 Switched page size to 4 KB at cycle 70000000
[PTW] 🔁 Switched page size to 2048 KB at cycle 70500000
[PTW] 🔁 Switched page size to 4 KB at cycle 71000000
[PTW] 🔁 Switched page size to 2048 KB at cycle 71500000
[PTW] 🔁 Switched page size to 4 KB at cycle 72000000
[PTW] 🔁 Switched page size to 2048 KB at cycle 72500000
[PTW] 🔁 Switched page size to 4 KB at cycle 73000000
Heartbeat CPU 0 instructions: 210000004 cycles: 73302796 heartbeat IPC: 0.551286 cumulative IPC: 0.551286 (Simulation time: 1 hr 54 min 34 sec) 
[PTW] 🔁 Switched page size to 2048 KB at cycle 73500000
[PTW] 🔁 Switched page size to 4 KB at cycle 74000000
[PTW] 🔁 Switched page size to 2048 KB at cycle 74500000
[PTW] 🔁 Switched page size to 4 KB at cycle 75000000
[PTW] 🔁 Switched page size to 2048 KB at cycle 75500000
[PTW] 🔁 Switched page size to 4 KB at cycle 76000000
[PTW] 🔁 Switched page size to 2048 KB at cycle 76500000
[PTW] 🔁 Switched page size to 4 KB at cycle 77000000
[PTW] 🔁 Switched page size to 2048 KB at cycle 77500000
[PTW] 🔁 Switched page size to 4 KB at cycle 78000000
[PTW] 🔁 Switched page size to 2048 KB at cycle 78500000
[PTW] 🔁 Switched page size to 4 KB at cycle 79000000
[PTW] 🔁 Switched page size to 2048 KB at cycle 79500000
[PTW] 🔁 Switched page size to 4 KB at cycle 80000000
[PTW] 🔁 Switched page size to 2048 KB at cycle 80500000
[PTW] 🔁 Switched page size to 4 KB at cycle 81000000
[PTW] 🔁 Switched page size to 2048 KB at cycle 81500000
[PTW] 🔁 Switched page size to 4 KB at cycle 82000000
[PTW] 🔁 Switched page size to 2048 KB at cycle 82500000
[PTW] 🔁 Switched page size to 4 KB at cycle 83000000
Heartbeat CPU 0 instructions: 220000001 cycles: 83443199 heartbeat IPC: 0.986154 cumulative IPC: 0.707218 (Simulation time: 2 hr 4 min 15 sec) 
[PTW] 🔁 Switched page size to 2048 KB at cycle 83500000
[PTW] 🔁 Switched page size to 4 KB at cycle 84000000
[PTW] 🔁 Switched page size to 2048 KB at cycle 84500000
[PTW] 🔁 Switched page size to 4 KB at cycle 85000000
[PTW] 🔁 Switched page size to 2048 KB at cycle 85500000
[PTW] 🔁 Switched page size to 4 KB at cycle 86000000
[PTW] 🔁 Switched page size to 2048 KB at cycle 86500000
[PTW] 🔁 Switched page size to 4 KB at cycle 87000000
[PTW] 🔁 Switched page size to 2048 KB at cycle 87500000
[PTW] 🔁 Switched page size to 4 KB at cycle 88000000
[PTW] 🔁 Switched page size to 2048 KB at cycle 88500000
[PTW] 🔁 Switched page size to 4 KB at cycle 89000000
[PTW] 🔁 Switched page size to 2048 KB at cycle 89500000
[PTW] 🔁 Switched page size to 4 KB at cycle 90000000
[PTW] 🔁 Switched page size to 2048 KB at cycle 90500000
[PTW] 🔁 Switched page size to 4 KB at cycle 91000000
[PTW] 🔁 Switched page size to 2048 KB at cycle 91500000
[PTW] 🔁 Switched page size to 4 KB at cycle 92000000
[PTW] 🔁 Switched page size to 2048 KB at cycle 92500000
[PTW] 🔁 Switched page size to 4 KB at cycle 93000000
Heartbeat CPU 0 instructions: 230000002 cycles: 93420616 heartbeat IPC: 1.00227 cumulative IPC: 0.784166 (Simulation time: 2 hr 14 min 10 sec) 
[PTW] 🔁 Switched page size to 2048 KB at cycle 93500000
[PTW] 🔁 Switched page size to 4 KB at cycle 94000000
[PTW] 🔁 Switched page size to 2048 KB at cycle 94500000
[PTW] 🔁 Switched page size to 4 KB at cycle 95000000
[PTW] 🔁 Switched page size to 2048 KB at cycle 95500000
[PTW] 🔁 Switched page size to 4 KB at cycle 96000000
[PTW] 🔁 Switched page size to 2048 KB at cycle 96500000
[PTW] 🔁 Switched page size to 4 KB at cycle 97000000
[PTW] 🔁 Switched page size to 2048 KB at cycle 97500000
[PTW] 🔁 Switched page size to 4 KB at cycle 98000000
[PTW] 🔁 Switched page size to 2048 KB at cycle 98500000
[PTW] 🔁 Switched page size to 4 KB at cycle 99000000
[PTW] 🔁 Switched page size to 2048 KB at cycle 99500000
[PTW] 🔁 Switched page size to 4 KB at cycle 100000000
[PTW] 🔁 Switched page size to 2048 KB at cycle 100500000
[PTW] 🔁 Switched page size to 4 KB at cycle 101000000
[PTW] 🔁 Switched page size to 2048 KB at cycle 101500000
[PTW] 🔁 Switched page size to 4 KB at cycle 102000000
[PTW] 🔁 Switched page size to 2048 KB at cycle 102500000
[PTW] 🔁 Switched page size to 4 KB at cycle 103000000
[PTW] 🔁 Switched page size to 2048 KB at cycle 103500000
[PTW] 🔁 Switched page size to 4 KB at cycle 104000000
[PTW] 🔁 Switched page size to 2048 KB at cycle 104500000
[PTW] 🔁 Switched page size to 4 KB at cycle 105000000
[PTW] 🔁 Switched page size to 2048 KB at cycle 105500000
[PTW] 🔁 Switched page size to 4 KB at cycle 106000000
[PTW] 🔁 Switched page size to 2048 KB at cycle 106500000
[PTW] 🔁 Switched page size to 4 KB at cycle 107000000
[PTW] 🔁 Switched page size to 2048 KB at cycle 107500000
[PTW] 🔁 Switched page size to 4 KB at cycle 108000000
[PTW] 🔁 Switched page size to 2048 KB at cycle 108500000
[PTW] 🔁 Switched page size to 4 KB at cycle 109000000
[PTW] 🔁 Switched page size to 2048 KB at cycle 109500000
[PTW] 🔁 Switched page size to 4 KB at cycle 110000000
[PTW] 🔁 Switched page size to 2048 KB at cycle 110500000
[PTW] 🔁 Switched page size to 4 KB at cycle 111000000
[PTW] 🔁 Switched page size to 2048 KB at cycle 111500000
[PTW] 🔁 Switched page size to 4 KB at cycle 112000000
[PTW] 🔁 Switched page size to 2048 KB at cycle 112500000
[PTW] 🔁 Switched page size to 4 KB at cycle 113000000
[PTW] 🔁 Switched page size to 2048 KB at cycle 113500000
[PTW] 🔁 Switched page size to 4 KB at cycle 114000000
[PTW] 🔁 Switched page size to 2048 KB at cycle 114500000
[PTW] 🔁 Switched page size to 4 KB at cycle 115000000
Heartbeat CPU 0 instructions: 240000002 cycles: 115386485 heartbeat IPC: 0.455252 cumulative IPC: 0.664197 (Simulation time: 2 hr 37 min 32 sec) 
[PTW] 🔁 Switched page size to 2048 KB at cycle 115500000
[PTW] 🔁 Switched page size to 4 KB at cycle 116000000
[PTW] 🔁 Switched page size to 2048 KB at cycle 116500000
[PTW] 🔁 Switched page size to 4 KB at cycle 117000000
[PTW] 🔁 Switched page size to 2048 KB at cycle 117500000
[PTW] 🔁 Switched page size to 4 KB at cycle 118000000
[PTW] 🔁 Switched page size to 2048 KB at cycle 118500000
[PTW] 🔁 Switched page size to 4 KB at cycle 119000000
[PTW] 🔁 Switched page size to 2048 KB at cycle 119500000
[PTW] 🔁 Switched page size to 4 KB at cycle 120000000
[PTW] 🔁 Switched page size to 2048 KB at cycle 120500000
[PTW] 🔁 Switched page size to 4 KB at cycle 121000000
[PTW] 🔁 Switched page size to 2048 KB at cycle 121500000
[PTW] 🔁 Switched page size to 4 KB at cycle 122000000
[PTW] 🔁 Switched page size to 2048 KB at cycle 122500000
[PTW] 🔁 Switched page size to 4 KB at cycle 123000000
[PTW] 🔁 Switched page size to 2048 KB at cycle 123500000
[PTW] 🔁 Switched page size to 4 KB at cycle 124000000
[PTW] 🔁 Switched page size to 2048 KB at cycle 124500000
[PTW] 🔁 Switched page size to 4 KB at cycle 125000000
[PTW] 🔁 Switched page size to 2048 KB at cycle 125500000
[PTW] 🔁 Switched page size to 4 KB at cycle 126000000
[PTW] 🔁 Switched page size to 2048 KB at cycle 126500000
[PTW] 🔁 Switched page size to 4 KB at cycle 127000000
[PTW] 🔁 Switched page size to 2048 KB at cycle 127500000
[PTW] 🔁 Switched page size to 4 KB at cycle 128000000
[PTW] 🔁 Switched page size to 2048 KB at cycle 128500000
[PTW] 🔁 Switched page size to 4 KB at cycle 129000000
[PTW] 🔁 Switched page size to 2048 KB at cycle 129500000
Heartbeat CPU 0 instructions: 250000002 cycles: 129883163 heartbeat IPC: 0.689814 cumulative IPC: 0.669167 (Simulation time: 2 hr 52 min 30 sec) 
[PTW] 🔁 Switched page size to 4 KB at cycle 130000000
[PTW] 🔁 Switched page size to 2048 KB at cycle 130500000
[PTW] 🔁 Switched page size to 4 KB at cycle 131000000
[PTW] 🔁 Switched page size to 2048 KB at cycle 131500000
[PTW] 🔁 Switched page size to 4 KB at cycle 132000000
[PTW] 🔁 Switched page size to 2048 KB at cycle 132500000
[PTW] 🔁 Switched page size to 4 KB at cycle 133000000
[PTW] 🔁 Switched page size to 2048 KB at cycle 133500000
[PTW] 🔁 Switched page size to 4 KB at cycle 134000000
[PTW] 🔁 Switched page size to 2048 KB at cycle 134500000
[PTW] 🔁 Switched page size to 4 KB at cycle 135000000
[PTW] 🔁 Switched page size to 2048 KB at cycle 135500000
[PTW] 🔁 Switched page size to 4 KB at cycle 136000000
[PTW] 🔁 Switched page size to 2048 KB at cycle 136500000
[PTW] 🔁 Switched page size to 4 KB at cycle 137000000
[PTW] 🔁 Switched page size to 2048 KB at cycle 137500000
[PTW] 🔁 Switched page size to 4 KB at cycle 138000000
Heartbeat CPU 0 instructions: 260000002 cycles: 138057514 heartbeat IPC: 1.22334 cumulative IPC: 0.723815 (Simulation time: 3 hr 1 min 13 sec) 
[PTW] 🔁 Switched page size to 2048 KB at cycle 138500000
[PTW] 🔁 Switched page size to 4 KB at cycle 139000000
[PTW] 🔁 Switched page size to 2048 KB at cycle 139500000
[PTW] 🔁 Switched page size to 4 KB at cycle 140000000
[PTW] 🔁 Switched page size to 2048 KB at cycle 140500000
[PTW] 🔁 Switched page size to 4 KB at cycle 141000000
[PTW] 🔁 Switched page size to 2048 KB at cycle 141500000
[PTW] 🔁 Switched page size to 4 KB at cycle 142000000
[PTW] 🔁 Switched page size to 2048 KB at cycle 142500000
[PTW] 🔁 Switched page size to 4 KB at cycle 143000000
[PTW] 🔁 Switched page size to 2048 KB at cycle 143500000
[PTW] 🔁 Switched page size to 4 KB at cycle 144000000
[PTW] 🔁 Switched page size to 2048 KB at cycle 144500000
[PTW] 🔁 Switched page size to 4 KB at cycle 145000000
[PTW] 🔁 Switched page size to 2048 KB at cycle 145500000
[PTW] 🔁 Switched page size to 4 KB at cycle 146000000
Heartbeat CPU 0 instructions: 270000004 cycles: 146211210 heartbeat IPC: 1.22644 cumulative IPC: 0.768827 (Simulation time: 3 hr 9 min 55 sec) 
[PTW] 🔁 Switched page size to 2048 KB at cycle 146500000
[PTW] 🔁 Switched page size to 4 KB at cycle 147000000
[PTW] 🔁 Switched page size to 2048 KB at cycle 147500000
[PTW] 🔁 Switched page size to 4 KB at cycle 148000000
[PTW] 🔁 Switched page size to 2048 KB at cycle 148500000
[PTW] 🔁 Switched page size to 4 KB at cycle 149000000
[PTW] 🔁 Switched page size to 2048 KB at cycle 149500000
[PTW] 🔁 Switched page size to 4 KB at cycle 150000000
[PTW] 🔁 Switched page size to 2048 KB at cycle 150500000
[PTW] 🔁 Switched page size to 4 KB at cycle 151000000
[PTW] 🔁 Switched page size to 2048 KB at cycle 151500000
[PTW] 🔁 Switched page size to 4 KB at cycle 152000000
[PTW] 🔁 Switched page size to 2048 KB at cycle 152500000
[PTW] 🔁 Switched page size to 4 KB at cycle 153000000
[PTW] 🔁 Switched page size to 2048 KB at cycle 153500000
[PTW] 🔁 Switched page size to 4 KB at cycle 154000000
[PTW] 🔁 Switched page size to 2048 KB at cycle 154500000
[PTW] 🔁 Switched page size to 4 KB at cycle 155000000
[PTW] 🔁 Switched page size to 2048 KB at cycle 155500000
[PTW] 🔁 Switched page size to 4 KB at cycle 156000000
[PTW] 🔁 Switched page size to 2048 KB at cycle 156500000
[PTW] 🔁 Switched page size to 4 KB at cycle 157000000
[PTW] 🔁 Switched page size to 2048 KB at cycle 157500000
[PTW] 🔁 Switched page size to 4 KB at cycle 158000000
Heartbeat CPU 0 instructions: 280000001 cycles: 158036900 heartbeat IPC: 0.845617 cumulative IPC: 0.777654 (Simulation time: 3 hr 20 min 41 sec) 
[PTW] 🔁 Switched page size to 2048 KB at cycle 158500000
[PTW] 🔁 Switched page size to 4 KB at cycle 159000000
[PTW] 🔁 Switched page size to 2048 KB at cycle 159500000
[PTW] 🔁 Switched page size to 4 KB at cycle 160000000
[PTW] 🔁 Switched page size to 2048 KB at cycle 160500000
[PTW] 🔁 Switched page size to 4 KB at cycle 161000000
[PTW] 🔁 Switched page size to 2048 KB at cycle 161500000
[PTW] 🔁 Switched page size to 4 KB at cycle 162000000
[PTW] 🔁 Switched page size to 2048 KB at cycle 162500000
[PTW] 🔁 Switched page size to 4 KB at cycle 163000000
[PTW] 🔁 Switched page size to 2048 KB at cycle 163500000
[PTW] 🔁 Switched page size to 4 KB at cycle 164000000
[PTW] 🔁 Switched page size to 2048 KB at cycle 164500000
[PTW] 🔁 Switched page size to 4 KB at cycle 165000000
[PTW] 🔁 Switched page size to 2048 KB at cycle 165500000
[PTW] 🔁 Switched page size to 4 KB at cycle 166000000
[PTW] 🔁 Switched page size to 2048 KB at cycle 166500000
[PTW] 🔁 Switched page size to 4 KB at cycle 167000000
[PTW] 🔁 Switched page size to 2048 KB at cycle 167500000
[PTW] 🔁 Switched page size to 4 KB at cycle 168000000
[PTW] 🔁 Switched page size to 2048 KB at cycle 168500000
[PTW] 🔁 Switched page size to 4 KB at cycle 169000000
[PTW] 🔁 Switched page size to 2048 KB at cycle 169500000
Heartbeat CPU 0 instructions: 290000003 cycles: 169867047 heartbeat IPC: 0.845299 cumulative IPC: 0.784631 (Simulation time: 3 hr 31 min 34 sec) 
[PTW] 🔁 Switched page size to 4 KB at cycle 170000000
[PTW] 🔁 Switched page size to 2048 KB at cycle 170500000
[PTW] 🔁 Switched page size to 4 KB at cycle 171000000
[PTW] 🔁 Switched page size to 2048 KB at cycle 171500000
[PTW] 🔁 Switched page size to 4 KB at cycle 172000000
[PTW] 🔁 Switched page size to 2048 KB at cycle 172500000
[PTW] 🔁 Switched page size to 4 KB at cycle 173000000
[PTW] 🔁 Switched page size to 2048 KB at cycle 173500000
[PTW] 🔁 Switched page size to 4 KB at cycle 174000000
[PTW] 🔁 Switched page size to 2048 KB at cycle 174500000
[PTW] 🔁 Switched page size to 4 KB at cycle 175000000
[PTW] 🔁 Switched page size to 2048 KB at cycle 175500000
[PTW] 🔁 Switched page size to 4 KB at cycle 176000000
[PTW] 🔁 Switched page size to 2048 KB at cycle 176500000
[PTW] 🔁 Switched page size to 4 KB at cycle 177000000
[PTW] 🔁 Switched page size to 2048 KB at cycle 177500000
[PTW] 🔁 Switched page size to 4 KB at cycle 178000000
[PTW] 🔁 Switched page size to 2048 KB at cycle 178500000
[PTW] 🔁 Switched page size to 4 KB at cycle 179000000
[PTW] 🔁 Switched page size to 2048 KB at cycle 179500000
[PTW] 🔁 Switched page size to 4 KB at cycle 180000000
[PTW] 🔁 Switched page size to 2048 KB at cycle 180500000
[PTW] 🔁 Switched page size to 4 KB at cycle 181000000
[PTW] 🔁 Switched page size to 2048 KB at cycle 181500000
[PTW] 🔁 Switched page size to 4 KB at cycle 182000000
[PTW] 🔁 Switched page size to 2048 KB at cycle 182500000
[PTW] 🔁 Switched page size to 4 KB at cycle 183000000
[PTW] 🔁 Switched page size to 2048 KB at cycle 183500000
[PTW] 🔁 Switched page size to 4 KB at cycle 184000000
[PTW] 🔁 Switched page size to 2048 KB at cycle 184500000
[PTW] 🔁 Switched page size to 4 KB at cycle 185000000
[PTW] 🔁 Switched page size to 2048 KB at cycle 185500000
[PTW] 🔁 Switched page size to 4 KB at cycle 186000000
[PTW] 🔁 Switched page size to 2048 KB at cycle 186500000
[PTW] 🔁 Switched page size to 4 KB at cycle 187000000
[PTW] 🔁 Switched page size to 2048 KB at cycle 187500000
[PTW] 🔁 Switched page size to 4 KB at cycle 188000000
[PTW] 🔁 Switched page size to 2048 KB at cycle 188500000
Heartbeat CPU 0 instructions: 300000004 cycles: 188950766 heartbeat IPC: 0.524007 cumulative IPC: 0.747455 (Simulation time: 3 hr 51 min 46 sec) 
[PTW] 🔁 Switched page size to 4 KB at cycle 189000000
[PTW] 🔁 Switched page size to 2048 KB at cycle 189500000
[PTW] 🔁 Switched page size to 4 KB at cycle 190000000
[PTW] 🔁 Switched page size to 2048 KB at cycle 190500000
[PTW] 🔁 Switched page size to 4 KB at cycle 191000000
[PTW] 🔁 Switched page size to 2048 KB at cycle 191500000
[PTW] 🔁 Switched page size to 4 KB at cycle 192000000
[PTW] 🔁 Switched page size to 2048 KB at cycle 192500000
[PTW] 🔁 Switched page size to 4 KB at cycle 193000000
[PTW] 🔁 Switched page size to 2048 KB at cycle 193500000
[PTW] 🔁 Switched page size to 4 KB at cycle 194000000
[PTW] 🔁 Switched page size to 2048 KB at cycle 194500000
[PTW] 🔁 Switched page size to 4 KB at cycle 195000000
[PTW] 🔁 Switched page size to 2048 KB at cycle 195500000
[PTW] 🔁 Switched page size to 4 KB at cycle 196000000
[PTW] 🔁 Switched page size to 2048 KB at cycle 196500000
[PTW] 🔁 Switched page size to 4 KB at cycle 197000000
[PTW] 🔁 Switched page size to 2048 KB at cycle 197500000
[PTW] 🔁 Switched page size to 4 KB at cycle 198000000
[PTW] 🔁 Switched page size to 2048 KB at cycle 198500000
[PTW] 🔁 Switched page size to 4 KB at cycle 199000000
[PTW] 🔁 Switched page size to 2048 KB at cycle 199500000
[PTW] 🔁 Switched page size to 4 KB at cycle 200000000
[PTW] 🔁 Switched page size to 2048 KB at cycle 200500000
[PTW] 🔁 Switched page size to 4 KB at cycle 201000000
[PTW] 🔁 Switched page size to 2048 KB at cycle 201500000
[PTW] 🔁 Switched page size to 4 KB at cycle 202000000
[PTW] 🔁 Switched page size to 2048 KB at cycle 202500000
[PTW] 🔁 Switched page size to 4 KB at cycle 203000000
[PTW] 🔁 Switched page size to 2048 KB at cycle 203500000
[PTW] 🔁 Switched page size to 4 KB at cycle 204000000
[PTW] 🔁 Switched page size to 2048 KB at cycle 204500000
[PTW] 🔁 Switched page size to 4 KB at cycle 205000000
[PTW] 🔁 Switched page size to 2048 KB at cycle 205500000
[PTW] 🔁 Switched page size to 4 KB at cycle 206000000
[PTW] 🔁 Switched page size to 2048 KB at cycle 206500000
[PTW] 🔁 Switched page size to 4 KB at cycle 207000000
[PTW] 🔁 Switched page size to 2048 KB at cycle 207500000
[PTW] 🔁 Switched page size to 4 KB at cycle 208000000
[PTW] 🔁 Switched page size to 2048 KB at cycle 208500000
[PTW] 🔁 Switched page size to 4 KB at cycle 209000000
[PTW] 🔁 Switched page size to 2048 KB at cycle 209500000
[PTW] 🔁 Switched page size to 4 KB at cycle 210000000
Heartbeat CPU 0 instructions: 310000002 cycles: 210279077 heartbeat IPC: 0.468861 cumulative IPC: 0.709149 (Simulation time: 4 hr 12 min 40 sec) 
[PTW] 🔁 Switched page size to 2048 KB at cycle 210500000
[PTW] 🔁 Switched page size to 4 KB at cycle 211000000
[PTW] 🔁 Switched page size to 2048 KB at cycle 211500000
[PTW] 🔁 Switched page size to 4 KB at cycle 212000000
[PTW] 🔁 Switched page size to 2048 KB at cycle 212500000
[PTW] 🔁 Switched page size to 4 KB at cycle 213000000
[PTW] 🔁 Switched page size to 2048 KB at cycle 213500000
[PTW] 🔁 Switched page size to 4 KB at cycle 214000000
[PTW] 🔁 Switched page size to 2048 KB at cycle 214500000
[PTW] 🔁 Switched page size to 4 KB at cycle 215000000
[PTW] 🔁 Switched page size to 2048 KB at cycle 215500000
[PTW] 🔁 Switched page size to 4 KB at cycle 216000000
[PTW] 🔁 Switched page size to 2048 KB at cycle 216500000
[PTW] 🔁 Switched page size to 4 KB at cycle 217000000
[PTW] 🔁 Switched page size to 2048 KB at cycle 217500000
[PTW] 🔁 Switched page size to 4 KB at cycle 218000000
[PTW] 🔁 Switched page size to 2048 KB at cycle 218500000
[PTW] 🔁 Switched page size to 4 KB at cycle 219000000
[PTW] 🔁 Switched page size to 2048 KB at cycle 219500000
[PTW] 🔁 Switched page size to 4 KB at cycle 220000000
[PTW] 🔁 Switched page size to 2048 KB at cycle 220500000
[PTW] 🔁 Switched page size to 4 KB at cycle 221000000
[PTW] 🔁 Switched page size to 2048 KB at cycle 221500000
[PTW] 🔁 Switched page size to 4 KB at cycle 222000000
[PTW] 🔁 Switched page size to 2048 KB at cycle 222500000
[PTW] 🔁 Switched page size to 4 KB at cycle 223000000
[PTW] 🔁 Switched page size to 2048 KB at cycle 223500000
[PTW] 🔁 Switched page size to 4 KB at cycle 224000000
[PTW] 🔁 Switched page size to 2048 KB at cycle 224500000
[PTW] 🔁 Switched page size to 4 KB at cycle 225000000
Heartbeat CPU 0 instructions: 320000001 cycles: 225245567 heartbeat IPC: 0.66816 cumulative IPC: 0.705542 (Simulation time: 4 hr 23 min 53 sec) 
[PTW] 🔁 Switched page size to 2048 KB at cycle 225500000
[PTW] 🔁 Switched page size to 4 KB at cycle 226000000
[PTW] 🔁 Switched page size to 2048 KB at cycle 226500000
[PTW] 🔁 Switched page size to 4 KB at cycle 227000000
[PTW] 🔁 Switched page size to 2048 KB at cycle 227500000
[PTW] 🔁 Switched page size to 4 KB at cycle 228000000
[PTW] 🔁 Switched page size to 2048 KB at cycle 228500000
[PTW] 🔁 Switched page size to 4 KB at cycle 229000000
[PTW] 🔁 Switched page size to 2048 KB at cycle 229500000
[PTW] 🔁 Switched page size to 4 KB at cycle 230000000
[PTW] 🔁 Switched page size to 2048 KB at cycle 230500000
[PTW] 🔁 Switched page size to 4 KB at cycle 231000000
[PTW] 🔁 Switched page size to 2048 KB at cycle 231500000
[PTW] 🔁 Switched page size to 4 KB at cycle 232000000
[PTW] 🔁 Switched page size to 2048 KB at cycle 232500000
[PTW] 🔁 Switched page size to 4 KB at cycle 233000000
[PTW] 🔁 Switched page size to 2048 KB at cycle 233500000
[PTW] 🔁 Switched page size to 4 KB at cycle 234000000
[PTW] 🔁 Switched page size to 2048 KB at cycle 234500000
[PTW] 🔁 Switched page size to 4 KB at cycle 235000000
[PTW] 🔁 Switched page size to 2048 KB at cycle 235500000
[PTW] 🔁 Switched page size to 4 KB at cycle 236000000
[PTW] 🔁 Switched page size to 2048 KB at cycle 236500000
[PTW] 🔁 Switched page size to 4 KB at cycle 237000000
[PTW] 🔁 Switched page size to 2048 KB at cycle 237500000
[PTW] 🔁 Switched page size to 4 KB at cycle 238000000
[PTW] 🔁 Switched page size to 2048 KB at cycle 238500000
[PTW] 🔁 Switched page size to 4 KB at cycle 239000000
[PTW] 🔁 Switched page size to 2048 KB at cycle 239500000
[PTW] 🔁 Switched page size to 4 KB at cycle 240000000
[PTW] 🔁 Switched page size to 2048 KB at cycle 240500000
[PTW] 🔁 Switched page size to 4 KB at cycle 241000000
[PTW] 🔁 Switched page size to 2048 KB at cycle 241500000
[PTW] 🔁 Switched page size to 4 KB at cycle 242000000
Heartbeat CPU 0 instructions: 330000004 cycles: 242055660 heartbeat IPC: 0.594881 cumulative IPC: 0.695588 (Simulation time: 4 hr 36 min 14 sec) 
[PTW] 🔁 Switched page size to 2048 KB at cycle 242500000
[PTW] 🔁 Switched page size to 4 KB at cycle 243000000
[PTW] 🔁 Switched page size to 2048 KB at cycle 243500000
[PTW] 🔁 Switched page size to 4 KB at cycle 244000000
[PTW] 🔁 Switched page size to 2048 KB at cycle 244500000
[PTW] 🔁 Switched page size to 4 KB at cycle 245000000
[PTW] 🔁 Switched page size to 2048 KB at cycle 245500000
[PTW] 🔁 Switched page size to 4 KB at cycle 246000000
[PTW] 🔁 Switched page size to 2048 KB at cycle 246500000
[PTW] 🔁 Switched page size to 4 KB at cycle 247000000
[PTW] 🔁 Switched page size to 2048 KB at cycle 247500000
[PTW] 🔁 Switched page size to 4 KB at cycle 248000000
[PTW] 🔁 Switched page size to 2048 KB at cycle 248500000
[PTW] 🔁 Switched page size to 4 KB at cycle 249000000
[PTW] 🔁 Switched page size to 2048 KB at cycle 249500000
[PTW] 🔁 Switched page size to 4 KB at cycle 250000000
[PTW] 🔁 Switched page size to 2048 KB at cycle 250500000
[PTW] 🔁 Switched page size to 4 KB at cycle 251000000
[PTW] 🔁 Switched page size to 2048 KB at cycle 251500000
[PTW] 🔁 Switched page size to 4 KB at cycle 252000000
[PTW] 🔁 Switched page size to 2048 KB at cycle 252500000
[PTW] 🔁 Switched page size to 4 KB at cycle 253000000
[PTW] 🔁 Switched page size to 2048 KB at cycle 253500000
Heartbeat CPU 0 instructions: 340000004 cycles: 253513237 heartbeat IPC: 0.872785 cumulative IPC: 0.705824 (Simulation time: 4 hr 46 min 49 sec) 
[PTW] 🔁 Switched page size to 4 KB at cycle 254000000
[PTW] 🔁 Switched page size to 2048 KB at cycle 254500000
[PTW] 🔁 Switched page size to 4 KB at cycle 255000000
[PTW] 🔁 Switched page size to 2048 KB at cycle 255500000
[PTW] 🔁 Switched page size to 4 KB at cycle 256000000
[PTW] 🔁 Switched page size to 2048 KB at cycle 256500000
[PTW] 🔁 Switched page size to 4 KB at cycle 257000000
[PTW] 🔁 Switched page size to 2048 KB at cycle 257500000
[PTW] 🔁 Switched page size to 4 KB at cycle 258000000
[PTW] 🔁 Switched page size to 2048 KB at cycle 258500000
[PTW] 🔁 Switched page size to 4 KB at cycle 259000000
[PTW] 🔁 Switched page size to 2048 KB at cycle 259500000
[PTW] 🔁 Switched page size to 4 KB at cycle 260000000
[PTW] 🔁 Switched page size to 2048 KB at cycle 260500000
[PTW] 🔁 Switched page size to 4 KB at cycle 261000000
[PTW] 🔁 Switched page size to 2048 KB at cycle 261500000
[PTW] 🔁 Switched page size to 4 KB at cycle 262000000
[PTW] 🔁 Switched page size to 2048 KB at cycle 262500000
[PTW] 🔁 Switched page size to 4 KB at cycle 263000000
[PTW] 🔁 Switched page size to 2048 KB at cycle 263500000
[PTW] 🔁 Switched page size to 4 KB at cycle 264000000
[PTW] 🔁 Switched page size to 2048 KB at cycle 264500000
[PTW] 🔁 Switched page size to 4 KB at cycle 265000000
[PTW] 🔁 Switched page size to 2048 KB at cycle 265500000
[PTW] 🔁 Switched page size to 4 KB at cycle 266000000
Heartbeat CPU 0 instructions: 350000002 cycles: 266112869 heartbeat IPC: 0.793674 cumulative IPC: 0.711071 (Simulation time: 4 hr 58 min 8 sec) 
[PTW] 🔁 Switched page size to 2048 KB at cycle 266500000
[PTW] 🔁 Switched page size to 4 KB at cycle 267000000
[PTW] 🔁 Switched page size to 2048 KB at cycle 267500000
[PTW] 🔁 Switched page size to 4 KB at cycle 268000000
[PTW] 🔁 Switched page size to 2048 KB at cycle 268500000
[PTW] 🔁 Switched page size to 4 KB at cycle 269000000
[PTW] 🔁 Switched page size to 2048 KB at cycle 269500000
[PTW] 🔁 Switched page size to 4 KB at cycle 270000000
[PTW] 🔁 Switched page size to 2048 KB at cycle 270500000
[PTW] 🔁 Switched page size to 4 KB at cycle 271000000
[PTW] 🔁 Switched page size to 2048 KB at cycle 271500000
[PTW] 🔁 Switched page size to 4 KB at cycle 272000000
[PTW] 🔁 Switched page size to 2048 KB at cycle 272500000
[PTW] 🔁 Switched page size to 4 KB at cycle 273000000
[PTW] 🔁 Switched page size to 2048 KB at cycle 273500000
[PTW] 🔁 Switched page size to 4 KB at cycle 274000000
[PTW] 🔁 Switched page size to 2048 KB at cycle 274500000
[PTW] 🔁 Switched page size to 4 KB at cycle 275000000
[PTW] 🔁 Switched page size to 2048 KB at cycle 275500000
[PTW] 🔁 Switched page size to 4 KB at cycle 276000000
[PTW] 🔁 Switched page size to 2048 KB at cycle 276500000
[PTW] 🔁 Switched page size to 4 KB at cycle 277000000
[PTW] 🔁 Switched page size to 2048 KB at cycle 277500000
[PTW] 🔁 Switched page size to 4 KB at cycle 278000000
[PTW] 🔁 Switched page size to 2048 KB at cycle 278500000
[PTW] 🔁 Switched page size to 4 KB at cycle 279000000
[PTW] 🔁 Switched page size to 2048 KB at cycle 279500000
[PTW] 🔁 Switched page size to 4 KB at cycle 280000000
[PTW] 🔁 Switched page size to 2048 KB at cycle 280500000
[PTW] 🔁 Switched page size to 4 KB at cycle 281000000
[PTW] 🔁 Switched page size to 2048 KB at cycle 281500000
Heartbeat CPU 0 instructions: 360000000 cycles: 281972672 heartbeat IPC: 0.630525 cumulative IPC: 0.705439 (Simulation time: 5 hr 13 min 17 sec) 
[PTW] 🔁 Switched page size to 4 KB at cycle 282000000
[PTW] 🔁 Switched page size to 2048 KB at cycle 282500000
[PTW] 🔁 Switched page size to 4 KB at cycle 283000000
[PTW] 🔁 Switched page size to 2048 KB at cycle 283500000
[PTW] 🔁 Switched page size to 4 KB at cycle 284000000
[PTW] 🔁 Switched page size to 2048 KB at cycle 284500000
[PTW] 🔁 Switched page size to 4 KB at cycle 285000000
[PTW] 🔁 Switched page size to 2048 KB at cycle 285500000
[PTW] 🔁 Switched page size to 4 KB at cycle 286000000
[PTW] 🔁 Switched page size to 2048 KB at cycle 286500000
[PTW] 🔁 Switched page size to 4 KB at cycle 287000000
[PTW] 🔁 Switched page size to 2048 KB at cycle 287500000
[PTW] 🔁 Switched page size to 4 KB at cycle 288000000
[PTW] 🔁 Switched page size to 2048 KB at cycle 288500000
[PTW] 🔁 Switched page size to 4 KB at cycle 289000000
[PTW] 🔁 Switched page size to 2048 KB at cycle 289500000
[PTW] 🔁 Switched page size to 4 KB at cycle 290000000
[PTW] 🔁 Switched page size to 2048 KB at cycle 290500000
[PTW] 🔁 Switched page size to 4 KB at cycle 291000000
[PTW] 🔁 Switched page size to 2048 KB at cycle 291500000
[PTW] 🔁 Switched page size to 4 KB at cycle 292000000
[PTW] 🔁 Switched page size to 2048 KB at cycle 292500000
[PTW] 🔁 Switched page size to 4 KB at cycle 293000000
[PTW] 🔁 Switched page size to 2048 KB at cycle 293500000
[PTW] 🔁 Switched page size to 4 KB at cycle 294000000
[PTW] 🔁 Switched page size to 2048 KB at cycle 294500000
[PTW] 🔁 Switched page size to 4 KB at cycle 295000000
[PTW] 🔁 Switched page size to 2048 KB at cycle 295500000
[PTW] 🔁 Switched page size to 4 KB at cycle 296000000
[PTW] 🔁 Switched page size to 2048 KB at cycle 296500000
[PTW] 🔁 Switched page size to 4 KB at cycle 297000000
[PTW] 🔁 Switched page size to 2048 KB at cycle 297500000
[PTW] 🔁 Switched page size to 4 KB at cycle 298000000
[PTW] 🔁 Switched page size to 2048 KB at cycle 298500000
[PTW] 🔁 Switched page size to 4 KB at cycle 299000000
[PTW] 🔁 Switched page size to 2048 KB at cycle 299500000
[PTW] 🔁 Switched page size to 4 KB at cycle 300000000
[PTW] 🔁 Switched page size to 2048 KB at cycle 300500000
[PTW] 🔁 Switched page size to 4 KB at cycle 301000000
[PTW] 🔁 Switched page size to 2048 KB at cycle 301500000
[PTW] 🔁 Switched page size to 4 KB at cycle 302000000
[PTW] 🔁 Switched page size to 2048 KB at cycle 302500000
[PTW] 🔁 Switched page size to 4 KB at cycle 303000000
[PTW] 🔁 Switched page size to 2048 KB at cycle 303500000
Heartbeat CPU 0 instructions: 370000003 cycles: 303948747 heartbeat IPC: 0.455041 cumulative IPC: 0.68332 (Simulation time: 5 hr 34 min 52 sec) 
[PTW] 🔁 Switched page size to 4 KB at cycle 304000000
[PTW] 🔁 Switched page size to 2048 KB at cycle 304500000
[PTW] 🔁 Switched page size to 4 KB at cycle 305000000
[PTW] 🔁 Switched page size to 2048 KB at cycle 305500000
[PTW] 🔁 Switched page size to 4 KB at cycle 306000000
[PTW] 🔁 Switched page size to 2048 KB at cycle 306500000
[PTW] 🔁 Switched page size to 4 KB at cycle 307000000
[PTW] 🔁 Switched page size to 2048 KB at cycle 307500000
[PTW] 🔁 Switched page size to 4 KB at cycle 308000000
[PTW] 🔁 Switched page size to 2048 KB at cycle 308500000
[PTW] 🔁 Switched page size to 4 KB at cycle 309000000
[PTW] 🔁 Switched page size to 2048 KB at cycle 309500000
[PTW] 🔁 Switched page size to 4 KB at cycle 310000000
[PTW] 🔁 Switched page size to 2048 KB at cycle 310500000
[PTW] 🔁 Switched page size to 4 KB at cycle 311000000
[PTW] 🔁 Switched page size to 2048 KB at cycle 311500000
[PTW] 🔁 Switched page size to 4 KB at cycle 312000000
[PTW] 🔁 Switched page size to 2048 KB at cycle 312500000
[PTW] 🔁 Switched page size to 4 KB at cycle 313000000
[PTW] 🔁 Switched page size to 2048 KB at cycle 313500000
[PTW] 🔁 Switched page size to 4 KB at cycle 314000000
[PTW] 🔁 Switched page size to 2048 KB at cycle 314500000
[PTW] 🔁 Switched page size to 4 KB at cycle 315000000
[PTW] 🔁 Switched page size to 2048 KB at cycle 315500000
[PTW] 🔁 Switched page size to 4 KB at cycle 316000000
[PTW] 🔁 Switched page size to 2048 KB at cycle 316500000
[PTW] 🔁 Switched page size to 4 KB at cycle 317000000
[PTW] 🔁 Switched page size to 2048 KB at cycle 317500000
[PTW] 🔁 Switched page size to 4 KB at cycle 318000000
[PTW] 🔁 Switched page size to 2048 KB at cycle 318500000
[PTW] 🔁 Switched page size to 4 KB at cycle 319000000
[PTW] 🔁 Switched page size to 2048 KB at cycle 319500000
[PTW] 🔁 Switched page size to 4 KB at cycle 320000000
[PTW] 🔁 Switched page size to 2048 KB at cycle 320500000
Heartbeat CPU 0 instructions: 380000000 cycles: 320889648 heartbeat IPC: 0.590288 cumulative IPC: 0.677389 (Simulation time: 5 hr 47 min 59 sec) 
[PTW] 🔁 Switched page size to 4 KB at cycle 321000000
[PTW] 🔁 Switched page size to 2048 KB at cycle 321500000
[PTW] 🔁 Switched page size to 4 KB at cycle 322000000
[PTW] 🔁 Switched page size to 2048 KB at cycle 322500000
[PTW] 🔁 Switched page size to 4 KB at cycle 323000000
[PTW] 🔁 Switched page size to 2048 KB at cycle 323500000
[PTW] 🔁 Switched page size to 4 KB at cycle 324000000
[PTW] 🔁 Switched page size to 2048 KB at cycle 324500000
[PTW] 🔁 Switched page size to 4 KB at cycle 325000000
[PTW] 🔁 Switched page size to 2048 KB at cycle 325500000
[PTW] 🔁 Switched page size to 4 KB at cycle 326000000
[PTW] 🔁 Switched page size to 2048 KB at cycle 326500000
[PTW] 🔁 Switched page size to 4 KB at cycle 327000000
[PTW] 🔁 Switched page size to 2048 KB at cycle 327500000
[PTW] 🔁 Switched page size to 4 KB at cycle 328000000
[PTW] 🔁 Switched page size to 2048 KB at cycle 328500000
[PTW] 🔁 Switched page size to 4 KB at cycle 329000000
[PTW] 🔁 Switched page size to 2048 KB at cycle 329500000
[PTW] 🔁 Switched page size to 4 KB at cycle 330000000
[PTW] 🔁 Switched page size to 2048 KB at cycle 330500000
[PTW] 🔁 Switched page size to 4 KB at cycle 331000000
[PTW] 🔁 Switched page size to 2048 KB at cycle 331500000
[PTW] 🔁 Switched page size to 4 KB at cycle 332000000
[PTW] 🔁 Switched page size to 2048 KB at cycle 332500000
[PTW] 🔁 Switched page size to 4 KB at cycle 333000000
[PTW] 🔁 Switched page size to 2048 KB at cycle 333500000
[PTW] 🔁 Switched page size to 4 KB at cycle 334000000
[PTW] 🔁 Switched page size to 2048 KB at cycle 334500000
[PTW] 🔁 Switched page size to 4 KB at cycle 335000000
[PTW] 🔁 Switched page size to 2048 KB at cycle 335500000
[PTW] 🔁 Switched page size to 4 KB at cycle 336000000
[PTW] 🔁 Switched page size to 2048 KB at cycle 336500000
[PTW] 🔁 Switched page size to 4 KB at cycle 337000000
Heartbeat CPU 0 instructions: 390000002 cycles: 337220203 heartbeat IPC: 0.61235 cumulative IPC: 0.673624 (Simulation time: 5 hr 59 min 53 sec) 
[PTW] 🔁 Switched page size to 2048 KB at cycle 337500000
[PTW] 🔁 Switched page size to 4 KB at cycle 338000000
[PTW] 🔁 Switched page size to 2048 KB at cycle 338500000
[PTW] 🔁 Switched page size to 4 KB at cycle 339000000
[PTW] 🔁 Switched page size to 2048 KB at cycle 339500000
[PTW] 🔁 Switched page size to 4 KB at cycle 340000000
[PTW] 🔁 Switched page size to 2048 KB at cycle 340500000
[PTW] 🔁 Switched page size to 4 KB at cycle 341000000
[PTW] 🔁 Switched page size to 2048 KB at cycle 341500000
[PTW] 🔁 Switched page size to 4 KB at cycle 342000000
[PTW] 🔁 Switched page size to 2048 KB at cycle 342500000
[PTW] 🔁 Switched page size to 4 KB at cycle 343000000
[PTW] 🔁 Switched page size to 2048 KB at cycle 343500000
[PTW] 🔁 Switched page size to 4 KB at cycle 344000000
[PTW] 🔁 Switched page size to 2048 KB at cycle 344500000
[PTW] 🔁 Switched page size to 4 KB at cycle 345000000
[PTW] 🔁 Switched page size to 2048 KB at cycle 345500000
[PTW] 🔁 Switched page size to 4 KB at cycle 346000000
[PTW] 🔁 Switched page size to 2048 KB at cycle 346500000
[PTW] 🔁 Switched page size to 4 KB at cycle 347000000
[PTW] 🔁 Switched page size to 2048 KB at cycle 347500000
[PTW] 🔁 Switched page size to 4 KB at cycle 348000000
[PTW] 🔁 Switched page size to 2048 KB at cycle 348500000
[PTW] 🔁 Switched page size to 4 KB at cycle 349000000
[PTW] 🔁 Switched page size to 2048 KB at cycle 349500000
[PTW] 🔁 Switched page size to 4 KB at cycle 350000000
[PTW] 🔁 Switched page size to 2048 KB at cycle 350500000
[PTW] 🔁 Switched page size to 4 KB at cycle 351000000
[PTW] 🔁 Switched page size to 2048 KB at cycle 351500000
[PTW] 🔁 Switched page size to 4 KB at cycle 352000000
[PTW] 🔁 Switched page size to 2048 KB at cycle 352500000
[PTW] 🔁 Switched page size to 4 KB at cycle 353000000
[PTW] 🔁 Switched page size to 2048 KB at cycle 353500000
[PTW] 🔁 Switched page size to 4 KB at cycle 354000000
[PTW] 🔁 Switched page size to 2048 KB at cycle 354500000
[PTW] 🔁 Switched page size to 4 KB at cycle 355000000
[PTW] 🔁 Switched page size to 2048 KB at cycle 355500000
[PTW] 🔁 Switched page size to 4 KB at cycle 356000000
[PTW] 🔁 Switched page size to 2048 KB at cycle 356500000
[PTW] 🔁 Switched page size to 4 KB at cycle 357000000
Heartbeat CPU 0 instructions: 400000004 cycles: 357179449 heartbeat IPC: 0.501022 cumulative IPC: 0.662217 (Simulation time: 6 hr 16 min 20 sec) 
Max paddr 33M
Simulation finished CPU 0 instructions: 200000004 cycles: 302016082 cumulative IPC: 0.662217 (Simulation time: 6 hr 16 min 20 sec) 

Simulation complete CPU 0 instructions: 200000004 cycles: 302016082 (Simulation time: 6 hr 16 min 20 sec) 


ChampSim completed all CPUs

[
  {
    "name": "Simulation",
    "traces": [
      "../traces/462.libquantum-714B.champsimtrace.xz"
    ],
    "roi": {
      "cores": [
        {
          "instructions": 200000004,
          "cycles": 302016082,
          "Avg ROB occupancy at mispredict": 64.2213, 
          "mispredict": {
            "BRANCH_DIRECT_JUMP": 1,
            "BRANCH_INDIRECT": 2,
            "BRANCH_CONDITIONAL": 901243,
            "BRANCH_DIRECT_CALL": 4,
            "BRANCH_INDIRECT_CALL": 0,
            "BRANCH_RETURN": 5
          }
        }
      ],
      "cpu0_L1I": {
        "LOAD": {
          "hit":5,
          "miss":5
        },
        "RFO": {
          "hit":0,
          "miss":0
        },
        "PREFETCH": {
          "hit":0,
          "miss":0
        },
        "WRITE": {
          "hit":0,
          "miss":0
        },
        "TRANSLATION": {
          "hit":0,
          "miss":0
        },
        "mshr full": 0,
        "prefetch requested": 0,
        "prefetch issued": 0,
        "prefetch filled": 0,
        "prefetch useful": 0,
        "prefetch useless": 0,
        "prefetch late": 0,
        "pf_useful_at_l2_from_l1":          0,
        "pf_late_at_l2_from_l1":          0,
        "pf_useless_at_l2_from_l1":          0,
        "pf_at_l2_to_l1":          0,
        "pf_fill_this_level":          0,
        "miss latency": 14.6751,
        "cache queues": {
          "PQ_ACCESS": 0,
          "PQ_FULL": 0,
          "PQ_TO_CACHE": 0,
          "PQ_MERGED": 0,
          "RQ_ACCESS": 10,
          "RQ_MERGED": 0,
          "RQ_FULL": 0,
          "WQ_ACCESS": 0,
          "WQ_MERGED": 0,
          "WQ_FULL": 0
        }
      },
      "cpu0_ITLB": {
        "LOAD": {
          "hit":10,
          "miss":0
        },
        "RFO": {
          "hit":0,
          "miss":0
        },
        "PREFETCH": {
          "hit":0,
          "miss":0
        },
        "WRITE": {
          "hit":0,
          "miss":0
        },
        "TRANSLATION": {
          "hit":0,
          "miss":0
        },
        "mshr full": 0,
        "prefetch requested": 0,
        "prefetch issued": 0,
        "prefetch filled": 0,
        "prefetch useful": 0,
        "prefetch useless": 0,
        "prefetch late": 0,
        "pf_useful_at_l2_from_l1":          0,
        "pf_late_at_l2_from_l1":          0,
        "pf_useless_at_l2_from_l1":          0,
        "pf_at_l2_to_l1":          0,
        "pf_fill_this_level":          0,
        "miss latency": null,
        "cache queues": {
          "PQ_ACCESS": 0,
          "PQ_FULL": 0,
          "PQ_TO_CACHE": 0,
          "PQ_MERGED": 0,
          "RQ_ACCESS": 10,
          "RQ_MERGED": 0,
          "RQ_FULL": 0,
          "WQ_ACCESS": 0,
          "WQ_MERGED": 0,
          "WQ_FULL": 0
        }
      },
      "cpu0_DTLB": {
        "LOAD": {
          "hit":61287972,
          "miss":434253
        },
        "RFO": {
          "hit":0,
          "miss":0
        },
        "PREFETCH": {
          "hit":0,
          "miss":0
        },
        "WRITE": {
          "hit":0,
          "miss":0
        },
        "TRANSLATION": {
          "hit":0,
          "miss":0
        },
        "mshr full": 0,
        "prefetch requested": 0,
        "prefetch issued": 0,
        "prefetch filled": 0,
        "prefetch useful": 0,
        "prefetch useless": 0,
        "prefetch late": 0,
        "pf_useful_at_l2_from_l1":          0,
        "pf_late_at_l2_from_l1":          0,
        "pf_useless_at_l2_from_l1":          0,
        "pf_at_l2_to_l1":          0,
        "pf_fill_this_level":          0,
        "miss latency": 0.192273,
        "cache queues": {
          "PQ_ACCESS": 0,
          "PQ_FULL": 0,
          "PQ_TO_CACHE": 0,
          "PQ_MERGED": 0,
          "RQ_ACCESS": 61722227,
          "RQ_MERGED": 0,
          "RQ_FULL": 0,
          "WQ_ACCESS": 0,
          "WQ_MERGED": 0,
          "WQ_FULL": 0
        }
      },
      "cpu0_STLB": {
        "LOAD": {
          "hit":0,
          "miss":80468
        },
        "RFO": {
          "hit":0,
          "miss":0
        },
        "PREFETCH": {
          "hit":0,
          "miss":0
        },
        "WRITE": {
          "hit":0,
          "miss":0
        },
        "TRANSLATION": {
          "hit":0,
          "miss":0
        },
        "mshr full": 0,
        "prefetch requested": 0,
        "prefetch issued": 0,
        "prefetch filled": 0,
        "prefetch useful": 0,
        "prefetch useless": 0,
        "prefetch late": 0,
        "pf_useful_at_l2_from_l1":          0,
        "pf_late_at_l2_from_l1":          0,
        "pf_useless_at_l2_from_l1":          0,
        "pf_at_l2_to_l1":          0,
        "pf_fill_this_level":          0,
        "miss latency": 0.52378,
        "cache queues": {
          "PQ_ACCESS": 0,
          "PQ_FULL": 0,
          "PQ_TO_CACHE": 0,
          "PQ_MERGED": 0,
          "RQ_ACCESS": 80468,
          "RQ_MERGED": 0,
          "RQ_FULL": 0,
          "WQ_ACCESS": 0,
          "WQ_MERGED": 0,
          "WQ_FULL": 0
        }
      },
      "cpu0_L1D": {
        "LOAD": {
          "hit":37025823,
          "miss":14796158
        },
        "RFO": {
          "hit":0,
          "miss":0
        },
        "PREFETCH": {
          "hit":0,
          "miss":1993581
        },
        "WRITE": {
          "hit":12861467,
          "miss":116
        },
        "TRANSLATION": {
          "hit":80291,
          "miss":177
        },
        "mshr full": 38,
        "prefetch requested": 1993571,
        "prefetch issued": 1993571,
        "prefetch filled": 839279,
        "prefetch useful": 1921243,
        "prefetch useless": 0,
        "prefetch late": 1081950,
        "pf_useful_at_l2_from_l1":          0,
        "pf_late_at_l2_from_l1":          0,
        "pf_useless_at_l2_from_l1":          0,
        "pf_at_l2_to_l1":          0,
        "pf_fill_this_level":     839279,
        "miss latency": 10.1817,
        "cache queues": {
          "PQ_ACCESS": 1993571,
          "PQ_FULL": 0,
          "PQ_TO_CACHE": 1993571,
          "PQ_MERGED": 0,
          "RQ_ACCESS": 61784092,
          "RQ_MERGED": 9962103,
          "RQ_FULL": 0,
          "WQ_ACCESS": 12861585,
          "WQ_MERGED": 0,
          "WQ_FULL": 0
        }
      },
      "cpu0_L2C": {
        "LOAD": {
          "hit":0,
          "miss":3227465
        },
        "RFO": {
          "hit":0,
          "miss":39
        },
        "PREFETCH": {
          "hit":0,
          "miss":1921228
        },
        "WRITE": {
          "hit":3462372,
          "miss":0
        },
        "TRANSLATION": {
          "hit":0,
          "miss":177
        },
        "mshr full": 0,
        "prefetch requested": 0,
        "prefetch issued": 0,
        "prefetch filled": 1921229,
        "prefetch useful": 0,
        "prefetch useless": 0,
        "prefetch late": 0,
        "pf_useful_at_l2_from_l1":          0,
        "pf_late_at_l2_from_l1":          0,
        "pf_useless_at_l2_from_l1":          0,
        "pf_at_l2_to_l1":          0,
        "pf_fill_this_level":          0,
        "miss latency": 46.9588,
        "cache queues": {
          "PQ_ACCESS": 1921225,
          "PQ_FULL": 0,
          "PQ_TO_CACHE": 1921225,
          "PQ_MERGED": 0,
          "RQ_ACCESS": 3227681,
          "RQ_MERGED": 0,
          "RQ_FULL": 0,
          "WQ_ACCESS": 3462373,
          "WQ_MERGED": 0,
          "WQ_FULL": 0
        }
      },
      "LLC": {
        "LOAD": {
          "hit": [0],
          "miss": [3227463]
        },
        "RFO": {
          "hit": [0],
          "miss": [39]
        },
        "PREFETCH": {
          "hit": [0],
          "miss": [1921229]
        },
        "WRITE": {
          "hit": [3462371],
          "miss": [0]
        },
        "TRANSLATION": {
          "hit": [0],
          "miss": [177]
        },
        "mshr full": 0,
        "prefetch requested": 0,
        "prefetch issued": 0,
        "prefetch filled": 1921229,
        "prefetch useful": 0,
        "prefetch useless": 0,
        "prefetch late": 0,
        "pf_useful_at_l2_from_l1":          0,
        "pf_late_at_l2_from_l1":          0,
        "pf_useless_at_l2_from_l1":          0,
        "pf_at_l2_to_l1":          0,
        "pf_fill_this_level":          0,
        "miss latency": 45.2448,
        "cache queues": {
          "PQ_ACCESS": 1921228,
          "PQ_FULL": 0,
          "PQ_TO_CACHE": 1921228,
          "PQ_MERGED": 0,
          "RQ_ACCESS": 3227681,
          "RQ_MERGED": 0,
          "RQ_FULL": 0,
          "WQ_ACCESS": 3462372,
          "WQ_MERGED": 0,
          "WQ_FULL": 0
        }
      },
      "DRAM": [
        {
          "RQ ROW_BUFFER_HIT": 2079100,
          "RQ ROW_BUFFER_MISS": 3069798,
          "PQ FULL": 0,
          "WQ ROW_BUFFER_HIT": 1239126,
          "WQ ROW_BUFFER_MISS": 2223191,
          "WQ FULL": 0,
          "AVG DBUS CONGESTED CYCLE": 3.95174
        }
      ]

    },
    "sim": {
      "cores": [
        {
          "instructions": 200000004,
          "cycles": 302016082,
          "Avg ROB occupancy at mispredict": 64.2213, 
          "mispredict": {
            "BRANCH_DIRECT_JUMP": 1,
            "BRANCH_INDIRECT": 2,
            "BRANCH_CONDITIONAL": 901243,
            "BRANCH_DIRECT_CALL": 4,
            "BRANCH_INDIRECT_CALL": 0,
            "BRANCH_RETURN": 5
          }
        }
      ],
      "cpu0_L1I": {
        "LOAD": {
          "hit":5,
          "miss":5
        },
        "RFO": {
          "hit":0,
          "miss":0
        },
        "PREFETCH": {
          "hit":0,
          "miss":0
        },
        "WRITE": {
          "hit":0,
          "miss":0
        },
        "TRANSLATION": {
          "hit":0,
          "miss":0
        },
        "mshr full": 0,
        "prefetch requested": 0,
        "prefetch issued": 0,
        "prefetch filled": 0,
        "prefetch useful": 0,
        "prefetch useless": 0,
        "prefetch late": 0,
        "pf_useful_at_l2_from_l1":          0,
        "pf_late_at_l2_from_l1":          0,
        "pf_useless_at_l2_from_l1":          0,
        "pf_at_l2_to_l1":          0,
        "pf_fill_this_level":          0,
        "miss latency": 14.6751,
        "cache queues": {
          "PQ_ACCESS": 0,
          "PQ_FULL": 0,
          "PQ_TO_CACHE": 0,
          "PQ_MERGED": 0,
          "RQ_ACCESS": 10,
          "RQ_MERGED": 0,
          "RQ_FULL": 0,
          "WQ_ACCESS": 0,
          "WQ_MERGED": 0,
          "WQ_FULL": 0
        }
      },
      "cpu0_ITLB": {
        "LOAD": {
          "hit":10,
          "miss":0
        },
        "RFO": {
          "hit":0,
          "miss":0
        },
        "PREFETCH": {
          "hit":0,
          "miss":0
        },
        "WRITE": {
          "hit":0,
          "miss":0
        },
        "TRANSLATION": {
          "hit":0,
          "miss":0
        },
        "mshr full": 0,
        "prefetch requested": 0,
        "prefetch issued": 0,
        "prefetch filled": 0,
        "prefetch useful": 0,
        "prefetch useless": 0,
        "prefetch late": 0,
        "pf_useful_at_l2_from_l1":          0,
        "pf_late_at_l2_from_l1":          0,
        "pf_useless_at_l2_from_l1":          0,
        "pf_at_l2_to_l1":          0,
        "pf_fill_this_level":          0,
        "miss latency": null,
        "cache queues": {
          "PQ_ACCESS": 0,
          "PQ_FULL": 0,
          "PQ_TO_CACHE": 0,
          "PQ_MERGED": 0,
          "RQ_ACCESS": 10,
          "RQ_MERGED": 0,
          "RQ_FULL": 0,
          "WQ_ACCESS": 0,
          "WQ_MERGED": 0,
          "WQ_FULL": 0
        }
      },
      "cpu0_DTLB": {
        "LOAD": {
          "hit":61287972,
          "miss":434253
        },
        "RFO": {
          "hit":0,
          "miss":0
        },
        "PREFETCH": {
          "hit":0,
          "miss":0
        },
        "WRITE": {
          "hit":0,
          "miss":0
        },
        "TRANSLATION": {
          "hit":0,
          "miss":0
        },
        "mshr full": 0,
        "prefetch requested": 0,
        "prefetch issued": 0,
        "prefetch filled": 0,
        "prefetch useful": 0,
        "prefetch useless": 0,
        "prefetch late": 0,
        "pf_useful_at_l2_from_l1":          0,
        "pf_late_at_l2_from_l1":          0,
        "pf_useless_at_l2_from_l1":          0,
        "pf_at_l2_to_l1":          0,
        "pf_fill_this_level":          0,
        "miss latency": 0.192273,
        "cache queues": {
          "PQ_ACCESS": 0,
          "PQ_FULL": 0,
          "PQ_TO_CACHE": 0,
          "PQ_MERGED": 0,
          "RQ_ACCESS": 61722227,
          "RQ_MERGED": 0,
          "RQ_FULL": 0,
          "WQ_ACCESS": 0,
          "WQ_MERGED": 0,
          "WQ_FULL": 0
        }
      },
      "cpu0_STLB": {
        "LOAD": {
          "hit":0,
          "miss":80468
        },
        "RFO": {
          "hit":0,
          "miss":0
        },
        "PREFETCH": {
          "hit":0,
          "miss":0
        },
        "WRITE": {
          "hit":0,
          "miss":0
        },
        "TRANSLATION": {
          "hit":0,
          "miss":0
        },
        "mshr full": 0,
        "prefetch requested": 0,
        "prefetch issued": 0,
        "prefetch filled": 0,
        "prefetch useful": 0,
        "prefetch useless": 0,
        "prefetch late": 0,
        "pf_useful_at_l2_from_l1":          0,
        "pf_late_at_l2_from_l1":          0,
        "pf_useless_at_l2_from_l1":          0,
        "pf_at_l2_to_l1":          0,
        "pf_fill_this_level":          0,
        "miss latency": 0.52378,
        "cache queues": {
          "PQ_ACCESS": 0,
          "PQ_FULL": 0,
          "PQ_TO_CACHE": 0,
          "PQ_MERGED": 0,
          "RQ_ACCESS": 80468,
          "RQ_MERGED": 0,
          "RQ_FULL": 0,
          "WQ_ACCESS": 0,
          "WQ_MERGED": 0,
          "WQ_FULL": 0
        }
      },
      "cpu0_L1D": {
        "LOAD": {
          "hit":37025823,
          "miss":14796158
        },
        "RFO": {
          "hit":0,
          "miss":0
        },
        "PREFETCH": {
          "hit":0,
          "miss":1993581
        },
        "WRITE": {
          "hit":12861467,
          "miss":116
        },
        "TRANSLATION": {
          "hit":80291,
          "miss":177
        },
        "mshr full": 38,
        "prefetch requested": 1993571,
        "prefetch issued": 1993571,
        "prefetch filled": 839279,
        "prefetch useful": 1921243,
        "prefetch useless": 0,
        "prefetch late": 1081950,
        "pf_useful_at_l2_from_l1":          0,
        "pf_late_at_l2_from_l1":          0,
        "pf_useless_at_l2_from_l1":          0,
        "pf_at_l2_to_l1":          0,
        "pf_fill_this_level":     839279,
        "miss latency": 10.1817,
        "cache queues": {
          "PQ_ACCESS": 1993571,
          "PQ_FULL": 0,
          "PQ_TO_CACHE": 1993571,
          "PQ_MERGED": 0,
          "RQ_ACCESS": 61784092,
          "RQ_MERGED": 9962103,
          "RQ_FULL": 0,
          "WQ_ACCESS": 12861585,
          "WQ_MERGED": 0,
          "WQ_FULL": 0
        }
      },
      "cpu0_L2C": {
        "LOAD": {
          "hit":0,
          "miss":3227465
        },
        "RFO": {
          "hit":0,
          "miss":39
        },
        "PREFETCH": {
          "hit":0,
          "miss":1921228
        },
        "WRITE": {
          "hit":3462372,
          "miss":0
        },
        "TRANSLATION": {
          "hit":0,
          "miss":177
        },
        "mshr full": 0,
        "prefetch requested": 0,
        "prefetch issued": 0,
        "prefetch filled": 1921229,
        "prefetch useful": 0,
        "prefetch useless": 0,
        "prefetch late": 0,
        "pf_useful_at_l2_from_l1":          0,
        "pf_late_at_l2_from_l1":          0,
        "pf_useless_at_l2_from_l1":          0,
        "pf_at_l2_to_l1":          0,
        "pf_fill_this_level":          0,
        "miss latency": 46.9588,
        "cache queues": {
          "PQ_ACCESS": 1921225,
          "PQ_FULL": 0,
          "PQ_TO_CACHE": 1921225,
          "PQ_MERGED": 0,
          "RQ_ACCESS": 3227681,
          "RQ_MERGED": 0,
          "RQ_FULL": 0,
          "WQ_ACCESS": 3462373,
          "WQ_MERGED": 0,
          "WQ_FULL": 0
        }
      },
      "LLC": {
        "LOAD": {
          "hit": [0],
          "miss": [3227463]
        },
        "RFO": {
          "hit": [0],
          "miss": [39]
        },
        "PREFETCH": {
          "hit": [0],
          "miss": [1921229]
        },
        "WRITE": {
          "hit": [3462371],
          "miss": [0]
        },
        "TRANSLATION": {
          "hit": [0],
          "miss": [177]
        },
        "mshr full": 0,
        "prefetch requested": 0,
        "prefetch issued": 0,
        "prefetch filled": 1921229,
        "prefetch useful": 0,
        "prefetch useless": 0,
        "prefetch late": 0,
        "pf_useful_at_l2_from_l1":          0,
        "pf_late_at_l2_from_l1":          0,
        "pf_useless_at_l2_from_l1":          0,
        "pf_at_l2_to_l1":          0,
        "pf_fill_this_level":          0,
        "miss latency": 45.2448,
        "cache queues": {
          "PQ_ACCESS": 1921228,
          "PQ_FULL": 0,
          "PQ_TO_CACHE": 1921228,
          "PQ_MERGED": 0,
          "RQ_ACCESS": 3227681,
          "RQ_MERGED": 0,
          "RQ_FULL": 0,
          "WQ_ACCESS": 3462372,
          "WQ_MERGED": 0,
          "WQ_FULL": 0
        }
      },
      "DRAM": [
        {
          "RQ ROW_BUFFER_HIT": 2079100,
          "RQ ROW_BUFFER_MISS": 3069798,
          "PQ FULL": 0,
          "WQ ROW_BUFFER_HIT": 1239126,
          "WQ ROW_BUFFER_MISS": 2223191,
          "WQ FULL": 0,
          "AVG DBUS CONGESTED CYCLE": 3.95174
        }
      ]

    }
  }
]
cpu0_ITLB
cpu0_DTLB
cpu0_STLB
Filter table begin
 ┌────────────────────┬────────────────────┬────────────────────┐
 | RegionNum          | Trigger            | PC                 |
 ├────────────────────┼────────────────────┼────────────────────┤
 | 0x0000000000000c82 | 0x0000000000000000 | 0x0000000000401442 |
 └────────────────────┴────────────────────┴────────────────────┘
Filter table end
Accumulation table begin
 ┌────────────────────┬────────────────────┬────────────────────┬────────────────────┬──────────────────────────────────────────────────────────────────────────────────────────────────────────────────────────────────┬─────────────────────────────────────────────────────────────────────────────────────────────────────────────────────────────────────────────────────────────────────────────────────────┐
 | RegionNum          | Trigger            | Second             | PC                 | Pattern                                                                                                                          | Order                                                                                                                                                                                   |
 ├────────────────────┼────────────────────┼────────────────────┼────────────────────┼──────────────────────────────────────────────────────────────────────────────────────────────────────────────────────────────────┼─────────────────────────────────────────────────────────────────────────────────────────────────────────────────────────────────────────────────────────────────────────────────────────┤
 | 0x0000000000001a68 | 0x0000000000000000 | 0x0000000000000001 | 0x00000000004011ae | 1 1 1 1 1 1 1 1 1 1 1 1 1 1 1 1 1 1 1 1 1 1 1 1 1 1 1 1 1 1 1 1 1 1 1 1 1 1 1 1 1 1 1 1 1 1 1 1 1 1 1 1 1 1 1 1 1 1 1 1 1 1 1 1  | 1 2 3 4 5 6 7 8 9 10 11 12 13 14 15 16 17 18 19 20 21 22 23 24 25 26 27 28 29 30 31 32 33 34 35 36 37 38 39 40 41 42 43 44 45 46 47 48 49 50 51 52 53 54 55 56 57 58 59 60 61 62 63 64  |
 ├────────────────────┼────────────────────┼────────────────────┼────────────────────┼──────────────────────────────────────────────────────────────────────────────────────────────────────────────────────────────────┼─────────────────────────────────────────────────────────────────────────────────────────────────────────────────────────────────────────────────────────────────────────────────────────┤
 | 0x0000000000001a73 | 0x0000000000000001 | 0x0000000000000000 | 0x00000000004011ae | 1 1 1 1 1 1 1 1 1 1 1 1 1 1 1 1 1 1 1 1 1 1 1 1 1 1 1 1 1 1 1 1 1 1 1 1 1 1 1 1 1 1 1 1 1 1 1 1 1 1 1 1 1 1 1 1 1 1 1 1 1 1 1 1  | 2 1 3 4 5 6 7 8 9 10 11 12 13 14 15 16 17 18 19 20 21 22 23 24 25 26 27 28 29 30 31 32 33 34 35 36 37 38 39 40 41 42 43 44 45 46 47 48 49 50 51 52 53 54 55 56 57 58 59 60 61 62 63 64  |
 ├────────────────────┼────────────────────┼────────────────────┼────────────────────┼──────────────────────────────────────────────────────────────────────────────────────────────────────────────────────────────────┼─────────────────────────────────────────────────────────────────────────────────────────────────────────────────────────────────────────────────────────────────────────────────────────┤
 | 0x0000000000001a7a | 0x0000000000000001 | 0x0000000000000000 | 0x00000000004011ae | 1 1 1 1 1 1 1 1 1 1 1 1 1 1 1 1 1 1 1 1 1 1 1 1 1 1 1 1 1 1 1 1 1 1 1 1 1 1 1 1 1 1 1 1 1 1 1 1 1 1 1 1 1 1 1 1 1 1 1 1 1 1 1 1  | 2 1 3 4 5 6 7 8 9 10 11 12 13 14 15 16 17 18 19 20 21 22 23 24 25 26 27 28 29 30 31 32 33 34 35 36 37 38 39 40 41 42 43 44 45 46 47 48 49 50 51 52 53 54 55 56 57 58 59 60 61 62 63 64  |
 ├────────────────────┼────────────────────┼────────────────────┼────────────────────┼──────────────────────────────────────────────────────────────────────────────────────────────────────────────────────────────────┼─────────────────────────────────────────────────────────────────────────────────────────────────────────────────────────────────────────────────────────────────────────────────────────┤
 | 0x0000000000001a86 | 0x0000000000000002 | 0x0000000000000003 | 0x00000000004011ae | 1 1 1 1 1 1 1 1 1 1 1 1 1 1 1 1 1 1 1 1 1 1 1 1 1 1 1 1 1 1 1 1 1 1 1 1 1 1 1 1 1 1 1 1 1 1 1 1 1 1 1 1 1 1 1 1 1 1 1 1 1 1 1 1  | 3 4 1 2 5 6 7 8 9 10 11 12 13 14 15 16 17 18 19 20 21 22 23 24 25 26 27 28 29 30 31 32 33 34 35 36 37 38 39 40 41 42 43 44 45 46 47 48 49 50 51 52 53 54 55 56 57 58 59 60 61 62 63 64  |
 ├────────────────────┼────────────────────┼────────────────────┼────────────────────┼──────────────────────────────────────────────────────────────────────────────────────────────────────────────────────────────────┼─────────────────────────────────────────────────────────────────────────────────────────────────────────────────────────────────────────────────────────────────────────────────────────┤
 | 0x0000000000001a4c | 0x0000000000000001 | 0x0000000000000000 | 0x00000000004011ae | 1 1 1 1 1 1 1 1 1 1 1 1 1 1 1 1 1 1 1 1 1 1 1 1 1 1 1 1 1 1 1 1 1 1 1 1 1 1 1 1 1 1 1 1 1 1 1 1 1 1 1 1 1 1 1 1 1 1 1 1 1 1 1 1  | 2 1 3 4 5 6 7 8 9 10 11 12 13 14 15 16 17 18 19 20 21 22 23 24 25 26 27 28 29 30 31 32 33 34 35 36 37 38 39 40 41 42 43 44 45 46 47 48 49 50 51 52 53 54 55 56 57 58 59 60 61 62 63 64  |
 ├────────────────────┼────────────────────┼────────────────────┼────────────────────┼──────────────────────────────────────────────────────────────────────────────────────────────────────────────────────────────────┼─────────────────────────────────────────────────────────────────────────────────────────────────────────────────────────────────────────────────────────────────────────────────────────┤
 | 0x0000000000001a57 | 0x0000000000000000 | 0x0000000000000001 | 0x00000000004011ae | 1 1 1 1 1 1 1 1 1 1 1 1 1 1 1 1 1 1 1 1 1 1 1 1 1 1 1 1 1 1 1 1 1 1 1 1 1 1 1 1 1 1 1 1 1 1 1 1 1 1 1 1 1 1 1 1 1 1 1 1 1 1 1 1  | 1 2 3 4 5 6 7 8 9 10 11 12 13 14 15 16 17 18 19 20 21 22 23 24 25 26 27 28 29 30 31 32 33 34 35 36 37 38 39 40 41 42 43 44 45 46 47 48 49 50 51 52 53 54 55 56 57 58 59 60 61 62 63 64  |
 ├────────────────────┼────────────────────┼────────────────────┼────────────────────┼──────────────────────────────────────────────────────────────────────────────────────────────────────────────────────────────────┼─────────────────────────────────────────────────────────────────────────────────────────────────────────────────────────────────────────────────────────────────────────────────────────┤
 | 0x0000000000001a5e | 0x0000000000000000 | 0x0000000000000001 | 0x00000000004011ae | 1 1 1 1 1 1 1 1 1 1 1 1 1 1 1 1 1 1 1 1 1 1 1 1 1 1 1 1 1 1 1 1 1 1 1 1 1 1 1 1 1 1 1 1 1 1 1 1 1 1 1 1 1 1 1 1 1 1 1 1 1 1 1 1  | 1 2 3 4 5 6 7 8 9 10 11 12 13 14 15 16 17 18 19 20 21 22 23 24 25 26 27 28 29 30 31 32 33 34 35 36 37 38 39 40 41 42 43 44 45 46 47 48 49 50 51 52 53 54 55 56 57 58 59 60 61 62 63 64  |
 ├────────────────────┼────────────────────┼────────────────────┼────────────────────┼──────────────────────────────────────────────────────────────────────────────────────────────────────────────────────────────────┼─────────────────────────────────────────────────────────────────────────────────────────────────────────────────────────────────────────────────────────────────────────────────────────┤
 | 0x0000000000001a61 | 0x0000000000000001 | 0x0000000000000002 | 0x00000000004011ae | 1 1 1 1 1 1 1 1 1 1 1 1 1 1 1 1 1 1 1 1 1 1 1 1 1 1 1 1 1 1 1 1 1 1 1 1 1 1 1 1 1 1 1 1 1 1 1 1 1 1 1 1 1 1 1 1 1 1 1 1 1 1 1 1  | 3 1 2 4 5 6 7 8 9 10 11 12 13 14 15 16 17 18 19 20 21 22 23 24 25 26 27 28 29 30 31 32 33 34 35 36 37 38 39 40 41 42 43 44 45 46 47 48 49 50 51 52 53 54 55 56 57 58 59 60 61 62 63 64  |
 ├────────────────────┼────────────────────┼────────────────────┼────────────────────┼──────────────────────────────────────────────────────────────────────────────────────────────────────────────────────────────────┼─────────────────────────────────────────────────────────────────────────────────────────────────────────────────────────────────────────────────────────────────────────────────────────┤
 | 0x0000000000001a60 | 0x0000000000000002 | 0x0000000000000000 | 0x00000000004011ae | 1 1 1 1 1 1 1 1 1 1 1 1 1 1 1 1 1 1 1 1 1 1 1 1 1 1 1 1 1 1 1 1 1 1 1 1 1 1 1 1 1 1 1 1 1 1 1 1 1 1 1 1 1 1 1 1 1 1 1 1 1 1 1 1  | 2 3 1 4 5 6 7 8 9 10 11 12 13 14 15 16 17 18 19 20 21 22 23 24 25 26 27 28 29 30 31 32 33 34 35 36 37 38 39 40 41 42 43 44 45 46 47 48 49 50 51 52 53 54 55 56 57 58 59 60 61 62 63 64  |
 ├────────────────────┼────────────────────┼────────────────────┼────────────────────┼──────────────────────────────────────────────────────────────────────────────────────────────────────────────────────────────────┼─────────────────────────────────────────────────────────────────────────────────────────────────────────────────────────────────────────────────────────────────────────────────────────┤
 | 0x0000000000001a69 | 0x0000000000000002 | 0x0000000000000003 | 0x00000000004011ae | 1 1 1 1 1 1 1 1 1 1 1 1 1 1 1 1 1 1 1 1 1 1 1 1 1 1 1 1 1 1 1 1 1 1 1 1 1 1 1 1 1 1 1 1 1 1 1 1 1 1 1 1 1 1 1 1 1 1 1 1 1 1 1 1  | 3 4 1 2 5 6 7 8 9 10 11 12 13 14 15 16 17 18 19 20 21 22 23 24 25 26 27 28 29 30 31 32 33 34 35 36 37 38 39 40 41 42 43 44 45 46 47 48 49 50 51 52 53 54 55 56 57 58 59 60 61 62 63 64  |
 ├────────────────────┼────────────────────┼────────────────────┼────────────────────┼──────────────────────────────────────────────────────────────────────────────────────────────────────────────────────────────────┼─────────────────────────────────────────────────────────────────────────────────────────────────────────────────────────────────────────────────────────────────────────────────────────┤
 | 0x0000000000001a72 | 0x0000000000000001 | 0x0000000000000002 | 0x00000000004011ae | 1 1 1 1 1 1 1 1 1 1 1 1 1 1 1 1 1 1 1 1 1 1 1 1 1 1 1 1 1 1 1 1 1 1 1 1 1 1 1 1 1 1 1 1 1 1 1 1 1 1 1 1 1 1 1 1 1 1 1 1 1 1 1 1  | 3 1 2 4 5 6 7 8 9 10 11 12 13 14 15 16 17 18 19 20 21 22 23 24 25 26 27 28 29 30 31 32 33 34 35 36 37 38 39 40 41 42 43 44 45 46 47 48 49 50 51 52 53 54 55 56 57 58 59 60 61 62 63 64  |
 ├────────────────────┼────────────────────┼────────────────────┼────────────────────┼──────────────────────────────────────────────────────────────────────────────────────────────────────────────────────────────────┼─────────────────────────────────────────────────────────────────────────────────────────────────────────────────────────────────────────────────────────────────────────────────────────┤
 | 0x0000000000001a7b | 0x0000000000000000 | 0x0000000000000001 | 0x00000000004011ae | 1 1 1 1 1 1 1 1 1 1 1 1 1 1 1 1 1 1 1 1 1 1 1 1 1 1 1 1 1 1 1 1 1 1 1 1 1 1 1 1 1 1 1 1 1 1 1 1 1 1 1 1 1 1 1 1 1 1 1 1 1 1 1 1  | 1 2 3 4 5 6 7 8 9 10 11 12 13 14 15 16 17 18 19 20 21 22 23 24 25 26 27 28 29 30 31 32 33 34 35 36 37 38 39 40 41 42 43 44 45 46 47 48 49 50 51 52 53 54 55 56 57 58 59 60 61 62 63 64  |
 ├────────────────────┼────────────────────┼────────────────────┼────────────────────┼──────────────────────────────────────────────────────────────────────────────────────────────────────────────────────────────────┼─────────────────────────────────────────────────────────────────────────────────────────────────────────────────────────────────────────────────────────────────────────────────────────┤
 | 0x0000000000001a87 | 0x0000000000000002 | 0x0000000000000003 | 0x00000000004011ae | 1 1 1 1 1 1 1 1 1 1 1 1 1 1 1 1 1 1 1 1 1 1 1 1 1 1 1 1 1 1 1 1 1 1 1 1 1 1 1 1 1 1 1 1 1 1 1 1 1 1 1 1 1 1 1 1 1 1 1 1 1 1 1 1  | 3 4 1 2 5 6 7 8 9 10 11 12 13 14 15 16 17 18 19 20 21 22 23 24 25 26 27 28 29 30 31 32 33 34 35 36 37 38 39 40 41 42 43 44 45 46 47 48 49 50 51 52 53 54 55 56 57 58 59 60 61 62 63 64  |
 ├────────────────────┼────────────────────┼────────────────────┼────────────────────┼──────────────────────────────────────────────────────────────────────────────────────────────────────────────────────────────────┼─────────────────────────────────────────────────────────────────────────────────────────────────────────────────────────────────────────────────────────────────────────────────────────┤
 | 0x0000000000001a56 | 0x0000000000000001 | 0x0000000000000000 | 0x00000000004011ae | 1 1 1 1 1 1 1 1 1 1 1 1 1 1 1 1 1 1 1 1 1 1 1 1 1 1 1 1 1 1 1 1 1 1 1 1 1 1 1 1 1 1 1 1 1 1 1 1 1 1 1 1 1 1 1 1 1 1 1 1 1 1 1 1  | 2 1 3 4 5 6 7 8 9 10 11 12 13 14 15 16 17 18 19 20 21 22 23 24 25 26 27 28 29 30 31 32 33 34 35 36 37 38 39 40 41 42 43 44 45 46 47 48 49 50 51 52 53 54 55 56 57 58 59 60 61 62 63 64  |
 ├────────────────────┼────────────────────┼────────────────────┼────────────────────┼──────────────────────────────────────────────────────────────────────────────────────────────────────────────────────────────────┼─────────────────────────────────────────────────────────────────────────────────────────────────────────────────────────────────────────────────────────────────────────────────────────┤
 | 0x000000000000010c | 0x0000000000000034 | 0x000000000000002f | 0x000000000040143b | 0 0 0 0 0 0 0 0 0 0 0 0 0 0 0 0 0 0 0 0 0 0 0 0 0 0 0 0 0 0 0 0 0 0 0 0 0 0 0 0 0 0 0 0 0 0 1 1 1 0 0 0 1 0 0 0 0 0 0 0 0 0 0 0  | 0 0 0 0 0 0 0 0 0 0 0 0 0 0 0 0 0 0 0 0 0 0 0 0 0 0 0 0 0 0 0 0 0 0 0 0 0 0 0 0 0 0 0 0 0 0 3 2 4 0 0 0 1 0 0 0 0 0 0 0 0 0 0 0                                                         |
 ├────────────────────┼────────────────────┼────────────────────┼────────────────────┼──────────────────────────────────────────────────────────────────────────────────────────────────────────────────────────────────┼─────────────────────────────────────────────────────────────────────────────────────────────────────────────────────────────────────────────────────────────────────────────────────────┤
 | 0x0000000000001a5f | 0x0000000000000001 | 0x0000000000000000 | 0x00000000004011ae | 1 1 1 1 1 1 1 1 1 1 1 1 1 1 1 1 1 1 1 1 1 1 1 1 1 1 1 1 1 1 1 1 1 1 1 1 1 1 1 1 1 1 1 1 1 1 1 1 1 1 1 1 1 1 1 1 1 1 1 1 1 1 1 1  | 2 1 3 4 5 6 7 8 9 10 11 12 13 14 15 16 17 18 19 20 21 22 23 24 25 26 27 28 29 30 31 32 33 34 35 36 37 38 39 40 41 42 43 44 45 46 47 48 49 50 51 52 53 54 55 56 57 58 59 60 61 62 63 64  |
 ├────────────────────┼────────────────────┼────────────────────┼────────────────────┼──────────────────────────────────────────────────────────────────────────────────────────────────────────────────────────────────┼─────────────────────────────────────────────────────────────────────────────────────────────────────────────────────────────────────────────────────────────────────────────────────────┤
 | 0x0000000000001a4e | 0x0000000000000001 | 0x0000000000000000 | 0x00000000004011ae | 1 1 1 1 1 1 1 1 1 1 1 1 1 1 1 1 1 1 1 1 1 1 1 1 1 1 1 1 1 1 1 1 1 1 1 1 1 1 1 1 1 1 1 1 1 1 1 1 1 1 1 1 1 1 1 1 1 1 1 1 1 1 1 1  | 2 1 3 4 5 6 7 8 9 10 11 12 13 14 15 16 17 18 19 20 21 22 23 24 25 26 27 28 29 30 31 32 33 34 35 36 37 38 39 40 41 42 43 44 45 46 47 48 49 50 51 52 53 54 55 56 57 58 59 60 61 62 63 64  |
 ├────────────────────┼────────────────────┼────────────────────┼────────────────────┼──────────────────────────────────────────────────────────────────────────────────────────────────────────────────────────────────┼─────────────────────────────────────────────────────────────────────────────────────────────────────────────────────────────────────────────────────────────────────────────────────────┤
 | 0x0000000000001a55 | 0x0000000000000000 | 0x0000000000000001 | 0x00000000004011ae | 1 1 1 1 1 1 1 1 1 1 1 1 1 1 1 1 1 1 1 1 1 1 1 1 1 1 1 1 1 1 1 1 1 1 1 1 1 1 1 1 1 1 1 1 1 1 1 1 1 1 1 1 1 1 1 1 1 1 1 1 1 1 1 1  | 1 2 3 4 5 6 7 8 9 10 11 12 13 14 15 16 17 18 19 20 21 22 23 24 25 26 27 28 29 30 31 32 33 34 35 36 37 38 39 40 41 42 43 44 45 46 47 48 49 50 51 52 53 54 55 56 57 58 59 60 61 62 63 64  |
 ├────────────────────┼────────────────────┼────────────────────┼────────────────────┼──────────────────────────────────────────────────────────────────────────────────────────────────────────────────────────────────┼─────────────────────────────────────────────────────────────────────────────────────────────────────────────────────────────────────────────────────────────────────────────────────────┤
 | 0x0000000000001a5c | 0x0000000000000000 | 0x0000000000000001 | 0x00000000004011ae | 1 1 1 1 1 1 1 1 1 1 1 1 1 1 1 1 1 1 1 1 1 1 1 1 1 1 1 1 1 1 1 1 1 1 1 1 1 1 1 1 1 1 1 1 1 1 1 1 1 1 1 1 1 1 1 1 1 1 1 1 1 1 1 1  | 1 2 3 4 5 6 7 8 9 10 11 12 13 14 15 16 17 18 19 20 21 22 23 24 25 26 27 28 29 30 31 32 33 34 35 36 37 38 39 40 41 42 43 44 45 46 47 48 49 50 51 52 53 54 55 56 57 58 59 60 61 62 63 64  |
 ├────────────────────┼────────────────────┼────────────────────┼────────────────────┼──────────────────────────────────────────────────────────────────────────────────────────────────────────────────────────────────┼─────────────────────────────────────────────────────────────────────────────────────────────────────────────────────────────────────────────────────────────────────────────────────────┤
 | 0x0000000000001a63 | 0x0000000000000001 | 0x0000000000000000 | 0x00000000004011ae | 1 1 1 1 1 1 1 1 1 1 1 1 1 1 1 1 1 1 1 1 1 1 1 1 1 1 1 1 1 1 1 1 1 1 1 1 1 1 1 1 1 1 1 1 1 1 1 1 1 1 1 1 1 1 1 1 1 1 1 1 1 1 1 1  | 2 1 3 4 5 6 7 8 9 10 11 12 13 14 15 16 17 18 19 20 21 22 23 24 25 26 27 28 29 30 31 32 33 34 35 36 37 38 39 40 41 42 43 44 45 46 47 48 49 50 51 52 53 54 55 56 57 58 59 60 61 62 63 64  |
 ├────────────────────┼────────────────────┼────────────────────┼────────────────────┼──────────────────────────────────────────────────────────────────────────────────────────────────────────────────────────────────┼─────────────────────────────────────────────────────────────────────────────────────────────────────────────────────────────────────────────────────────────────────────────────────────┤
 | 0x0000000000001a6a | 0x0000000000000001 | 0x0000000000000002 | 0x00000000004011ae | 1 1 1 1 1 1 1 1 1 1 1 1 1 1 1 1 1 1 1 1 1 1 1 1 1 1 1 1 1 1 1 1 1 1 1 1 1 1 1 1 1 1 1 1 1 1 1 1 1 1 1 1 1 1 1 1 1 1 1 1 1 1 1 1  | 3 1 2 4 5 6 7 8 9 10 11 12 13 14 15 16 17 18 19 20 21 22 23 24 25 26 27 28 29 30 31 32 33 34 35 36 37 38 39 40 41 42 43 44 45 46 47 48 49 50 51 52 53 54 55 56 57 58 59 60 61 62 63 64  |
 ├────────────────────┼────────────────────┼────────────────────┼────────────────────┼──────────────────────────────────────────────────────────────────────────────────────────────────────────────────────────────────┼─────────────────────────────────────────────────────────────────────────────────────────────────────────────────────────────────────────────────────────────────────────────────────────┤
 | 0x0000000000001a71 | 0x0000000000000001 | 0x0000000000000002 | 0x00000000004011ae | 1 1 1 1 1 1 1 1 1 1 1 1 1 1 1 1 1 1 1 1 1 1 1 1 1 1 1 1 1 1 1 1 1 1 1 1 1 1 1 1 1 1 1 1 1 1 1 1 1 1 1 1 1 1 1 1 1 1 1 1 1 1 1 1  | 3 1 2 4 5 6 7 8 9 10 11 12 13 14 15 16 17 18 19 20 21 22 23 24 25 26 27 28 29 30 31 32 33 34 35 36 37 38 39 40 41 42 43 44 45 46 47 48 49 50 51 52 53 54 55 56 57 58 59 60 61 62 63 64  |
 ├────────────────────┼────────────────────┼────────────────────┼────────────────────┼──────────────────────────────────────────────────────────────────────────────────────────────────────────────────────────────────┼─────────────────────────────────────────────────────────────────────────────────────────────────────────────────────────────────────────────────────────────────────────────────────────┤
 | 0x0000000000001a78 | 0x0000000000000001 | 0x0000000000000000 | 0x00000000004011ae | 1 1 1 1 1 1 1 1 1 1 1 1 1 1 1 1 1 1 1 1 1 1 1 1 1 1 1 1 1 1 1 1 1 1 1 1 1 1 1 1 1 1 1 1 1 1 1 1 1 1 1 1 1 1 1 1 1 1 1 1 1 1 1 1  | 2 1 3 4 5 6 7 8 9 10 11 12 13 14 15 16 17 18 19 20 21 22 23 24 25 26 27 28 29 30 31 32 33 34 35 36 37 38 39 40 41 42 43 44 45 46 47 48 49 50 51 52 53 54 55 56 57 58 59 60 61 62 63 64  |
 ├────────────────────┼────────────────────┼────────────────────┼────────────────────┼──────────────────────────────────────────────────────────────────────────────────────────────────────────────────────────────────┼─────────────────────────────────────────────────────────────────────────────────────────────────────────────────────────────────────────────────────────────────────────────────────────┤
 | 0x0000000000001a84 | 0x0000000000000000 | 0x0000000000000002 | 0x00000000004011ae | 1 1 1 1 1 1 1 1 1 1 1 1 1 1 1 1 1 1 1 1 1 1 1 1 1 1 1 1 1 1 1 1 1 1 1 1 1 1 1 1 1 1 1 1 1 1 1 1 1 1 1 1 1 1 1 1 1 1 1 1 1 1 1 1  | 1 4 2 3 5 6 7 8 9 10 11 12 13 14 15 16 17 18 19 20 21 22 23 24 25 26 27 28 29 30 31 32 33 34 35 36 37 38 39 40 41 42 43 44 45 46 47 48 49 50 51 52 53 54 55 56 57 58 59 60 61 62 63 64  |
 ├────────────────────┼────────────────────┼────────────────────┼────────────────────┼──────────────────────────────────────────────────────────────────────────────────────────────────────────────────────────────────┼─────────────────────────────────────────────────────────────────────────────────────────────────────────────────────────────────────────────────────────────────────────────────────────┤
 | 0x0000000000001a4f | 0x0000000000000001 | 0x0000000000000000 | 0x00000000004011ae | 1 1 1 1 1 1 1 1 1 1 1 1 1 1 1 1 1 1 1 1 1 1 1 1 1 1 1 1 1 1 1 1 1 1 1 1 1 1 1 1 1 1 1 1 1 1 1 1 1 1 1 1 1 1 1 1 1 1 1 1 1 1 1 1  | 2 1 3 4 5 6 7 8 9 10 11 12 13 14 15 16 17 18 19 20 21 22 23 24 25 26 27 28 29 30 31 32 33 34 35 36 37 38 39 40 41 42 43 44 45 46 47 48 49 50 51 52 53 54 55 56 57 58 59 60 61 62 63 64  |
 ├────────────────────┼────────────────────┼────────────────────┼────────────────────┼──────────────────────────────────────────────────────────────────────────────────────────────────────────────────────────────────┼─────────────────────────────────────────────────────────────────────────────────────────────────────────────────────────────────────────────────────────────────────────────────────────┤
 | 0x0000000000001a54 | 0x0000000000000002 | 0x0000000000000003 | 0x00000000004011ae | 1 1 1 1 1 1 1 1 1 1 1 1 1 1 1 1 1 1 1 1 1 1 1 1 1 1 1 1 1 1 1 1 1 1 1 1 1 1 1 1 1 1 1 1 1 1 1 1 1 1 1 1 1 1 1 1 1 1 1 1 1 1 1 1  | 3 4 1 2 5 6 7 8 9 10 11 12 13 14 15 16 17 18 19 20 21 22 23 24 25 26 27 28 29 30 31 32 33 34 35 36 37 38 39 40 41 42 43 44 45 46 47 48 49 50 51 52 53 54 55 56 57 58 59 60 61 62 63 64  |
 ├────────────────────┼────────────────────┼────────────────────┼────────────────────┼──────────────────────────────────────────────────────────────────────────────────────────────────────────────────────────────────┼─────────────────────────────────────────────────────────────────────────────────────────────────────────────────────────────────────────────────────────────────────────────────────────┤
 | 0x0000000000001a5d | 0x0000000000000001 | 0x0000000000000000 | 0x00000000004011ae | 1 1 1 1 1 1 1 1 1 1 1 1 1 1 1 1 1 1 1 1 1 1 1 1 1 1 1 1 1 1 1 1 1 1 1 1 1 1 1 1 1 1 1 1 1 1 1 1 1 1 1 1 1 1 1 1 1 1 1 1 1 1 1 1  | 2 1 3 4 5 6 7 8 9 10 11 12 13 14 15 16 17 18 19 20 21 22 23 24 25 26 27 28 29 30 31 32 33 34 35 36 37 38 39 40 41 42 43 44 45 46 47 48 49 50 51 52 53 54 55 56 57 58 59 60 61 62 63 64  |
 ├────────────────────┼────────────────────┼────────────────────┼────────────────────┼──────────────────────────────────────────────────────────────────────────────────────────────────────────────────────────────────┼─────────────────────────────────────────────────────────────────────────────────────────────────────────────────────────────────────────────────────────────────────────────────────────┤
 | 0x0000000000001a62 | 0x0000000000000002 | 0x0000000000000001 | 0x00000000004011ae | 1 1 1 1 1 1 1 1 1 1 1 1 1 1 1 1 1 1 1 1 1 1 1 1 1 1 1 1 1 1 1 1 1 1 1 1 1 1 1 1 1 1 1 1 1 1 1 1 1 1 1 1 1 1 1 1 1 1 1 1 1 1 1 1  | 3 2 1 4 5 6 7 8 9 10 11 12 13 14 15 16 17 18 19 20 21 22 23 24 25 26 27 28 29 30 31 32 33 34 35 36 37 38 39 40 41 42 43 44 45 46 47 48 49 50 51 52 53 54 55 56 57 58 59 60 61 62 63 64  |
 ├────────────────────┼────────────────────┼────────────────────┼────────────────────┼──────────────────────────────────────────────────────────────────────────────────────────────────────────────────────────────────┼─────────────────────────────────────────────────────────────────────────────────────────────────────────────────────────────────────────────────────────────────────────────────────────┤
 | 0x0000000000001a6b | 0x0000000000000002 | 0x0000000000000001 | 0x00000000004011ae | 1 1 1 1 1 1 1 1 1 1 1 1 1 1 1 1 1 1 1 1 1 1 1 1 1 1 1 1 1 1 1 1 1 1 1 1 1 1 1 1 1 1 1 1 1 1 1 1 1 1 1 1 1 1 1 1 1 1 1 1 1 1 1 1  | 3 2 1 4 5 6 7 8 9 10 11 12 13 14 15 16 17 18 19 20 21 22 23 24 25 26 27 28 29 30 31 32 33 34 35 36 37 38 39 40 41 42 43 44 45 46 47 48 49 50 51 52 53 54 55 56 57 58 59 60 61 62 63 64  |
 ├────────────────────┼────────────────────┼────────────────────┼────────────────────┼──────────────────────────────────────────────────────────────────────────────────────────────────────────────────────────────────┼─────────────────────────────────────────────────────────────────────────────────────────────────────────────────────────────────────────────────────────────────────────────────────────┤
 | 0x0000000000001a70 | 0x0000000000000002 | 0x0000000000000000 | 0x00000000004011ae | 1 1 1 1 1 1 1 1 1 1 1 1 1 1 1 1 1 1 1 1 1 1 1 1 1 1 1 1 1 1 1 1 1 1 1 1 1 1 1 1 1 1 1 1 1 1 1 1 1 1 1 1 1 1 1 1 1 1 1 1 1 1 1 1  | 2 3 1 4 5 6 7 8 9 10 11 12 13 14 15 16 17 18 19 20 21 22 23 24 25 26 27 28 29 30 31 32 33 34 35 36 37 38 39 40 41 42 43 44 45 46 47 48 49 50 51 52 53 54 55 56 57 58 59 60 61 62 63 64  |
 ├────────────────────┼────────────────────┼────────────────────┼────────────────────┼──────────────────────────────────────────────────────────────────────────────────────────────────────────────────────────────────┼─────────────────────────────────────────────────────────────────────────────────────────────────────────────────────────────────────────────────────────────────────────────────────────┤
 | 0x0000000000001a79 | 0x0000000000000000 | 0x0000000000000001 | 0x00000000004011ae | 1 1 1 1 1 1 1 1 1 1 1 1 1 1 1 1 1 1 1 1 1 1 1 1 1 1 1 1 1 1 1 1 1 1 1 1 1 1 1 1 1 1 1 1 1 1 1 1 1 1 1 1 1 1 1 1 1 1 1 1 1 1 1 1  | 1 2 3 4 5 6 7 8 9 10 11 12 13 14 15 16 17 18 19 20 21 22 23 24 25 26 27 28 29 30 31 32 33 34 35 36 37 38 39 40 41 42 43 44 45 46 47 48 49 50 51 52 53 54 55 56 57 58 59 60 61 62 63 64  |
 ├────────────────────┼────────────────────┼────────────────────┼────────────────────┼──────────────────────────────────────────────────────────────────────────────────────────────────────────────────────────────────┼─────────────────────────────────────────────────────────────────────────────────────────────────────────────────────────────────────────────────────────────────────────────────────────┤
 | 0x0000000000001a85 | 0x0000000000000000 | 0x0000000000000001 | 0x00000000004011ae | 1 1 1 1 1 1 1 1 1 1 1 1 1 1 1 1 1 1 1 1 1 1 1 1 1 1 1 1 1 1 1 1 1 1 1 1 1 1 1 1 1 1 1 1 1 1 1 1 1 1 1 1 1 1 1 1 1 1 1 1 1 1 1 1  | 1 2 3 4 5 6 7 8 9 10 11 12 13 14 15 16 17 18 19 20 21 22 23 24 25 26 27 28 29 30 31 32 33 34 35 36 37 38 39 40 41 42 43 44 45 46 47 48 49 50 51 52 53 54 55 56 57 58 59 60 61 62 63 64  |
 ├────────────────────┼────────────────────┼────────────────────┼────────────────────┼──────────────────────────────────────────────────────────────────────────────────────────────────────────────────────────────────┼─────────────────────────────────────────────────────────────────────────────────────────────────────────────────────────────────────────────────────────────────────────────────────────┤
 | 0x0000000000001a7e | 0x0000000000000001 | 0x0000000000000002 | 0x00000000004011ae | 1 1 1 1 1 1 1 1 1 1 1 1 1 1 1 1 1 1 1 1 1 1 1 1 1 1 1 1 1 1 1 1 1 1 1 1 1 1 1 1 1 1 1 1 1 1 1 1 1 1 1 1 1 1 1 1 1 1 1 1 1 1 1 1  | 3 1 2 4 5 6 7 8 9 10 11 12 13 14 15 16 17 18 19 20 21 22 23 24 25 26 27 28 29 30 31 32 33 34 35 36 37 38 39 40 41 42 43 44 45 46 47 48 49 50 51 52 53 54 55 56 57 58 59 60 61 62 63 64  |
 ├────────────────────┼────────────────────┼────────────────────┼────────────────────┼──────────────────────────────────────────────────────────────────────────────────────────────────────────────────────────────────┼─────────────────────────────────────────────────────────────────────────────────────────────────────────────────────────────────────────────────────────────────────────────────────────┤
 | 0x0000000000001a82 | 0x0000000000000002 | 0x0000000000000001 | 0x00000000004011ae | 1 1 1 1 1 1 1 1 1 1 1 1 1 1 1 1 1 1 1 1 1 1 1 1 1 1 1 1 1 1 1 1 1 1 1 1 1 1 1 1 1 1 1 1 1 1 1 1 1 1 1 1 1 1 1 1 1 1 1 1 1 1 1 1  | 4 2 1 3 5 6 7 8 9 10 11 12 13 14 15 16 17 18 19 20 21 22 23 24 25 26 27 28 29 30 31 32 33 34 35 36 37 38 39 40 41 42 43 44 45 46 47 48 49 50 51 52 53 54 55 56 57 58 59 60 61 62 63 64  |
 ├────────────────────┼────────────────────┼────────────────────┼────────────────────┼──────────────────────────────────────────────────────────────────────────────────────────────────────────────────────────────────┼─────────────────────────────────────────────────────────────────────────────────────────────────────────────────────────────────────────────────────────────────────────────────────────┤
 | 0x0000000000001a48 | 0x0000000000000002 | 0x0000000000000003 | 0x00000000004011ae | 1 1 1 1 1 1 1 1 1 1 1 1 1 1 1 1 1 1 1 1 1 1 1 1 1 1 1 1 1 1 1 1 1 1 1 1 1 1 1 1 1 1 1 1 1 1 1 1 1 1 1 1 1 1 1 1 1 1 1 1 1 1 1 1  | 3 4 1 2 5 6 7 8 9 10 11 12 13 14 15 16 17 18 19 20 21 22 23 24 25 26 27 28 29 30 31 32 33 34 35 36 37 38 39 40 41 42 43 44 45 46 47 48 49 50 51 52 53 54 55 56 57 58 59 60 61 62 63 64  |
 ├────────────────────┼────────────────────┼────────────────────┼────────────────────┼──────────────────────────────────────────────────────────────────────────────────────────────────────────────────────────────────┼─────────────────────────────────────────────────────────────────────────────────────────────────────────────────────────────────────────────────────────────────────────────────────────┤
 | 0x0000000000001a53 | 0x0000000000000001 | 0x0000000000000000 | 0x00000000004011ae | 1 1 1 1 1 1 1 1 1 1 1 1 1 1 1 1 1 1 1 1 1 1 1 1 1 1 1 1 1 1 1 1 1 1 1 1 1 1 1 1 1 1 1 1 1 1 1 1 1 1 1 1 1 1 1 1 1 1 1 1 1 1 1 1  | 2 1 3 4 5 6 7 8 9 10 11 12 13 14 15 16 17 18 19 20 21 22 23 24 25 26 27 28 29 30 31 32 33 34 35 36 37 38 39 40 41 42 43 44 45 46 47 48 49 50 51 52 53 54 55 56 57 58 59 60 61 62 63 64  |
 ├────────────────────┼────────────────────┼────────────────────┼────────────────────┼──────────────────────────────────────────────────────────────────────────────────────────────────────────────────────────────────┼─────────────────────────────────────────────────────────────────────────────────────────────────────────────────────────────────────────────────────────────────────────────────────────┤
 | 0x0000000000001a5a | 0x0000000000000000 | 0x0000000000000001 | 0x00000000004011ae | 1 1 1 1 1 1 1 1 1 1 1 1 1 1 1 1 1 1 1 1 1 1 1 1 1 1 1 1 1 1 1 1 1 1 1 1 1 1 1 1 1 1 1 1 1 1 1 1 1 1 1 1 1 1 1 1 1 1 1 1 1 1 1 1  | 1 2 3 4 5 6 7 8 9 10 11 12 13 14 15 16 17 18 19 20 21 22 23 24 25 26 27 28 29 30 31 32 33 34 35 36 37 38 39 40 41 42 43 44 45 46 47 48 49 50 51 52 53 54 55 56 57 58 59 60 61 62 63 64  |
 ├────────────────────┼────────────────────┼────────────────────┼────────────────────┼──────────────────────────────────────────────────────────────────────────────────────────────────────────────────────────────────┼─────────────────────────────────────────────────────────────────────────────────────────────────────────────────────────────────────────────────────────────────────────────────────────┤
 | 0x0000000000001a65 | 0x0000000000000000 | 0x0000000000000001 | 0x00000000004011ae | 1 1 1 1 1 1 1 1 1 1 1 1 1 1 1 1 1 1 1 1 1 1 1 1 1 1 1 1 1 1 1 1 1 1 1 1 1 1 1 1 1 1 1 1 1 1 1 1 1 1 1 1 1 1 1 1 1 1 1 1 1 1 1 1  | 1 2 3 4 5 6 7 8 9 10 11 12 13 14 15 16 17 18 19 20 21 22 23 24 25 26 27 28 29 30 31 32 33 34 35 36 37 38 39 40 41 42 43 44 45 46 47 48 49 50 51 52 53 54 55 56 57 58 59 60 61 62 63 64  |
 ├────────────────────┼────────────────────┼────────────────────┼────────────────────┼──────────────────────────────────────────────────────────────────────────────────────────────────────────────────────────────────┼─────────────────────────────────────────────────────────────────────────────────────────────────────────────────────────────────────────────────────────────────────────────────────────┤
 | 0x0000000000001a6c | 0x0000000000000001 | 0x0000000000000000 | 0x00000000004011ae | 1 1 1 1 1 1 1 1 1 1 1 1 1 1 1 1 1 1 1 1 1 1 1 1 1 1 1 1 1 1 1 1 1 1 1 1 1 1 1 1 1 1 1 1 1 1 1 1 1 1 1 1 1 1 1 1 1 1 1 1 1 1 1 1  | 2 1 3 4 5 6 7 8 9 10 11 12 13 14 15 16 17 18 19 20 21 22 23 24 25 26 27 28 29 30 31 32 33 34 35 36 37 38 39 40 41 42 43 44 45 46 47 48 49 50 51 52 53 54 55 56 57 58 59 60 61 62 63 64  |
 ├────────────────────┼────────────────────┼────────────────────┼────────────────────┼──────────────────────────────────────────────────────────────────────────────────────────────────────────────────────────────────┼─────────────────────────────────────────────────────────────────────────────────────────────────────────────────────────────────────────────────────────────────────────────────────────┤
 | 0x0000000000001a77 | 0x0000000000000000 | 0x0000000000000001 | 0x00000000004011ae | 1 1 1 1 1 1 1 1 1 1 1 1 1 1 1 1 1 1 1 1 1 1 1 1 1 1 1 1 1 1 1 1 1 1 1 1 1 1 1 1 1 1 1 1 1 1 1 1 1 1 1 1 1 1 1 1 1 1 1 1 1 1 1 1  | 1 2 3 4 5 6 7 8 9 10 11 12 13 14 15 16 17 18 19 20 21 22 23 24 25 26 27 28 29 30 31 32 33 34 35 36 37 38 39 40 41 42 43 44 45 46 47 48 49 50 51 52 53 54 55 56 57 58 59 60 61 62 63 64  |
 ├────────────────────┼────────────────────┼────────────────────┼────────────────────┼──────────────────────────────────────────────────────────────────────────────────────────────────────────────────────────────────┼─────────────────────────────────────────────────────────────────────────────────────────────────────────────────────────────────────────────────────────────────────────────────────────┤
 | 0x0000000000001a64 | 0x0000000000000002 | 0x0000000000000003 | 0x00000000004011ae | 1 1 1 1 1 1 1 1 1 1 1 1 1 1 1 1 1 1 1 1 1 1 1 1 1 1 1 1 1 1 1 1 1 1 1 1 1 1 1 1 1 1 1 1 1 1 1 1 1 1 1 1 1 1 1 1 1 1 1 1 1 1 1 1  | 3 4 1 2 5 6 7 8 9 10 11 12 13 14 15 16 17 18 19 20 21 22 23 24 25 26 27 28 29 30 31 32 33 34 35 36 37 38 39 40 41 42 43 44 45 46 47 48 49 50 51 52 53 54 55 56 57 58 59 60 61 62 63 64  |
 ├────────────────────┼────────────────────┼────────────────────┼────────────────────┼──────────────────────────────────────────────────────────────────────────────────────────────────────────────────────────────────┼─────────────────────────────────────────────────────────────────────────────────────────────────────────────────────────────────────────────────────────────────────────────────────────┤
 | 0x0000000000001a6d | 0x0000000000000002 | 0x0000000000000003 | 0x00000000004011ae | 1 1 1 1 1 1 1 1 1 1 1 1 1 1 1 1 1 1 1 1 1 1 1 1 1 1 1 1 1 1 1 1 1 1 1 1 1 1 1 1 1 1 1 1 1 1 1 1 1 1 1 1 1 1 1 1 1 1 1 1 1 1 1 1  | 3 4 1 2 5 6 7 8 9 10 11 12 13 14 15 16 17 18 19 20 21 22 23 24 25 26 27 28 29 30 31 32 33 34 35 36 37 38 39 40 41 42 43 44 45 46 47 48 49 50 51 52 53 54 55 56 57 58 59 60 61 62 63 64  |
 ├────────────────────┼────────────────────┼────────────────────┼────────────────────┼──────────────────────────────────────────────────────────────────────────────────────────────────────────────────────────────────┼─────────────────────────────────────────────────────────────────────────────────────────────────────────────────────────────────────────────────────────────────────────────────────────┤
 | 0x0000000000001a76 | 0x0000000000000001 | 0x0000000000000000 | 0x00000000004011ae | 1 1 1 1 1 1 1 1 1 1 1 1 1 1 1 1 1 1 1 1 1 1 1 1 1 1 1 1 1 1 1 1 1 1 1 1 1 1 1 1 1 1 1 1 1 1 1 1 1 1 1 1 1 1 1 1 1 1 1 1 1 1 1 1  | 2 1 3 4 5 6 7 8 9 10 11 12 13 14 15 16 17 18 19 20 21 22 23 24 25 26 27 28 29 30 31 32 33 34 35 36 37 38 39 40 41 42 43 44 45 46 47 48 49 50 51 52 53 54 55 56 57 58 59 60 61 62 63 64  |
 ├────────────────────┼────────────────────┼────────────────────┼────────────────────┼──────────────────────────────────────────────────────────────────────────────────────────────────────────────────────────────────┼─────────────────────────────────────────────────────────────────────────────────────────────────────────────────────────────────────────────────────────────────────────────────────────┤
 | 0x0000000000001a7f | 0x0000000000000001 | 0x0000000000000000 | 0x00000000004011ae | 1 1 1 1 1 1 1 1 1 1 1 1 1 1 1 1 1 1 1 1 1 1 1 1 1 1 1 1 1 1 1 1 1 1 1 1 1 1 1 1 1 1 1 1 1 1 1 1 1 1 1 1 1 1 1 1 1 1 1 1 1 1 1 1  | 2 1 3 4 5 6 7 8 9 10 11 12 13 14 15 16 17 18 19 20 21 22 23 24 25 26 27 28 29 30 31 32 33 34 35 36 37 38 39 40 41 42 43 44 45 46 47 48 49 50 51 52 53 54 55 56 57 58 59 60 61 62 63 64  |
 ├────────────────────┼────────────────────┼────────────────────┼────────────────────┼──────────────────────────────────────────────────────────────────────────────────────────────────────────────────────────────────┼─────────────────────────────────────────────────────────────────────────────────────────────────────────────────────────────────────────────────────────────────────────────────────────┤
 | 0x0000000000001a83 | 0x0000000000000001 | 0x0000000000000000 | 0x00000000004011ae | 1 1 1 1 1 1 1 1 1 1 1 1 1 1 1 1 1 1 1 1 1 1 1 1 1 1 1 1 1 1 1 1 1 1 1 1 1 1 1 1 1 1 1 1 1 1 1 1 1 1 1 1 1 1 1 1 1 1 1 1 1 1 1 1  | 2 1 3 4 5 6 7 8 9 10 11 12 13 14 15 16 17 18 19 20 21 22 23 24 25 26 27 28 29 30 31 32 33 34 35 36 37 38 39 40 41 42 43 44 45 46 47 48 49 50 51 52 53 54 55 56 57 58 59 60 61 62 63 64  |
 ├────────────────────┼────────────────────┼────────────────────┼────────────────────┼──────────────────────────────────────────────────────────────────────────────────────────────────────────────────────────────────┼─────────────────────────────────────────────────────────────────────────────────────────────────────────────────────────────────────────────────────────────────────────────────────────┤
 | 0x0000000000001a49 | 0x0000000000000001 | 0x0000000000000000 | 0x00000000004011ae | 1 1 1 1 1 1 1 1 1 1 1 1 1 1 1 1 1 1 1 1 1 1 1 1 1 1 1 1 1 1 1 1 1 1 1 1 1 1 1 1 1 1 1 1 1 1 1 1 1 1 1 1 1 1 1 1 1 1 1 1 1 1 1 1  | 2 1 3 4 5 6 7 8 9 10 11 12 13 14 15 16 17 18 19 20 21 22 23 24 25 26 27 28 29 30 31 32 33 34 35 36 37 38 39 40 41 42 43 44 45 46 47 48 49 50 51 52 53 54 55 56 57 58 59 60 61 62 63 64  |
 ├────────────────────┼────────────────────┼────────────────────┼────────────────────┼──────────────────────────────────────────────────────────────────────────────────────────────────────────────────────────────────┼─────────────────────────────────────────────────────────────────────────────────────────────────────────────────────────────────────────────────────────────────────────────────────────┤
 | 0x0000000000001a52 | 0x0000000000000002 | 0x0000000000000001 | 0x00000000004011ae | 1 1 1 1 1 1 1 1 1 1 1 1 1 1 1 1 1 1 1 1 1 1 1 1 1 1 1 1 1 1 1 1 1 1 1 1 1 1 1 1 1 1 1 1 1 1 1 1 1 1 1 1 1 1 1 1 1 1 1 1 1 1 1 1  | 3 2 1 4 5 6 7 8 9 10 11 12 13 14 15 16 17 18 19 20 21 22 23 24 25 26 27 28 29 30 31 32 33 34 35 36 37 38 39 40 41 42 43 44 45 46 47 48 49 50 51 52 53 54 55 56 57 58 59 60 61 62 63 64  |
 ├────────────────────┼────────────────────┼────────────────────┼────────────────────┼──────────────────────────────────────────────────────────────────────────────────────────────────────────────────────────────────┼─────────────────────────────────────────────────────────────────────────────────────────────────────────────────────────────────────────────────────────────────────────────────────────┤
 | 0x0000000000001a5b | 0x0000000000000002 | 0x0000000000000001 | 0x00000000004011ae | 1 1 1 1 1 1 1 1 1 1 1 1 1 1 1 1 1 1 1 1 1 1 1 1 1 1 1 1 1 1 1 1 1 1 1 1 1 1 1 1 1 1 1 1 1 1 1 1 1 1 1 1 1 1 1 1 1 1 1 1 1 1 1 1  | 4 2 1 3 5 6 7 8 9 10 11 12 13 14 15 16 17 18 19 20 21 22 23 24 25 26 27 28 29 30 31 32 33 34 35 36 37 38 39 40 41 42 43 44 45 46 47 48 49 50 51 52 53 54 55 56 57 58 59 60 61 62 63 64  |
 ├────────────────────┼────────────────────┼────────────────────┼────────────────────┼──────────────────────────────────────────────────────────────────────────────────────────────────────────────────────────────────┼─────────────────────────────────────────────────────────────────────────────────────────────────────────────────────────────────────────────────────────────────────────────────────────┤
 | 0x0000000000001a7c | 0x0000000000000002 | 0x0000000000000003 | 0x00000000004011ae | 1 1 1 1 1 1 1 1 1 1 1 1 1 1 1 1 1 1 1 1 1 1 1 1 1 1 1 1 1 1 1 1 1 1 1 1 1 1 1 1 1 1 1 1 1 1 1 1 1 1 1 1 1 1 1 1 1 1 1 1 1 1 1 1  | 3 4 1 2 5 6 7 8 9 10 11 12 13 14 15 16 17 18 19 20 21 22 23 24 25 26 27 28 29 30 31 32 33 34 35 36 37 38 39 40 41 42 43 44 45 46 47 48 49 50 51 52 53 54 55 56 57 58 59 60 61 62 63 64  |
 ├────────────────────┼────────────────────┼────────────────────┼────────────────────┼──────────────────────────────────────────────────────────────────────────────────────────────────────────────────────────────────┼─────────────────────────────────────────────────────────────────────────────────────────────────────────────────────────────────────────────────────────────────────────────────────────┤
 | 0x0000000000001a80 | 0x0000000000000002 | 0x0000000000000001 | 0x00000000004011ae | 1 1 1 1 1 1 1 1 1 1 1 1 1 1 1 1 1 1 1 1 1 1 1 1 1 1 1 1 1 1 1 1 1 1 1 1 1 1 1 1 1 1 1 1 1 1 1 1 1 1 1 1 1 1 1 1 1 1 1 1 1 1 1 1  | 4 2 1 3 5 6 7 8 9 10 11 12 13 14 15 16 17 18 19 20 21 22 23 24 25 26 27 28 29 30 31 32 33 34 35 36 37 38 39 40 41 42 43 44 45 46 47 48 49 50 51 52 53 54 55 56 57 58 59 60 61 62 63 64  |
 ├────────────────────┼────────────────────┼────────────────────┼────────────────────┼──────────────────────────────────────────────────────────────────────────────────────────────────────────────────────────────────┼─────────────────────────────────────────────────────────────────────────────────────────────────────────────────────────────────────────────────────────────────────────────────────────┤
 | 0x0000000000001a4a | 0x0000000000000002 | 0x0000000000000000 | 0x00000000004011ae | 1 1 1 1 1 1 1 1 1 1 1 1 1 1 1 1 1 1 1 1 1 1 1 1 1 1 1 1 1 1 1 1 1 1 1 1 1 1 1 1 1 1 1 1 1 1 1 1 1 1 1 1 1 1 1 1 1 1 1 1 1 1 1 1  | 2 3 1 4 5 6 7 8 9 10 11 12 13 14 15 16 17 18 19 20 21 22 23 24 25 26 27 28 29 30 31 32 33 34 35 36 37 38 39 40 41 42 43 44 45 46 47 48 49 50 51 52 53 54 55 56 57 58 59 60 61 62 63 64  |
 ├────────────────────┼────────────────────┼────────────────────┼────────────────────┼──────────────────────────────────────────────────────────────────────────────────────────────────────────────────────────────────┼─────────────────────────────────────────────────────────────────────────────────────────────────────────────────────────────────────────────────────────────────────────────────────────┤
 | 0x0000000000001a51 | 0x0000000000000001 | 0x0000000000000002 | 0x00000000004011ae | 1 1 1 1 1 1 1 1 1 1 1 1 1 1 1 1 1 1 1 1 1 1 1 1 1 1 1 1 1 1 1 1 1 1 1 1 1 1 1 1 1 1 1 1 1 1 1 1 1 1 1 1 1 1 1 1 1 1 1 1 1 1 1 1  | 3 1 2 4 5 6 7 8 9 10 11 12 13 14 15 16 17 18 19 20 21 22 23 24 25 26 27 28 29 30 31 32 33 34 35 36 37 38 39 40 41 42 43 44 45 46 47 48 49 50 51 52 53 54 55 56 57 58 59 60 61 62 63 64  |
 ├────────────────────┼────────────────────┼────────────────────┼────────────────────┼──────────────────────────────────────────────────────────────────────────────────────────────────────────────────────────────────┼─────────────────────────────────────────────────────────────────────────────────────────────────────────────────────────────────────────────────────────────────────────────────────────┤
 | 0x0000000000001a58 | 0x0000000000000002 | 0x0000000000000001 | 0x00000000004011ae | 1 1 1 1 1 1 1 1 1 1 1 1 1 1 1 1 1 1 1 1 1 1 1 1 1 1 1 1 1 1 1 1 1 1 1 1 1 1 1 1 1 1 1 1 1 1 1 1 1 1 1 1 1 1 1 1 1 1 1 1 1 1 1 1  | 4 2 1 3 5 6 7 8 9 10 11 12 13 14 15 16 17 18 19 20 21 22 23 24 25 26 27 28 29 30 31 32 33 34 35 36 37 38 39 40 41 42 43 44 45 46 47 48 49 50 51 52 53 54 55 56 57 58 59 60 61 62 63 64  |
 ├────────────────────┼────────────────────┼────────────────────┼────────────────────┼──────────────────────────────────────────────────────────────────────────────────────────────────────────────────────────────────┼─────────────────────────────────────────────────────────────────────────────────────────────────────────────────────────────────────────────────────────────────────────────────────────┤
 | 0x0000000000001a67 | 0x0000000000000002 | 0x0000000000000001 | 0x00000000004011ae | 1 1 1 1 1 1 1 1 1 1 1 1 1 1 1 1 1 1 1 1 1 1 1 1 1 1 1 1 1 1 1 1 1 1 1 1 1 1 1 1 1 1 1 1 1 1 1 1 1 1 1 1 1 1 1 1 1 1 1 1 1 1 1 1  | 4 2 1 3 5 6 7 8 9 10 11 12 13 14 15 16 17 18 19 20 21 22 23 24 25 26 27 28 29 30 31 32 33 34 35 36 37 38 39 40 41 42 43 44 45 46 47 48 49 50 51 52 53 54 55 56 57 58 59 60 61 62 63 64  |
 ├────────────────────┼────────────────────┼────────────────────┼────────────────────┼──────────────────────────────────────────────────────────────────────────────────────────────────────────────────────────────────┼─────────────────────────────────────────────────────────────────────────────────────────────────────────────────────────────────────────────────────────────────────────────────────────┤
 | 0x0000000000001a6e | 0x0000000000000000 | 0x0000000000000001 | 0x00000000004011ae | 1 1 1 1 1 1 1 1 1 1 1 1 1 1 1 1 1 1 1 1 1 1 1 1 1 1 1 1 1 1 1 1 1 1 1 1 1 1 1 1 1 1 1 1 1 1 1 1 1 1 1 1 1 1 1 1 1 1 1 1 1 1 1 1  | 1 2 3 4 5 6 7 8 9 10 11 12 13 14 15 16 17 18 19 20 21 22 23 24 25 26 27 28 29 30 31 32 33 34 35 36 37 38 39 40 41 42 43 44 45 46 47 48 49 50 51 52 53 54 55 56 57 58 59 60 61 62 63 64  |
 ├────────────────────┼────────────────────┼────────────────────┼────────────────────┼──────────────────────────────────────────────────────────────────────────────────────────────────────────────────────────────────┼─────────────────────────────────────────────────────────────────────────────────────────────────────────────────────────────────────────────────────────────────────────────────────────┤
 | 0x0000000000001a75 | 0x0000000000000000 | 0x0000000000000001 | 0x00000000004011ae | 1 1 1 1 1 1 1 1 1 1 1 1 1 1 1 1 1 1 1 1 1 1 1 1 1 1 1 1 1 1 1 1 1 1 1 1 1 1 1 1 1 1 1 1 1 1 1 1 1 1 1 1 1 1 1 1 1 1 1 1 1 1 1 1  | 1 2 3 4 5 6 7 8 9 10 11 12 13 14 15 16 17 18 19 20 21 22 23 24 25 26 27 28 29 30 31 32 33 34 35 36 37 38 39 40 41 42 43 44 45 46 47 48 49 50 51 52 53 54 55 56 57 58 59 60 61 62 63 64  |
 ├────────────────────┼────────────────────┼────────────────────┼────────────────────┼──────────────────────────────────────────────────────────────────────────────────────────────────────────────────────────────────┼─────────────────────────────────────────────────────────────────────────────────────────────────────────────────────────────────────────────────────────────────────────────────────────┤
 | 0x0000000000001a81 | 0x0000000000000001 | 0x0000000000000000 | 0x00000000004011ae | 1 1 1 1 1 1 1 1 1 1 1 1 1 1 1 1 1 1 1 1 1 1 1 1 1 1 1 1 1 1 1 1 1 1 1 1 1 1 1 1 1 1 1 1 1 1 1 1 1 1 1 1 1 1 1 1 1 1 1 1 1 1 1 1  | 2 1 3 4 5 6 7 8 9 10 11 12 13 14 15 16 17 18 19 20 21 22 23 24 25 26 27 28 29 30 31 32 33 34 35 36 37 38 39 40 41 42 43 44 45 46 47 48 49 50 51 52 53 54 55 56 57 58 59 60 61 62 63 64  |
 ├────────────────────┼────────────────────┼────────────────────┼────────────────────┼──────────────────────────────────────────────────────────────────────────────────────────────────────────────────────────────────┼─────────────────────────────────────────────────────────────────────────────────────────────────────────────────────────────────────────────────────────────────────────────────────────┤
 | 0x0000000000001a4b | 0x0000000000000000 | 0x0000000000000001 | 0x00000000004011ae | 1 1 1 1 1 1 1 1 1 1 1 1 1 1 1 1 1 1 1 1 1 1 1 1 1 1 1 1 1 1 1 1 1 1 1 1 1 1 1 1 1 1 1 1 1 1 1 1 1 1 1 1 1 1 1 1 1 1 1 1 1 1 1 1  | 1 2 3 4 5 6 7 8 9 10 11 12 13 14 15 16 17 18 19 20 21 22 23 24 25 26 27 28 29 30 31 32 33 34 35 36 37 38 39 40 41 42 43 44 45 46 47 48 49 50 51 52 53 54 55 56 57 58 59 60 61 62 63 64  |
 ├────────────────────┼────────────────────┼────────────────────┼────────────────────┼──────────────────────────────────────────────────────────────────────────────────────────────────────────────────────────────────┼─────────────────────────────────────────────────────────────────────────────────────────────────────────────────────────────────────────────────────────────────────────────────────────┤
 | 0x0000000000001a50 | 0x0000000000000001 | 0x0000000000000002 | 0x00000000004011ae | 1 1 1 1 1 1 1 1 1 1 1 1 1 1 1 1 1 1 1 1 1 1 1 1 1 1 1 1 1 1 1 1 1 1 1 1 1 1 1 1 1 1 1 1 1 1 1 1 1 1 1 1 1 1 1 1 1 1 1 1 1 1 1 1  | 3 1 2 4 5 6 7 8 9 10 11 12 13 14 15 16 17 18 19 20 21 22 23 24 25 26 27 28 29 30 31 32 33 34 35 36 37 38 39 40 41 42 43 44 45 46 47 48 49 50 51 52 53 54 55 56 57 58 59 60 61 62 63 64  |
 ├────────────────────┼────────────────────┼────────────────────┼────────────────────┼──────────────────────────────────────────────────────────────────────────────────────────────────────────────────────────────────┼─────────────────────────────────────────────────────────────────────────────────────────────────────────────────────────────────────────────────────────────────────────────────────────┤
 | 0x0000000000001a59 | 0x0000000000000000 | 0x0000000000000001 | 0x00000000004011ae | 1 1 1 1 1 1 1 1 1 1 1 1 1 1 1 1 1 1 1 1 1 1 1 1 1 1 1 1 1 1 1 1 1 1 1 1 1 1 1 1 1 1 1 1 1 1 1 1 1 1 1 1 1 1 1 1 1 1 1 1 1 1 1 1  | 1 2 3 4 5 6 7 8 9 10 11 12 13 14 15 16 17 18 19 20 21 22 23 24 25 26 27 28 29 30 31 32 33 34 35 36 37 38 39 40 41 42 43 44 45 46 47 48 49 50 51 52 53 54 55 56 57 58 59 60 61 62 63 64  |
 ├────────────────────┼────────────────────┼────────────────────┼────────────────────┼──────────────────────────────────────────────────────────────────────────────────────────────────────────────────────────────────┼─────────────────────────────────────────────────────────────────────────────────────────────────────────────────────────────────────────────────────────────────────────────────────────┤
 | 0x0000000000001a66 | 0x0000000000000001 | 0x0000000000000000 | 0x00000000004011ae | 1 1 1 1 1 1 1 1 1 1 1 1 1 1 1 1 1 1 1 1 1 1 1 1 1 1 1 1 1 1 1 1 1 1 1 1 1 1 1 1 1 1 1 1 1 1 1 1 1 1 1 1 1 1 1 1 1 1 1 1 1 1 1 1  | 2 1 3 4 5 6 7 8 9 10 11 12 13 14 15 16 17 18 19 20 21 22 23 24 25 26 27 28 29 30 31 32 33 34 35 36 37 38 39 40 41 42 43 44 45 46 47 48 49 50 51 52 53 54 55 56 57 58 59 60 61 62 63 64  |
 ├────────────────────┼────────────────────┼────────────────────┼────────────────────┼──────────────────────────────────────────────────────────────────────────────────────────────────────────────────────────────────┼─────────────────────────────────────────────────────────────────────────────────────────────────────────────────────────────────────────────────────────────────────────────────────────┤
 | 0x0000000000001a6f | 0x0000000000000000 | 0x0000000000000001 | 0x00000000004011ae | 1 1 1 1 1 1 1 1 1 1 1 1 1 1 1 1 1 1 1 1 1 1 1 1 1 1 1 1 1 1 1 1 1 1 1 1 1 1 1 1 1 1 1 1 1 1 1 1 1 1 1 1 1 1 1 1 1 1 1 1 1 1 1 1  | 1 2 3 4 5 6 7 8 9 10 11 12 13 14 15 16 17 18 19 20 21 22 23 24 25 26 27 28 29 30 31 32 33 34 35 36 37 38 39 40 41 42 43 44 45 46 47 48 49 50 51 52 53 54 55 56 57 58 59 60 61 62 63 64  |
 ├────────────────────┼────────────────────┼────────────────────┼────────────────────┼──────────────────────────────────────────────────────────────────────────────────────────────────────────────────────────────────┼─────────────────────────────────────────────────────────────────────────────────────────────────────────────────────────────────────────────────────────────────────────────────────────┤
 | 0x0000000000001a74 | 0x0000000000000002 | 0x0000000000000001 | 0x00000000004011ae | 1 1 1 1 1 1 1 1 1 1 1 1 1 1 1 1 1 1 1 1 1 1 1 1 1 1 1 1 1 1 1 1 1 1 1 1 1 1 1 1 1 1 1 1 1 1 1 1 1 1 1 1 1 1 1 1 1 1 1 1 1 1 1 1  | 4 2 1 3 5 6 7 8 9 10 11 12 13 14 15 16 17 18 19 20 21 22 23 24 25 26 27 28 29 30 31 32 33 34 35 36 37 38 39 40 41 42 43 44 45 46 47 48 49 50 51 52 53 54 55 56 57 58 59 60 61 62 63 64  |
 ├────────────────────┼────────────────────┼────────────────────┼────────────────────┼──────────────────────────────────────────────────────────────────────────────────────────────────────────────────────────────────┼─────────────────────────────────────────────────────────────────────────────────────────────────────────────────────────────────────────────────────────────────────────────────────────┤
 | 0x0000000000001a7d | 0x0000000000000000 | 0x0000000000000001 | 0x00000000004011ae | 1 1 1 1 1 1 1 1 1 1 1 1 1 1 1 1 1 1 1 1 1 1 1 1 1 1 1 1 1 1 1 1 1 1 1 1 1 1 1 1 1 1 1 1 1 1 1 1 1 1 1 1 1 1 1 1 1 1 1 1 1 1 1 1  | 1 2 3 4 5 6 7 8 9 10 11 12 13 14 15 16 17 18 19 20 21 22 23 24 25 26 27 28 29 30 31 32 33 34 35 36 37 38 39 40 41 42 43 44 45 46 47 48 49 50 51 52 53 54 55 56 57 58 59 60 61 62 63 64  |
 └────────────────────┴────────────────────┴────────────────────┴────────────────────┴──────────────────────────────────────────────────────────────────────────────────────────────────────────────────────────────────┴─────────────────────────────────────────────────────────────────────────────────────────────────────────────────────────────────────────────────────────────────────────────────────────┘
Accumulation table end
Pattern table begin
 ┌─────────────┬─────────────┬──────────────────────────────────────────────────────────────────────────────────────────────────────────────────────────────────┐
 | Trigger     | Second      | Pattern                                                                                                                          |
 ├─────────────┼─────────────┼──────────────────────────────────────────────────────────────────────────────────────────────────────────────────────────────────┤
 | 0           | 1           | 1 1 1 1 1 1 1 1 1 1 1 1 1 1 1 1 1 1 1 1 1 1 1 1 1 1 1 1 1 1 1 1 1 1 1 1 1 1 1 1 1 1 1 1 1 1 1 1 1 1 1 1 1 1 1 1 1 1 1 1 1 1 1 1  |
 ├─────────────┼─────────────┼──────────────────────────────────────────────────────────────────────────────────────────────────────────────────────────────────┤
 | 0           | 2           | 1 1 1 1 1 1 1 1 1 1 1 1 1 1 1 1 1 1 1 1 1 1 1 1 1 1 1 1 1 1 1 1 1 1 1 1 1 1 1 1 1 1 1 1 1 1 1 1 1 1 1 1 1 1 1 1 1 1 1 1 1 1 1 1  |
 ├─────────────┼─────────────┼──────────────────────────────────────────────────────────────────────────────────────────────────────────────────────────────────┤
 | 0           | 3           | 1 1 1 1 1 1 1 1 1 1 1 1 1 1 1 1 1 1 1 1 1 1 1 1 1 1 1 1 1 1 1 1 1 1 1 1 1 1 1 1 1 1 1 1 1 1 1 1 1 1 1 1 1 1 1 1 1 1 1 1 1 1 1 1  |
 ├─────────────┼─────────────┼──────────────────────────────────────────────────────────────────────────────────────────────────────────────────────────────────┤
 | 1           | 2           | 1 1 1 1 1 1 1 1 1 1 1 1 1 1 1 1 1 1 1 1 1 1 1 1 1 1 1 1 1 1 1 1 1 1 1 1 1 1 1 1 1 1 1 1 1 1 1 1 1 1 1 1 1 1 1 1 1 1 1 1 1 1 1 1  |
 ├─────────────┼─────────────┼──────────────────────────────────────────────────────────────────────────────────────────────────────────────────────────────────┤
 | 1           | 0           | 1 1 1 1 1 1 1 1 1 1 1 1 1 1 1 1 1 1 1 1 1 1 1 1 1 1 1 1 1 1 1 1 1 1 1 1 1 1 1 1 1 1 1 1 1 1 1 1 1 1 1 1 1 1 1 1 1 1 1 1 1 1 1 1  |
 ├─────────────┼─────────────┼──────────────────────────────────────────────────────────────────────────────────────────────────────────────────────────────────┤
 | 1           | 3           | 1 1 1 1 1 1 1 1 1 1 1 1 1 1 1 1 1 1 1 1 1 1 1 1 1 1 1 1 1 1 1 1 1 1 1 1 1 1 1 1 1 1 1 1 1 1 1 1 1 1 1 1 1 1 1 1 1 1 1 1 1 1 1 1  |
 ├─────────────┼─────────────┼──────────────────────────────────────────────────────────────────────────────────────────────────────────────────────────────────┤
 | 2           | 1           | 1 1 1 1 1 1 1 1 1 1 1 1 1 1 1 1 1 1 1 1 1 1 1 1 1 1 1 1 1 1 1 1 1 1 1 1 1 1 1 1 1 1 1 1 1 1 1 1 1 1 1 1 1 1 1 1 1 1 1 1 1 1 1 1  |
 ├─────────────┼─────────────┼──────────────────────────────────────────────────────────────────────────────────────────────────────────────────────────────────┤
 | 2           | 3           | 1 1 1 1 1 1 1 1 1 1 1 1 1 1 1 1 1 1 1 1 1 1 1 1 1 1 1 1 1 1 1 1 1 1 1 1 1 1 1 1 1 1 1 1 1 1 1 1 1 1 1 1 1 1 1 1 1 1 1 1 1 1 1 1  |
 ├─────────────┼─────────────┼──────────────────────────────────────────────────────────────────────────────────────────────────────────────────────────────────┤
 | 2           | 0           | 1 1 1 1 1 1 1 1 1 1 1 1 1 1 1 1 1 1 1 1 1 1 1 1 1 1 1 1 1 1 1 1 1 1 1 1 1 1 1 1 1 1 1 1 1 1 1 1 1 1 1 1 1 1 1 1 1 1 1 1 1 1 1 1  |
 ├─────────────┼─────────────┼──────────────────────────────────────────────────────────────────────────────────────────────────────────────────────────────────┤
 | 3           | 0           | 1 1 1 1 1 1 1 1 1 1 1 1 1 1 1 1 1 1 1 1 1 1 1 1 1 1 1 1 1 1 1 1 1 1 1 1 1 1 1 1 1 1 1 1 1 1 1 1 1 1 1 1 1 1 1 1 1 1 1 1 1 1 1 1  |
 ├─────────────┼─────────────┼──────────────────────────────────────────────────────────────────────────────────────────────────────────────────────────────────┤
 | 3           | 2           | 1 1 1 1 1 1 1 1 1 1 1 1 1 1 1 1 1 1 1 1 1 1 1 1 1 1 1 1 1 1 1 1 1 1 1 1 1 1 1 1 1 1 1 1 1 1 1 1 1 1 1 1 1 1 1 1 1 1 1 1 1 1 1 1  |
 ├─────────────┼─────────────┼──────────────────────────────────────────────────────────────────────────────────────────────────────────────────────────────────┤
 | 3           | 1           | 1 1 1 1 1 1 1 1 1 1 1 1 1 1 1 1 1 1 1 1 1 1 1 1 1 1 1 1 1 1 1 1 1 1 1 1 1 1 1 1 1 1 1 1 1 1 1 1 1 1 1 1 1 1 1 1 1 1 1 1 1 1 1 1  |
 ├─────────────┼─────────────┼──────────────────────────────────────────────────────────────────────────────────────────────────────────────────────────────────┤
 | 3           | 4           | 1 1 1 1 1 1 1 1 1 1 1 1 1 1 1 1 1 1 1 1 1 1 1 1 1 1 1 1 1 1 1 1 1 1 1 1 1 1 1 1 1 1 1 1 1 1 1 1 1 1 1 1 1 1 1 1 1 1 1 1 1 1 1 1  |
 ├─────────────┼─────────────┼──────────────────────────────────────────────────────────────────────────────────────────────────────────────────────────────────┤
 | 5           | 6           | 0 0 0 0 0 1 1 1 1 1 1 1 1 1 1 1 1 1 1 1 1 1 1 1 1 1 1 1 1 1 1 1 1 1 1 1 1 1 1 1 1 1 1 1 1 1 1 1 1 1 1 1 1 1 1 1 1 1 1 1 1 1 1 1  |
 ├─────────────┼─────────────┼──────────────────────────────────────────────────────────────────────────────────────────────────────────────────────────────────┤
 | 6           | 7           | 1 1 1 1 1 1 1 1 1 1 1 1 1 1 1 1 1 1 1 1 1 1 1 1 1 1 1 1 1 1 1 1 1 1 1 1 1 1 1 1 1 1 1 1 1 1 1 1 1 1 1 1 1 1 1 1 1 1 1 1 1 1 1 1  |
 ├─────────────┼─────────────┼──────────────────────────────────────────────────────────────────────────────────────────────────────────────────────────────────┤
 | 6           | 0           | 1 1 1 1 1 1 1 1 1 1 1 1 1 1 1 1 1 1 1 1 1 1 1 1 1 1 1 1 1 1 1 1 1 1 1 1 1 1 1 1 1 1 1 1 1 1 1 1 1 1 1 1 1 1 1 1 1 1 1 1 1 1 1 1  |
 ├─────────────┼─────────────┼──────────────────────────────────────────────────────────────────────────────────────────────────────────────────────────────────┤
 | 7           | 8           | 1 1 1 1 1 1 1 1 1 1 1 1 1 1 1 1 1 1 1 1 1 1 1 1 1 1 1 1 1 1 1 1 1 1 1 1 1 1 1 1 1 1 1 1 1 1 1 1 1 1 1 1 1 1 1 1 1 1 1 1 1 1 1 1  |
 ├─────────────┼─────────────┼──────────────────────────────────────────────────────────────────────────────────────────────────────────────────────────────────┤
 | 7           | 0           | 1 1 1 1 1 1 1 1 1 1 1 1 1 1 1 1 1 1 1 1 1 1 1 1 1 1 1 1 1 1 1 1 1 1 1 1 1 1 1 1 1 1 1 1 1 1 1 1 1 1 1 1 1 1 1 1 1 1 1 1 1 1 1 1  |
 ├─────────────┼─────────────┼──────────────────────────────────────────────────────────────────────────────────────────────────────────────────────────────────┤
 | 9           | 10          | 1 1 1 1 1 1 1 1 1 1 1 1 1 1 1 1 1 1 1 1 1 1 1 1 1 1 1 1 1 1 1 1 1 1 1 1 1 1 1 1 1 1 1 1 1 1 1 1 1 1 1 1 1 1 1 1 1 1 1 1 1 1 1 1  |
 ├─────────────┼─────────────┼──────────────────────────────────────────────────────────────────────────────────────────────────────────────────────────────────┤
 | 10          | 11          | 1 1 1 1 1 1 1 1 1 1 1 1 1 1 1 1 1 1 1 1 1 1 1 1 1 1 1 1 1 1 1 1 1 1 1 1 1 1 1 1 1 1 1 1 1 1 1 1 1 1 1 1 1 1 1 1 1 1 1 1 1 1 1 1  |
 ├─────────────┼─────────────┼──────────────────────────────────────────────────────────────────────────────────────────────────────────────────────────────────┤
 | 11          | 12          | 1 1 1 1 1 1 1 1 1 1 1 1 1 1 1 1 1 1 1 1 1 1 1 1 1 1 1 1 1 1 1 1 1 1 1 1 1 1 1 1 1 1 1 1 1 1 1 1 1 1 1 1 1 1 1 1 1 1 1 1 1 1 1 1  |
 ├─────────────┼─────────────┼──────────────────────────────────────────────────────────────────────────────────────────────────────────────────────────────────┤
 | 12          | 0           | 1 1 1 1 1 1 1 1 1 1 1 1 1 1 1 1 1 1 1 1 1 1 1 1 1 1 1 1 1 1 1 1 1 1 1 1 1 1 1 1 1 1 1 1 1 1 1 1 1 1 1 1 1 1 1 1 1 1 1 1 1 1 1 1  |
 ├─────────────┼─────────────┼──────────────────────────────────────────────────────────────────────────────────────────────────────────────────────────────────┤
 | 12          | 10          | 1 1 1 1 1 1 1 1 1 1 1 1 1 1 1 1 1 1 1 1 1 1 1 1 1 1 1 1 1 1 1 1 1 1 1 1 1 1 1 1 1 1 1 1 1 1 1 1 1 1 1 1 1 1 1 1 1 1 1 1 1 1 1 1  |
 ├─────────────┼─────────────┼──────────────────────────────────────────────────────────────────────────────────────────────────────────────────────────────────┤
 | 54          | 55          | 0 0 0 0 0 0 0 0 0 0 0 0 0 0 0 0 0 0 0 0 0 0 0 0 0 0 0 0 0 0 0 0 0 0 0 0 0 0 0 0 0 0 0 0 0 0 0 0 0 0 0 0 0 0 1 1 0 0 0 0 0 0 0 0  |
 └─────────────┴─────────────┴──────────────────────────────────────────────────────────────────────────────────────────────────────────────────────────────────┘
Pattern table end
Prefetch buffer begin
 ┌───────────┬─────────┬────────┬──────┬─────────┐
 | RegionNum | Trigger | Second | Meta | Pattern |
 └───────────┴─────────┴────────┴──────┴─────────┘
Prefetch buffer end
cpu0_L2C
Num Con Filled: 0
Num Con Useful: 0 Useless:0 Accuracy: -nan
LLC
