41 41 41
Available num physical pages: 35184372088576
WARNING: physical memory size is smaller than virtual memory size

*** ChampSim Multicore Out-of-Order Simulator ***

Warmup Instructions: 200000000
Simulation Instructions: 200000000
Number of CPUs: 1
Page size: 4096

Basic BTB sets: 1024 ways: 8 indirect buffer size: 4096 RAS size: 64
cpu0_L1D Gaze NEW NEW prefetcher
Pattern Table index_len: 6
Off-chip DRAM Size: 4 GiB Channels: 1 Width: 64-bit Data Rate: 3200 MT/s
[PTW] 🔁 Switched page size to 2048 KB at cycle 500000
[PTW] 🔁 Switched page size to 4 KB at cycle 1000000
[PTW] 🔁 Switched page size to 2048 KB at cycle 1500000
[PTW] 🔁 Switched page size to 4 KB at cycle 2000000
[PTW] 🔁 Switched page size to 2048 KB at cycle 2500000
Heartbeat CPU 0 instructions: 10000000 cycles: 2598136 heartbeat IPC: 3.84892 cumulative IPC: 3.84892 (Simulation time: 0 hr 5 min 6 sec) 
[PTW] 🔁 Switched page size to 4 KB at cycle 3000000
[PTW] 🔁 Switched page size to 2048 KB at cycle 3500000
[PTW] 🔁 Switched page size to 4 KB at cycle 4000000
[PTW] 🔁 Switched page size to 2048 KB at cycle 4500000
[PTW] 🔁 Switched page size to 4 KB at cycle 5000000
Heartbeat CPU 0 instructions: 20000000 cycles: 5184157 heartbeat IPC: 3.86695 cumulative IPC: 3.85791 (Simulation time: 0 hr 10 min 22 sec) 
[PTW] 🔁 Switched page size to 2048 KB at cycle 5500000
[PTW] 🔁 Switched page size to 4 KB at cycle 6000000
[PTW] 🔁 Switched page size to 2048 KB at cycle 6500000
[PTW] 🔁 Switched page size to 4 KB at cycle 7000000
[PTW] 🔁 Switched page size to 2048 KB at cycle 7500000
Heartbeat CPU 0 instructions: 30000000 cycles: 7763147 heartbeat IPC: 3.87749 cumulative IPC: 3.86442 (Simulation time: 0 hr 15 min 34 sec) 
[PTW] 🔁 Switched page size to 4 KB at cycle 8000000
[PTW] 🔁 Switched page size to 2048 KB at cycle 8500000
[PTW] 🔁 Switched page size to 4 KB at cycle 9000000
[PTW] 🔁 Switched page size to 2048 KB at cycle 9500000
[PTW] 🔁 Switched page size to 4 KB at cycle 10000000
Heartbeat CPU 0 instructions: 40000001 cycles: 10342138 heartbeat IPC: 3.87749 cumulative IPC: 3.86768 (Simulation time: 0 hr 20 min 40 sec) 
[PTW] 🔁 Switched page size to 2048 KB at cycle 10500000
[PTW] 🔁 Switched page size to 4 KB at cycle 11000000
[PTW] 🔁 Switched page size to 2048 KB at cycle 11500000
[PTW] 🔁 Switched page size to 4 KB at cycle 12000000
[PTW] 🔁 Switched page size to 2048 KB at cycle 12500000
Heartbeat CPU 0 instructions: 50000001 cycles: 12921135 heartbeat IPC: 3.87748 cumulative IPC: 3.86963 (Simulation time: 0 hr 25 min 46 sec) 
[PTW] 🔁 Switched page size to 4 KB at cycle 13000000
[PTW] 🔁 Switched page size to 2048 KB at cycle 13500000
[PTW] 🔁 Switched page size to 4 KB at cycle 14000000
[PTW] 🔁 Switched page size to 2048 KB at cycle 14500000
[PTW] 🔁 Switched page size to 4 KB at cycle 15000000
[PTW] 🔁 Switched page size to 2048 KB at cycle 15500000
Heartbeat CPU 0 instructions: 60000001 cycles: 15551127 heartbeat IPC: 3.8023 cumulative IPC: 3.85825 (Simulation time: 0 hr 31 min 0 sec) 
[PTW] 🔁 Switched page size to 4 KB at cycle 16000000
[PTW] 🔁 Switched page size to 2048 KB at cycle 16500000
[PTW] 🔁 Switched page size to 4 KB at cycle 17000000
[PTW] 🔁 Switched page size to 2048 KB at cycle 17500000
[PTW] 🔁 Switched page size to 4 KB at cycle 18000000
Heartbeat CPU 0 instructions: 70000002 cycles: 18216471 heartbeat IPC: 3.75187 cumulative IPC: 3.84268 (Simulation time: 0 hr 36 min 59 sec) 
[PTW] 🔁 Switched page size to 2048 KB at cycle 18500000
[PTW] 🔁 Switched page size to 4 KB at cycle 19000000
[PTW] 🔁 Switched page size to 2048 KB at cycle 19500000
[PTW] 🔁 Switched page size to 4 KB at cycle 20000000
[PTW] 🔁 Switched page size to 2048 KB at cycle 20500000
Heartbeat CPU 0 instructions: 80000001 cycles: 20834618 heartbeat IPC: 3.8195 cumulative IPC: 3.83977 (Simulation time: 0 hr 43 min 2 sec) 
[PTW] 🔁 Switched page size to 4 KB at cycle 21000000
[PTW] 🔁 Switched page size to 2048 KB at cycle 21500000
[PTW] 🔁 Switched page size to 4 KB at cycle 22000000
[PTW] 🔁 Switched page size to 2048 KB at cycle 22500000
[PTW] 🔁 Switched page size to 4 KB at cycle 23000000
Heartbeat CPU 0 instructions: 90000002 cycles: 23439013 heartbeat IPC: 3.83967 cumulative IPC: 3.83976 (Simulation time: 0 hr 48 min 14 sec) 
[PTW] 🔁 Switched page size to 2048 KB at cycle 23500000
[PTW] 🔁 Switched page size to 4 KB at cycle 24000000
[PTW] 🔁 Switched page size to 2048 KB at cycle 24500000
[PTW] 🔁 Switched page size to 4 KB at cycle 25000000
[PTW] 🔁 Switched page size to 2048 KB at cycle 25500000
[PTW] 🔁 Switched page size to 4 KB at cycle 26000000
Heartbeat CPU 0 instructions: 100000003 cycles: 26017988 heartbeat IPC: 3.87751 cumulative IPC: 3.8435 (Simulation time: 0 hr 53 min 32 sec) 
[PTW] 🔁 Switched page size to 2048 KB at cycle 26500000
[PTW] 🔁 Switched page size to 4 KB at cycle 27000000
[PTW] 🔁 Switched page size to 2048 KB at cycle 27500000
[PTW] 🔁 Switched page size to 4 KB at cycle 28000000
[PTW] 🔁 Switched page size to 2048 KB at cycle 28500000
Heartbeat CPU 0 instructions: 110000001 cycles: 28596928 heartbeat IPC: 3.87757 cumulative IPC: 3.84657 (Simulation time: 0 hr 58 min 45 sec) 
[PTW] 🔁 Switched page size to 4 KB at cycle 29000000
[PTW] 🔁 Switched page size to 2048 KB at cycle 29500000
[PTW] 🔁 Switched page size to 4 KB at cycle 30000000
[PTW] 🔁 Switched page size to 2048 KB at cycle 30500000
[PTW] 🔁 Switched page size to 4 KB at cycle 31000000
Heartbeat CPU 0 instructions: 120000001 cycles: 31175919 heartbeat IPC: 3.87749 cumulative IPC: 3.84913 (Simulation time: 1 hr 3 min 54 sec) 
[PTW] 🔁 Switched page size to 2048 KB at cycle 31500000
[PTW] 🔁 Switched page size to 4 KB at cycle 32000000
[PTW] 🔁 Switched page size to 2048 KB at cycle 32500000
[PTW] 🔁 Switched page size to 4 KB at cycle 33000000
[PTW] 🔁 Switched page size to 2048 KB at cycle 33500000
Heartbeat CPU 0 instructions: 130000003 cycles: 33805833 heartbeat IPC: 3.80241 cumulative IPC: 3.8455 (Simulation time: 1 hr 9 min 6 sec) 
[PTW] 🔁 Switched page size to 4 KB at cycle 34000000
[PTW] 🔁 Switched page size to 2048 KB at cycle 34500000
[PTW] 🔁 Switched page size to 4 KB at cycle 35000000
[PTW] 🔁 Switched page size to 2048 KB at cycle 35500000
[PTW] 🔁 Switched page size to 4 KB at cycle 36000000
Heartbeat CPU 0 instructions: 140000000 cycles: 36385294 heartbeat IPC: 3.87678 cumulative IPC: 3.84771 (Simulation time: 1 hr 14 min 21 sec) 
[PTW] 🔁 Switched page size to 2048 KB at cycle 36500000
[PTW] 🔁 Switched page size to 4 KB at cycle 37000000
[PTW] 🔁 Switched page size to 2048 KB at cycle 37500000
[PTW] 🔁 Switched page size to 4 KB at cycle 38000000
[PTW] 🔁 Switched page size to 2048 KB at cycle 38500000
Heartbeat CPU 0 instructions: 150000001 cycles: 38964262 heartbeat IPC: 3.87753 cumulative IPC: 3.84969 (Simulation time: 1 hr 19 min 29 sec) 
[PTW] 🔁 Switched page size to 4 KB at cycle 39000000
[PTW] 🔁 Switched page size to 2048 KB at cycle 39500000
[PTW] 🔁 Switched page size to 4 KB at cycle 40000000
[PTW] 🔁 Switched page size to 2048 KB at cycle 40500000
[PTW] 🔁 Switched page size to 4 KB at cycle 41000000
[PTW] 🔁 Switched page size to 2048 KB at cycle 41500000
Heartbeat CPU 0 instructions: 160000002 cycles: 41545671 heartbeat IPC: 3.87386 cumulative IPC: 3.85119 (Simulation time: 1 hr 24 min 43 sec) 
[PTW] 🔁 Switched page size to 4 KB at cycle 42000000
[PTW] 🔁 Switched page size to 2048 KB at cycle 42500000
[PTW] 🔁 Switched page size to 4 KB at cycle 43000000
[PTW] 🔁 Switched page size to 2048 KB at cycle 43500000
[PTW] 🔁 Switched page size to 4 KB at cycle 44000000
Heartbeat CPU 0 instructions: 170000000 cycles: 44140245 heartbeat IPC: 3.8542 cumulative IPC: 3.85137 (Simulation time: 1 hr 30 min 0 sec) 
[PTW] 🔁 Switched page size to 2048 KB at cycle 44500000
[PTW] 🔁 Switched page size to 4 KB at cycle 45000000
[PTW] 🔁 Switched page size to 2048 KB at cycle 45500000
[PTW] 🔁 Switched page size to 4 KB at cycle 46000000
[PTW] 🔁 Switched page size to 2048 KB at cycle 46500000
Heartbeat CPU 0 instructions: 180000003 cycles: 46775382 heartbeat IPC: 3.79488 cumulative IPC: 3.84818 (Simulation time: 1 hr 36 min 4 sec) 
[PTW] 🔁 Switched page size to 4 KB at cycle 47000000
[PTW] 🔁 Switched page size to 2048 KB at cycle 47500000
[PTW] 🔁 Switched page size to 4 KB at cycle 48000000
[PTW] 🔁 Switched page size to 2048 KB at cycle 48500000
[PTW] 🔁 Switched page size to 4 KB at cycle 49000000
Heartbeat CPU 0 instructions: 190000003 cycles: 49387176 heartbeat IPC: 3.82879 cumulative IPC: 3.84716 (Simulation time: 1 hr 41 min 43 sec) 
[PTW] 🔁 Switched page size to 2048 KB at cycle 49500000
[PTW] 🔁 Switched page size to 4 KB at cycle 50000000
[PTW] 🔁 Switched page size to 2048 KB at cycle 50500000
[PTW] 🔁 Switched page size to 4 KB at cycle 51000000
[PTW] 🔁 Switched page size to 2048 KB at cycle 51500000
[PTW] 🔁 Switched page size to 4 KB at cycle 52000000
Heartbeat CPU 0 instructions: 200000000 cycles: 52017194 heartbeat IPC: 3.80226 cumulative IPC: 3.84489 (Simulation time: 1 hr 46 min 50 sec) 
Max paddr 52M
Warmup finished CPU 0 instructions: 200000000 cycles: 52017195 cumulative IPC: 3.84489 (Simulation time: 1 hr 46 min 50 sec) 

Warmup complete CPU 0 instructions: 200000000 cycles: 52017195 (Simulation time: 1 hr 46 min 50 sec) 

[PTW] 🔁 Switched page size to 2048 KB at cycle 52500000
[PTW] 🔁 Switched page size to 4 KB at cycle 53000000
[PTW] 🔁 Switched page size to 2048 KB at cycle 53500000
[PTW] 🔁 Switched page size to 4 KB at cycle 54000000
[PTW] 🔁 Switched page size to 2048 KB at cycle 54500000
[PTW] 🔁 Switched page size to 4 KB at cycle 55000000
[PTW] 🔁 Switched page size to 2048 KB at cycle 55500000
[PTW] 🔁 Switched page size to 4 KB at cycle 56000000
[PTW] 🔁 Switched page size to 2048 KB at cycle 56500000
[PTW] 🔁 Switched page size to 4 KB at cycle 57000000
[PTW] 🔁 Switched page size to 2048 KB at cycle 57500000
[PTW] 🔁 Switched page size to 4 KB at cycle 58000000
[PTW] 🔁 Switched page size to 2048 KB at cycle 58500000
[PTW] 🔁 Switched page size to 4 KB at cycle 59000000
[PTW] 🔁 Switched page size to 2048 KB at cycle 59500000
[PTW] 🔁 Switched page size to 4 KB at cycle 60000000
[PTW] 🔁 Switched page size to 2048 KB at cycle 60500000
[PTW] 🔁 Switched page size to 4 KB at cycle 61000000
[PTW] 🔁 Switched page size to 2048 KB at cycle 61500000
[PTW] 🔁 Switched page size to 4 KB at cycle 62000000
[PTW] 🔁 Switched page size to 2048 KB at cycle 62500000
[PTW] 🔁 Switched page size to 4 KB at cycle 63000000
[PTW] 🔁 Switched page size to 2048 KB at cycle 63500000
[PTW] 🔁 Switched page size to 4 KB at cycle 64000000
[PTW] 🔁 Switched page size to 2048 KB at cycle 64500000
[PTW] 🔁 Switched page size to 4 KB at cycle 65000000
[PTW] 🔁 Switched page size to 2048 KB at cycle 65500000
[PTW] 🔁 Switched page size to 4 KB at cycle 66000000
[PTW] 🔁 Switched page size to 2048 KB at cycle 66500000
[PTW] 🔁 Switched page size to 4 KB at cycle 67000000
[PTW] 🔁 Switched page size to 2048 KB at cycle 67500000
[PTW] 🔁 Switched page size to 4 KB at cycle 68000000
[PTW] 🔁 Switched page size to 2048 KB at cycle 68500000
[PTW] 🔁 Switched page size to 4 KB at cycle 69000000
[PTW] 🔁 Switched page size to 2048 KB at cycle 69500000
[PTW] 🔁 Switched page size to 4 KB at cycle 70000000
[PTW] 🔁 Switched page size to 2048 KB at cycle 70500000
[PTW] 🔁 Switched page size to 4 KB at cycle 71000000
[PTW] 🔁 Switched page size to 2048 KB at cycle 71500000
[PTW] 🔁 Switched page size to 4 KB at cycle 72000000
[PTW] 🔁 Switched page size to 2048 KB at cycle 72500000
[PTW] 🔁 Switched page size to 4 KB at cycle 73000000
[PTW] 🔁 Switched page size to 2048 KB at cycle 73500000
[PTW] 🔁 Switched page size to 4 KB at cycle 74000000
Heartbeat CPU 0 instructions: 210000000 cycles: 74366857 heartbeat IPC: 0.447435 cumulative IPC: 0.447435 (Simulation time: 2 hr 2 min 14 sec) 
[PTW] 🔁 Switched page size to 2048 KB at cycle 74500000
[PTW] 🔁 Switched page size to 4 KB at cycle 75000000
[PTW] 🔁 Switched page size to 2048 KB at cycle 75500000
[PTW] 🔁 Switched page size to 4 KB at cycle 76000000
[PTW] 🔁 Switched page size to 2048 KB at cycle 76500000
[PTW] 🔁 Switched page size to 4 KB at cycle 77000000
[PTW] 🔁 Switched page size to 2048 KB at cycle 77500000
[PTW] 🔁 Switched page size to 4 KB at cycle 78000000
[PTW] 🔁 Switched page size to 2048 KB at cycle 78500000
[PTW] 🔁 Switched page size to 4 KB at cycle 79000000
[PTW] 🔁 Switched page size to 2048 KB at cycle 79500000
[PTW] 🔁 Switched page size to 4 KB at cycle 80000000
[PTW] 🔁 Switched page size to 2048 KB at cycle 80500000
[PTW] 🔁 Switched page size to 4 KB at cycle 81000000
[PTW] 🔁 Switched page size to 2048 KB at cycle 81500000
[PTW] 🔁 Switched page size to 4 KB at cycle 82000000
[PTW] 🔁 Switched page size to 2048 KB at cycle 82500000
[PTW] 🔁 Switched page size to 4 KB at cycle 83000000
[PTW] 🔁 Switched page size to 2048 KB at cycle 83500000
[PTW] 🔁 Switched page size to 4 KB at cycle 84000000
[PTW] 🔁 Switched page size to 2048 KB at cycle 84500000
[PTW] 🔁 Switched page size to 4 KB at cycle 85000000
[PTW] 🔁 Switched page size to 2048 KB at cycle 85500000
[PTW] 🔁 Switched page size to 4 KB at cycle 86000000
[PTW] 🔁 Switched page size to 2048 KB at cycle 86500000
[PTW] 🔁 Switched page size to 4 KB at cycle 87000000
[PTW] 🔁 Switched page size to 2048 KB at cycle 87500000
[PTW] 🔁 Switched page size to 4 KB at cycle 88000000
[PTW] 🔁 Switched page size to 2048 KB at cycle 88500000
[PTW] 🔁 Switched page size to 4 KB at cycle 89000000
[PTW] 🔁 Switched page size to 2048 KB at cycle 89500000
[PTW] 🔁 Switched page size to 4 KB at cycle 90000000
[PTW] 🔁 Switched page size to 2048 KB at cycle 90500000
[PTW] 🔁 Switched page size to 4 KB at cycle 91000000
[PTW] 🔁 Switched page size to 2048 KB at cycle 91500000
[PTW] 🔁 Switched page size to 4 KB at cycle 92000000
[PTW] 🔁 Switched page size to 2048 KB at cycle 92500000
[PTW] 🔁 Switched page size to 4 KB at cycle 93000000
[PTW] 🔁 Switched page size to 2048 KB at cycle 93500000
[PTW] 🔁 Switched page size to 4 KB at cycle 94000000
[PTW] 🔁 Switched page size to 2048 KB at cycle 94500000
[PTW] 🔁 Switched page size to 4 KB at cycle 95000000
[PTW] 🔁 Switched page size to 2048 KB at cycle 95500000
[PTW] 🔁 Switched page size to 4 KB at cycle 96000000
[PTW] 🔁 Switched page size to 2048 KB at cycle 96500000
Heartbeat CPU 0 instructions: 220000001 cycles: 96917394 heartbeat IPC: 0.443449 cumulative IPC: 0.445433 (Simulation time: 2 hr 17 min 28 sec) 
[PTW] 🔁 Switched page size to 4 KB at cycle 97000000
[PTW] 🔁 Switched page size to 2048 KB at cycle 97500000
[PTW] 🔁 Switched page size to 4 KB at cycle 98000000
[PTW] 🔁 Switched page size to 2048 KB at cycle 98500000
[PTW] 🔁 Switched page size to 4 KB at cycle 99000000
[PTW] 🔁 Switched page size to 2048 KB at cycle 99500000
[PTW] 🔁 Switched page size to 4 KB at cycle 100000000
[PTW] 🔁 Switched page size to 2048 KB at cycle 100500000
[PTW] 🔁 Switched page size to 4 KB at cycle 101000000
[PTW] 🔁 Switched page size to 2048 KB at cycle 101500000
[PTW] 🔁 Switched page size to 4 KB at cycle 102000000
[PTW] 🔁 Switched page size to 2048 KB at cycle 102500000
[PTW] 🔁 Switched page size to 4 KB at cycle 103000000
[PTW] 🔁 Switched page size to 2048 KB at cycle 103500000
[PTW] 🔁 Switched page size to 4 KB at cycle 104000000
[PTW] 🔁 Switched page size to 2048 KB at cycle 104500000
[PTW] 🔁 Switched page size to 4 KB at cycle 105000000
[PTW] 🔁 Switched page size to 2048 KB at cycle 105500000
[PTW] 🔁 Switched page size to 4 KB at cycle 106000000
[PTW] 🔁 Switched page size to 2048 KB at cycle 106500000
[PTW] 🔁 Switched page size to 4 KB at cycle 107000000
[PTW] 🔁 Switched page size to 2048 KB at cycle 107500000
[PTW] 🔁 Switched page size to 4 KB at cycle 108000000
[PTW] 🔁 Switched page size to 2048 KB at cycle 108500000
[PTW] 🔁 Switched page size to 4 KB at cycle 109000000
[PTW] 🔁 Switched page size to 2048 KB at cycle 109500000
[PTW] 🔁 Switched page size to 4 KB at cycle 110000000
[PTW] 🔁 Switched page size to 2048 KB at cycle 110500000
[PTW] 🔁 Switched page size to 4 KB at cycle 111000000
[PTW] 🔁 Switched page size to 2048 KB at cycle 111500000
[PTW] 🔁 Switched page size to 4 KB at cycle 112000000
[PTW] 🔁 Switched page size to 2048 KB at cycle 112500000
[PTW] 🔁 Switched page size to 4 KB at cycle 113000000
[PTW] 🔁 Switched page size to 2048 KB at cycle 113500000
[PTW] 🔁 Switched page size to 4 KB at cycle 114000000
[PTW] 🔁 Switched page size to 2048 KB at cycle 114500000
[PTW] 🔁 Switched page size to 4 KB at cycle 115000000
[PTW] 🔁 Switched page size to 2048 KB at cycle 115500000
[PTW] 🔁 Switched page size to 4 KB at cycle 116000000
[PTW] 🔁 Switched page size to 2048 KB at cycle 116500000
[PTW] 🔁 Switched page size to 4 KB at cycle 117000000
[PTW] 🔁 Switched page size to 2048 KB at cycle 117500000
[PTW] 🔁 Switched page size to 4 KB at cycle 118000000
[PTW] 🔁 Switched page size to 2048 KB at cycle 118500000
[PTW] 🔁 Switched page size to 4 KB at cycle 119000000
[PTW] 🔁 Switched page size to 2048 KB at cycle 119500000
[PTW] 🔁 Switched page size to 4 KB at cycle 120000000
Heartbeat CPU 0 instructions: 230000001 cycles: 120104012 heartbeat IPC: 0.431284 cumulative IPC: 0.440614 (Simulation time: 2 hr 33 min 46 sec) 
[PTW] 🔁 Switched page size to 2048 KB at cycle 120500000
[PTW] 🔁 Switched page size to 4 KB at cycle 121000000
[PTW] 🔁 Switched page size to 2048 KB at cycle 121500000
[PTW] 🔁 Switched page size to 4 KB at cycle 122000000
[PTW] 🔁 Switched page size to 2048 KB at cycle 122500000
[PTW] 🔁 Switched page size to 4 KB at cycle 123000000
[PTW] 🔁 Switched page size to 2048 KB at cycle 123500000
[PTW] 🔁 Switched page size to 4 KB at cycle 124000000
[PTW] 🔁 Switched page size to 2048 KB at cycle 124500000
[PTW] 🔁 Switched page size to 4 KB at cycle 125000000
[PTW] 🔁 Switched page size to 2048 KB at cycle 125500000
[PTW] 🔁 Switched page size to 4 KB at cycle 126000000
[PTW] 🔁 Switched page size to 2048 KB at cycle 126500000
[PTW] 🔁 Switched page size to 4 KB at cycle 127000000
[PTW] 🔁 Switched page size to 2048 KB at cycle 127500000
[PTW] 🔁 Switched page size to 4 KB at cycle 128000000
[PTW] 🔁 Switched page size to 2048 KB at cycle 128500000
[PTW] 🔁 Switched page size to 4 KB at cycle 129000000
[PTW] 🔁 Switched page size to 2048 KB at cycle 129500000
[PTW] 🔁 Switched page size to 4 KB at cycle 130000000
[PTW] 🔁 Switched page size to 2048 KB at cycle 130500000
[PTW] 🔁 Switched page size to 4 KB at cycle 131000000
[PTW] 🔁 Switched page size to 2048 KB at cycle 131500000
[PTW] 🔁 Switched page size to 4 KB at cycle 132000000
[PTW] 🔁 Switched page size to 2048 KB at cycle 132500000
[PTW] 🔁 Switched page size to 4 KB at cycle 133000000
[PTW] 🔁 Switched page size to 2048 KB at cycle 133500000
[PTW] 🔁 Switched page size to 4 KB at cycle 134000000
[PTW] 🔁 Switched page size to 2048 KB at cycle 134500000
[PTW] 🔁 Switched page size to 4 KB at cycle 135000000
[PTW] 🔁 Switched page size to 2048 KB at cycle 135500000
[PTW] 🔁 Switched page size to 4 KB at cycle 136000000
[PTW] 🔁 Switched page size to 2048 KB at cycle 136500000
[PTW] 🔁 Switched page size to 4 KB at cycle 137000000
[PTW] 🔁 Switched page size to 2048 KB at cycle 137500000
[PTW] 🔁 Switched page size to 4 KB at cycle 138000000
[PTW] 🔁 Switched page size to 2048 KB at cycle 138500000
[PTW] 🔁 Switched page size to 4 KB at cycle 139000000
[PTW] 🔁 Switched page size to 2048 KB at cycle 139500000
[PTW] 🔁 Switched page size to 4 KB at cycle 140000000
[PTW] 🔁 Switched page size to 2048 KB at cycle 140500000
[PTW] 🔁 Switched page size to 4 KB at cycle 141000000
[PTW] 🔁 Switched page size to 2048 KB at cycle 141500000
[PTW] 🔁 Switched page size to 4 KB at cycle 142000000
[PTW] 🔁 Switched page size to 2048 KB at cycle 142500000
[PTW] 🔁 Switched page size to 4 KB at cycle 143000000
[PTW] 🔁 Switched page size to 2048 KB at cycle 143500000
[PTW] 🔁 Switched page size to 4 KB at cycle 144000000
Heartbeat CPU 0 instructions: 240000000 cycles: 144336999 heartbeat IPC: 0.412661 cumulative IPC: 0.433277 (Simulation time: 2 hr 49 min 51 sec) 
[PTW] 🔁 Switched page size to 2048 KB at cycle 144500000
[PTW] 🔁 Switched page size to 4 KB at cycle 145000000
[PTW] 🔁 Switched page size to 2048 KB at cycle 145500000
[PTW] 🔁 Switched page size to 4 KB at cycle 146000000
[PTW] 🔁 Switched page size to 2048 KB at cycle 146500000
[PTW] 🔁 Switched page size to 4 KB at cycle 147000000
[PTW] 🔁 Switched page size to 2048 KB at cycle 147500000
[PTW] 🔁 Switched page size to 4 KB at cycle 148000000
[PTW] 🔁 Switched page size to 2048 KB at cycle 148500000
[PTW] 🔁 Switched page size to 4 KB at cycle 149000000
[PTW] 🔁 Switched page size to 2048 KB at cycle 149500000
[PTW] 🔁 Switched page size to 4 KB at cycle 150000000
[PTW] 🔁 Switched page size to 2048 KB at cycle 150500000
[PTW] 🔁 Switched page size to 4 KB at cycle 151000000
[PTW] 🔁 Switched page size to 2048 KB at cycle 151500000
[PTW] 🔁 Switched page size to 4 KB at cycle 152000000
[PTW] 🔁 Switched page size to 2048 KB at cycle 152500000
[PTW] 🔁 Switched page size to 4 KB at cycle 153000000
[PTW] 🔁 Switched page size to 2048 KB at cycle 153500000
[PTW] 🔁 Switched page size to 4 KB at cycle 154000000
[PTW] 🔁 Switched page size to 2048 KB at cycle 154500000
[PTW] 🔁 Switched page size to 4 KB at cycle 155000000
[PTW] 🔁 Switched page size to 2048 KB at cycle 155500000
[PTW] 🔁 Switched page size to 4 KB at cycle 156000000
[PTW] 🔁 Switched page size to 2048 KB at cycle 156500000
[PTW] 🔁 Switched page size to 4 KB at cycle 157000000
[PTW] 🔁 Switched page size to 2048 KB at cycle 157500000
[PTW] 🔁 Switched page size to 4 KB at cycle 158000000
[PTW] 🔁 Switched page size to 2048 KB at cycle 158500000
[PTW] 🔁 Switched page size to 4 KB at cycle 159000000
[PTW] 🔁 Switched page size to 2048 KB at cycle 159500000
[PTW] 🔁 Switched page size to 4 KB at cycle 160000000
[PTW] 🔁 Switched page size to 2048 KB at cycle 160500000
[PTW] 🔁 Switched page size to 4 KB at cycle 161000000
[PTW] 🔁 Switched page size to 2048 KB at cycle 161500000
[PTW] 🔁 Switched page size to 4 KB at cycle 162000000
[PTW] 🔁 Switched page size to 2048 KB at cycle 162500000
[PTW] 🔁 Switched page size to 4 KB at cycle 163000000
[PTW] 🔁 Switched page size to 2048 KB at cycle 163500000
[PTW] 🔁 Switched page size to 4 KB at cycle 164000000
[PTW] 🔁 Switched page size to 2048 KB at cycle 164500000
[PTW] 🔁 Switched page size to 4 KB at cycle 165000000
[PTW] 🔁 Switched page size to 2048 KB at cycle 165500000
[PTW] 🔁 Switched page size to 4 KB at cycle 166000000
[PTW] 🔁 Switched page size to 2048 KB at cycle 166500000
[PTW] 🔁 Switched page size to 4 KB at cycle 167000000
[PTW] 🔁 Switched page size to 2048 KB at cycle 167500000
[PTW] 🔁 Switched page size to 4 KB at cycle 168000000
[PTW] 🔁 Switched page size to 2048 KB at cycle 168500000
[PTW] 🔁 Switched page size to 4 KB at cycle 169000000
[PTW] 🔁 Switched page size to 2048 KB at cycle 169500000
[PTW] 🔁 Switched page size to 4 KB at cycle 170000000
Heartbeat CPU 0 instructions: 250000000 cycles: 170395094 heartbeat IPC: 0.383758 cumulative IPC: 0.422377 (Simulation time: 3 hr 7 min 39 sec) 
[PTW] 🔁 Switched page size to 2048 KB at cycle 170500000
[PTW] 🔁 Switched page size to 4 KB at cycle 171000000
[PTW] 🔁 Switched page size to 2048 KB at cycle 171500000
[PTW] 🔁 Switched page size to 4 KB at cycle 172000000
[PTW] 🔁 Switched page size to 2048 KB at cycle 172500000
[PTW] 🔁 Switched page size to 4 KB at cycle 173000000
[PTW] 🔁 Switched page size to 2048 KB at cycle 173500000
[PTW] 🔁 Switched page size to 4 KB at cycle 174000000
[PTW] 🔁 Switched page size to 2048 KB at cycle 174500000
[PTW] 🔁 Switched page size to 4 KB at cycle 175000000
[PTW] 🔁 Switched page size to 2048 KB at cycle 175500000
[PTW] 🔁 Switched page size to 4 KB at cycle 176000000
[PTW] 🔁 Switched page size to 2048 KB at cycle 176500000
[PTW] 🔁 Switched page size to 4 KB at cycle 177000000
[PTW] 🔁 Switched page size to 2048 KB at cycle 177500000
[PTW] 🔁 Switched page size to 4 KB at cycle 178000000
[PTW] 🔁 Switched page size to 2048 KB at cycle 178500000
[PTW] 🔁 Switched page size to 4 KB at cycle 179000000
[PTW] 🔁 Switched page size to 2048 KB at cycle 179500000
[PTW] 🔁 Switched page size to 4 KB at cycle 180000000
[PTW] 🔁 Switched page size to 2048 KB at cycle 180500000
[PTW] 🔁 Switched page size to 4 KB at cycle 181000000
[PTW] 🔁 Switched page size to 2048 KB at cycle 181500000
[PTW] 🔁 Switched page size to 4 KB at cycle 182000000
[PTW] 🔁 Switched page size to 2048 KB at cycle 182500000
[PTW] 🔁 Switched page size to 4 KB at cycle 183000000
[PTW] 🔁 Switched page size to 2048 KB at cycle 183500000
[PTW] 🔁 Switched page size to 4 KB at cycle 184000000
[PTW] 🔁 Switched page size to 2048 KB at cycle 184500000
[PTW] 🔁 Switched page size to 4 KB at cycle 185000000
[PTW] 🔁 Switched page size to 2048 KB at cycle 185500000
[PTW] 🔁 Switched page size to 4 KB at cycle 186000000
[PTW] 🔁 Switched page size to 2048 KB at cycle 186500000
[PTW] 🔁 Switched page size to 4 KB at cycle 187000000
[PTW] 🔁 Switched page size to 2048 KB at cycle 187500000
[PTW] 🔁 Switched page size to 4 KB at cycle 188000000
[PTW] 🔁 Switched page size to 2048 KB at cycle 188500000
[PTW] 🔁 Switched page size to 4 KB at cycle 189000000
[PTW] 🔁 Switched page size to 2048 KB at cycle 189500000
[PTW] 🔁 Switched page size to 4 KB at cycle 190000000
[PTW] 🔁 Switched page size to 2048 KB at cycle 190500000
[PTW] 🔁 Switched page size to 4 KB at cycle 191000000
[PTW] 🔁 Switched page size to 2048 KB at cycle 191500000
[PTW] 🔁 Switched page size to 4 KB at cycle 192000000
[PTW] 🔁 Switched page size to 2048 KB at cycle 192500000
[PTW] 🔁 Switched page size to 4 KB at cycle 193000000
Heartbeat CPU 0 instructions: 260000002 cycles: 193208169 heartbeat IPC: 0.438346 cumulative IPC: 0.424957 (Simulation time: 3 hr 22 min 59 sec) 
[PTW] 🔁 Switched page size to 2048 KB at cycle 193500000
[PTW] 🔁 Switched page size to 4 KB at cycle 194000000
[PTW] 🔁 Switched page size to 2048 KB at cycle 194500000
[PTW] 🔁 Switched page size to 4 KB at cycle 195000000
[PTW] 🔁 Switched page size to 2048 KB at cycle 195500000
[PTW] 🔁 Switched page size to 4 KB at cycle 196000000
[PTW] 🔁 Switched page size to 2048 KB at cycle 196500000
[PTW] 🔁 Switched page size to 4 KB at cycle 197000000
[PTW] 🔁 Switched page size to 2048 KB at cycle 197500000
[PTW] 🔁 Switched page size to 4 KB at cycle 198000000
[PTW] 🔁 Switched page size to 2048 KB at cycle 198500000
[PTW] 🔁 Switched page size to 4 KB at cycle 199000000
[PTW] 🔁 Switched page size to 2048 KB at cycle 199500000
[PTW] 🔁 Switched page size to 4 KB at cycle 200000000
[PTW] 🔁 Switched page size to 2048 KB at cycle 200500000
[PTW] 🔁 Switched page size to 4 KB at cycle 201000000
[PTW] 🔁 Switched page size to 2048 KB at cycle 201500000
[PTW] 🔁 Switched page size to 4 KB at cycle 202000000
[PTW] 🔁 Switched page size to 2048 KB at cycle 202500000
[PTW] 🔁 Switched page size to 4 KB at cycle 203000000
[PTW] 🔁 Switched page size to 2048 KB at cycle 203500000
[PTW] 🔁 Switched page size to 4 KB at cycle 204000000
[PTW] 🔁 Switched page size to 2048 KB at cycle 204500000
[PTW] 🔁 Switched page size to 4 KB at cycle 205000000
[PTW] 🔁 Switched page size to 2048 KB at cycle 205500000
[PTW] 🔁 Switched page size to 4 KB at cycle 206000000
[PTW] 🔁 Switched page size to 2048 KB at cycle 206500000
[PTW] 🔁 Switched page size to 4 KB at cycle 207000000
[PTW] 🔁 Switched page size to 2048 KB at cycle 207500000
[PTW] 🔁 Switched page size to 4 KB at cycle 208000000
[PTW] 🔁 Switched page size to 2048 KB at cycle 208500000
[PTW] 🔁 Switched page size to 4 KB at cycle 209000000
[PTW] 🔁 Switched page size to 2048 KB at cycle 209500000
[PTW] 🔁 Switched page size to 4 KB at cycle 210000000
[PTW] 🔁 Switched page size to 2048 KB at cycle 210500000
[PTW] 🔁 Switched page size to 4 KB at cycle 211000000
[PTW] 🔁 Switched page size to 2048 KB at cycle 211500000
[PTW] 🔁 Switched page size to 4 KB at cycle 212000000
[PTW] 🔁 Switched page size to 2048 KB at cycle 212500000
[PTW] 🔁 Switched page size to 4 KB at cycle 213000000
[PTW] 🔁 Switched page size to 2048 KB at cycle 213500000
[PTW] 🔁 Switched page size to 4 KB at cycle 214000000
[PTW] 🔁 Switched page size to 2048 KB at cycle 214500000
[PTW] 🔁 Switched page size to 4 KB at cycle 215000000
[PTW] 🔁 Switched page size to 2048 KB at cycle 215500000
Heartbeat CPU 0 instructions: 270000000 cycles: 215946925 heartbeat IPC: 0.439778 cumulative IPC: 0.427013 (Simulation time: 3 hr 38 min 16 sec) 
[PTW] 🔁 Switched page size to 4 KB at cycle 216000000
[PTW] 🔁 Switched page size to 2048 KB at cycle 216500000
[PTW] 🔁 Switched page size to 4 KB at cycle 217000000
[PTW] 🔁 Switched page size to 2048 KB at cycle 217500000
[PTW] 🔁 Switched page size to 4 KB at cycle 218000000
[PTW] 🔁 Switched page size to 2048 KB at cycle 218500000
[PTW] 🔁 Switched page size to 4 KB at cycle 219000000
[PTW] 🔁 Switched page size to 2048 KB at cycle 219500000
[PTW] 🔁 Switched page size to 4 KB at cycle 220000000
[PTW] 🔁 Switched page size to 2048 KB at cycle 220500000
[PTW] 🔁 Switched page size to 4 KB at cycle 221000000
[PTW] 🔁 Switched page size to 2048 KB at cycle 221500000
[PTW] 🔁 Switched page size to 4 KB at cycle 222000000
[PTW] 🔁 Switched page size to 2048 KB at cycle 222500000
[PTW] 🔁 Switched page size to 4 KB at cycle 223000000
[PTW] 🔁 Switched page size to 2048 KB at cycle 223500000
[PTW] 🔁 Switched page size to 4 KB at cycle 224000000
[PTW] 🔁 Switched page size to 2048 KB at cycle 224500000
[PTW] 🔁 Switched page size to 4 KB at cycle 225000000
[PTW] 🔁 Switched page size to 2048 KB at cycle 225500000
[PTW] 🔁 Switched page size to 4 KB at cycle 226000000
[PTW] 🔁 Switched page size to 2048 KB at cycle 226500000
[PTW] 🔁 Switched page size to 4 KB at cycle 227000000
[PTW] 🔁 Switched page size to 2048 KB at cycle 227500000
[PTW] 🔁 Switched page size to 4 KB at cycle 228000000
[PTW] 🔁 Switched page size to 2048 KB at cycle 228500000
[PTW] 🔁 Switched page size to 4 KB at cycle 229000000
[PTW] 🔁 Switched page size to 2048 KB at cycle 229500000
[PTW] 🔁 Switched page size to 4 KB at cycle 230000000
[PTW] 🔁 Switched page size to 2048 KB at cycle 230500000
[PTW] 🔁 Switched page size to 4 KB at cycle 231000000
[PTW] 🔁 Switched page size to 2048 KB at cycle 231500000
[PTW] 🔁 Switched page size to 4 KB at cycle 232000000
[PTW] 🔁 Switched page size to 2048 KB at cycle 232500000
[PTW] 🔁 Switched page size to 4 KB at cycle 233000000
[PTW] 🔁 Switched page size to 2048 KB at cycle 233500000
[PTW] 🔁 Switched page size to 4 KB at cycle 234000000
[PTW] 🔁 Switched page size to 2048 KB at cycle 234500000
[PTW] 🔁 Switched page size to 4 KB at cycle 235000000
[PTW] 🔁 Switched page size to 2048 KB at cycle 235500000
[PTW] 🔁 Switched page size to 4 KB at cycle 236000000
[PTW] 🔁 Switched page size to 2048 KB at cycle 236500000
[PTW] 🔁 Switched page size to 4 KB at cycle 237000000
[PTW] 🔁 Switched page size to 2048 KB at cycle 237500000
[PTW] 🔁 Switched page size to 4 KB at cycle 238000000
[PTW] 🔁 Switched page size to 2048 KB at cycle 238500000
[PTW] 🔁 Switched page size to 4 KB at cycle 239000000
[PTW] 🔁 Switched page size to 2048 KB at cycle 239500000
[PTW] 🔁 Switched page size to 4 KB at cycle 240000000
[PTW] 🔁 Switched page size to 2048 KB at cycle 240500000
[PTW] 🔁 Switched page size to 4 KB at cycle 241000000
[PTW] 🔁 Switched page size to 2048 KB at cycle 241500000
[PTW] 🔁 Switched page size to 4 KB at cycle 242000000
[PTW] 🔁 Switched page size to 2048 KB at cycle 242500000
[PTW] 🔁 Switched page size to 4 KB at cycle 243000000
[PTW] 🔁 Switched page size to 2048 KB at cycle 243500000
[PTW] 🔁 Switched page size to 4 KB at cycle 244000000
[PTW] 🔁 Switched page size to 2048 KB at cycle 244500000
[PTW] 🔁 Switched page size to 4 KB at cycle 245000000
[PTW] 🔁 Switched page size to 2048 KB at cycle 245500000
Heartbeat CPU 0 instructions: 280000001 cycles: 245542419 heartbeat IPC: 0.33789 cumulative IPC: 0.413383 (Simulation time: 3 hr 57 min 18 sec) 
[PTW] 🔁 Switched page size to 4 KB at cycle 246000000
[PTW] 🔁 Switched page size to 2048 KB at cycle 246500000
[PTW] 🔁 Switched page size to 4 KB at cycle 247000000
[PTW] 🔁 Switched page size to 2048 KB at cycle 247500000
[PTW] 🔁 Switched page size to 4 KB at cycle 248000000
[PTW] 🔁 Switched page size to 2048 KB at cycle 248500000
[PTW] 🔁 Switched page size to 4 KB at cycle 249000000
[PTW] 🔁 Switched page size to 2048 KB at cycle 249500000
[PTW] 🔁 Switched page size to 4 KB at cycle 250000000
[PTW] 🔁 Switched page size to 2048 KB at cycle 250500000
[PTW] 🔁 Switched page size to 4 KB at cycle 251000000
[PTW] 🔁 Switched page size to 2048 KB at cycle 251500000
[PTW] 🔁 Switched page size to 4 KB at cycle 252000000
[PTW] 🔁 Switched page size to 2048 KB at cycle 252500000
[PTW] 🔁 Switched page size to 4 KB at cycle 253000000
[PTW] 🔁 Switched page size to 2048 KB at cycle 253500000
[PTW] 🔁 Switched page size to 4 KB at cycle 254000000
[PTW] 🔁 Switched page size to 2048 KB at cycle 254500000
[PTW] 🔁 Switched page size to 4 KB at cycle 255000000
[PTW] 🔁 Switched page size to 2048 KB at cycle 255500000
[PTW] 🔁 Switched page size to 4 KB at cycle 256000000
[PTW] 🔁 Switched page size to 2048 KB at cycle 256500000
[PTW] 🔁 Switched page size to 4 KB at cycle 257000000
[PTW] 🔁 Switched page size to 2048 KB at cycle 257500000
[PTW] 🔁 Switched page size to 4 KB at cycle 258000000
[PTW] 🔁 Switched page size to 2048 KB at cycle 258500000
[PTW] 🔁 Switched page size to 4 KB at cycle 259000000
[PTW] 🔁 Switched page size to 2048 KB at cycle 259500000
[PTW] 🔁 Switched page size to 4 KB at cycle 260000000
[PTW] 🔁 Switched page size to 2048 KB at cycle 260500000
[PTW] 🔁 Switched page size to 4 KB at cycle 261000000
Heartbeat CPU 0 instructions: 290000000 cycles: 261246973 heartbeat IPC: 0.636758 cumulative IPC: 0.43015 (Simulation time: 4 hr 10 min 52 sec) 
[PTW] 🔁 Switched page size to 2048 KB at cycle 261500000
[PTW] 🔁 Switched page size to 4 KB at cycle 262000000
[PTW] 🔁 Switched page size to 2048 KB at cycle 262500000
[PTW] 🔁 Switched page size to 4 KB at cycle 263000000
[PTW] 🔁 Switched page size to 2048 KB at cycle 263500000
[PTW] 🔁 Switched page size to 4 KB at cycle 264000000
[PTW] 🔁 Switched page size to 2048 KB at cycle 264500000
[PTW] 🔁 Switched page size to 4 KB at cycle 265000000
[PTW] 🔁 Switched page size to 2048 KB at cycle 265500000
[PTW] 🔁 Switched page size to 4 KB at cycle 266000000
[PTW] 🔁 Switched page size to 2048 KB at cycle 266500000
[PTW] 🔁 Switched page size to 4 KB at cycle 267000000
[PTW] 🔁 Switched page size to 2048 KB at cycle 267500000
[PTW] 🔁 Switched page size to 4 KB at cycle 268000000
[PTW] 🔁 Switched page size to 2048 KB at cycle 268500000
[PTW] 🔁 Switched page size to 4 KB at cycle 269000000
[PTW] 🔁 Switched page size to 2048 KB at cycle 269500000
[PTW] 🔁 Switched page size to 4 KB at cycle 270000000
[PTW] 🔁 Switched page size to 2048 KB at cycle 270500000
[PTW] 🔁 Switched page size to 4 KB at cycle 271000000
[PTW] 🔁 Switched page size to 2048 KB at cycle 271500000
[PTW] 🔁 Switched page size to 4 KB at cycle 272000000
[PTW] 🔁 Switched page size to 2048 KB at cycle 272500000
[PTW] 🔁 Switched page size to 4 KB at cycle 273000000
[PTW] 🔁 Switched page size to 2048 KB at cycle 273500000
[PTW] 🔁 Switched page size to 4 KB at cycle 274000000
[PTW] 🔁 Switched page size to 2048 KB at cycle 274500000
[PTW] 🔁 Switched page size to 4 KB at cycle 275000000
[PTW] 🔁 Switched page size to 2048 KB at cycle 275500000
[PTW] 🔁 Switched page size to 4 KB at cycle 276000000
[PTW] 🔁 Switched page size to 2048 KB at cycle 276500000
[PTW] 🔁 Switched page size to 4 KB at cycle 277000000
[PTW] 🔁 Switched page size to 2048 KB at cycle 277500000
[PTW] 🔁 Switched page size to 4 KB at cycle 278000000
[PTW] 🔁 Switched page size to 2048 KB at cycle 278500000
[PTW] 🔁 Switched page size to 4 KB at cycle 279000000
[PTW] 🔁 Switched page size to 2048 KB at cycle 279500000
[PTW] 🔁 Switched page size to 4 KB at cycle 280000000
[PTW] 🔁 Switched page size to 2048 KB at cycle 280500000
[PTW] 🔁 Switched page size to 4 KB at cycle 281000000
[PTW] 🔁 Switched page size to 2048 KB at cycle 281500000
[PTW] 🔁 Switched page size to 4 KB at cycle 282000000
[PTW] 🔁 Switched page size to 2048 KB at cycle 282500000
[PTW] 🔁 Switched page size to 4 KB at cycle 283000000
[PTW] 🔁 Switched page size to 2048 KB at cycle 283500000
[PTW] 🔁 Switched page size to 4 KB at cycle 284000000
[PTW] 🔁 Switched page size to 2048 KB at cycle 284500000
Heartbeat CPU 0 instructions: 300000003 cycles: 284550217 heartbeat IPC: 0.429125 cumulative IPC: 0.430047 (Simulation time: 4 hr 27 min 23 sec) 
[PTW] 🔁 Switched page size to 4 KB at cycle 285000000
[PTW] 🔁 Switched page size to 2048 KB at cycle 285500000
[PTW] 🔁 Switched page size to 4 KB at cycle 286000000
[PTW] 🔁 Switched page size to 2048 KB at cycle 286500000
[PTW] 🔁 Switched page size to 4 KB at cycle 287000000
[PTW] 🔁 Switched page size to 2048 KB at cycle 287500000
[PTW] 🔁 Switched page size to 4 KB at cycle 288000000
[PTW] 🔁 Switched page size to 2048 KB at cycle 288500000
[PTW] 🔁 Switched page size to 4 KB at cycle 289000000
[PTW] 🔁 Switched page size to 2048 KB at cycle 289500000
[PTW] 🔁 Switched page size to 4 KB at cycle 290000000
[PTW] 🔁 Switched page size to 2048 KB at cycle 290500000
[PTW] 🔁 Switched page size to 4 KB at cycle 291000000
[PTW] 🔁 Switched page size to 2048 KB at cycle 291500000
[PTW] 🔁 Switched page size to 4 KB at cycle 292000000
[PTW] 🔁 Switched page size to 2048 KB at cycle 292500000
[PTW] 🔁 Switched page size to 4 KB at cycle 293000000
[PTW] 🔁 Switched page size to 2048 KB at cycle 293500000
[PTW] 🔁 Switched page size to 4 KB at cycle 294000000
[PTW] 🔁 Switched page size to 2048 KB at cycle 294500000
[PTW] 🔁 Switched page size to 4 KB at cycle 295000000
[PTW] 🔁 Switched page size to 2048 KB at cycle 295500000
[PTW] 🔁 Switched page size to 4 KB at cycle 296000000
[PTW] 🔁 Switched page size to 2048 KB at cycle 296500000
[PTW] 🔁 Switched page size to 4 KB at cycle 297000000
[PTW] 🔁 Switched page size to 2048 KB at cycle 297500000
[PTW] 🔁 Switched page size to 4 KB at cycle 298000000
[PTW] 🔁 Switched page size to 2048 KB at cycle 298500000
[PTW] 🔁 Switched page size to 4 KB at cycle 299000000
[PTW] 🔁 Switched page size to 2048 KB at cycle 299500000
[PTW] 🔁 Switched page size to 4 KB at cycle 300000000
[PTW] 🔁 Switched page size to 2048 KB at cycle 300500000
[PTW] 🔁 Switched page size to 4 KB at cycle 301000000
[PTW] 🔁 Switched page size to 2048 KB at cycle 301500000
[PTW] 🔁 Switched page size to 4 KB at cycle 302000000
[PTW] 🔁 Switched page size to 2048 KB at cycle 302500000
[PTW] 🔁 Switched page size to 4 KB at cycle 303000000
[PTW] 🔁 Switched page size to 2048 KB at cycle 303500000
[PTW] 🔁 Switched page size to 4 KB at cycle 304000000
[PTW] 🔁 Switched page size to 2048 KB at cycle 304500000
[PTW] 🔁 Switched page size to 4 KB at cycle 305000000
[PTW] 🔁 Switched page size to 2048 KB at cycle 305500000
[PTW] 🔁 Switched page size to 4 KB at cycle 306000000
[PTW] 🔁 Switched page size to 2048 KB at cycle 306500000
[PTW] 🔁 Switched page size to 4 KB at cycle 307000000
[PTW] 🔁 Switched page size to 2048 KB at cycle 307500000
[PTW] 🔁 Switched page size to 4 KB at cycle 308000000
[PTW] 🔁 Switched page size to 2048 KB at cycle 308500000
[PTW] 🔁 Switched page size to 4 KB at cycle 309000000
Heartbeat CPU 0 instructions: 310000000 cycles: 309295883 heartbeat IPC: 0.404112 cumulative IPC: 0.427552 (Simulation time: 4 hr 45 min 15 sec) 
[PTW] 🔁 Switched page size to 2048 KB at cycle 309500000
[PTW] 🔁 Switched page size to 4 KB at cycle 310000000
[PTW] 🔁 Switched page size to 2048 KB at cycle 310500000
[PTW] 🔁 Switched page size to 4 KB at cycle 311000000
[PTW] 🔁 Switched page size to 2048 KB at cycle 311500000
[PTW] 🔁 Switched page size to 4 KB at cycle 312000000
[PTW] 🔁 Switched page size to 2048 KB at cycle 312500000
[PTW] 🔁 Switched page size to 4 KB at cycle 313000000
[PTW] 🔁 Switched page size to 2048 KB at cycle 313500000
[PTW] 🔁 Switched page size to 4 KB at cycle 314000000
[PTW] 🔁 Switched page size to 2048 KB at cycle 314500000
[PTW] 🔁 Switched page size to 4 KB at cycle 315000000
[PTW] 🔁 Switched page size to 2048 KB at cycle 315500000
[PTW] 🔁 Switched page size to 4 KB at cycle 316000000
[PTW] 🔁 Switched page size to 2048 KB at cycle 316500000
[PTW] 🔁 Switched page size to 4 KB at cycle 317000000
[PTW] 🔁 Switched page size to 2048 KB at cycle 317500000
[PTW] 🔁 Switched page size to 4 KB at cycle 318000000
[PTW] 🔁 Switched page size to 2048 KB at cycle 318500000
[PTW] 🔁 Switched page size to 4 KB at cycle 319000000
[PTW] 🔁 Switched page size to 2048 KB at cycle 319500000
[PTW] 🔁 Switched page size to 4 KB at cycle 320000000
[PTW] 🔁 Switched page size to 2048 KB at cycle 320500000
[PTW] 🔁 Switched page size to 4 KB at cycle 321000000
[PTW] 🔁 Switched page size to 2048 KB at cycle 321500000
[PTW] 🔁 Switched page size to 4 KB at cycle 322000000
[PTW] 🔁 Switched page size to 2048 KB at cycle 322500000
[PTW] 🔁 Switched page size to 4 KB at cycle 323000000
[PTW] 🔁 Switched page size to 2048 KB at cycle 323500000
[PTW] 🔁 Switched page size to 4 KB at cycle 324000000
[PTW] 🔁 Switched page size to 2048 KB at cycle 324500000
[PTW] 🔁 Switched page size to 4 KB at cycle 325000000
[PTW] 🔁 Switched page size to 2048 KB at cycle 325500000
[PTW] 🔁 Switched page size to 4 KB at cycle 326000000
[PTW] 🔁 Switched page size to 2048 KB at cycle 326500000
[PTW] 🔁 Switched page size to 4 KB at cycle 327000000
[PTW] 🔁 Switched page size to 2048 KB at cycle 327500000
[PTW] 🔁 Switched page size to 4 KB at cycle 328000000
[PTW] 🔁 Switched page size to 2048 KB at cycle 328500000
[PTW] 🔁 Switched page size to 4 KB at cycle 329000000
[PTW] 🔁 Switched page size to 2048 KB at cycle 329500000
[PTW] 🔁 Switched page size to 4 KB at cycle 330000000
[PTW] 🔁 Switched page size to 2048 KB at cycle 330500000
[PTW] 🔁 Switched page size to 4 KB at cycle 331000000
[PTW] 🔁 Switched page size to 2048 KB at cycle 331500000
[PTW] 🔁 Switched page size to 4 KB at cycle 332000000
[PTW] 🔁 Switched page size to 2048 KB at cycle 332500000
[PTW] 🔁 Switched page size to 4 KB at cycle 333000000
[PTW] 🔁 Switched page size to 2048 KB at cycle 333500000
[PTW] 🔁 Switched page size to 4 KB at cycle 334000000
[PTW] 🔁 Switched page size to 2048 KB at cycle 334500000
Heartbeat CPU 0 instructions: 320000003 cycles: 334728370 heartbeat IPC: 0.393198 cumulative IPC: 0.424462 (Simulation time: 5 hr 2 min 23 sec) 
[PTW] 🔁 Switched page size to 4 KB at cycle 335000000
[PTW] 🔁 Switched page size to 2048 KB at cycle 335500000
[PTW] 🔁 Switched page size to 4 KB at cycle 336000000
[PTW] 🔁 Switched page size to 2048 KB at cycle 336500000
[PTW] 🔁 Switched page size to 4 KB at cycle 337000000
[PTW] 🔁 Switched page size to 2048 KB at cycle 337500000
[PTW] 🔁 Switched page size to 4 KB at cycle 338000000
[PTW] 🔁 Switched page size to 2048 KB at cycle 338500000
[PTW] 🔁 Switched page size to 4 KB at cycle 339000000
[PTW] 🔁 Switched page size to 2048 KB at cycle 339500000
[PTW] 🔁 Switched page size to 4 KB at cycle 340000000
[PTW] 🔁 Switched page size to 2048 KB at cycle 340500000
[PTW] 🔁 Switched page size to 4 KB at cycle 341000000
[PTW] 🔁 Switched page size to 2048 KB at cycle 341500000
[PTW] 🔁 Switched page size to 4 KB at cycle 342000000
[PTW] 🔁 Switched page size to 2048 KB at cycle 342500000
[PTW] 🔁 Switched page size to 4 KB at cycle 343000000
[PTW] 🔁 Switched page size to 2048 KB at cycle 343500000
[PTW] 🔁 Switched page size to 4 KB at cycle 344000000
[PTW] 🔁 Switched page size to 2048 KB at cycle 344500000
[PTW] 🔁 Switched page size to 4 KB at cycle 345000000
[PTW] 🔁 Switched page size to 2048 KB at cycle 345500000
[PTW] 🔁 Switched page size to 4 KB at cycle 346000000
[PTW] 🔁 Switched page size to 2048 KB at cycle 346500000
[PTW] 🔁 Switched page size to 4 KB at cycle 347000000
[PTW] 🔁 Switched page size to 2048 KB at cycle 347500000
[PTW] 🔁 Switched page size to 4 KB at cycle 348000000
[PTW] 🔁 Switched page size to 2048 KB at cycle 348500000
[PTW] 🔁 Switched page size to 4 KB at cycle 349000000
[PTW] 🔁 Switched page size to 2048 KB at cycle 349500000
[PTW] 🔁 Switched page size to 4 KB at cycle 350000000
[PTW] 🔁 Switched page size to 2048 KB at cycle 350500000
[PTW] 🔁 Switched page size to 4 KB at cycle 351000000
[PTW] 🔁 Switched page size to 2048 KB at cycle 351500000
[PTW] 🔁 Switched page size to 4 KB at cycle 352000000
[PTW] 🔁 Switched page size to 2048 KB at cycle 352500000
[PTW] 🔁 Switched page size to 4 KB at cycle 353000000
[PTW] 🔁 Switched page size to 2048 KB at cycle 353500000
[PTW] 🔁 Switched page size to 4 KB at cycle 354000000
[PTW] 🔁 Switched page size to 2048 KB at cycle 354500000
[PTW] 🔁 Switched page size to 4 KB at cycle 355000000
[PTW] 🔁 Switched page size to 2048 KB at cycle 355500000
[PTW] 🔁 Switched page size to 4 KB at cycle 356000000
[PTW] 🔁 Switched page size to 2048 KB at cycle 356500000
[PTW] 🔁 Switched page size to 4 KB at cycle 357000000
[PTW] 🔁 Switched page size to 2048 KB at cycle 357500000
Heartbeat CPU 0 instructions: 330000001 cycles: 357650891 heartbeat IPC: 0.436253 cumulative IPC: 0.425346 (Simulation time: 5 hr 18 min 35 sec) 
[PTW] 🔁 Switched page size to 4 KB at cycle 358000000
[PTW] 🔁 Switched page size to 2048 KB at cycle 358500000
[PTW] 🔁 Switched page size to 4 KB at cycle 359000000
[PTW] 🔁 Switched page size to 2048 KB at cycle 359500000
[PTW] 🔁 Switched page size to 4 KB at cycle 360000000
[PTW] 🔁 Switched page size to 2048 KB at cycle 360500000
[PTW] 🔁 Switched page size to 4 KB at cycle 361000000
[PTW] 🔁 Switched page size to 2048 KB at cycle 361500000
[PTW] 🔁 Switched page size to 4 KB at cycle 362000000
[PTW] 🔁 Switched page size to 2048 KB at cycle 362500000
[PTW] 🔁 Switched page size to 4 KB at cycle 363000000
[PTW] 🔁 Switched page size to 2048 KB at cycle 363500000
[PTW] 🔁 Switched page size to 4 KB at cycle 364000000
[PTW] 🔁 Switched page size to 2048 KB at cycle 364500000
[PTW] 🔁 Switched page size to 4 KB at cycle 365000000
[PTW] 🔁 Switched page size to 2048 KB at cycle 365500000
[PTW] 🔁 Switched page size to 4 KB at cycle 366000000
[PTW] 🔁 Switched page size to 2048 KB at cycle 366500000
[PTW] 🔁 Switched page size to 4 KB at cycle 367000000
[PTW] 🔁 Switched page size to 2048 KB at cycle 367500000
[PTW] 🔁 Switched page size to 4 KB at cycle 368000000
[PTW] 🔁 Switched page size to 2048 KB at cycle 368500000
[PTW] 🔁 Switched page size to 4 KB at cycle 369000000
[PTW] 🔁 Switched page size to 2048 KB at cycle 369500000
[PTW] 🔁 Switched page size to 4 KB at cycle 370000000
[PTW] 🔁 Switched page size to 2048 KB at cycle 370500000
[PTW] 🔁 Switched page size to 4 KB at cycle 371000000
[PTW] 🔁 Switched page size to 2048 KB at cycle 371500000
[PTW] 🔁 Switched page size to 4 KB at cycle 372000000
[PTW] 🔁 Switched page size to 2048 KB at cycle 372500000
[PTW] 🔁 Switched page size to 4 KB at cycle 373000000
[PTW] 🔁 Switched page size to 2048 KB at cycle 373500000
[PTW] 🔁 Switched page size to 4 KB at cycle 374000000
[PTW] 🔁 Switched page size to 2048 KB at cycle 374500000
[PTW] 🔁 Switched page size to 4 KB at cycle 375000000
[PTW] 🔁 Switched page size to 2048 KB at cycle 375500000
[PTW] 🔁 Switched page size to 4 KB at cycle 376000000
[PTW] 🔁 Switched page size to 2048 KB at cycle 376500000
[PTW] 🔁 Switched page size to 4 KB at cycle 377000000
[PTW] 🔁 Switched page size to 2048 KB at cycle 377500000
[PTW] 🔁 Switched page size to 4 KB at cycle 378000000
[PTW] 🔁 Switched page size to 2048 KB at cycle 378500000
[PTW] 🔁 Switched page size to 4 KB at cycle 379000000
[PTW] 🔁 Switched page size to 2048 KB at cycle 379500000
Heartbeat CPU 0 instructions: 340000002 cycles: 379943966 heartbeat IPC: 0.44857 cumulative IPC: 0.426925 (Simulation time: 5 hr 32 min 45 sec) 
[PTW] 🔁 Switched page size to 4 KB at cycle 380000000
[PTW] 🔁 Switched page size to 2048 KB at cycle 380500000
[PTW] 🔁 Switched page size to 4 KB at cycle 381000000
[PTW] 🔁 Switched page size to 2048 KB at cycle 381500000
[PTW] 🔁 Switched page size to 4 KB at cycle 382000000
[PTW] 🔁 Switched page size to 2048 KB at cycle 382500000
[PTW] 🔁 Switched page size to 4 KB at cycle 383000000
[PTW] 🔁 Switched page size to 2048 KB at cycle 383500000
[PTW] 🔁 Switched page size to 4 KB at cycle 384000000
[PTW] 🔁 Switched page size to 2048 KB at cycle 384500000
[PTW] 🔁 Switched page size to 4 KB at cycle 385000000
[PTW] 🔁 Switched page size to 2048 KB at cycle 385500000
[PTW] 🔁 Switched page size to 4 KB at cycle 386000000
[PTW] 🔁 Switched page size to 2048 KB at cycle 386500000
[PTW] 🔁 Switched page size to 4 KB at cycle 387000000
[PTW] 🔁 Switched page size to 2048 KB at cycle 387500000
[PTW] 🔁 Switched page size to 4 KB at cycle 388000000
[PTW] 🔁 Switched page size to 2048 KB at cycle 388500000
[PTW] 🔁 Switched page size to 4 KB at cycle 389000000
[PTW] 🔁 Switched page size to 2048 KB at cycle 389500000
[PTW] 🔁 Switched page size to 4 KB at cycle 390000000
[PTW] 🔁 Switched page size to 2048 KB at cycle 390500000
[PTW] 🔁 Switched page size to 4 KB at cycle 391000000
[PTW] 🔁 Switched page size to 2048 KB at cycle 391500000
[PTW] 🔁 Switched page size to 4 KB at cycle 392000000
[PTW] 🔁 Switched page size to 2048 KB at cycle 392500000
[PTW] 🔁 Switched page size to 4 KB at cycle 393000000
[PTW] 🔁 Switched page size to 2048 KB at cycle 393500000
[PTW] 🔁 Switched page size to 4 KB at cycle 394000000
[PTW] 🔁 Switched page size to 2048 KB at cycle 394500000
[PTW] 🔁 Switched page size to 4 KB at cycle 395000000
[PTW] 🔁 Switched page size to 2048 KB at cycle 395500000
[PTW] 🔁 Switched page size to 4 KB at cycle 396000000
[PTW] 🔁 Switched page size to 2048 KB at cycle 396500000
[PTW] 🔁 Switched page size to 4 KB at cycle 397000000
[PTW] 🔁 Switched page size to 2048 KB at cycle 397500000
[PTW] 🔁 Switched page size to 4 KB at cycle 398000000
[PTW] 🔁 Switched page size to 2048 KB at cycle 398500000
[PTW] 🔁 Switched page size to 4 KB at cycle 399000000
[PTW] 🔁 Switched page size to 2048 KB at cycle 399500000
[PTW] 🔁 Switched page size to 4 KB at cycle 400000000
[PTW] 🔁 Switched page size to 2048 KB at cycle 400500000
[PTW] 🔁 Switched page size to 4 KB at cycle 401000000
[PTW] 🔁 Switched page size to 2048 KB at cycle 401500000
[PTW] 🔁 Switched page size to 4 KB at cycle 402000000
[PTW] 🔁 Switched page size to 2048 KB at cycle 402500000
[PTW] 🔁 Switched page size to 4 KB at cycle 403000000
[PTW] 🔁 Switched page size to 2048 KB at cycle 403500000
[PTW] 🔁 Switched page size to 4 KB at cycle 404000000
[PTW] 🔁 Switched page size to 2048 KB at cycle 404500000
[PTW] 🔁 Switched page size to 4 KB at cycle 405000000
Heartbeat CPU 0 instructions: 350000000 cycles: 405378619 heartbeat IPC: 0.393165 cumulative IPC: 0.424495 (Simulation time: 5 hr 48 min 53 sec) 
[PTW] 🔁 Switched page size to 2048 KB at cycle 405500000
[PTW] 🔁 Switched page size to 4 KB at cycle 406000000
[PTW] 🔁 Switched page size to 2048 KB at cycle 406500000
[PTW] 🔁 Switched page size to 4 KB at cycle 407000000
[PTW] 🔁 Switched page size to 2048 KB at cycle 407500000
[PTW] 🔁 Switched page size to 4 KB at cycle 408000000
[PTW] 🔁 Switched page size to 2048 KB at cycle 408500000
[PTW] 🔁 Switched page size to 4 KB at cycle 409000000
[PTW] 🔁 Switched page size to 2048 KB at cycle 409500000
[PTW] 🔁 Switched page size to 4 KB at cycle 410000000
[PTW] 🔁 Switched page size to 2048 KB at cycle 410500000
[PTW] 🔁 Switched page size to 4 KB at cycle 411000000
[PTW] 🔁 Switched page size to 2048 KB at cycle 411500000
[PTW] 🔁 Switched page size to 4 KB at cycle 412000000
[PTW] 🔁 Switched page size to 2048 KB at cycle 412500000
[PTW] 🔁 Switched page size to 4 KB at cycle 413000000
[PTW] 🔁 Switched page size to 2048 KB at cycle 413500000
[PTW] 🔁 Switched page size to 4 KB at cycle 414000000
[PTW] 🔁 Switched page size to 2048 KB at cycle 414500000
[PTW] 🔁 Switched page size to 4 KB at cycle 415000000
[PTW] 🔁 Switched page size to 2048 KB at cycle 415500000
[PTW] 🔁 Switched page size to 4 KB at cycle 416000000
[PTW] 🔁 Switched page size to 2048 KB at cycle 416500000
[PTW] 🔁 Switched page size to 4 KB at cycle 417000000
[PTW] 🔁 Switched page size to 2048 KB at cycle 417500000
[PTW] 🔁 Switched page size to 4 KB at cycle 418000000
[PTW] 🔁 Switched page size to 2048 KB at cycle 418500000
[PTW] 🔁 Switched page size to 4 KB at cycle 419000000
[PTW] 🔁 Switched page size to 2048 KB at cycle 419500000
[PTW] 🔁 Switched page size to 4 KB at cycle 420000000
[PTW] 🔁 Switched page size to 2048 KB at cycle 420500000
[PTW] 🔁 Switched page size to 4 KB at cycle 421000000
[PTW] 🔁 Switched page size to 2048 KB at cycle 421500000
[PTW] 🔁 Switched page size to 4 KB at cycle 422000000
[PTW] 🔁 Switched page size to 2048 KB at cycle 422500000
[PTW] 🔁 Switched page size to 4 KB at cycle 423000000
[PTW] 🔁 Switched page size to 2048 KB at cycle 423500000
[PTW] 🔁 Switched page size to 4 KB at cycle 424000000
[PTW] 🔁 Switched page size to 2048 KB at cycle 424500000
[PTW] 🔁 Switched page size to 4 KB at cycle 425000000
[PTW] 🔁 Switched page size to 2048 KB at cycle 425500000
[PTW] 🔁 Switched page size to 4 KB at cycle 426000000
[PTW] 🔁 Switched page size to 2048 KB at cycle 426500000
[PTW] 🔁 Switched page size to 4 KB at cycle 427000000
[PTW] 🔁 Switched page size to 2048 KB at cycle 427500000
[PTW] 🔁 Switched page size to 4 KB at cycle 428000000
[PTW] 🔁 Switched page size to 2048 KB at cycle 428500000
Heartbeat CPU 0 instructions: 360000000 cycles: 428788344 heartbeat IPC: 0.427173 cumulative IPC: 0.424661 (Simulation time: 6 hr 3 min 59 sec) 
[PTW] 🔁 Switched page size to 4 KB at cycle 429000000
[PTW] 🔁 Switched page size to 2048 KB at cycle 429500000
[PTW] 🔁 Switched page size to 4 KB at cycle 430000000
[PTW] 🔁 Switched page size to 2048 KB at cycle 430500000
[PTW] 🔁 Switched page size to 4 KB at cycle 431000000
[PTW] 🔁 Switched page size to 2048 KB at cycle 431500000
[PTW] 🔁 Switched page size to 4 KB at cycle 432000000
[PTW] 🔁 Switched page size to 2048 KB at cycle 432500000
[PTW] 🔁 Switched page size to 4 KB at cycle 433000000
[PTW] 🔁 Switched page size to 2048 KB at cycle 433500000
[PTW] 🔁 Switched page size to 4 KB at cycle 434000000
[PTW] 🔁 Switched page size to 2048 KB at cycle 434500000
[PTW] 🔁 Switched page size to 4 KB at cycle 435000000
[PTW] 🔁 Switched page size to 2048 KB at cycle 435500000
[PTW] 🔁 Switched page size to 4 KB at cycle 436000000
[PTW] 🔁 Switched page size to 2048 KB at cycle 436500000
[PTW] 🔁 Switched page size to 4 KB at cycle 437000000
[PTW] 🔁 Switched page size to 2048 KB at cycle 437500000
[PTW] 🔁 Switched page size to 4 KB at cycle 438000000
[PTW] 🔁 Switched page size to 2048 KB at cycle 438500000
[PTW] 🔁 Switched page size to 4 KB at cycle 439000000
[PTW] 🔁 Switched page size to 2048 KB at cycle 439500000
[PTW] 🔁 Switched page size to 4 KB at cycle 440000000
[PTW] 🔁 Switched page size to 2048 KB at cycle 440500000
[PTW] 🔁 Switched page size to 4 KB at cycle 441000000
[PTW] 🔁 Switched page size to 2048 KB at cycle 441500000
[PTW] 🔁 Switched page size to 4 KB at cycle 442000000
[PTW] 🔁 Switched page size to 2048 KB at cycle 442500000
[PTW] 🔁 Switched page size to 4 KB at cycle 443000000
[PTW] 🔁 Switched page size to 2048 KB at cycle 443500000
[PTW] 🔁 Switched page size to 4 KB at cycle 444000000
[PTW] 🔁 Switched page size to 2048 KB at cycle 444500000
[PTW] 🔁 Switched page size to 4 KB at cycle 445000000
[PTW] 🔁 Switched page size to 2048 KB at cycle 445500000
[PTW] 🔁 Switched page size to 4 KB at cycle 446000000
[PTW] 🔁 Switched page size to 2048 KB at cycle 446500000
[PTW] 🔁 Switched page size to 4 KB at cycle 447000000
[PTW] 🔁 Switched page size to 2048 KB at cycle 447500000
[PTW] 🔁 Switched page size to 4 KB at cycle 448000000
[PTW] 🔁 Switched page size to 2048 KB at cycle 448500000
[PTW] 🔁 Switched page size to 4 KB at cycle 449000000
[PTW] 🔁 Switched page size to 2048 KB at cycle 449500000
[PTW] 🔁 Switched page size to 4 KB at cycle 450000000
[PTW] 🔁 Switched page size to 2048 KB at cycle 450500000
[PTW] 🔁 Switched page size to 4 KB at cycle 451000000
[PTW] 🔁 Switched page size to 2048 KB at cycle 451500000
[PTW] 🔁 Switched page size to 4 KB at cycle 452000000
[PTW] 🔁 Switched page size to 2048 KB at cycle 452500000
Heartbeat CPU 0 instructions: 370000000 cycles: 452987754 heartbeat IPC: 0.413234 cumulative IPC: 0.423972 (Simulation time: 6 hr 18 min 9 sec) 
[PTW] 🔁 Switched page size to 4 KB at cycle 453000000
[PTW] 🔁 Switched page size to 2048 KB at cycle 453500000
[PTW] 🔁 Switched page size to 4 KB at cycle 454000000
[PTW] 🔁 Switched page size to 2048 KB at cycle 454500000
[PTW] 🔁 Switched page size to 4 KB at cycle 455000000
[PTW] 🔁 Switched page size to 2048 KB at cycle 455500000
[PTW] 🔁 Switched page size to 4 KB at cycle 456000000
[PTW] 🔁 Switched page size to 2048 KB at cycle 456500000
[PTW] 🔁 Switched page size to 4 KB at cycle 457000000
[PTW] 🔁 Switched page size to 2048 KB at cycle 457500000
[PTW] 🔁 Switched page size to 4 KB at cycle 458000000
[PTW] 🔁 Switched page size to 2048 KB at cycle 458500000
[PTW] 🔁 Switched page size to 4 KB at cycle 459000000
[PTW] 🔁 Switched page size to 2048 KB at cycle 459500000
[PTW] 🔁 Switched page size to 4 KB at cycle 460000000
[PTW] 🔁 Switched page size to 2048 KB at cycle 460500000
[PTW] 🔁 Switched page size to 4 KB at cycle 461000000
[PTW] 🔁 Switched page size to 2048 KB at cycle 461500000
[PTW] 🔁 Switched page size to 4 KB at cycle 462000000
[PTW] 🔁 Switched page size to 2048 KB at cycle 462500000
[PTW] 🔁 Switched page size to 4 KB at cycle 463000000
[PTW] 🔁 Switched page size to 2048 KB at cycle 463500000
[PTW] 🔁 Switched page size to 4 KB at cycle 464000000
[PTW] 🔁 Switched page size to 2048 KB at cycle 464500000
[PTW] 🔁 Switched page size to 4 KB at cycle 465000000
[PTW] 🔁 Switched page size to 2048 KB at cycle 465500000
[PTW] 🔁 Switched page size to 4 KB at cycle 466000000
[PTW] 🔁 Switched page size to 2048 KB at cycle 466500000
[PTW] 🔁 Switched page size to 4 KB at cycle 467000000
[PTW] 🔁 Switched page size to 2048 KB at cycle 467500000
[PTW] 🔁 Switched page size to 4 KB at cycle 468000000
[PTW] 🔁 Switched page size to 2048 KB at cycle 468500000
[PTW] 🔁 Switched page size to 4 KB at cycle 469000000
[PTW] 🔁 Switched page size to 2048 KB at cycle 469500000
[PTW] 🔁 Switched page size to 4 KB at cycle 470000000
[PTW] 🔁 Switched page size to 2048 KB at cycle 470500000
[PTW] 🔁 Switched page size to 4 KB at cycle 471000000
[PTW] 🔁 Switched page size to 2048 KB at cycle 471500000
[PTW] 🔁 Switched page size to 4 KB at cycle 472000000
[PTW] 🔁 Switched page size to 2048 KB at cycle 472500000
[PTW] 🔁 Switched page size to 4 KB at cycle 473000000
[PTW] 🔁 Switched page size to 2048 KB at cycle 473500000
[PTW] 🔁 Switched page size to 4 KB at cycle 474000000
[PTW] 🔁 Switched page size to 2048 KB at cycle 474500000
[PTW] 🔁 Switched page size to 4 KB at cycle 475000000
[PTW] 🔁 Switched page size to 2048 KB at cycle 475500000
[PTW] 🔁 Switched page size to 4 KB at cycle 476000000
[PTW] 🔁 Switched page size to 2048 KB at cycle 476500000
[PTW] 🔁 Switched page size to 4 KB at cycle 477000000
Heartbeat CPU 0 instructions: 380000004 cycles: 477215773 heartbeat IPC: 0.412746 cumulative IPC: 0.423332 (Simulation time: 6 hr 31 min 54 sec) 
[PTW] 🔁 Switched page size to 2048 KB at cycle 477500000
[PTW] 🔁 Switched page size to 4 KB at cycle 478000000
[PTW] 🔁 Switched page size to 2048 KB at cycle 478500000
[PTW] 🔁 Switched page size to 4 KB at cycle 479000000
[PTW] 🔁 Switched page size to 2048 KB at cycle 479500000
[PTW] 🔁 Switched page size to 4 KB at cycle 480000000
[PTW] 🔁 Switched page size to 2048 KB at cycle 480500000
[PTW] 🔁 Switched page size to 4 KB at cycle 481000000
[PTW] 🔁 Switched page size to 2048 KB at cycle 481500000
[PTW] 🔁 Switched page size to 4 KB at cycle 482000000
[PTW] 🔁 Switched page size to 2048 KB at cycle 482500000
[PTW] 🔁 Switched page size to 4 KB at cycle 483000000
[PTW] 🔁 Switched page size to 2048 KB at cycle 483500000
[PTW] 🔁 Switched page size to 4 KB at cycle 484000000
[PTW] 🔁 Switched page size to 2048 KB at cycle 484500000
[PTW] 🔁 Switched page size to 4 KB at cycle 485000000
[PTW] 🔁 Switched page size to 2048 KB at cycle 485500000
[PTW] 🔁 Switched page size to 4 KB at cycle 486000000
[PTW] 🔁 Switched page size to 2048 KB at cycle 486500000
[PTW] 🔁 Switched page size to 4 KB at cycle 487000000
[PTW] 🔁 Switched page size to 2048 KB at cycle 487500000
[PTW] 🔁 Switched page size to 4 KB at cycle 488000000
[PTW] 🔁 Switched page size to 2048 KB at cycle 488500000
[PTW] 🔁 Switched page size to 4 KB at cycle 489000000
[PTW] 🔁 Switched page size to 2048 KB at cycle 489500000
[PTW] 🔁 Switched page size to 4 KB at cycle 490000000
[PTW] 🔁 Switched page size to 2048 KB at cycle 490500000
[PTW] 🔁 Switched page size to 4 KB at cycle 491000000
[PTW] 🔁 Switched page size to 2048 KB at cycle 491500000
[PTW] 🔁 Switched page size to 4 KB at cycle 492000000
[PTW] 🔁 Switched page size to 2048 KB at cycle 492500000
[PTW] 🔁 Switched page size to 4 KB at cycle 493000000
[PTW] 🔁 Switched page size to 2048 KB at cycle 493500000
[PTW] 🔁 Switched page size to 4 KB at cycle 494000000
[PTW] 🔁 Switched page size to 2048 KB at cycle 494500000
[PTW] 🔁 Switched page size to 4 KB at cycle 495000000
[PTW] 🔁 Switched page size to 2048 KB at cycle 495500000
[PTW] 🔁 Switched page size to 4 KB at cycle 496000000
[PTW] 🔁 Switched page size to 2048 KB at cycle 496500000
[PTW] 🔁 Switched page size to 4 KB at cycle 497000000
[PTW] 🔁 Switched page size to 2048 KB at cycle 497500000
[PTW] 🔁 Switched page size to 4 KB at cycle 498000000
[PTW] 🔁 Switched page size to 2048 KB at cycle 498500000
[PTW] 🔁 Switched page size to 4 KB at cycle 499000000
[PTW] 🔁 Switched page size to 2048 KB at cycle 499500000
[PTW] 🔁 Switched page size to 4 KB at cycle 500000000
[PTW] 🔁 Switched page size to 2048 KB at cycle 500500000
[PTW] 🔁 Switched page size to 4 KB at cycle 501000000
[PTW] 🔁 Switched page size to 2048 KB at cycle 501500000
[PTW] 🔁 Switched page size to 4 KB at cycle 502000000
[PTW] 🔁 Switched page size to 2048 KB at cycle 502500000
[PTW] 🔁 Switched page size to 4 KB at cycle 503000000
[PTW] 🔁 Switched page size to 2048 KB at cycle 503500000
[PTW] 🔁 Switched page size to 4 KB at cycle 504000000
[PTW] 🔁 Switched page size to 2048 KB at cycle 504500000
[PTW] 🔁 Switched page size to 4 KB at cycle 505000000
[PTW] 🔁 Switched page size to 2048 KB at cycle 505500000
[PTW] 🔁 Switched page size to 4 KB at cycle 506000000
[PTW] 🔁 Switched page size to 2048 KB at cycle 506500000
[PTW] 🔁 Switched page size to 4 KB at cycle 507000000
[PTW] 🔁 Switched page size to 2048 KB at cycle 507500000
[PTW] 🔁 Switched page size to 4 KB at cycle 508000000
[PTW] 🔁 Switched page size to 2048 KB at cycle 508500000
[PTW] 🔁 Switched page size to 4 KB at cycle 509000000
[PTW] 🔁 Switched page size to 2048 KB at cycle 509500000
[PTW] 🔁 Switched page size to 4 KB at cycle 510000000
Heartbeat CPU 0 instructions: 390000000 cycles: 510185216 heartbeat IPC: 0.303312 cumulative IPC: 0.414696 (Simulation time: 6 hr 47 min 29 sec) 
[PTW] 🔁 Switched page size to 2048 KB at cycle 510500000
[PTW] 🔁 Switched page size to 4 KB at cycle 511000000
[PTW] 🔁 Switched page size to 2048 KB at cycle 511500000
[PTW] 🔁 Switched page size to 4 KB at cycle 512000000
[PTW] 🔁 Switched page size to 2048 KB at cycle 512500000
[PTW] 🔁 Switched page size to 4 KB at cycle 513000000
[PTW] 🔁 Switched page size to 2048 KB at cycle 513500000
[PTW] 🔁 Switched page size to 4 KB at cycle 514000000
[PTW] 🔁 Switched page size to 2048 KB at cycle 514500000
[PTW] 🔁 Switched page size to 4 KB at cycle 515000000
[PTW] 🔁 Switched page size to 2048 KB at cycle 515500000
[PTW] 🔁 Switched page size to 4 KB at cycle 516000000
[PTW] 🔁 Switched page size to 2048 KB at cycle 516500000
[PTW] 🔁 Switched page size to 4 KB at cycle 517000000
[PTW] 🔁 Switched page size to 2048 KB at cycle 517500000
[PTW] 🔁 Switched page size to 4 KB at cycle 518000000
[PTW] 🔁 Switched page size to 2048 KB at cycle 518500000
[PTW] 🔁 Switched page size to 4 KB at cycle 519000000
[PTW] 🔁 Switched page size to 2048 KB at cycle 519500000
[PTW] 🔁 Switched page size to 4 KB at cycle 520000000
[PTW] 🔁 Switched page size to 2048 KB at cycle 520500000
[PTW] 🔁 Switched page size to 4 KB at cycle 521000000
[PTW] 🔁 Switched page size to 2048 KB at cycle 521500000
[PTW] 🔁 Switched page size to 4 KB at cycle 522000000
[PTW] 🔁 Switched page size to 2048 KB at cycle 522500000
[PTW] 🔁 Switched page size to 4 KB at cycle 523000000
[PTW] 🔁 Switched page size to 2048 KB at cycle 523500000
[PTW] 🔁 Switched page size to 4 KB at cycle 524000000
[PTW] 🔁 Switched page size to 2048 KB at cycle 524500000
[PTW] 🔁 Switched page size to 4 KB at cycle 525000000
[PTW] 🔁 Switched page size to 2048 KB at cycle 525500000
Heartbeat CPU 0 instructions: 400000000 cycles: 525937963 heartbeat IPC: 0.63481 cumulative IPC: 0.422012 (Simulation time: 6 hr 54 min 37 sec) 
Max paddr 54M
Simulation finished CPU 0 instructions: 200000000 cycles: 473920769 cumulative IPC: 0.422012 (Simulation time: 6 hr 54 min 37 sec) 

Simulation complete CPU 0 instructions: 200000000 cycles: 473920769 (Simulation time: 6 hr 54 min 37 sec) 


ChampSim completed all CPUs

[
  {
    "name": "Simulation",
    "traces": [
      "../traces/450.soplex-92B.champsimtrace.xz"
    ],
    "roi": {
      "cores": [
        {
          "instructions": 200000000,
          "cycles": 473920769,
          "Avg ROB occupancy at mispredict": 12.2665, 
          "mispredict": {
            "BRANCH_DIRECT_JUMP": 30,
            "BRANCH_INDIRECT": 18,
            "BRANCH_CONDITIONAL": 7285003,
            "BRANCH_DIRECT_CALL": 2,
            "BRANCH_INDIRECT_CALL": 36,
            "BRANCH_RETURN": 140
          }
        }
      ],
      "cpu0_L1I": {
        "LOAD": {
          "hit":25376,
          "miss":1960
        },
        "RFO": {
          "hit":0,
          "miss":0
        },
        "PREFETCH": {
          "hit":0,
          "miss":0
        },
        "WRITE": {
          "hit":0,
          "miss":0
        },
        "TRANSLATION": {
          "hit":0,
          "miss":0
        },
        "mshr full": 931,
        "prefetch requested": 0,
        "prefetch issued": 0,
        "prefetch filled": 0,
        "prefetch useful": 0,
        "prefetch useless": 0,
        "prefetch late": 0,
        "pf_useful_at_l2_from_l1":          0,
        "pf_late_at_l2_from_l1":          0,
        "pf_useless_at_l2_from_l1":          0,
        "pf_at_l2_to_l1":          0,
        "pf_fill_this_level":          0,
        "miss latency": 13.4427,
        "cache queues": {
          "PQ_ACCESS": 0,
          "PQ_FULL": 0,
          "PQ_TO_CACHE": 0,
          "PQ_MERGED": 0,
          "RQ_ACCESS": 27392,
          "RQ_MERGED": 56,
          "RQ_FULL": 0,
          "WQ_ACCESS": 0,
          "WQ_MERGED": 0,
          "WQ_FULL": 0
        }
      },
      "cpu0_ITLB": {
        "LOAD": {
          "hit":26039,
          "miss":0
        },
        "RFO": {
          "hit":0,
          "miss":0
        },
        "PREFETCH": {
          "hit":0,
          "miss":0
        },
        "WRITE": {
          "hit":0,
          "miss":0
        },
        "TRANSLATION": {
          "hit":0,
          "miss":0
        },
        "mshr full": 0,
        "prefetch requested": 0,
        "prefetch issued": 0,
        "prefetch filled": 0,
        "prefetch useful": 0,
        "prefetch useless": 0,
        "prefetch late": 0,
        "pf_useful_at_l2_from_l1":          0,
        "pf_late_at_l2_from_l1":          0,
        "pf_useless_at_l2_from_l1":          0,
        "pf_at_l2_to_l1":          0,
        "pf_fill_this_level":          0,
        "miss latency": null,
        "cache queues": {
          "PQ_ACCESS": 0,
          "PQ_FULL": 0,
          "PQ_TO_CACHE": 0,
          "PQ_MERGED": 0,
          "RQ_ACCESS": 26039,
          "RQ_MERGED": 0,
          "RQ_FULL": 0,
          "WQ_ACCESS": 0,
          "WQ_MERGED": 0,
          "WQ_FULL": 0
        }
      },
      "cpu0_DTLB": {
        "LOAD": {
          "hit":62839052,
          "miss":2601933
        },
        "RFO": {
          "hit":0,
          "miss":0
        },
        "PREFETCH": {
          "hit":0,
          "miss":0
        },
        "WRITE": {
          "hit":0,
          "miss":0
        },
        "TRANSLATION": {
          "hit":0,
          "miss":0
        },
        "mshr full": 63709,
        "prefetch requested": 0,
        "prefetch issued": 0,
        "prefetch filled": 0,
        "prefetch useful": 0,
        "prefetch useless": 0,
        "prefetch late": 0,
        "pf_useful_at_l2_from_l1":          0,
        "pf_late_at_l2_from_l1":          0,
        "pf_useless_at_l2_from_l1":          0,
        "pf_at_l2_to_l1":          0,
        "pf_fill_this_level":          0,
        "miss latency": 0.851846,
        "cache queues": {
          "PQ_ACCESS": 0,
          "PQ_FULL": 0,
          "PQ_TO_CACHE": 0,
          "PQ_MERGED": 0,
          "RQ_ACCESS": 66640389,
          "RQ_MERGED": 0,
          "RQ_FULL": 1199404,
          "WQ_ACCESS": 0,
          "WQ_MERGED": 0,
          "WQ_FULL": 0
        }
      },
      "cpu0_STLB": {
        "LOAD": {
          "hit":916722,
          "miss":174136
        },
        "RFO": {
          "hit":0,
          "miss":0
        },
        "PREFETCH": {
          "hit":0,
          "miss":0
        },
        "WRITE": {
          "hit":0,
          "miss":0
        },
        "TRANSLATION": {
          "hit":0,
          "miss":0
        },
        "mshr full": 0,
        "prefetch requested": 0,
        "prefetch issued": 0,
        "prefetch filled": 0,
        "prefetch useful": 0,
        "prefetch useless": 0,
        "prefetch late": 0,
        "pf_useful_at_l2_from_l1":          0,
        "pf_late_at_l2_from_l1":          0,
        "pf_useless_at_l2_from_l1":          0,
        "pf_at_l2_to_l1":          0,
        "pf_fill_this_level":          0,
        "miss latency": 9.56408,
        "cache queues": {
          "PQ_ACCESS": 0,
          "PQ_FULL": 0,
          "PQ_TO_CACHE": 0,
          "PQ_MERGED": 0,
          "RQ_ACCESS": 1090858,
          "RQ_MERGED": 0,
          "RQ_FULL": 0,
          "WQ_ACCESS": 0,
          "WQ_MERGED": 0,
          "WQ_FULL": 0
        }
      },
      "cpu0_L1D": {
        "LOAD": {
          "hit":40565820,
          "miss":10571284
        },
        "RFO": {
          "hit":0,
          "miss":0
        },
        "PREFETCH": {
          "hit":1481,
          "miss":955023
        },
        "WRITE": {
          "hit":10200967,
          "miss":5295131
        },
        "TRANSLATION": {
          "hit":54826,
          "miss":118627
        },
        "mshr full": 102258376,
        "prefetch requested": 956505,
        "prefetch issued": 956505,
        "prefetch filled": 899617,
        "prefetch useful": 731053,
        "prefetch useless": 203771,
        "prefetch late": 35204,
        "pf_useful_at_l2_from_l1":          0,
        "pf_late_at_l2_from_l1":          0,
        "pf_useless_at_l2_from_l1":          0,
        "pf_at_l2_to_l1":          0,
        "pf_fill_this_level":     899616,
        "miss latency": 13.4204,
        "cache queues": {
          "PQ_ACCESS": 956505,
          "PQ_FULL": 0,
          "PQ_TO_CACHE": 956505,
          "PQ_MERGED": 1,
          "RQ_ACCESS": 578640496,
          "RQ_MERGED": 4117325,
          "RQ_FULL": 523374286,
          "WQ_ACCESS": 29441595,
          "WQ_MERGED": 15730,
          "WQ_FULL": 13929767
        }
      },
      "cpu0_L2C": {
        "LOAD": {
          "hit":1460270,
          "miss":4065188
        },
        "RFO": {
          "hit":193550,
          "miss":1088048
        },
        "PREFETCH": {
          "hit":28096,
          "miss":906725
        },
        "WRITE": {
          "hit":3138988,
          "miss":0
        },
        "TRANSLATION": {
          "hit":50754,
          "miss":67873
        },
        "mshr full": 0,
        "prefetch requested": 0,
        "prefetch issued": 0,
        "prefetch filled": 906725,
        "prefetch useful": 0,
        "prefetch useless": 0,
        "prefetch late": 0,
        "pf_useful_at_l2_from_l1":          0,
        "pf_late_at_l2_from_l1":          0,
        "pf_useless_at_l2_from_l1":          0,
        "pf_at_l2_to_l1":          0,
        "pf_fill_this_level":          0,
        "miss latency": 30.8719,
        "cache queues": {
          "PQ_ACCESS": 934821,
          "PQ_FULL": 0,
          "PQ_TO_CACHE": 934821,
          "PQ_MERGED": 0,
          "RQ_ACCESS": 6926132,
          "RQ_MERGED": 0,
          "RQ_FULL": 0,
          "WQ_ACCESS": 3139557,
          "WQ_MERGED": 0,
          "WQ_FULL": 0
        }
      },
      "LLC": {
        "LOAD": {
          "hit": [853497],
          "miss": [3211668]
        },
        "RFO": {
          "hit": [247008],
          "miss": [841031]
        },
        "PREFETCH": {
          "hit": [155208],
          "miss": [751516]
        },
        "WRITE": {
          "hit": [2204699],
          "miss": [0]
        },
        "TRANSLATION": {
          "hit": [26497],
          "miss": [41376]
        },
        "mshr full": 0,
        "prefetch requested": 0,
        "prefetch issued": 0,
        "prefetch filled": 751516,
        "prefetch useful": 0,
        "prefetch useless": 0,
        "prefetch late": 0,
        "pf_useful_at_l2_from_l1":          0,
        "pf_late_at_l2_from_l1":          0,
        "pf_useless_at_l2_from_l1":          0,
        "pf_at_l2_to_l1":          0,
        "pf_fill_this_level":          0,
        "miss latency": 37.0994,
        "cache queues": {
          "PQ_ACCESS": 906725,
          "PQ_FULL": 0,
          "PQ_TO_CACHE": 906725,
          "PQ_MERGED": 0,
          "RQ_ACCESS": 5221109,
          "RQ_MERGED": 0,
          "RQ_FULL": 0,
          "WQ_ACCESS": 2205375,
          "WQ_MERGED": 0,
          "WQ_FULL": 0
        }
      },
      "DRAM": [
        {
          "RQ ROW_BUFFER_HIT": 1560075,
          "RQ ROW_BUFFER_MISS": 3282627,
          "PQ FULL": 0,
          "WQ ROW_BUFFER_HIT": 122505,
          "WQ ROW_BUFFER_MISS": 1291121,
          "WQ FULL": 0,
          "AVG DBUS CONGESTED CYCLE": 3.95231
        }
      ]

    },
    "sim": {
      "cores": [
        {
          "instructions": 200000000,
          "cycles": 473920769,
          "Avg ROB occupancy at mispredict": 12.2665, 
          "mispredict": {
            "BRANCH_DIRECT_JUMP": 30,
            "BRANCH_INDIRECT": 18,
            "BRANCH_CONDITIONAL": 7285003,
            "BRANCH_DIRECT_CALL": 2,
            "BRANCH_INDIRECT_CALL": 36,
            "BRANCH_RETURN": 140
          }
        }
      ],
      "cpu0_L1I": {
        "LOAD": {
          "hit":25376,
          "miss":1960
        },
        "RFO": {
          "hit":0,
          "miss":0
        },
        "PREFETCH": {
          "hit":0,
          "miss":0
        },
        "WRITE": {
          "hit":0,
          "miss":0
        },
        "TRANSLATION": {
          "hit":0,
          "miss":0
        },
        "mshr full": 931,
        "prefetch requested": 0,
        "prefetch issued": 0,
        "prefetch filled": 0,
        "prefetch useful": 0,
        "prefetch useless": 0,
        "prefetch late": 0,
        "pf_useful_at_l2_from_l1":          0,
        "pf_late_at_l2_from_l1":          0,
        "pf_useless_at_l2_from_l1":          0,
        "pf_at_l2_to_l1":          0,
        "pf_fill_this_level":          0,
        "miss latency": 13.4427,
        "cache queues": {
          "PQ_ACCESS": 0,
          "PQ_FULL": 0,
          "PQ_TO_CACHE": 0,
          "PQ_MERGED": 0,
          "RQ_ACCESS": 27392,
          "RQ_MERGED": 56,
          "RQ_FULL": 0,
          "WQ_ACCESS": 0,
          "WQ_MERGED": 0,
          "WQ_FULL": 0
        }
      },
      "cpu0_ITLB": {
        "LOAD": {
          "hit":26039,
          "miss":0
        },
        "RFO": {
          "hit":0,
          "miss":0
        },
        "PREFETCH": {
          "hit":0,
          "miss":0
        },
        "WRITE": {
          "hit":0,
          "miss":0
        },
        "TRANSLATION": {
          "hit":0,
          "miss":0
        },
        "mshr full": 0,
        "prefetch requested": 0,
        "prefetch issued": 0,
        "prefetch filled": 0,
        "prefetch useful": 0,
        "prefetch useless": 0,
        "prefetch late": 0,
        "pf_useful_at_l2_from_l1":          0,
        "pf_late_at_l2_from_l1":          0,
        "pf_useless_at_l2_from_l1":          0,
        "pf_at_l2_to_l1":          0,
        "pf_fill_this_level":          0,
        "miss latency": null,
        "cache queues": {
          "PQ_ACCESS": 0,
          "PQ_FULL": 0,
          "PQ_TO_CACHE": 0,
          "PQ_MERGED": 0,
          "RQ_ACCESS": 26039,
          "RQ_MERGED": 0,
          "RQ_FULL": 0,
          "WQ_ACCESS": 0,
          "WQ_MERGED": 0,
          "WQ_FULL": 0
        }
      },
      "cpu0_DTLB": {
        "LOAD": {
          "hit":62839052,
          "miss":2601933
        },
        "RFO": {
          "hit":0,
          "miss":0
        },
        "PREFETCH": {
          "hit":0,
          "miss":0
        },
        "WRITE": {
          "hit":0,
          "miss":0
        },
        "TRANSLATION": {
          "hit":0,
          "miss":0
        },
        "mshr full": 63709,
        "prefetch requested": 0,
        "prefetch issued": 0,
        "prefetch filled": 0,
        "prefetch useful": 0,
        "prefetch useless": 0,
        "prefetch late": 0,
        "pf_useful_at_l2_from_l1":          0,
        "pf_late_at_l2_from_l1":          0,
        "pf_useless_at_l2_from_l1":          0,
        "pf_at_l2_to_l1":          0,
        "pf_fill_this_level":          0,
        "miss latency": 0.851846,
        "cache queues": {
          "PQ_ACCESS": 0,
          "PQ_FULL": 0,
          "PQ_TO_CACHE": 0,
          "PQ_MERGED": 0,
          "RQ_ACCESS": 66640389,
          "RQ_MERGED": 0,
          "RQ_FULL": 1199404,
          "WQ_ACCESS": 0,
          "WQ_MERGED": 0,
          "WQ_FULL": 0
        }
      },
      "cpu0_STLB": {
        "LOAD": {
          "hit":916722,
          "miss":174136
        },
        "RFO": {
          "hit":0,
          "miss":0
        },
        "PREFETCH": {
          "hit":0,
          "miss":0
        },
        "WRITE": {
          "hit":0,
          "miss":0
        },
        "TRANSLATION": {
          "hit":0,
          "miss":0
        },
        "mshr full": 0,
        "prefetch requested": 0,
        "prefetch issued": 0,
        "prefetch filled": 0,
        "prefetch useful": 0,
        "prefetch useless": 0,
        "prefetch late": 0,
        "pf_useful_at_l2_from_l1":          0,
        "pf_late_at_l2_from_l1":          0,
        "pf_useless_at_l2_from_l1":          0,
        "pf_at_l2_to_l1":          0,
        "pf_fill_this_level":          0,
        "miss latency": 9.56408,
        "cache queues": {
          "PQ_ACCESS": 0,
          "PQ_FULL": 0,
          "PQ_TO_CACHE": 0,
          "PQ_MERGED": 0,
          "RQ_ACCESS": 1090858,
          "RQ_MERGED": 0,
          "RQ_FULL": 0,
          "WQ_ACCESS": 0,
          "WQ_MERGED": 0,
          "WQ_FULL": 0
        }
      },
      "cpu0_L1D": {
        "LOAD": {
          "hit":40565820,
          "miss":10571284
        },
        "RFO": {
          "hit":0,
          "miss":0
        },
        "PREFETCH": {
          "hit":1481,
          "miss":955023
        },
        "WRITE": {
          "hit":10200967,
          "miss":5295131
        },
        "TRANSLATION": {
          "hit":54826,
          "miss":118627
        },
        "mshr full": 102258376,
        "prefetch requested": 956505,
        "prefetch issued": 956505,
        "prefetch filled": 899617,
        "prefetch useful": 731053,
        "prefetch useless": 203771,
        "prefetch late": 35204,
        "pf_useful_at_l2_from_l1":          0,
        "pf_late_at_l2_from_l1":          0,
        "pf_useless_at_l2_from_l1":          0,
        "pf_at_l2_to_l1":          0,
        "pf_fill_this_level":     899616,
        "miss latency": 13.4204,
        "cache queues": {
          "PQ_ACCESS": 956505,
          "PQ_FULL": 0,
          "PQ_TO_CACHE": 956505,
          "PQ_MERGED": 1,
          "RQ_ACCESS": 578640496,
          "RQ_MERGED": 4117325,
          "RQ_FULL": 523374286,
          "WQ_ACCESS": 29441595,
          "WQ_MERGED": 15730,
          "WQ_FULL": 13929767
        }
      },
      "cpu0_L2C": {
        "LOAD": {
          "hit":1460270,
          "miss":4065188
        },
        "RFO": {
          "hit":193550,
          "miss":1088048
        },
        "PREFETCH": {
          "hit":28096,
          "miss":906725
        },
        "WRITE": {
          "hit":3138988,
          "miss":0
        },
        "TRANSLATION": {
          "hit":50754,
          "miss":67873
        },
        "mshr full": 0,
        "prefetch requested": 0,
        "prefetch issued": 0,
        "prefetch filled": 906725,
        "prefetch useful": 0,
        "prefetch useless": 0,
        "prefetch late": 0,
        "pf_useful_at_l2_from_l1":          0,
        "pf_late_at_l2_from_l1":          0,
        "pf_useless_at_l2_from_l1":          0,
        "pf_at_l2_to_l1":          0,
        "pf_fill_this_level":          0,
        "miss latency": 30.8719,
        "cache queues": {
          "PQ_ACCESS": 934821,
          "PQ_FULL": 0,
          "PQ_TO_CACHE": 934821,
          "PQ_MERGED": 0,
          "RQ_ACCESS": 6926132,
          "RQ_MERGED": 0,
          "RQ_FULL": 0,
          "WQ_ACCESS": 3139557,
          "WQ_MERGED": 0,
          "WQ_FULL": 0
        }
      },
      "LLC": {
        "LOAD": {
          "hit": [853497],
          "miss": [3211668]
        },
        "RFO": {
          "hit": [247008],
          "miss": [841031]
        },
        "PREFETCH": {
          "hit": [155208],
          "miss": [751516]
        },
        "WRITE": {
          "hit": [2204699],
          "miss": [0]
        },
        "TRANSLATION": {
          "hit": [26497],
          "miss": [41376]
        },
        "mshr full": 0,
        "prefetch requested": 0,
        "prefetch issued": 0,
        "prefetch filled": 751516,
        "prefetch useful": 0,
        "prefetch useless": 0,
        "prefetch late": 0,
        "pf_useful_at_l2_from_l1":          0,
        "pf_late_at_l2_from_l1":          0,
        "pf_useless_at_l2_from_l1":          0,
        "pf_at_l2_to_l1":          0,
        "pf_fill_this_level":          0,
        "miss latency": 37.0994,
        "cache queues": {
          "PQ_ACCESS": 906725,
          "PQ_FULL": 0,
          "PQ_TO_CACHE": 906725,
          "PQ_MERGED": 0,
          "RQ_ACCESS": 5221109,
          "RQ_MERGED": 0,
          "RQ_FULL": 0,
          "WQ_ACCESS": 2205375,
          "WQ_MERGED": 0,
          "WQ_FULL": 0
        }
      },
      "DRAM": [
        {
          "RQ ROW_BUFFER_HIT": 1560075,
          "RQ ROW_BUFFER_MISS": 3282627,
          "PQ FULL": 0,
          "WQ ROW_BUFFER_HIT": 122505,
          "WQ ROW_BUFFER_MISS": 1291121,
          "WQ FULL": 0,
          "AVG DBUS CONGESTED CYCLE": 3.95231
        }
      ]

    }
  }
]
cpu0_ITLB
cpu0_DTLB
cpu0_STLB
Filter table begin
 ┌────────────────────┬────────────────────┬────────────────────┐
 | RegionNum          | Trigger            | PC                 |
 ├────────────────────┼────────────────────┼────────────────────┤
 | 0x0000000000002dbd | 0x0000000000000017 | 0x0000000000419170 |
 ├────────────────────┼────────────────────┼────────────────────┤
 | 0x0000000000002f6d | 0x0000000000000003 | 0x0000000000419181 |
 ├────────────────────┼────────────────────┼────────────────────┤
 | 0x0000000000003011 | 0x000000000000000d | 0x0000000000419181 |
 ├────────────────────┼────────────────────┼────────────────────┤
 | 0x0000000000002ffd | 0x0000000000000037 | 0x0000000000419181 |
 ├────────────────────┼────────────────────┼────────────────────┤
 | 0x0000000000002f65 | 0x0000000000000033 | 0x0000000000419181 |
 ├────────────────────┼────────────────────┼────────────────────┤
 | 0x0000000000000299 | 0x000000000000000a | 0x0000000000419142 |
 ├────────────────────┼────────────────────┼────────────────────┤
 | 0x0000000000003026 | 0x0000000000000030 | 0x0000000000419181 |
 ├────────────────────┼────────────────────┼────────────────────┤
 | 0x0000000000002f81 | 0x000000000000001c | 0x0000000000419181 |
 ├────────────────────┼────────────────────┼────────────────────┤
 | 0x00000000000017c7 | 0x0000000000000001 | 0x000000000041912e |
 ├────────────────────┼────────────────────┼────────────────────┤
 | 0x0000000000003013 | 0x0000000000000010 | 0x0000000000419181 |
 ├────────────────────┼────────────────────┼────────────────────┤
 | 0x00000000000017ce | 0x0000000000000025 | 0x0000000000417f4e |
 ├────────────────────┼────────────────────┼────────────────────┤
 | 0x0000000000002fff | 0x000000000000001a | 0x0000000000419181 |
 ├────────────────────┼────────────────────┼────────────────────┤
 | 0x00000000000002b7 | 0x0000000000000022 | 0x000000000041912e |
 ├────────────────────┼────────────────────┼────────────────────┤
 | 0x0000000000001942 | 0x0000000000000008 | 0x000000000041913d |
 ├────────────────────┼────────────────────┼────────────────────┤
 | 0x00000000000016e6 | 0x000000000000001f | 0x000000000041912e |
 ├────────────────────┼────────────────────┼────────────────────┤
 | 0x0000000000002d81 | 0x0000000000000009 | 0x0000000000419142 |
 ├────────────────────┼────────────────────┼────────────────────┤
 | 0x0000000000002f67 | 0x000000000000000b | 0x0000000000419181 |
 ├────────────────────┼────────────────────┼────────────────────┤
 | 0x0000000000002a94 | 0x0000000000000031 | 0x0000000000417f3f |
 ├────────────────────┼────────────────────┼────────────────────┤
 | 0x00000000000017a3 | 0x0000000000000032 | 0x0000000000417f4e |
 ├────────────────────┼────────────────────┼────────────────────┤
 | 0x0000000000002db0 | 0x0000000000000036 | 0x0000000000419170 |
 ├────────────────────┼────────────────────┼────────────────────┤
 | 0x0000000000001743 | 0x000000000000000d | 0x0000000000417f4e |
 ├────────────────────┼────────────────────┼────────────────────┤
 | 0x00000000000017ad | 0x000000000000002e | 0x0000000000417f4e |
 ├────────────────────┼────────────────────┼────────────────────┤
 | 0x0000000000002f7b | 0x000000000000001c | 0x0000000000419181 |
 ├────────────────────┼────────────────────┼────────────────────┤
 | 0x00000000000017da | 0x0000000000000032 | 0x0000000000417f4e |
 ├────────────────────┼────────────────────┼────────────────────┤
 | 0x0000000000002a50 | 0x0000000000000007 | 0x0000000000417f3f |
 ├────────────────────┼────────────────────┼────────────────────┤
 | 0x00000000000016df | 0x0000000000000020 | 0x000000000041912e |
 ├────────────────────┼────────────────────┼────────────────────┤
 | 0x0000000000002f5e | 0x0000000000000034 | 0x0000000000419181 |
 ├────────────────────┼────────────────────┼────────────────────┤
 | 0x0000000000002ff8 | 0x0000000000000004 | 0x0000000000419181 |
 ├────────────────────┼────────────────────┼────────────────────┤
 | 0x0000000000002dc6 | 0x0000000000000020 | 0x0000000000419170 |
 ├────────────────────┼────────────────────┼────────────────────┤
 | 0x0000000000003022 | 0x0000000000000003 | 0x0000000000419181 |
 ├────────────────────┼────────────────────┼────────────────────┤
 | 0x0000000000002f61 | 0x0000000000000037 | 0x0000000000419181 |
 ├────────────────────┼────────────────────┼────────────────────┤
 | 0x0000000000002f5d | 0x0000000000000030 | 0x0000000000419181 |
 ├────────────────────┼────────────────────┼────────────────────┤
 | 0x00000000000028ee | 0x000000000000002e | 0x0000000000419168 |
 ├────────────────────┼────────────────────┼────────────────────┤
 | 0x00000000000028d8 | 0x0000000000000039 | 0x0000000000419168 |
 ├────────────────────┼────────────────────┼────────────────────┤
 | 0x0000000000003020 | 0x0000000000000037 | 0x0000000000419181 |
 ├────────────────────┼────────────────────┼────────────────────┤
 | 0x000000000000039b | 0x000000000000002f | 0x00000000004d7d60 |
 ├────────────────────┼────────────────────┼────────────────────┤
 | 0x0000000000002a7e | 0x000000000000003a | 0x0000000000417f3f |
 ├────────────────────┼────────────────────┼────────────────────┤
 | 0x0000000000002f4e | 0x0000000000000032 | 0x0000000000419181 |
 ├────────────────────┼────────────────────┼────────────────────┤
 | 0x0000000000002df2 | 0x0000000000000003 | 0x0000000000419170 |
 └────────────────────┴────────────────────┴────────────────────┘
Filter table end
Accumulation table begin
 ┌────────────────────┬────────────────────┬────────────────────┬────────────────────┬──────────────────────────────────────────────────────────────────────────────────────────────────────────────────────────────────┬─────────────────────────────────────────────────────────────────────────────────────────────────────────────────────────────────────────────────────────────────────────────────────────┐
 | RegionNum          | Trigger            | Second             | PC                 | Pattern                                                                                                                          | Order                                                                                                                                                                                   |
 ├────────────────────┼────────────────────┼────────────────────┼────────────────────┼──────────────────────────────────────────────────────────────────────────────────────────────────────────────────────────────────┼─────────────────────────────────────────────────────────────────────────────────────────────────────────────────────────────────────────────────────────────────────────────────────────┤
 | 0x00000000000002c2 | 0x000000000000002e | 0x000000000000002f | 0x0000000000419170 | 0 0 0 0 0 0 0 0 0 0 0 0 0 0 0 0 0 0 0 0 0 0 0 0 0 0 0 0 0 0 0 0 0 0 0 0 0 0 0 0 0 0 0 0 0 0 1 1 0 0 0 0 0 0 0 0 0 0 0 0 0 0 0 0  | 0 0 0 0 0 0 0 0 0 0 0 0 0 0 0 0 0 0 0 0 0 0 0 0 0 0 0 0 0 0 0 0 0 0 0 0 0 0 0 0 0 0 0 0 0 0 1 2 0 0 0 0 0 0 0 0 0 0 0 0 0 0 0 0                                                         |
 ├────────────────────┼────────────────────┼────────────────────┼────────────────────┼──────────────────────────────────────────────────────────────────────────────────────────────────────────────────────────────────┼─────────────────────────────────────────────────────────────────────────────────────────────────────────────────────────────────────────────────────────────────────────────────────────┤
 | 0x00000000000028de | 0x0000000000000010 | 0x0000000000000011 | 0x0000000000419168 | 0 0 0 0 0 0 0 0 0 0 0 0 0 0 0 0 1 1 0 0 0 0 0 0 0 0 0 0 0 0 0 0 0 0 0 0 0 0 0 0 0 0 0 0 0 0 0 0 0 0 0 0 0 0 0 0 0 0 0 0 0 0 0 0  | 0 0 0 0 0 0 0 0 0 0 0 0 0 0 0 0 1 2 0 0 0 0 0 0 0 0 0 0 0 0 0 0 0 0 0 0 0 0 0 0 0 0 0 0 0 0 0 0 0 0 0 0 0 0 0 0 0 0 0 0 0 0 0 0                                                         |
 ├────────────────────┼────────────────────┼────────────────────┼────────────────────┼──────────────────────────────────────────────────────────────────────────────────────────────────────────────────────────────────┼─────────────────────────────────────────────────────────────────────────────────────────────────────────────────────────────────────────────────────────────────────────────────────────┤
 | 0x0000000000002f76 | 0x0000000000000013 | 0x000000000000000e | 0x0000000000419181 | 0 0 0 0 0 0 0 0 0 0 0 0 1 0 1 0 0 0 0 1 0 0 0 0 0 0 0 0 0 0 0 0 0 0 1 0 0 0 0 0 0 0 0 0 0 0 0 0 0 0 0 0 0 0 0 0 0 0 0 0 0 0 0 0  | 0 0 0 0 0 0 0 0 0 0 0 0 4 0 2 0 0 0 0 1 0 0 0 0 0 0 0 0 0 0 0 0 0 0 3 0 0 0 0 0 0 0 0 0 0 0 0 0 0 0 0 0 0 0 0 0 0 0 0 0 0 0 0 0                                                         |
 ├────────────────────┼────────────────────┼────────────────────┼────────────────────┼──────────────────────────────────────────────────────────────────────────────────────────────────────────────────────────────────┼─────────────────────────────────────────────────────────────────────────────────────────────────────────────────────────────────────────────────────────────────────────────────────────┤
 | 0x0000000000002dc3 | 0x0000000000000003 | 0x0000000000000004 | 0x0000000000419170 | 0 0 0 1 1 0 0 0 0 0 0 0 0 0 0 0 0 0 0 0 0 0 0 0 0 0 0 0 0 0 0 0 0 0 0 0 0 0 0 0 0 0 0 0 0 0 0 0 0 0 0 0 0 0 0 0 0 0 0 0 0 0 0 0  | 0 0 0 1 2 0 0 0 0 0 0 0 0 0 0 0 0 0 0 0 0 0 0 0 0 0 0 0 0 0 0 0 0 0 0 0 0 0 0 0 0 0 0 0 0 0 0 0 0 0 0 0 0 0 0 0 0 0 0 0 0 0 0 0                                                         |
 ├────────────────────┼────────────────────┼────────────────────┼────────────────────┼──────────────────────────────────────────────────────────────────────────────────────────────────────────────────────────────────┼─────────────────────────────────────────────────────────────────────────────────────────────────────────────────────────────────────────────────────────────────────────────────────────┤
 | 0x0000000000001817 | 0x0000000000000000 | 0x0000000000000001 | 0x0000000000419100 | 1 1 1 1 1 1 1 1 1 1 1 1 1 1 1 1 1 1 1 1 1 1 1 1 1 1 1 1 1 1 1 1 1 1 1 1 1 1 1 1 1 1 1 1 1 1 1 1 1 1 1 1 1 1 1 1 1 1 1 1 1 1 1 1  | 1 2 3 4 5 6 7 8 9 10 11 12 13 14 15 16 17 18 19 20 21 22 23 24 25 26 27 28 29 30 31 32 33 34 35 36 37 38 39 40 41 42 43 44 45 46 47 48 49 50 51 52 53 54 55 56 57 58 59 60 61 62 63 64  |
 ├────────────────────┼────────────────────┼────────────────────┼────────────────────┼──────────────────────────────────────────────────────────────────────────────────────────────────────────────────────────────────┼─────────────────────────────────────────────────────────────────────────────────────────────────────────────────────────────────────────────────────────────────────────────────────────┤
 | 0x0000000000002f64 | 0x0000000000000002 | 0x0000000000000001 | 0x0000000000419181 | 0 1 1 0 0 0 0 0 0 0 0 0 0 0 0 0 0 0 0 0 0 0 0 0 0 0 0 0 0 0 0 0 0 0 0 0 0 0 0 0 0 0 0 0 0 0 0 0 0 0 0 0 0 0 0 0 0 0 0 0 0 0 0 1  | 0 2 1 0 0 0 0 0 0 0 0 0 0 0 0 0 0 0 0 0 0 0 0 0 0 0 0 0 0 0 0 0 0 0 0 0 0 0 0 0 0 0 0 0 0 0 0 0 0 0 0 0 0 0 0 0 0 0 0 0 0 0 0 3                                                         |
 ├────────────────────┼────────────────────┼────────────────────┼────────────────────┼──────────────────────────────────────────────────────────────────────────────────────────────────────────────────────────────────┼─────────────────────────────────────────────────────────────────────────────────────────────────────────────────────────────────────────────────────────────────────────────────────────┤
 | 0x0000000000002f7f | 0x0000000000000000 | 0x0000000000000001 | 0x000000000041910d | 1 1 1 1 1 1 1 1 1 1 1 1 1 1 1 1 1 1 1 1 1 1 1 1 1 1 1 1 1 1 1 1 1 1 1 1 1 1 1 1 1 1 1 1 1 1 1 1 1 1 1 1 1 1 1 1 1 1 1 1 1 1 1 1  | 1 2 3 4 5 6 7 8 9 10 11 12 13 14 15 16 17 18 19 20 21 22 23 24 25 26 27 28 29 30 31 32 33 34 35 36 37 38 39 40 41 42 43 44 45 46 47 48 49 50 51 52 53 54 55 56 57 58 59 60 61 62 63 64  |
 ├────────────────────┼────────────────────┼────────────────────┼────────────────────┼──────────────────────────────────────────────────────────────────────────────────────────────────────────────────────────────────┼─────────────────────────────────────────────────────────────────────────────────────────────────────────────────────────────────────────────────────────────────────────────────────────┤
 | 0x00000000000016da | 0x000000000000000a | 0x0000000000000032 | 0x000000000041912e | 0 0 0 0 0 0 0 0 0 0 1 0 0 0 0 0 0 0 0 0 0 0 0 0 0 0 0 0 0 0 0 0 0 0 0 0 0 0 0 0 0 0 0 0 0 0 0 0 0 0 1 0 0 0 0 0 0 0 0 0 0 0 0 0  | 0 0 0 0 0 0 0 0 0 0 1 0 0 0 0 0 0 0 0 0 0 0 0 0 0 0 0 0 0 0 0 0 0 0 0 0 0 0 0 0 0 0 0 0 0 0 0 0 0 0 2 0 0 0 0 0 0 0 0 0 0 0 0 0                                                         |
 ├────────────────────┼────────────────────┼────────────────────┼────────────────────┼──────────────────────────────────────────────────────────────────────────────────────────────────────────────────────────────────┼─────────────────────────────────────────────────────────────────────────────────────────────────────────────────────────────────────────────────────────────────────────────────────────┤
 | 0x0000000000002f6c | 0x000000000000000a | 0x000000000000002c | 0x0000000000419181 | 0 0 0 0 0 0 0 0 0 0 1 0 0 0 0 0 0 0 0 0 0 0 0 0 0 0 0 0 0 0 0 0 0 0 0 0 0 0 0 0 0 0 0 0 1 1 0 0 0 0 0 0 0 0 0 0 0 0 1 0 0 0 0 0  | 0 0 0 0 0 0 0 0 0 0 1 0 0 0 0 0 0 0 0 0 0 0 0 0 0 0 0 0 0 0 0 0 0 0 0 0 0 0 0 0 0 0 0 0 2 3 0 0 0 0 0 0 0 0 0 0 0 0 4 0 0 0 0 0                                                         |
 ├────────────────────┼────────────────────┼────────────────────┼────────────────────┼──────────────────────────────────────────────────────────────────────────────────────────────────────────────────────────────────┼─────────────────────────────────────────────────────────────────────────────────────────────────────────────────────────────────────────────────────────────────────────────────────────┤
 | 0x0000000000002f77 | 0x0000000000000010 | 0x0000000000000034 | 0x0000000000419181 | 0 0 0 0 0 0 0 0 0 0 0 0 0 0 0 0 1 0 0 0 0 0 0 0 0 0 0 0 0 0 0 0 0 0 0 0 0 0 0 0 0 0 0 0 0 0 0 0 0 0 0 1 1 0 0 0 0 0 0 0 0 0 0 0  | 0 0 0 0 0 0 0 0 0 0 0 0 0 0 0 0 1 0 0 0 0 0 0 0 0 0 0 0 0 0 0 0 0 0 0 0 0 0 0 0 0 0 0 0 0 0 0 0 0 0 0 3 2 0 0 0 0 0 0 0 0 0 0 0                                                         |
 ├────────────────────┼────────────────────┼────────────────────┼────────────────────┼──────────────────────────────────────────────────────────────────────────────────────────────────────────────────────────────────┼─────────────────────────────────────────────────────────────────────────────────────────────────────────────────────────────────────────────────────────────────────────────────────────┤
 | 0x00000000000028e0 | 0x0000000000000035 | 0x0000000000000036 | 0x0000000000419168 | 0 0 0 0 0 0 0 0 0 0 0 0 0 0 0 0 0 0 0 0 0 0 0 0 0 0 0 0 0 0 0 0 0 0 0 0 0 0 0 0 0 0 0 0 0 0 0 0 0 0 0 0 0 1 1 0 0 0 0 0 0 0 0 0  | 0 0 0 0 0 0 0 0 0 0 0 0 0 0 0 0 0 0 0 0 0 0 0 0 0 0 0 0 0 0 0 0 0 0 0 0 0 0 0 0 0 0 0 0 0 0 0 0 0 0 0 0 0 1 2 0 0 0 0 0 0 0 0 0                                                         |
 ├────────────────────┼────────────────────┼────────────────────┼────────────────────┼──────────────────────────────────────────────────────────────────────────────────────────────────────────────────────────────────┼─────────────────────────────────────────────────────────────────────────────────────────────────────────────────────────────────────────────────────────────────────────────────────────┤
 | 0x00000000000002b4 | 0x000000000000002a | 0x0000000000000021 | 0x0000000000419142 | 0 0 0 0 0 0 0 0 0 0 0 0 0 0 0 0 0 0 0 0 0 0 0 0 0 0 0 0 0 0 0 0 0 1 0 0 0 0 0 0 1 0 1 0 0 0 0 0 0 0 0 0 0 0 0 0 0 0 0 0 0 0 0 0  | 0 0 0 0 0 0 0 0 0 0 0 0 0 0 0 0 0 0 0 0 0 0 0 0 0 0 0 0 0 0 0 0 0 2 0 0 0 0 0 0 3 0 1 0 0 0 0 0 0 0 0 0 0 0 0 0 0 0 0 0 0 0 0 0                                                         |
 ├────────────────────┼────────────────────┼────────────────────┼────────────────────┼──────────────────────────────────────────────────────────────────────────────────────────────────────────────────────────────────┼─────────────────────────────────────────────────────────────────────────────────────────────────────────────────────────────────────────────────────────────────────────────────────────┤
 | 0x00000000000002bd | 0x0000000000000031 | 0x000000000000002e | 0x0000000000419142 | 0 0 0 0 0 0 0 0 0 0 0 0 0 0 0 0 0 0 0 0 0 0 0 0 0 1 0 0 0 0 0 0 0 0 0 0 0 0 0 0 0 0 0 0 0 0 1 0 0 1 0 0 0 0 0 0 0 0 0 0 0 0 0 0  | 0 0 0 0 0 0 0 0 0 0 0 0 0 0 0 0 0 0 0 0 0 0 0 0 0 3 0 0 0 0 0 0 0 0 0 0 0 0 0 0 0 0 0 0 0 0 2 0 0 1 0 0 0 0 0 0 0 0 0 0 0 0 0 0                                                         |
 ├────────────────────┼────────────────────┼────────────────────┼────────────────────┼──────────────────────────────────────────────────────────────────────────────────────────────────────────────────────────────────┼─────────────────────────────────────────────────────────────────────────────────────────────────────────────────────────────────────────────────────────────────────────────────────────┤
 | 0x0000000000002fee | 0x0000000000000003 | 0x0000000000000039 | 0x0000000000419181 | 0 0 1 1 0 0 0 0 0 0 0 0 0 0 0 0 1 0 0 0 0 0 0 0 0 0 0 0 0 0 0 0 0 0 0 0 0 0 0 0 0 0 0 0 0 0 0 0 0 0 0 0 0 0 0 0 0 1 0 0 0 0 0 0  | 0 0 3 1 0 0 0 0 0 0 0 0 0 0 0 0 4 0 0 0 0 0 0 0 0 0 0 0 0 0 0 0 0 0 0 0 0 0 0 0 0 0 0 0 0 0 0 0 0 0 0 0 0 0 0 0 0 2 0 0 0 0 0 0                                                         |
 ├────────────────────┼────────────────────┼────────────────────┼────────────────────┼──────────────────────────────────────────────────────────────────────────────────────────────────────────────────────────────────┼─────────────────────────────────────────────────────────────────────────────────────────────────────────────────────────────────────────────────────────────────────────────────────────┤
 | 0x0000000000002dae | 0x0000000000000005 | 0x0000000000000006 | 0x0000000000419170 | 0 0 0 0 0 1 1 0 0 0 0 0 0 0 0 0 0 0 0 0 0 0 0 0 0 0 0 0 0 0 0 0 0 0 0 0 0 0 0 0 0 0 0 0 0 0 0 0 0 0 0 0 0 0 0 0 0 0 0 0 0 0 0 0  | 0 0 0 0 0 1 2 0 0 0 0 0 0 0 0 0 0 0 0 0 0 0 0 0 0 0 0 0 0 0 0 0 0 0 0 0 0 0 0 0 0 0 0 0 0 0 0 0 0 0 0 0 0 0 0 0 0 0 0 0 0 0 0 0                                                         |
 ├────────────────────┼────────────────────┼────────────────────┼────────────────────┼──────────────────────────────────────────────────────────────────────────────────────────────────────────────────────────────────┼─────────────────────────────────────────────────────────────────────────────────────────────────────────────────────────────────────────────────────────────────────────────────────────┤
 | 0x000000000000010c | 0x000000000000001b | 0x000000000000001c | 0x00000000004d7f56 | 0 0 0 0 0 0 0 0 0 0 0 0 0 0 0 0 0 0 0 0 0 0 0 0 0 0 0 1 1 0 0 0 0 0 0 0 0 0 0 0 0 0 0 0 0 0 0 0 0 0 0 0 0 0 0 0 1 0 0 0 0 0 0 0  | 0 0 0 0 0 0 0 0 0 0 0 0 0 0 0 0 0 0 0 0 0 0 0 0 0 0 0 1 2 0 0 0 0 0 0 0 0 0 0 0 0 0 0 0 0 0 0 0 0 0 0 0 0 0 0 0 3 0 0 0 0 0 0 0                                                         |
 ├────────────────────┼────────────────────┼────────────────────┼────────────────────┼──────────────────────────────────────────────────────────────────────────────────────────────────────────────────────────────────┼─────────────────────────────────────────────────────────────────────────────────────────────────────────────────────────────────────────────────────────────────────────────────────────┤
 | 0x0000000000002f66 | 0x0000000000000026 | 0x0000000000000032 | 0x0000000000419181 | 0 0 0 0 0 0 0 0 0 0 0 0 0 0 0 0 0 1 0 0 0 0 0 0 0 0 0 0 0 0 0 0 0 0 0 0 0 0 1 0 0 0 0 0 0 0 0 0 0 0 1 0 0 0 0 0 0 0 0 0 0 0 0 0  | 0 0 0 0 0 0 0 0 0 0 0 0 0 0 0 0 0 3 0 0 0 0 0 0 0 0 0 0 0 0 0 0 0 0 0 0 0 0 1 0 0 0 0 0 0 0 0 0 0 0 2 0 0 0 0 0 0 0 0 0 0 0 0 0                                                         |
 ├────────────────────┼────────────────────┼────────────────────┼────────────────────┼──────────────────────────────────────────────────────────────────────────────────────────────────────────────────────────────────┼─────────────────────────────────────────────────────────────────────────────────────────────────────────────────────────────────────────────────────────────────────────────────────────┤
 | 0x00000000000002be | 0x0000000000000030 | 0x000000000000002d | 0x000000000041913d | 0 0 0 0 0 0 0 0 0 0 0 0 0 0 0 0 0 0 0 0 0 0 0 0 0 1 0 0 0 0 0 0 0 0 0 0 0 0 0 0 0 0 0 0 0 1 0 0 1 0 0 0 0 0 0 0 0 0 0 0 0 0 0 0  | 0 0 0 0 0 0 0 0 0 0 0 0 0 0 0 0 0 0 0 0 0 0 0 0 0 3 0 0 0 0 0 0 0 0 0 0 0 0 0 0 0 0 0 0 0 2 0 0 1 0 0 0 0 0 0 0 0 0 0 0 0 0 0 0                                                         |
 ├────────────────────┼────────────────────┼────────────────────┼────────────────────┼──────────────────────────────────────────────────────────────────────────────────────────────────────────────────────────────────┼─────────────────────────────────────────────────────────────────────────────────────────────────────────────────────────────────────────────────────────────────────────────────────────┤
 | 0x000000000000301a | 0x0000000000000014 | 0x0000000000000000 | 0x0000000000419181 | 1 1 1 1 1 1 1 1 1 1 1 1 1 1 1 1 1 1 1 1 1 1 1 1 1 1 1 1 1 1 1 1 1 1 1 1 1 1 1 1 1 1 1 1 1 1 1 1 1 1 1 1 1 1 1 1 1 1 1 1 1 0 1 1  | 2 3 4 5 6 7 8 9 10 11 12 13 14 15 16 17 18 19 20 21 1 22 23 24 25 26 27 28 29 30 31 32 33 34 35 36 37 38 39 40 41 42 43 44 45 46 47 48 49 50 51 52 53 54 55 56 57 58 59 60 61 0 62 63   |
 ├────────────────────┼────────────────────┼────────────────────┼────────────────────┼──────────────────────────────────────────────────────────────────────────────────────────────────────────────────────────────────┼─────────────────────────────────────────────────────────────────────────────────────────────────────────────────────────────────────────────────────────────────────────────────────────┤
 | 0x0000000000001815 | 0x0000000000000000 | 0x0000000000000001 | 0x0000000000419100 | 1 1 1 1 1 1 1 1 1 1 1 1 1 1 1 1 1 1 1 1 1 1 1 1 1 1 1 1 1 1 1 1 1 1 1 1 1 1 1 1 1 1 1 1 1 1 1 1 1 1 1 1 1 1 1 1 1 1 1 1 1 1 1 1  | 1 2 3 4 5 6 7 8 9 10 11 12 13 14 15 16 17 18 19 20 21 22 23 24 25 26 27 28 29 30 31 32 33 34 35 36 37 38 39 40 41 42 43 44 45 46 47 48 49 50 51 52 53 54 55 56 57 58 59 60 61 62 63 64  |
 ├────────────────────┼────────────────────┼────────────────────┼────────────────────┼──────────────────────────────────────────────────────────────────────────────────────────────────────────────────────────────────┼─────────────────────────────────────────────────────────────────────────────────────────────────────────────────────────────────────────────────────────────────────────────────────────┤
 | 0x0000000000002f50 | 0x0000000000000007 | 0x000000000000002d | 0x0000000000419181 | 0 0 0 0 0 0 0 1 0 0 0 0 0 0 0 0 0 0 0 0 0 0 0 0 0 0 0 0 0 0 0 0 0 0 0 0 0 0 0 0 0 0 0 0 0 1 0 0 0 0 0 0 0 0 0 0 0 0 0 0 0 0 0 0  | 0 0 0 0 0 0 0 1 0 0 0 0 0 0 0 0 0 0 0 0 0 0 0 0 0 0 0 0 0 0 0 0 0 0 0 0 0 0 0 0 0 0 0 0 0 2 0 0 0 0 0 0 0 0 0 0 0 0 0 0 0 0 0 0                                                         |
 ├────────────────────┼────────────────────┼────────────────────┼────────────────────┼──────────────────────────────────────────────────────────────────────────────────────────────────────────────────────────────────┼─────────────────────────────────────────────────────────────────────────────────────────────────────────────────────────────────────────────────────────────────────────────────────────┤
 | 0x0000000000002f7d | 0x0000000000000006 | 0x000000000000003f | 0x0000000000419181 | 0 0 0 0 0 0 1 0 0 0 0 0 0 0 0 0 0 0 0 0 0 1 0 0 0 0 0 0 0 0 0 0 0 0 0 0 0 0 0 0 0 0 0 0 0 0 0 0 0 0 0 0 0 0 0 0 0 0 0 0 0 0 0 1  | 0 0 0 0 0 0 1 0 0 0 0 0 0 0 0 0 0 0 0 0 0 3 0 0 0 0 0 0 0 0 0 0 0 0 0 0 0 0 0 0 0 0 0 0 0 0 0 0 0 0 0 0 0 0 0 0 0 0 0 0 0 0 0 2                                                         |
 ├────────────────────┼────────────────────┼────────────────────┼────────────────────┼──────────────────────────────────────────────────────────────────────────────────────────────────────────────────────────────────┼─────────────────────────────────────────────────────────────────────────────────────────────────────────────────────────────────────────────────────────────────────────────────────────┤
 | 0x000000000000029a | 0x0000000000000009 | 0x0000000000000007 | 0x000000000041913d | 0 0 0 0 0 0 0 1 0 1 1 0 0 0 0 0 0 0 0 0 0 0 0 0 0 0 0 0 0 0 0 0 0 0 0 0 0 0 0 0 0 0 0 0 0 0 0 0 0 0 0 1 0 0 0 0 0 0 0 0 0 0 0 0  | 0 0 0 0 0 0 0 2 0 1 4 0 0 0 0 0 0 0 0 0 0 0 0 0 0 0 0 0 0 0 0 0 0 0 0 0 0 0 0 0 0 0 0 0 0 0 0 0 0 0 0 3 0 0 0 0 0 0 0 0 0 0 0 0                                                         |
 ├────────────────────┼────────────────────┼────────────────────┼────────────────────┼──────────────────────────────────────────────────────────────────────────────────────────────────────────────────────────────────┼─────────────────────────────────────────────────────────────────────────────────────────────────────────────────────────────────────────────────────────────────────────────────────────┤
 | 0x0000000000002db6 | 0x0000000000000014 | 0x0000000000000013 | 0x0000000000419170 | 0 0 0 0 0 0 0 0 0 0 0 0 0 0 0 0 0 0 0 1 1 1 0 0 0 0 0 0 0 0 0 0 0 0 0 0 0 0 0 0 0 0 0 0 0 0 0 0 0 0 0 0 0 0 0 0 0 0 0 0 0 0 0 0  | 0 0 0 0 0 0 0 0 0 0 0 0 0 0 0 0 0 0 0 2 1 3 0 0 0 0 0 0 0 0 0 0 0 0 0 0 0 0 0 0 0 0 0 0 0 0 0 0 0 0 0 0 0 0 0 0 0 0 0 0 0 0 0 0                                                         |
 ├────────────────────┼────────────────────┼────────────────────┼────────────────────┼──────────────────────────────────────────────────────────────────────────────────────────────────────────────────────────────────┼─────────────────────────────────────────────────────────────────────────────────────────────────────────────────────────────────────────────────────────────────────────────────────────┤
 | 0x00000000000002b6 | 0x0000000000000000 | 0x0000000000000001 | 0x0000000000419170 | 1 1 0 0 0 0 0 0 0 0 0 0 0 0 0 0 0 0 0 0 0 0 0 0 0 0 0 0 0 0 0 0 0 0 0 0 0 0 0 1 1 0 0 0 0 0 0 0 0 0 0 0 0 0 0 0 0 0 0 0 0 0 0 0  | 1 2 0 0 0 0 0 0 0 0 0 0 0 0 0 0 0 0 0 0 0 0 0 0 0 0 0 0 0 0 0 0 0 0 0 0 0 0 0 3 4 0 0 0 0 0 0 0 0 0 0 0 0 0 0 0 0 0 0 0 0 0 0 0                                                         |
 ├────────────────────┼────────────────────┼────────────────────┼────────────────────┼──────────────────────────────────────────────────────────────────────────────────────────────────────────────────────────────────┼─────────────────────────────────────────────────────────────────────────────────────────────────────────────────────────────────────────────────────────────────────────────────────────┤
 | 0x00000000000028f0 | 0x0000000000000020 | 0x000000000000001f | 0x0000000000419168 | 0 0 0 0 0 0 0 0 0 0 0 0 0 0 0 0 0 0 0 0 0 0 0 0 0 0 0 0 0 0 0 1 1 0 0 0 0 0 0 0 0 0 0 0 0 0 0 0 0 0 0 0 0 0 0 0 0 0 0 0 0 0 0 0  | 0 0 0 0 0 0 0 0 0 0 0 0 0 0 0 0 0 0 0 0 0 0 0 0 0 0 0 0 0 0 0 2 1 0 0 0 0 0 0 0 0 0 0 0 0 0 0 0 0 0 0 0 0 0 0 0 0 0 0 0 0 0 0 0                                                         |
 ├────────────────────┼────────────────────┼────────────────────┼────────────────────┼──────────────────────────────────────────────────────────────────────────────────────────────────────────────────────────────────┼─────────────────────────────────────────────────────────────────────────────────────────────────────────────────────────────────────────────────────────────────────────────────────────┤
 | 0x0000000000002dac | 0x000000000000002e | 0x0000000000000032 | 0x0000000000419170 | 0 0 0 0 0 0 0 0 0 0 0 0 0 0 0 0 0 0 0 0 0 0 0 0 0 0 0 0 0 0 0 0 0 1 1 1 0 0 0 0 0 0 0 0 0 0 1 0 0 1 1 0 0 0 0 0 0 0 0 0 0 0 0 0  | 0 0 0 0 0 0 0 0 0 0 0 0 0 0 0 0 0 0 0 0 0 0 0 0 0 0 0 0 0 0 0 0 0 6 4 5 0 0 0 0 0 0 0 0 0 0 1 0 0 3 2 0 0 0 0 0 0 0 0 0 0 0 0 0                                                         |
 ├────────────────────┼────────────────────┼────────────────────┼────────────────────┼──────────────────────────────────────────────────────────────────────────────────────────────────────────────────────────────────┼─────────────────────────────────────────────────────────────────────────────────────────────────────────────────────────────────────────────────────────────────────────────────────────┤
 | 0x00000000000028e2 | 0x0000000000000037 | 0x000000000000002f | 0x0000000000419168 | 0 0 0 0 0 0 0 0 0 0 0 0 0 0 0 0 0 0 0 0 0 0 0 0 0 0 0 0 0 0 0 0 0 0 0 0 0 0 0 0 0 0 0 0 0 0 1 1 1 0 0 0 0 0 0 1 0 0 0 0 0 0 0 0  | 0 0 0 0 0 0 0 0 0 0 0 0 0 0 0 0 0 0 0 0 0 0 0 0 0 0 0 0 0 0 0 0 0 0 0 0 0 0 0 0 0 0 0 0 0 0 4 2 3 0 0 0 0 0 0 1 0 0 0 0 0 0 0 0                                                         |
 ├────────────────────┼────────────────────┼────────────────────┼────────────────────┼──────────────────────────────────────────────────────────────────────────────────────────────────────────────────────────────────┼─────────────────────────────────────────────────────────────────────────────────────────────────────────────────────────────────────────────────────────────────────────────────────────┤
 | 0x0000000000002f6e | 0x0000000000000002 | 0x0000000000000019 | 0x0000000000419181 | 1 1 1 1 1 1 1 1 1 1 1 1 1 1 1 1 1 1 1 1 1 1 1 1 1 1 1 1 1 1 1 1 1 1 1 1 1 1 1 1 1 1 1 1 1 1 1 1 1 1 1 1 1 1 1 1 1 1 1 1 1 1 1 1  | 8 9 1 10 11 12 13 14 15 16 4 17 18 19 20 21 22 23 24 25 26 27 5 28 29 2 30 3 31 32 33 34 35 36 37 38 39 40 41 42 43 44 45 46 6 47 48 49 50 51 52 53 54 55 56 57 58 59 60 61 62 63 7 64  |
 ├────────────────────┼────────────────────┼────────────────────┼────────────────────┼──────────────────────────────────────────────────────────────────────────────────────────────────────────────────────────────────┼─────────────────────────────────────────────────────────────────────────────────────────────────────────────────────────────────────────────────────────────────────────────────────────┤
 | 0x0000000000002f58 | 0x000000000000003c | 0x000000000000000a | 0x0000000000419181 | 0 0 0 0 0 0 0 0 0 0 1 0 0 0 0 0 0 0 0 0 0 0 0 0 0 0 0 0 0 0 0 0 0 0 0 0 0 0 0 0 0 0 0 0 0 0 0 0 0 0 0 0 0 0 0 0 0 0 0 0 1 0 0 0  | 0 0 0 0 0 0 0 0 0 0 2 0 0 0 0 0 0 0 0 0 0 0 0 0 0 0 0 0 0 0 0 0 0 0 0 0 0 0 0 0 0 0 0 0 0 0 0 0 0 0 0 0 0 0 0 0 0 0 0 0 1 0 0 0                                                         |
 ├────────────────────┼────────────────────┼────────────────────┼────────────────────┼──────────────────────────────────────────────────────────────────────────────────────────────────────────────────────────────────┼─────────────────────────────────────────────────────────────────────────────────────────────────────────────────────────────────────────────────────────────────────────────────────────┤
 | 0x000000000000029b | 0x0000000000000024 | 0x0000000000000025 | 0x0000000000419170 | 0 0 0 0 0 0 0 0 0 0 0 0 0 0 0 0 0 0 0 0 0 0 0 0 0 0 0 0 0 0 0 0 0 0 0 0 1 1 0 0 0 0 0 0 0 0 0 0 0 0 0 0 0 0 0 0 0 0 0 0 0 0 0 0  | 0 0 0 0 0 0 0 0 0 0 0 0 0 0 0 0 0 0 0 0 0 0 0 0 0 0 0 0 0 0 0 0 0 0 0 0 1 2 0 0 0 0 0 0 0 0 0 0 0 0 0 0 0 0 0 0 0 0 0 0 0 0 0 0                                                         |
 ├────────────────────┼────────────────────┼────────────────────┼────────────────────┼──────────────────────────────────────────────────────────────────────────────────────────────────────────────────────────────────┼─────────────────────────────────────────────────────────────────────────────────────────────────────────────────────────────────────────────────────────────────────────────────────────┤
 | 0x0000000000001814 | 0x0000000000000000 | 0x0000000000000001 | 0x0000000000419104 | 1 1 1 1 1 1 1 1 1 1 1 1 1 1 1 1 1 1 1 1 1 1 1 1 1 1 1 1 1 1 1 1 1 1 1 1 1 1 1 1 1 1 1 1 1 1 1 1 1 1 1 1 1 1 1 1 1 1 1 1 1 1 1 1  | 1 2 3 4 5 6 7 8 9 10 11 12 13 14 15 16 17 18 19 20 21 22 23 24 25 26 27 28 29 30 31 32 33 34 35 36 37 38 39 40 41 42 43 44 45 46 47 48 49 50 51 52 53 54 55 56 57 58 59 60 61 62 63 64  |
 ├────────────────────┼────────────────────┼────────────────────┼────────────────────┼──────────────────────────────────────────────────────────────────────────────────────────────────────────────────────────────────┼─────────────────────────────────────────────────────────────────────────────────────────────────────────────────────────────────────────────────────────────────────────────────────────┤
 | 0x00000000000028da | 0x0000000000000032 | 0x0000000000000007 | 0x0000000000419168 | 0 0 0 0 0 0 0 1 1 0 0 0 0 0 0 0 0 0 0 0 0 0 0 0 0 0 0 0 0 0 0 0 0 0 0 0 0 0 0 0 0 0 0 0 0 0 0 0 0 0 1 0 0 0 0 0 0 0 0 0 0 0 0 0  | 0 0 0 0 0 0 0 2 3 0 0 0 0 0 0 0 0 0 0 0 0 0 0 0 0 0 0 0 0 0 0 0 0 0 0 0 0 0 0 0 0 0 0 0 0 0 0 0 0 0 1 0 0 0 0 0 0 0 0 0 0 0 0 0                                                         |
 ├────────────────────┼────────────────────┼────────────────────┼────────────────────┼──────────────────────────────────────────────────────────────────────────────────────────────────────────────────────────────────┼─────────────────────────────────────────────────────────────────────────────────────────────────────────────────────────────────────────────────────────────────────────────────────────┤
 | 0x0000000000002f72 | 0x000000000000003d | 0x000000000000003c | 0x0000000000419181 | 0 0 0 0 0 0 0 0 0 0 0 0 0 0 0 0 0 0 0 0 0 0 0 0 0 0 0 0 0 0 0 0 0 0 0 0 0 0 0 0 0 0 0 0 0 0 0 0 0 0 0 0 0 0 0 0 0 0 0 0 1 1 0 0  | 0 0 0 0 0 0 0 0 0 0 0 0 0 0 0 0 0 0 0 0 0 0 0 0 0 0 0 0 0 0 0 0 0 0 0 0 0 0 0 0 0 0 0 0 0 0 0 0 0 0 0 0 0 0 0 0 0 0 0 0 2 1 0 0                                                         |
 ├────────────────────┼────────────────────┼────────────────────┼────────────────────┼──────────────────────────────────────────────────────────────────────────────────────────────────────────────────────────────────┼─────────────────────────────────────────────────────────────────────────────────────────────────────────────────────────────────────────────────────────────────────────────────────────┤
 | 0x0000000000001813 | 0x0000000000000000 | 0x0000000000000001 | 0x0000000000419100 | 1 1 1 1 1 1 1 1 1 1 1 1 1 1 1 1 1 1 1 1 1 1 1 1 1 0 0 0 0 0 0 0 0 0 0 0 0 0 0 0 0 0 0 0 0 0 0 0 0 0 0 0 0 0 0 0 0 0 0 0 0 0 0 0  | 1 2 3 4 5 6 7 8 9 10 11 12 13 14 15 16 17 18 19 20 21 22 23 24 25 0 0 0 0 0 0 0 0 0 0 0 0 0 0 0 0 0 0 0 0 0 0 0 0 0 0 0 0 0 0 0 0 0 0 0 0 0 0 0                                         |
 ├────────────────────┼────────────────────┼────────────────────┼────────────────────┼──────────────────────────────────────────────────────────────────────────────────────────────────────────────────────────────────┼─────────────────────────────────────────────────────────────────────────────────────────────────────────────────────────────────────────────────────────────────────────────────────────┤
 | 0x0000000000001944 | 0x0000000000000016 | 0x0000000000000004 | 0x000000000041913d | 1 0 0 0 1 1 1 1 1 1 0 1 0 0 0 1 0 0 1 0 1 0 1 0 1 0 1 1 0 0 0 1 0 0 0 0 0 0 1 0 0 1 1 1 0 1 0 0 0 0 0 0 1 0 0 0 0 1 0 0 1 0 0 1  | 13 0 0 0 2 12 14 15 7 16 0 17 0 0 0 3 0 0 25 0 8 0 1 0 4 0 6 5 0 0 0 9 0 0 0 0 0 0 23 0 0 18 11 10 0 24 0 0 0 0 0 0 19 0 0 0 0 20 0 0 22 0 0 21                                         |
 ├────────────────────┼────────────────────┼────────────────────┼────────────────────┼──────────────────────────────────────────────────────────────────────────────────────────────────────────────────────────────────┼─────────────────────────────────────────────────────────────────────────────────────────────────────────────────────────────────────────────────────────────────────────────────────────┤
 | 0x0000000000002f69 | 0x0000000000000010 | 0x0000000000000029 | 0x0000000000419181 | 0 0 0 0 0 0 0 0 0 0 0 0 0 0 0 0 1 0 0 0 0 0 0 0 0 0 0 0 0 0 0 0 0 0 0 0 0 0 0 0 1 1 0 0 0 0 0 0 0 0 0 0 0 0 0 0 0 0 0 0 0 0 0 0  | 0 0 0 0 0 0 0 0 0 0 0 0 0 0 0 0 1 0 0 0 0 0 0 0 0 0 0 0 0 0 0 0 0 0 0 0 0 0 0 0 3 2 0 0 0 0 0 0 0 0 0 0 0 0 0 0 0 0 0 0 0 0 0 0                                                         |
 ├────────────────────┼────────────────────┼────────────────────┼────────────────────┼──────────────────────────────────────────────────────────────────────────────────────────────────────────────────────────────────┼─────────────────────────────────────────────────────────────────────────────────────────────────────────────────────────────────────────────────────────────────────────────────────────┤
 | 0x0000000000002f60 | 0x000000000000000b | 0x0000000000000035 | 0x0000000000419181 | 0 0 0 1 0 0 0 0 0 0 0 1 0 0 0 0 0 0 0 0 0 0 0 0 0 0 0 1 0 0 1 0 0 0 0 0 0 0 0 0 0 0 0 0 0 0 0 0 0 0 0 0 0 1 0 0 0 0 1 1 0 0 0 0  | 0 0 0 7 0 0 0 0 0 0 0 1 0 0 0 0 0 0 0 0 0 0 0 0 0 0 0 6 0 0 5 0 0 0 0 0 0 0 0 0 0 0 0 0 0 0 0 0 0 0 0 0 0 2 0 0 0 0 3 4 0 0 0 0                                                         |
 ├────────────────────┼────────────────────┼────────────────────┼────────────────────┼──────────────────────────────────────────────────────────────────────────────────────────────────────────────────────────────────┼─────────────────────────────────────────────────────────────────────────────────────────────────────────────────────────────────────────────────────────────────────────────────────────┤
 | 0x00000000000028ec | 0x0000000000000032 | 0x0000000000000031 | 0x0000000000419168 | 0 0 0 0 0 0 0 0 0 0 0 0 0 0 0 0 0 0 0 0 0 0 0 0 0 0 0 0 0 0 0 0 0 0 0 0 0 0 0 0 0 0 0 0 0 0 0 0 0 1 1 0 0 0 0 0 0 0 0 0 0 0 0 0  | 0 0 0 0 0 0 0 0 0 0 0 0 0 0 0 0 0 0 0 0 0 0 0 0 0 0 0 0 0 0 0 0 0 0 0 0 0 0 0 0 0 0 0 0 0 0 0 0 0 2 1 0 0 0 0 0 0 0 0 0 0 0 0 0                                                         |
 ├────────────────────┼────────────────────┼────────────────────┼────────────────────┼──────────────────────────────────────────────────────────────────────────────────────────────────────────────────────────────────┼─────────────────────────────────────────────────────────────────────────────────────────────────────────────────────────────────────────────────────────────────────────────────────────┤
 | 0x000000000000300e | 0x000000000000003e | 0x000000000000000e | 0x0000000000419181 | 0 0 0 0 0 0 0 0 0 0 0 0 0 0 1 0 0 0 0 0 0 0 0 0 0 0 0 1 0 0 0 0 0 0 0 0 0 0 0 0 0 0 0 0 0 0 0 0 0 0 0 0 0 0 0 0 0 0 0 0 0 0 1 0  | 0 0 0 0 0 0 0 0 0 0 0 0 0 0 2 0 0 0 0 0 0 0 0 0 0 0 0 3 0 0 0 0 0 0 0 0 0 0 0 0 0 0 0 0 0 0 0 0 0 0 0 0 0 0 0 0 0 0 0 0 0 0 1 0                                                         |
 ├────────────────────┼────────────────────┼────────────────────┼────────────────────┼──────────────────────────────────────────────────────────────────────────────────────────────────────────────────────────────────┼─────────────────────────────────────────────────────────────────────────────────────────────────────────────────────────────────────────────────────────────────────────────────────────┤
 | 0x000000000000301d | 0x0000000000000011 | 0x0000000000000000 | 0x0000000000419181 | 1 1 1 1 1 1 1 1 1 1 1 1 1 1 1 1 1 1 1 1 1 1 1 1 1 1 1 1 1 1 1 0 1 0 0 0 0 0 0 0 0 0 0 0 0 0 0 0 0 1 0 0 0 0 0 0 0 0 0 0 0 0 0 0  | 2 10 11 3 4 12 13 14 9 15 16 17 18 19 5 20 21 1 22 23 24 25 26 27 28 29 30 6 31 32 33 0 7 0 0 0 0 0 0 0 0 0 0 0 0 0 0 0 0 8 0 0 0 0 0 0 0 0 0 0 0 0 0 0                                 |
 ├────────────────────┼────────────────────┼────────────────────┼────────────────────┼──────────────────────────────────────────────────────────────────────────────────────────────────────────────────────────────────┼─────────────────────────────────────────────────────────────────────────────────────────────────────────────────────────────────────────────────────────────────────────────────────────┤
 | 0x0000000000003006 | 0x0000000000000033 | 0x0000000000000000 | 0x0000000000419181 | 1 1 1 1 1 1 1 1 1 1 1 1 1 1 1 1 1 1 1 1 1 1 1 1 1 1 1 1 1 1 1 1 1 1 1 1 1 1 1 1 1 1 1 1 1 1 1 1 1 1 1 1 1 1 1 1 1 1 1 1 1 1 1 1  | 2 3 4 5 6 7 8 9 10 11 12 13 14 15 16 17 18 19 20 21 22 23 24 25 26 27 28 29 30 31 32 33 34 35 36 37 38 39 40 41 42 43 44 45 46 47 48 49 50 51 52 1 53 54 55 56 57 58 59 60 61 62 63 64  |
 ├────────────────────┼────────────────────┼────────────────────┼────────────────────┼──────────────────────────────────────────────────────────────────────────────────────────────────────────────────────────────────┼─────────────────────────────────────────────────────────────────────────────────────────────────────────────────────────────────────────────────────────────────────────────────────────┤
 | 0x0000000000001646 | 0x0000000000000028 | 0x000000000000001d | 0x0000000000419181 | 0 0 0 0 0 0 0 0 0 0 0 0 0 0 0 0 0 0 0 0 0 0 0 0 0 0 0 0 0 1 1 0 0 0 0 0 0 0 0 1 1 0 0 0 0 0 0 0 0 0 0 0 0 0 0 0 0 0 0 0 0 0 0 0  | 0 0 0 0 0 0 0 0 0 0 0 0 0 0 0 0 0 0 0 0 0 0 0 0 0 0 0 0 0 2 3 0 0 0 0 0 0 0 0 4 1 0 0 0 0 0 0 0 0 0 0 0 0 0 0 0 0 0 0 0 0 0 0 0                                                         |
 ├────────────────────┼────────────────────┼────────────────────┼────────────────────┼──────────────────────────────────────────────────────────────────────────────────────────────────────────────────────────────────┼─────────────────────────────────────────────────────────────────────────────────────────────────────────────────────────────────────────────────────────────────────────────────────────┤
 | 0x0000000000002f68 | 0x0000000000000002 | 0x0000000000000003 | 0x0000000000419181 | 0 0 1 1 0 0 1 0 0 0 0 0 0 0 0 0 0 0 0 0 0 0 0 0 0 0 0 0 1 1 0 0 0 0 0 0 0 0 0 0 0 0 0 0 0 0 0 0 0 0 1 1 0 0 0 0 0 0 0 0 0 0 0 0  | 0 0 1 2 0 0 7 0 0 0 0 0 0 0 0 0 0 0 0 0 0 0 0 0 0 0 0 0 3 4 0 0 0 0 0 0 0 0 0 0 0 0 0 0 0 0 0 0 0 0 5 6 0 0 0 0 0 0 0 0 0 0 0 0                                                         |
 ├────────────────────┼────────────────────┼────────────────────┼────────────────────┼──────────────────────────────────────────────────────────────────────────────────────────────────────────────────────────────────┼─────────────────────────────────────────────────────────────────────────────────────────────────────────────────────────────────────────────────────────────────────────────────────────┤
 | 0x0000000000002f57 | 0x000000000000000d | 0x0000000000000007 | 0x0000000000419181 | 1 0 0 0 0 0 0 1 0 0 0 0 0 1 0 0 1 0 0 0 0 0 0 0 0 0 0 0 0 0 0 1 0 0 0 0 0 0 0 0 0 0 0 0 0 0 0 0 0 1 0 0 0 0 0 0 0 0 0 0 0 1 0 0  | 5 0 0 0 0 0 0 2 0 0 0 0 0 1 0 0 7 0 0 0 0 0 0 0 0 0 0 0 0 0 0 3 0 0 0 0 0 0 0 0 0 0 0 0 0 0 0 0 0 4 0 0 0 0 0 0 0 0 0 0 0 6 0 0                                                         |
 ├────────────────────┼────────────────────┼────────────────────┼────────────────────┼──────────────────────────────────────────────────────────────────────────────────────────────────────────────────────────────────┼─────────────────────────────────────────────────────────────────────────────────────────────────────────────────────────────────────────────────────────────────────────────────────────┤
 | 0x0000000000002f73 | 0x000000000000000e | 0x0000000000000023 | 0x0000000000419181 | 1 1 1 1 1 1 1 1 1 1 1 1 1 1 1 1 1 1 1 1 1 1 1 1 1 1 1 1 1 1 1 1 1 1 1 1 1 1 1 1 1 1 1 1 1 1 1 1 1 1 1 1 1 1 1 1 1 1 1 1 1 1 1 1  | 3 4 5 6 7 8 9 10 11 12 13 14 15 16 1 17 18 19 20 21 22 23 24 25 26 27 28 29 30 31 32 33 34 35 36 2 37 38 39 40 41 42 43 44 45 46 47 48 49 50 51 52 53 54 55 56 57 58 59 60 61 62 63 64  |
 ├────────────────────┼────────────────────┼────────────────────┼────────────────────┼──────────────────────────────────────────────────────────────────────────────────────────────────────────────────────────────────┼─────────────────────────────────────────────────────────────────────────────────────────────────────────────────────────────────────────────────────────────────────────────────────────┤
 | 0x0000000000002d8e | 0x000000000000002d | 0x000000000000003a | 0x0000000000419142 | 0 0 0 0 0 0 0 0 0 0 0 0 0 0 0 0 0 0 1 0 0 0 0 0 0 0 0 0 0 0 0 0 0 0 0 0 0 0 0 0 0 1 0 0 0 1 0 0 0 0 0 0 0 0 0 0 0 0 1 0 0 0 0 0  | 0 0 0 0 0 0 0 0 0 0 0 0 0 0 0 0 0 0 4 0 0 0 0 0 0 0 0 0 0 0 0 0 0 0 0 0 0 0 0 0 0 3 0 0 0 1 0 0 0 0 0 0 0 0 0 0 0 0 2 0 0 0 0 0                                                         |
 ├────────────────────┼────────────────────┼────────────────────┼────────────────────┼──────────────────────────────────────────────────────────────────────────────────────────────────────────────────────────────────┼─────────────────────────────────────────────────────────────────────────────────────────────────────────────────────────────────────────────────────────────────────────────────────────┤
 | 0x0000000000001812 | 0x0000000000000000 | 0x0000000000000001 | 0x0000000000419104 | 1 1 1 1 1 1 1 1 1 1 1 1 1 1 1 1 1 1 1 1 1 1 1 1 1 0 0 0 0 0 0 0 0 0 0 0 0 0 0 0 0 0 0 0 0 0 0 0 0 0 0 0 0 0 0 0 0 0 0 0 0 0 0 0  | 1 2 3 4 5 6 7 8 9 10 11 12 13 14 15 16 17 18 19 20 21 22 23 24 25 0 0 0 0 0 0 0 0 0 0 0 0 0 0 0 0 0 0 0 0 0 0 0 0 0 0 0 0 0 0 0 0 0 0 0 0 0 0 0                                         |
 ├────────────────────┼────────────────────┼────────────────────┼────────────────────┼──────────────────────────────────────────────────────────────────────────────────────────────────────────────────────────────────┼─────────────────────────────────────────────────────────────────────────────────────────────────────────────────────────────────────────────────────────────────────────────────────────┤
 | 0x0000000000002f79 | 0x0000000000000002 | 0x0000000000000005 | 0x0000000000419181 | 1 1 1 1 1 1 1 1 1 1 1 1 1 1 1 1 1 1 1 1 1 1 1 1 1 1 1 1 1 1 1 1 1 1 1 1 1 1 1 1 1 1 1 1 1 1 1 1 1 1 1 1 1 1 1 1 1 1 1 1 1 1 1 1  | 9 10 1 11 12 2 3 13 14 15 16 17 18 19 20 21 22 23 24 25 26 27 7 28 29 30 31 32 4 33 34 35 36 37 38 5 39 40 41 42 43 44 8 45 46 47 48 49 50 51 6 52 53 54 55 56 57 58 59 60 61 62 63 64  |
 ├────────────────────┼────────────────────┼────────────────────┼────────────────────┼──────────────────────────────────────────────────────────────────────────────────────────────────────────────────────────────────┼─────────────────────────────────────────────────────────────────────────────────────────────────────────────────────────────────────────────────────────────────────────────────────────┤
 | 0x0000000000000151 | 0x0000000000000009 | 0x0000000000000011 | 0x0000000000416125 | 0 0 0 0 0 0 0 0 0 1 1 1 1 1 0 0 0 1 0 0 0 0 0 0 0 0 0 0 0 0 0 0 0 0 0 0 0 0 0 0 0 0 0 0 0 0 0 0 0 0 0 0 0 0 0 0 0 0 0 0 0 0 0 0  | 0 0 0 0 0 0 0 0 0 1 5 3 6 4 0 0 0 2 0 0 0 0 0 0 0 0 0 0 0 0 0 0 0 0 0 0 0 0 0 0 0 0 0 0 0 0 0 0 0 0 0 0 0 0 0 0 0 0 0 0 0 0 0 0                                                         |
 ├────────────────────┼────────────────────┼────────────────────┼────────────────────┼──────────────────────────────────────────────────────────────────────────────────────────────────────────────────────────────────┼─────────────────────────────────────────────────────────────────────────────────────────────────────────────────────────────────────────────────────────────────────────────────────────┤
 | 0x00000000000016f1 | 0x000000000000002f | 0x0000000000000029 | 0x000000000041912e | 1 0 0 0 0 0 0 0 0 0 0 0 0 0 0 0 0 0 0 0 0 0 0 0 0 0 0 0 0 0 0 0 0 0 0 0 0 0 0 0 0 1 0 0 0 0 0 1 0 0 0 0 0 0 0 0 0 0 0 0 0 0 0 0  | 3 0 0 0 0 0 0 0 0 0 0 0 0 0 0 0 0 0 0 0 0 0 0 0 0 0 0 0 0 0 0 0 0 0 0 0 0 0 0 0 0 2 0 0 0 0 0 1 0 0 0 0 0 0 0 0 0 0 0 0 0 0 0 0                                                         |
 ├────────────────────┼────────────────────┼────────────────────┼────────────────────┼──────────────────────────────────────────────────────────────────────────────────────────────────────────────────────────────────┼─────────────────────────────────────────────────────────────────────────────────────────────────────────────────────────────────────────────────────────────────────────────────────────┤
 | 0x0000000000002dde | 0x0000000000000027 | 0x0000000000000028 | 0x0000000000419170 | 0 0 0 0 0 0 0 0 0 0 0 0 0 0 0 0 0 0 0 0 0 0 0 0 0 0 0 0 0 0 0 0 0 0 0 0 0 0 0 1 1 0 0 0 0 0 0 0 0 0 0 0 0 0 0 0 0 0 0 0 0 0 0 0  | 0 0 0 0 0 0 0 0 0 0 0 0 0 0 0 0 0 0 0 0 0 0 0 0 0 0 0 0 0 0 0 0 0 0 0 0 0 0 0 1 2 0 0 0 0 0 0 0 0 0 0 0 0 0 0 0 0 0 0 0 0 0 0 0                                                         |
 ├────────────────────┼────────────────────┼────────────────────┼────────────────────┼──────────────────────────────────────────────────────────────────────────────────────────────────────────────────────────────────┼─────────────────────────────────────────────────────────────────────────────────────────────────────────────────────────────────────────────────────────────────────────────────────────┤
 | 0x0000000000002f70 | 0x0000000000000004 | 0x000000000000002a | 0x0000000000419181 | 0 0 0 0 1 0 0 0 0 0 0 0 0 0 0 0 0 0 0 0 0 0 0 0 0 0 0 0 0 0 0 0 0 0 0 0 0 0 0 0 0 0 1 0 0 0 0 0 0 0 0 0 0 0 0 0 0 0 0 0 0 0 0 0  | 0 0 0 0 1 0 0 0 0 0 0 0 0 0 0 0 0 0 0 0 0 0 0 0 0 0 0 0 0 0 0 0 0 0 0 0 0 0 0 0 0 0 2 0 0 0 0 0 0 0 0 0 0 0 0 0 0 0 0 0 0 0 0 0                                                         |
 ├────────────────────┼────────────────────┼────────────────────┼────────────────────┼──────────────────────────────────────────────────────────────────────────────────────────────────────────────────────────────────┼─────────────────────────────────────────────────────────────────────────────────────────────────────────────────────────────────────────────────────────────────────────────────────────┤
 | 0x0000000000000297 | 0x0000000000000019 | 0x0000000000000035 | 0x000000000041912e | 0 0 0 0 0 0 0 0 0 0 0 0 0 0 0 0 0 0 0 0 0 0 0 0 0 1 0 0 0 0 0 0 0 0 0 0 0 0 0 0 0 0 0 0 0 0 0 0 0 0 0 0 0 1 0 0 0 0 0 0 0 0 0 0  | 0 0 0 0 0 0 0 0 0 0 0 0 0 0 0 0 0 0 0 0 0 0 0 0 0 1 0 0 0 0 0 0 0 0 0 0 0 0 0 0 0 0 0 0 0 0 0 0 0 0 0 0 0 2 0 0 0 0 0 0 0 0 0 0                                                         |
 ├────────────────────┼────────────────────┼────────────────────┼────────────────────┼──────────────────────────────────────────────────────────────────────────────────────────────────────────────────────────────────┼─────────────────────────────────────────────────────────────────────────────────────────────────────────────────────────────────────────────────────────────────────────────────────────┤
 | 0x00000000000002b3 | 0x000000000000002a | 0x0000000000000021 | 0x000000000041913d | 0 0 0 0 0 0 0 0 0 0 0 0 0 0 0 0 0 0 0 0 0 0 0 0 0 0 0 0 0 0 0 0 0 1 0 0 0 0 0 1 0 0 1 0 0 0 0 0 0 0 0 0 0 0 0 0 0 0 0 0 0 0 0 0  | 0 0 0 0 0 0 0 0 0 0 0 0 0 0 0 0 0 0 0 0 0 0 0 0 0 0 0 0 0 0 0 0 0 2 0 0 0 0 0 3 0 0 1 0 0 0 0 0 0 0 0 0 0 0 0 0 0 0 0 0 0 0 0 0                                                         |
 ├────────────────────┼────────────────────┼────────────────────┼────────────────────┼──────────────────────────────────────────────────────────────────────────────────────────────────────────────────────────────────┼─────────────────────────────────────────────────────────────────────────────────────────────────────────────────────────────────────────────────────────────────────────────────────────┤
 | 0x0000000000002f6b | 0x000000000000000e | 0x000000000000001a | 0x0000000000419181 | 0 0 0 0 0 0 0 0 0 0 0 0 0 0 1 0 0 0 0 0 0 0 0 0 0 0 1 0 0 0 0 0 0 0 0 0 0 0 0 0 0 0 0 0 0 0 0 0 0 0 0 0 0 0 0 0 0 0 0 0 0 0 0 0  | 0 0 0 0 0 0 0 0 0 0 0 0 0 0 1 0 0 0 0 0 0 0 0 0 0 0 2 0 0 0 0 0 0 0 0 0 0 0 0 0 0 0 0 0 0 0 0 0 0 0 0 0 0 0 0 0 0 0 0 0 0 0 0 0                                                         |
 ├────────────────────┼────────────────────┼────────────────────┼────────────────────┼──────────────────────────────────────────────────────────────────────────────────────────────────────────────────────────────────┼─────────────────────────────────────────────────────────────────────────────────────────────────────────────────────────────────────────────────────────────────────────────────────────┤
 | 0x0000000000003004 | 0x0000000000000008 | 0x000000000000000c | 0x0000000000419181 | 1 1 1 1 1 1 1 1 1 1 1 1 1 1 1 1 1 1 1 1 1 1 1 1 1 1 1 1 1 1 1 1 1 1 1 1 1 1 1 1 1 1 1 1 1 1 1 1 1 1 1 1 1 1 1 1 1 1 1 1 1 1 1 1  | 5 6 7 8 9 10 11 12 1 13 14 15 2 4 16 17 18 19 20 21 22 3 23 24 25 26 27 28 29 30 31 32 33 34 35 36 37 38 39 40 41 42 43 44 45 46 47 48 49 50 51 52 53 54 55 56 57 58 59 60 61 62 63 64  |
 ├────────────────────┼────────────────────┼────────────────────┼────────────────────┼──────────────────────────────────────────────────────────────────────────────────────────────────────────────────────────────────┼─────────────────────────────────────────────────────────────────────────────────────────────────────────────────────────────────────────────────────────────────────────────────────────┤
 | 0x0000000000001819 | 0x0000000000000000 | 0x0000000000000001 | 0x0000000000419100 | 1 1 1 1 1 1 1 1 1 1 1 1 1 1 1 1 1 1 1 1 1 1 1 1 1 1 1 1 1 1 1 1 1 1 1 1 1 1 1 1 1 1 1 1 1 1 1 1 1 1 1 1 1 1 1 1 1 1 1 1 1 1 1 1  | 1 2 3 4 5 6 7 8 9 10 11 12 13 14 15 16 17 18 19 20 21 22 23 24 25 26 27 28 29 30 31 32 33 34 35 36 37 38 39 40 41 42 43 44 45 46 47 48 49 50 51 52 53 54 55 56 57 58 59 60 61 62 63 64  |
 ├────────────────────┼────────────────────┼────────────────────┼────────────────────┼──────────────────────────────────────────────────────────────────────────────────────────────────────────────────────────────────┼─────────────────────────────────────────────────────────────────────────────────────────────────────────────────────────────────────────────────────────────────────────────────────────┤
 | 0x00000000000028f4 | 0x000000000000001e | 0x000000000000001f | 0x0000000000419168 | 0 0 0 0 0 0 0 0 0 0 0 0 0 0 0 0 0 0 0 0 0 0 0 0 0 0 0 0 0 0 1 1 0 0 0 0 0 0 0 0 0 0 0 0 0 0 0 0 0 0 1 0 0 0 0 0 0 0 0 0 0 0 0 0  | 0 0 0 0 0 0 0 0 0 0 0 0 0 0 0 0 0 0 0 0 0 0 0 0 0 0 0 0 0 0 1 2 0 0 0 0 0 0 0 0 0 0 0 0 0 0 0 0 0 0 3 0 0 0 0 0 0 0 0 0 0 0 0 0                                                         |
 ├────────────────────┼────────────────────┼────────────────────┼────────────────────┼──────────────────────────────────────────────────────────────────────────────────────────────────────────────────────────────────┼─────────────────────────────────────────────────────────────────────────────────────────────────────────────────────────────────────────────────────────────────────────────────────────┤
 | 0x0000000000002f55 | 0x000000000000001f | 0x0000000000000020 | 0x0000000000419181 | 0 0 0 0 0 0 0 0 0 0 0 0 0 0 0 0 0 0 0 0 0 0 0 0 0 0 0 0 0 0 0 1 1 1 1 1 0 0 0 0 0 0 0 0 1 1 0 0 0 0 0 0 0 0 0 1 0 0 0 0 0 0 0 0  | 0 0 0 0 0 0 0 0 0 0 0 0 0 0 0 0 0 0 0 0 0 0 0 0 0 0 0 0 0 0 0 1 2 7 3 4 0 0 0 0 0 0 0 0 5 6 0 0 0 0 0 0 0 0 0 8 0 0 0 0 0 0 0 0                                                         |
 ├────────────────────┼────────────────────┼────────────────────┼────────────────────┼──────────────────────────────────────────────────────────────────────────────────────────────────────────────────────────────────┼─────────────────────────────────────────────────────────────────────────────────────────────────────────────────────────────────────────────────────────────────────────────────────────┤
 | 0x0000000000002f78 | 0x0000000000000008 | 0x000000000000000f | 0x0000000000419181 | 0 0 0 0 0 0 0 0 1 0 0 0 0 0 0 1 0 0 0 0 0 0 0 0 0 0 0 0 0 0 0 0 1 1 1 0 0 0 0 0 0 0 0 0 0 0 0 0 0 0 0 0 0 0 0 0 0 1 0 0 0 0 0 0  | 0 0 0 0 0 0 0 0 1 0 0 0 0 0 0 2 0 0 0 0 0 0 0 0 0 0 0 0 0 0 0 0 5 6 4 0 0 0 0 0 0 0 0 0 0 0 0 0 0 0 0 0 0 0 0 0 0 3 0 0 0 0 0 0                                                         |
 ├────────────────────┼────────────────────┼────────────────────┼────────────────────┼──────────────────────────────────────────────────────────────────────────────────────────────────────────────────────────────────┼─────────────────────────────────────────────────────────────────────────────────────────────────────────────────────────────────────────────────────────────────────────────────────────┤
 | 0x00000000000002b2 | 0x0000000000000022 | 0x0000000000000010 | 0x000000000041912e | 0 0 0 0 0 0 0 0 0 0 0 0 0 0 0 0 1 0 0 0 0 0 0 0 0 0 0 0 0 1 0 0 0 0 1 0 0 0 0 0 0 0 0 0 0 0 0 0 0 0 0 0 0 0 0 0 0 0 0 0 0 0 0 0  | 0 0 0 0 0 0 0 0 0 0 0 0 0 0 0 0 2 0 0 0 0 0 0 0 0 0 0 0 0 3 0 0 0 0 1 0 0 0 0 0 0 0 0 0 0 0 0 0 0 0 0 0 0 0 0 0 0 0 0 0 0 0 0 0                                                         |
 ├────────────────────┼────────────────────┼────────────────────┼────────────────────┼──────────────────────────────────────────────────────────────────────────────────────────────────────────────────────────────────┼─────────────────────────────────────────────────────────────────────────────────────────────────────────────────────────────────────────────────────────────────────────────────────────┤
 | 0x00000000000028e6 | 0x0000000000000027 | 0x0000000000000001 | 0x0000000000419168 | 1 1 0 0 0 0 0 0 0 0 0 0 0 0 0 0 0 0 0 0 0 0 0 0 0 0 0 0 0 0 0 0 0 0 0 0 0 0 0 1 0 0 0 0 0 0 0 0 0 0 0 0 0 0 0 0 0 0 0 0 0 0 0 0  | 3 2 0 0 0 0 0 0 0 0 0 0 0 0 0 0 0 0 0 0 0 0 0 0 0 0 0 0 0 0 0 0 0 0 0 0 0 0 0 1 0 0 0 0 0 0 0 0 0 0 0 0 0 0 0 0 0 0 0 0 0 0 0 0                                                         |
 ├────────────────────┼────────────────────┼────────────────────┼────────────────────┼──────────────────────────────────────────────────────────────────────────────────────────────────────────────────────────────────┼─────────────────────────────────────────────────────────────────────────────────────────────────────────────────────────────────────────────────────────────────────────────────────────┤
 | 0x0000000000002f5c | 0x0000000000000005 | 0x0000000000000006 | 0x000000000041910d | 0 0 0 0 0 1 1 1 1 1 1 1 1 1 1 1 1 1 1 1 1 1 1 1 1 1 1 1 1 1 1 1 1 1 1 1 1 1 1 1 1 1 1 1 1 1 1 1 1 1 1 1 1 1 1 1 1 1 1 1 1 1 1 1  | 0 0 0 0 0 1 2 3 4 5 6 7 8 9 10 11 12 13 14 15 16 17 18 19 20 21 22 23 24 25 26 27 28 29 30 31 32 33 34 35 36 37 38 39 40 41 42 43 44 45 46 47 48 49 50 51 52 53 54 55 56 57 58 59       |
 └────────────────────┴────────────────────┴────────────────────┴────────────────────┴──────────────────────────────────────────────────────────────────────────────────────────────────────────────────────────────────┴─────────────────────────────────────────────────────────────────────────────────────────────────────────────────────────────────────────────────────────────────────────────────────────┘
Accumulation table end
Pattern table begin
 ┌─────────────┬─────────────┬──────────────────────────────────────────────────────────────────────────────────────────────────────────────────────────────────┐
 | Trigger     | Second      | Pattern                                                                                                                          |
 ├─────────────┼─────────────┼──────────────────────────────────────────────────────────────────────────────────────────────────────────────────────────────────┤
 | 0           | 10          | 1 0 0 0 0 0 0 0 0 0 1 0 0 0 0 0 0 0 0 0 0 0 0 0 0 0 0 0 0 0 0 0 0 0 0 1 0 0 0 0 0 0 0 0 0 0 0 0 0 0 0 0 1 0 0 0 0 0 0 0 0 0 0 0  |
 ├─────────────┼─────────────┼──────────────────────────────────────────────────────────────────────────────────────────────────────────────────────────────────┤
 | 0           | 1           | 1 1 1 1 1 1 1 1 1 1 1 1 1 1 1 1 1 1 1 1 1 1 1 1 1 1 1 1 1 1 1 1 1 1 1 1 1 1 1 1 1 1 1 1 1 1 1 1 1 1 1 1 1 1 1 1 1 1 1 1 1 1 1 1  |
 ├─────────────┼─────────────┼──────────────────────────────────────────────────────────────────────────────────────────────────────────────────────────────────┤
 | 0           | 24          | 1 0 0 0 0 0 0 0 0 0 0 0 0 0 0 1 0 0 0 0 0 0 0 0 1 0 0 0 0 0 0 0 0 0 0 0 0 0 0 0 0 0 0 0 0 0 0 0 0 0 0 0 0 0 0 0 0 0 0 0 0 1 0 0  |
 ├─────────────┼─────────────┼──────────────────────────────────────────────────────────────────────────────────────────────────────────────────────────────────┤
 | 0           | 31          | 1 0 0 0 0 0 0 0 0 0 0 0 0 0 0 0 0 0 0 0 0 0 0 0 0 0 0 0 0 0 0 1 0 0 0 0 0 0 0 0 0 0 0 0 0 0 0 0 0 0 0 0 1 1 0 0 0 0 0 0 0 0 0 0  |
 ├─────────────┼─────────────┼──────────────────────────────────────────────────────────────────────────────────────────────────────────────────────────────────┤
 | 1           | 21          | 0 1 0 0 0 0 0 0 0 0 0 0 0 0 0 0 0 0 0 0 0 1 0 0 0 0 0 0 0 1 0 0 0 0 0 0 0 0 0 0 0 0 1 0 0 0 0 0 0 0 0 0 0 0 0 0 0 0 0 0 0 0 0 0  |
 ├─────────────┼─────────────┼──────────────────────────────────────────────────────────────────────────────────────────────────────────────────────────────────┤
 | 1           | 60          | 0 1 0 0 0 0 0 0 0 0 0 0 0 0 0 0 0 0 0 0 0 0 0 0 0 0 0 0 0 0 0 0 0 0 0 0 0 0 0 0 0 0 0 0 0 0 0 0 0 0 0 0 0 0 0 0 0 0 0 0 1 0 0 0  |
 ├─────────────┼─────────────┼──────────────────────────────────────────────────────────────────────────────────────────────────────────────────────────────────┤
 | 1           | 2           | 0 1 1 0 0 0 0 0 0 0 0 0 0 0 0 0 0 0 0 0 0 0 0 0 0 0 0 0 0 0 0 0 0 0 0 0 0 0 0 0 0 0 0 0 1 1 0 0 0 0 0 0 0 0 0 0 0 0 0 0 0 0 0 0  |
 ├─────────────┼─────────────┼──────────────────────────────────────────────────────────────────────────────────────────────────────────────────────────────────┤
 | 1           | 26          | 0 1 0 0 0 0 0 0 0 0 0 0 0 0 0 0 0 0 0 0 0 0 0 0 0 0 1 0 0 0 0 0 0 0 0 0 0 0 0 0 0 0 0 0 0 0 0 0 0 0 0 0 0 0 0 0 0 0 0 0 0 0 0 0  |
 ├─────────────┼─────────────┼──────────────────────────────────────────────────────────────────────────────────────────────────────────────────────────────────┤
 | 2           | 30          | 0 0 1 0 0 0 0 0 0 0 0 0 0 0 0 0 0 0 0 0 0 0 0 0 0 0 0 0 0 0 1 0 0 0 0 0 0 0 1 0 0 0 0 0 0 0 0 0 0 0 0 0 0 0 0 0 0 0 1 0 0 0 0 0  |
 ├─────────────┼─────────────┼──────────────────────────────────────────────────────────────────────────────────────────────────────────────────────────────────┤
 | 2           | 4           | 0 0 1 0 1 0 1 0 0 0 0 0 0 0 0 0 0 0 0 1 0 0 0 0 0 0 0 0 0 0 0 1 1 0 0 0 0 0 0 0 0 0 0 0 0 0 0 0 0 0 0 0 0 0 0 0 0 0 0 0 0 0 1 0  |
 ├─────────────┼─────────────┼──────────────────────────────────────────────────────────────────────────────────────────────────────────────────────────────────┤
 | 2           | 60          | 0 0 1 0 0 0 0 0 0 0 0 0 0 0 0 0 0 0 0 0 0 0 0 0 0 0 0 0 0 0 0 0 0 0 0 0 0 0 0 0 0 0 0 0 0 0 0 0 0 0 0 0 0 0 0 0 0 0 0 0 1 0 0 0  |
 ├─────────────┼─────────────┼──────────────────────────────────────────────────────────────────────────────────────────────────────────────────────────────────┤
 | 2           | 3           | 1 0 1 1 0 0 0 0 0 0 0 0 0 0 0 0 0 0 0 0 0 0 0 0 0 0 0 0 0 0 1 0 0 0 0 0 0 0 0 0 0 0 0 0 0 0 0 0 0 0 0 0 0 0 0 0 0 0 0 0 0 0 0 0  |
 ├─────────────┼─────────────┼──────────────────────────────────────────────────────────────────────────────────────────────────────────────────────────────────┤
 | 3           | 39          | 0 0 0 1 0 0 0 0 0 0 0 0 0 0 0 0 0 0 0 0 0 0 0 0 0 0 0 0 0 0 0 0 0 0 0 0 0 0 0 1 0 0 0 0 0 0 0 0 0 0 0 1 0 0 0 0 0 0 0 0 0 0 0 0  |
 ├─────────────┼─────────────┼──────────────────────────────────────────────────────────────────────────────────────────────────────────────────────────────────┤
 | 3           | 21          | 0 0 0 1 0 0 0 0 0 0 0 0 0 0 0 0 0 0 0 0 0 1 0 0 0 0 0 0 0 0 0 0 0 0 0 0 0 0 0 0 0 0 0 0 0 0 0 0 0 0 0 0 0 0 0 0 1 1 0 0 0 0 0 0  |
 ├─────────────┼─────────────┼──────────────────────────────────────────────────────────────────────────────────────────────────────────────────────────────────┤
 | 3           | 31          | 0 0 0 1 0 0 0 0 0 0 0 0 0 0 0 0 0 0 0 0 0 0 0 0 0 0 0 0 0 0 0 1 0 0 0 0 0 0 1 1 0 0 0 0 0 0 0 0 0 0 0 0 0 0 0 0 0 0 1 0 0 0 0 0  |
 ├─────────────┼─────────────┼──────────────────────────────────────────────────────────────────────────────────────────────────────────────────────────────────┤
 | 3           | 4           | 0 0 0 1 1 0 0 0 0 0 0 0 0 0 0 0 0 0 0 0 0 0 0 0 0 0 0 0 1 0 0 0 0 0 0 0 0 0 0 0 0 1 0 0 0 0 0 0 0 0 0 0 0 0 0 0 0 0 0 0 0 0 0 0  |
 ├─────────────┼─────────────┼──────────────────────────────────────────────────────────────────────────────────────────────────────────────────────────────────┤
 | 4           | 20          | 0 0 0 0 1 0 0 0 0 0 0 0 0 0 0 0 0 0 0 0 1 0 0 0 0 0 0 0 0 0 0 0 0 0 0 0 0 0 0 0 0 0 0 0 0 0 1 0 0 0 0 0 0 0 0 0 0 0 0 0 0 0 0 0  |
 ├─────────────┼─────────────┼──────────────────────────────────────────────────────────────────────────────────────────────────────────────────────────────────┤
 | 4           | 5           | 0 0 0 0 1 1 0 0 1 0 0 0 1 1 0 0 0 0 0 0 0 0 0 0 0 0 0 0 0 0 0 0 0 0 0 0 0 0 0 0 0 0 0 0 1 1 1 1 0 0 0 0 0 0 0 0 0 0 0 0 0 0 0 0  |
 ├─────────────┼─────────────┼──────────────────────────────────────────────────────────────────────────────────────────────────────────────────────────────────┤
 | 4           | 46          | 0 0 0 0 1 0 0 0 0 0 0 0 0 0 0 0 0 0 0 0 0 0 0 0 0 0 0 0 0 0 0 0 0 0 0 0 0 0 0 0 0 0 0 1 0 0 1 1 0 0 0 0 0 0 0 0 0 0 0 0 0 0 0 0  |
 ├─────────────┼─────────────┼──────────────────────────────────────────────────────────────────────────────────────────────────────────────────────────────────┤
 | 4           | 18          | 0 0 0 0 1 0 0 0 0 0 0 0 0 0 0 0 0 0 1 0 0 0 0 0 0 0 0 0 0 0 0 0 0 0 0 0 0 0 0 0 0 0 0 0 0 0 0 0 0 0 0 0 0 0 0 0 0 0 0 0 0 0 0 0  |
 ├─────────────┼─────────────┼──────────────────────────────────────────────────────────────────────────────────────────────────────────────────────────────────┤
 | 5           | 19          | 0 0 0 0 0 1 0 0 0 0 0 0 0 0 0 0 0 0 0 1 0 0 0 0 0 0 0 0 0 0 0 0 0 0 0 0 0 0 0 0 0 0 0 0 0 0 0 0 0 0 0 0 0 0 0 0 0 0 0 0 0 0 0 0  |
 ├─────────────┼─────────────┼──────────────────────────────────────────────────────────────────────────────────────────────────────────────────────────────────┤
 | 5           | 61          | 0 0 0 0 0 1 0 0 0 0 0 0 0 0 0 0 0 0 0 0 0 0 0 0 0 0 0 0 0 0 0 0 0 0 0 0 0 0 0 0 0 0 0 0 0 0 0 0 0 0 0 0 0 0 0 0 0 0 0 0 0 1 0 0  |
 ├─────────────┼─────────────┼──────────────────────────────────────────────────────────────────────────────────────────────────────────────────────────────────┤
 | 5           | 29          | 0 0 0 0 0 1 0 0 0 0 0 0 0 0 0 0 0 0 0 0 0 0 0 0 0 0 0 0 0 1 0 0 0 0 0 0 0 0 0 0 0 0 0 0 0 0 0 0 0 0 0 0 0 0 0 0 0 0 0 0 0 0 0 0  |
 ├─────────────┼─────────────┼──────────────────────────────────────────────────────────────────────────────────────────────────────────────────────────────────┤
 | 5           | 17          | 0 0 0 0 0 1 0 0 0 0 0 0 0 0 0 0 0 1 0 0 0 0 0 0 0 0 0 0 0 0 0 0 0 0 0 0 0 0 0 0 0 0 0 0 0 0 0 0 0 0 0 0 0 0 0 0 0 0 0 0 0 0 0 0  |
 ├─────────────┼─────────────┼──────────────────────────────────────────────────────────────────────────────────────────────────────────────────────────────────┤
 | 6           | 39          | 0 0 0 0 0 0 1 1 0 0 0 0 0 0 0 0 0 0 0 0 0 0 0 0 0 0 0 0 0 1 0 0 0 0 0 0 0 0 0 1 0 0 0 0 0 0 0 0 0 0 0 0 1 0 0 0 0 0 0 0 0 0 0 0  |
 ├─────────────┼─────────────┼──────────────────────────────────────────────────────────────────────────────────────────────────────────────────────────────────┤
 | 6           | 0           | 1 1 1 1 1 1 1 1 1 1 1 1 1 1 1 1 1 1 1 1 1 1 1 1 1 1 1 1 1 1 1 1 1 1 1 1 1 1 1 1 1 1 1 1 1 1 1 1 1 1 1 1 1 1 1 1 1 1 1 1 1 1 1 1  |
 ├─────────────┼─────────────┼──────────────────────────────────────────────────────────────────────────────────────────────────────────────────────────────────┤
 | 6           | 22          | 0 0 0 0 0 0 1 0 0 0 0 0 0 0 0 0 0 0 0 0 0 0 1 0 0 0 0 0 0 0 0 0 0 0 1 1 0 0 0 0 0 0 0 0 0 0 1 0 0 0 0 0 0 0 0 0 0 0 0 0 0 0 0 0  |
 ├─────────────┼─────────────┼──────────────────────────────────────────────────────────────────────────────────────────────────────────────────────────────────┤
 | 6           | 36          | 0 0 0 0 0 0 1 0 0 0 0 0 0 0 0 0 0 0 0 0 0 0 0 0 0 0 0 0 0 0 0 0 0 0 0 1 1 1 0 0 0 0 0 0 0 0 0 0 0 0 0 0 0 0 0 0 0 0 0 0 0 0 0 0  |
 ├─────────────┼─────────────┼──────────────────────────────────────────────────────────────────────────────────────────────────────────────────────────────────┤
 | 7           | 53          | 0 0 0 1 1 1 1 1 0 0 0 0 0 0 0 0 1 1 1 0 0 0 0 0 0 0 0 0 0 1 1 0 0 0 0 0 0 0 0 0 1 1 1 0 0 0 0 0 0 0 0 0 0 1 1 1 0 1 0 1 1 1 1 1  |
 ├─────────────┼─────────────┼──────────────────────────────────────────────────────────────────────────────────────────────────────────────────────────────────┤
 | 7           | 6           | 0 0 0 0 0 0 1 1 0 0 0 0 0 0 0 0 0 0 0 0 0 0 0 0 0 0 0 0 0 0 0 0 0 0 0 0 0 0 0 0 0 0 0 0 0 0 0 0 0 0 0 0 0 0 0 0 0 0 0 0 0 0 0 0  |
 ├─────────────┼─────────────┼──────────────────────────────────────────────────────────────────────────────────────────────────────────────────────────────────┤
 | 7           | 8           | 0 0 0 0 0 0 0 1 1 0 0 0 0 0 0 0 0 0 0 0 0 0 0 0 0 0 0 0 0 0 0 0 0 0 0 0 0 0 0 0 0 0 0 0 0 0 0 0 0 0 0 0 1 1 0 0 0 0 0 0 0 0 0 0  |
 ├─────────────┼─────────────┼──────────────────────────────────────────────────────────────────────────────────────────────────────────────────────────────────┤
 | 7           | 56          | 0 0 0 0 0 0 0 1 0 0 0 0 0 0 0 0 0 0 0 0 0 0 0 0 0 0 0 0 0 0 0 0 0 0 0 0 0 0 0 0 0 0 0 0 0 0 0 0 0 0 0 0 0 0 0 0 1 0 0 0 0 0 0 0  |
 ├─────────────┼─────────────┼──────────────────────────────────────────────────────────────────────────────────────────────────────────────────────────────────┤
 | 8           | 9           | 0 0 0 0 0 0 0 0 1 1 0 0 0 0 0 0 0 0 0 0 0 0 0 0 0 0 0 0 0 0 0 0 0 0 0 0 0 0 0 0 0 0 0 0 0 0 0 0 0 0 0 0 0 0 0 0 0 0 0 0 0 0 0 0  |
 ├─────────────┼─────────────┼──────────────────────────────────────────────────────────────────────────────────────────────────────────────────────────────────┤
 | 8           | 49          | 0 0 0 0 0 0 0 0 1 0 0 0 0 0 0 0 0 0 0 0 0 0 0 0 0 0 0 0 0 0 0 0 0 0 0 0 0 0 0 0 0 0 0 0 0 0 0 0 0 1 1 0 0 0 0 0 0 0 0 0 0 0 0 0  |
 ├─────────────┼─────────────┼──────────────────────────────────────────────────────────────────────────────────────────────────────────────────────────────────┤
 | 8           | 0           | 1 1 1 1 1 1 1 1 1 1 1 1 1 1 1 1 1 1 1 1 1 1 1 1 1 1 1 1 1 1 1 1 1 1 1 1 1 1 1 0 1 1 1 1 1 1 1 1 1 1 1 0 0 1 1 1 1 1 1 1 1 0 0 0  |
 ├─────────────┼─────────────┼──────────────────────────────────────────────────────────────────────────────────────────────────────────────────────────────────┤
 | 8           | 16          | 0 0 0 0 0 0 0 0 1 0 0 0 0 0 0 0 1 0 0 1 0 1 0 1 0 0 0 0 0 0 0 0 0 1 0 0 0 0 0 0 0 0 0 0 0 0 0 0 0 0 0 0 0 0 0 0 0 0 0 0 0 0 0 0  |
 ├─────────────┼─────────────┼──────────────────────────────────────────────────────────────────────────────────────────────────────────────────────────────────┤
 | 9           | 33          | 0 0 0 0 0 0 0 0 0 1 0 0 0 0 0 0 0 0 0 0 0 0 0 0 0 0 0 0 0 0 0 0 0 1 0 0 0 0 0 0 1 1 1 0 0 0 0 0 0 0 0 0 0 0 0 0 0 0 0 0 0 0 0 0  |
 ├─────────────┼─────────────┼──────────────────────────────────────────────────────────────────────────────────────────────────────────────────────────────────┤
 | 9           | 10          | 0 0 0 0 0 0 0 0 0 1 1 0 0 0 0 0 1 0 0 0 0 1 1 1 1 0 0 0 0 0 0 0 0 0 0 1 0 0 0 0 0 0 0 0 0 0 1 1 0 0 1 0 0 0 1 1 1 1 1 1 1 1 0 0  |
 ├─────────────┼─────────────┼──────────────────────────────────────────────────────────────────────────────────────────────────────────────────────────────────┤
 | 9           | 18          | 0 0 0 0 0 0 0 0 0 1 0 0 0 0 0 0 0 0 1 0 0 0 0 0 0 0 0 0 0 0 0 0 0 0 0 0 0 0 1 0 0 0 0 0 0 0 0 0 0 0 0 0 0 1 0 0 0 0 0 1 0 0 0 0  |
 ├─────────────┼─────────────┼──────────────────────────────────────────────────────────────────────────────────────────────────────────────────────────────────┤
 | 9           | 32          | 0 0 0 0 0 0 0 0 0 1 0 0 0 0 0 0 0 0 0 0 0 0 0 0 0 0 0 0 0 0 0 0 1 0 0 0 0 0 0 0 0 0 0 0 0 0 0 1 0 0 0 0 0 0 0 0 0 0 0 0 0 0 0 0  |
 ├─────────────┼─────────────┼──────────────────────────────────────────────────────────────────────────────────────────────────────────────────────────────────┤
 | 10          | 8           | 0 0 0 0 0 0 0 0 1 0 1 0 0 0 0 0 0 0 0 0 0 0 0 0 0 0 0 0 0 0 0 0 0 0 0 0 0 0 0 0 0 0 0 0 0 0 0 0 0 0 0 0 1 0 0 0 0 0 0 0 0 0 0 0  |
 ├─────────────┼─────────────┼──────────────────────────────────────────────────────────────────────────────────────────────────────────────────────────────────┤
 | 10          | 6           | 0 0 0 0 0 0 1 1 0 0 1 0 0 0 0 0 0 0 0 0 0 0 0 0 0 1 1 1 0 0 0 0 0 0 0 0 0 0 0 0 0 0 0 0 0 0 0 0 0 0 0 0 0 0 0 0 0 0 0 0 0 0 0 0  |
 ├─────────────┼─────────────┼──────────────────────────────────────────────────────────────────────────────────────────────────────────────────────────────────┤
 | 10          | 34          | 0 0 0 0 0 0 0 0 0 0 1 0 0 0 0 0 0 0 0 0 0 0 0 0 0 0 0 0 0 0 0 0 0 0 1 0 0 0 0 0 0 0 0 0 0 0 0 0 0 0 0 0 0 0 0 0 0 0 0 0 0 0 0 0  |
 ├─────────────┼─────────────┼──────────────────────────────────────────────────────────────────────────────────────────────────────────────────────────────────┤
 | 10          | 0           | 1 1 1 1 1 1 1 1 1 1 1 1 1 1 1 1 1 1 1 1 1 1 1 1 1 1 1 1 1 1 1 1 1 1 1 1 1 1 1 1 1 1 1 1 1 1 1 1 1 1 1 1 1 1 1 1 1 1 1 1 1 1 1 1  |
 ├─────────────┼─────────────┼──────────────────────────────────────────────────────────────────────────────────────────────────────────────────────────────────┤
 | 11          | 26          | 0 0 0 0 0 0 0 0 0 0 0 1 0 0 0 0 0 0 0 0 0 0 0 0 0 0 1 1 0 0 0 0 0 0 0 0 0 0 0 0 0 0 0 0 0 0 0 0 0 0 0 0 0 0 0 0 0 0 0 0 0 0 0 0  |
 ├─────────────┼─────────────┼──────────────────────────────────────────────────────────────────────────────────────────────────────────────────────────────────┤
 | 11          | 9           | 0 0 0 0 0 0 0 0 0 1 0 1 0 0 0 0 0 0 0 0 0 0 0 0 0 0 0 0 0 0 0 0 0 0 0 0 1 0 0 0 0 0 0 0 0 0 0 0 0 0 0 0 0 0 0 0 0 0 0 0 0 0 0 0  |
 ├─────────────┼─────────────┼──────────────────────────────────────────────────────────────────────────────────────────────────────────────────────────────────┤
 | 11          | 14          | 1 0 1 1 0 1 1 0 0 0 0 1 0 0 1 0 0 1 1 0 1 0 0 0 1 0 1 0 1 1 0 0 1 0 0 1 0 0 1 0 0 1 1 0 1 0 0 0 0 1 0 0 1 0 0 1 0 0 0 1 1 0 1 0  |
 ├─────────────┼─────────────┼──────────────────────────────────────────────────────────────────────────────────────────────────────────────────────────────────┤
 | 11          | 12          | 0 0 0 0 0 0 0 0 0 0 0 1 1 0 0 0 0 0 0 0 0 0 0 0 0 0 0 0 0 0 0 0 0 0 0 0 0 0 0 1 1 0 0 0 0 0 0 0 0 0 0 0 0 0 0 0 0 1 0 1 1 0 0 0  |
 ├─────────────┼─────────────┼──────────────────────────────────────────────────────────────────────────────────────────────────────────────────────────────────┤
 | 12          | 41          | 0 0 0 0 0 0 0 0 0 0 0 0 1 0 0 0 0 0 0 0 0 0 0 0 0 0 0 0 0 0 0 0 0 0 0 0 0 0 0 0 0 1 0 0 0 0 0 0 0 0 0 0 0 0 0 0 0 0 0 1 0 0 0 0  |
 ├─────────────┼─────────────┼──────────────────────────────────────────────────────────────────────────────────────────────────────────────────────────────────┤
 | 12          | 5           | 0 0 0 0 0 1 0 1 0 0 1 1 1 0 1 1 0 0 0 0 0 0 0 0 0 0 0 0 0 0 1 1 0 0 0 0 0 0 0 0 0 0 0 0 0 0 0 0 0 0 0 0 1 0 0 0 0 0 0 0 0 0 0 0  |
 ├─────────────┼─────────────┼──────────────────────────────────────────────────────────────────────────────────────────────────────────────────────────────────┤
 | 12          | 47          | 0 0 0 0 0 0 0 0 0 0 0 0 1 0 0 0 0 0 0 0 0 0 0 0 0 0 0 0 0 0 0 0 0 0 0 0 0 0 0 0 0 0 0 0 0 0 0 1 0 0 0 0 0 0 0 1 0 0 0 0 0 0 0 0  |
 ├─────────────┼─────────────┼──────────────────────────────────────────────────────────────────────────────────────────────────────────────────────────────────┤
 | 12          | 9           | 0 0 0 0 0 0 0 0 0 1 0 0 1 0 0 0 0 0 0 0 0 0 0 0 0 0 0 0 0 0 0 0 0 0 0 0 0 0 0 0 0 0 0 0 0 0 0 0 0 0 0 0 0 0 0 0 0 0 0 0 0 0 0 0  |
 ├─────────────┼─────────────┼──────────────────────────────────────────────────────────────────────────────────────────────────────────────────────────────────┤
 | 13          | 12          | 0 0 0 0 0 0 0 0 0 0 0 0 1 1 1 1 0 0 0 1 0 0 0 1 1 0 0 0 0 0 0 0 0 0 0 0 0 0 0 0 0 0 0 0 0 0 0 0 0 1 1 0 0 0 0 0 0 0 0 0 0 0 0 0  |
 ├─────────────┼─────────────┼──────────────────────────────────────────────────────────────────────────────────────────────────────────────────────────────────┤
 | 13          | 8           | 0 0 0 0 0 0 0 0 1 0 0 0 0 1 0 0 0 0 0 0 0 0 0 0 0 0 0 0 0 0 0 0 0 0 0 0 0 0 0 0 0 1 0 0 0 0 0 0 0 0 0 0 0 0 0 1 0 0 0 0 0 0 0 0  |
 ├─────────────┼─────────────┼──────────────────────────────────────────────────────────────────────────────────────────────────────────────────────────────────┤
 | 13          | 14          | 0 0 0 0 0 0 0 0 0 0 0 0 0 1 1 0 0 0 0 0 0 0 0 0 0 0 0 0 0 0 0 0 0 0 0 0 0 0 0 0 0 0 0 0 0 0 0 0 0 0 0 0 0 0 0 0 0 0 0 0 0 0 0 0  |
 ├─────────────┼─────────────┼──────────────────────────────────────────────────────────────────────────────────────────────────────────────────────────────────┤
 | 13          | 34          | 0 0 0 0 0 0 0 0 0 0 0 0 0 1 0 0 0 0 0 0 0 0 0 0 0 0 0 0 0 0 0 0 0 0 1 0 0 0 0 0 0 0 0 0 0 0 0 0 0 0 0 0 0 0 0 0 0 0 0 0 0 0 0 0  |
 ├─────────────┼─────────────┼──────────────────────────────────────────────────────────────────────────────────────────────────────────────────────────────────┤
 | 14          | 60          | 0 0 0 0 0 0 0 0 0 0 0 0 0 0 1 0 0 0 0 0 0 0 0 0 0 0 0 0 0 0 0 0 0 0 0 0 0 0 0 0 0 0 0 0 0 0 0 0 0 0 0 0 0 0 0 0 0 0 0 0 1 0 0 0  |
 ├─────────────┼─────────────┼──────────────────────────────────────────────────────────────────────────────────────────────────────────────────────────────────┤
 | 14          | 0           | 1 1 1 1 1 1 1 1 1 1 1 1 1 1 1 1 1 1 1 1 1 1 1 1 1 1 1 1 1 1 1 1 1 1 1 1 1 1 1 1 1 1 1 1 1 1 1 1 1 1 1 1 1 1 1 1 1 1 1 1 1 1 1 1  |
 ├─────────────┼─────────────┼──────────────────────────────────────────────────────────────────────────────────────────────────────────────────────────────────┤
 | 14          | 17          | 0 0 0 0 0 0 0 0 0 0 0 0 0 0 1 0 0 1 0 0 0 0 0 0 0 0 0 0 0 0 0 0 0 0 0 0 0 0 0 0 0 0 0 0 0 0 0 0 0 0 0 0 0 0 0 0 0 0 0 0 0 0 0 0  |
 ├─────────────┼─────────────┼──────────────────────────────────────────────────────────────────────────────────────────────────────────────────────────────────┤
 | 14          | 15          | 0 0 0 0 0 0 0 0 0 0 0 0 0 0 1 1 0 0 0 0 0 0 0 0 0 0 0 0 0 0 0 0 0 0 0 0 0 0 0 0 0 0 0 0 0 0 0 0 0 0 0 0 0 0 0 0 0 0 0 0 0 0 0 0  |
 ├─────────────┼─────────────┼──────────────────────────────────────────────────────────────────────────────────────────────────────────────────────────────────┤
 | 15          | 13          | 0 0 0 0 0 0 0 0 0 0 0 1 0 1 0 1 0 0 0 0 1 0 0 0 1 0 1 0 0 0 0 0 0 0 0 0 0 0 0 0 0 0 0 0 0 0 0 0 0 0 0 0 0 0 0 0 0 0 0 0 0 0 0 0  |
 ├─────────────┼─────────────┼──────────────────────────────────────────────────────────────────────────────────────────────────────────────────────────────────┤
 | 15          | 16          | 0 0 0 0 0 0 0 0 0 0 0 0 0 0 0 1 1 0 0 0 1 0 0 0 0 0 0 0 0 0 0 0 0 0 0 0 0 0 0 0 0 1 1 0 0 0 0 1 0 0 0 0 0 0 0 0 0 0 0 0 0 0 0 0  |
 ├─────────────┼─────────────┼──────────────────────────────────────────────────────────────────────────────────────────────────────────────────────────────────┤
 | 15          | 51          | 0 0 0 0 0 0 0 0 0 0 0 0 0 0 0 1 0 0 0 0 0 0 0 0 0 0 0 0 0 0 0 0 0 0 0 0 0 0 0 0 0 0 0 0 0 0 0 0 0 0 0 1 0 0 0 0 0 0 0 0 0 0 0 0  |
 ├─────────────┼─────────────┼──────────────────────────────────────────────────────────────────────────────────────────────────────────────────────────────────┤
 | 15          | 6           | 0 0 0 0 0 0 1 1 0 0 0 0 0 1 0 1 0 0 0 0 0 0 0 0 0 0 0 0 0 0 0 0 0 0 0 0 0 0 0 0 0 0 0 0 0 0 0 0 0 0 0 0 0 0 0 0 0 0 0 0 1 1 0 0  |
 ├─────────────┼─────────────┼──────────────────────────────────────────────────────────────────────────────────────────────────────────────────────────────────┤
 | 16          | 44          | 0 0 0 0 0 0 0 0 0 0 0 0 0 0 0 0 1 0 0 0 0 0 0 1 0 0 0 0 0 0 0 0 0 0 0 0 0 0 0 0 0 0 0 0 1 0 0 0 0 0 0 0 1 0 0 0 0 1 0 0 0 0 0 0  |
 ├─────────────┼─────────────┼──────────────────────────────────────────────────────────────────────────────────────────────────────────────────────────────────┤
 | 16          | 37          | 0 0 0 0 0 0 0 0 0 0 0 0 0 0 0 0 1 0 0 0 0 0 0 0 0 0 0 0 0 0 0 0 0 0 0 0 0 1 1 0 0 0 0 0 0 0 0 0 0 0 0 0 0 0 0 0 0 0 0 0 1 0 0 0  |
 ├─────────────┼─────────────┼──────────────────────────────────────────────────────────────────────────────────────────────────────────────────────────────────┤
 | 16          | 52          | 0 0 0 0 0 0 0 0 0 0 0 0 0 0 0 0 1 0 0 0 0 0 0 0 0 0 0 0 1 1 0 0 0 0 0 0 0 0 0 0 0 0 0 0 0 0 0 0 0 0 0 0 1 0 0 0 0 0 0 0 0 0 0 0  |
 ├─────────────┼─────────────┼──────────────────────────────────────────────────────────────────────────────────────────────────────────────────────────────────┤
 | 16          | 17          | 0 0 0 0 0 0 0 0 0 0 0 0 0 0 0 0 1 1 0 0 0 0 0 0 0 0 0 0 0 0 0 0 0 0 0 0 0 0 0 0 0 0 0 0 0 0 0 0 0 0 0 0 0 0 0 1 1 1 0 0 0 0 0 0  |
 ├─────────────┼─────────────┼──────────────────────────────────────────────────────────────────────────────────────────────────────────────────────────────────┤
 | 17          | 42          | 0 0 0 0 0 0 0 0 0 0 0 0 0 0 0 0 0 1 0 0 0 0 0 0 0 0 0 0 0 0 0 0 0 0 0 0 0 0 0 0 0 0 1 0 0 0 1 0 0 0 0 0 0 0 0 0 0 0 0 1 0 0 0 0  |
 ├─────────────┼─────────────┼──────────────────────────────────────────────────────────────────────────────────────────────────────────────────────────────────┤
 | 17          | 18          | 0 0 0 0 0 0 0 0 0 0 0 0 0 0 0 0 0 1 1 0 0 0 0 0 0 0 0 0 0 0 0 0 0 0 0 0 0 0 0 0 0 0 0 0 0 0 0 0 0 0 0 0 0 0 0 0 0 0 0 0 0 0 0 0  |
 ├─────────────┼─────────────┼──────────────────────────────────────────────────────────────────────────────────────────────────────────────────────────────────┤
 | 17          | 20          | 1 0 1 1 1 1 1 1 1 1 0 1 1 1 1 1 0 1 1 1 1 1 1 1 1 1 1 1 1 1 1 1 1 1 0 1 1 1 1 1 1 1 1 1 1 1 1 1 1 1 0 1 1 1 1 1 1 1 0 1 1 1 1 1  |
 ├─────────────┼─────────────┼──────────────────────────────────────────────────────────────────────────────────────────────────────────────────────────────────┤
 | 17          | 2           | 0 0 1 0 0 0 0 0 0 0 0 0 0 0 0 0 0 1 0 0 0 0 0 0 0 0 0 0 0 0 0 0 0 0 1 1 0 0 1 0 0 0 0 0 0 1 0 0 0 0 0 0 0 0 0 0 0 0 0 0 0 0 0 0  |
 ├─────────────┼─────────────┼──────────────────────────────────────────────────────────────────────────────────────────────────────────────────────────────────┤
 | 18          | 34          | 0 0 0 0 0 0 0 0 0 0 0 0 0 0 0 0 0 0 1 0 0 0 0 0 0 0 0 0 0 0 0 0 0 0 1 0 0 0 0 0 0 0 0 0 0 0 0 0 0 0 0 0 0 0 0 0 1 1 0 0 0 0 0 0  |
 ├─────────────┼─────────────┼──────────────────────────────────────────────────────────────────────────────────────────────────────────────────────────────────┤
 | 18          | 1           | 0 1 0 0 0 0 0 0 0 0 0 0 0 0 1 0 0 0 1 0 0 0 0 0 0 0 0 0 0 0 0 0 0 0 0 1 0 0 0 0 0 0 0 0 0 0 0 0 0 0 0 0 1 0 0 0 0 0 0 0 0 0 0 0  |
 ├─────────────┼─────────────┼──────────────────────────────────────────────────────────────────────────────────────────────────────────────────────────────────┤
 | 18          | 19          | 0 0 0 0 0 0 0 0 0 0 0 0 0 0 0 0 0 0 1 1 0 0 0 0 0 0 0 0 0 0 0 0 0 0 0 0 0 0 0 0 0 0 0 0 0 0 0 0 0 0 0 0 0 0 0 0 0 0 0 0 0 0 0 0  |
 ├─────────────┼─────────────┼──────────────────────────────────────────────────────────────────────────────────────────────────────────────────────────────────┤
 | 18          | 17          | 0 0 0 0 0 0 0 0 0 0 0 0 0 0 0 0 0 1 1 1 0 0 0 0 0 0 0 0 0 0 0 0 0 0 0 0 0 0 0 0 0 0 0 0 0 0 0 0 0 0 0 0 0 0 0 0 0 0 0 1 1 1 0 0  |
 ├─────────────┼─────────────┼──────────────────────────────────────────────────────────────────────────────────────────────────────────────────────────────────┤
 | 19          | 46          | 0 0 0 0 0 0 0 0 0 0 0 0 0 0 0 0 0 0 0 1 0 0 0 0 0 0 0 0 0 0 0 0 0 0 0 0 0 0 0 0 0 0 0 0 0 0 1 1 0 0 0 0 0 0 0 0 0 0 0 0 0 0 0 0  |
 ├─────────────┼─────────────┼──────────────────────────────────────────────────────────────────────────────────────────────────────────────────────────────────┤
 | 19          | 31          | 0 0 0 0 0 0 0 0 0 0 0 0 0 0 0 0 0 0 0 1 0 0 0 0 0 0 0 0 0 0 0 1 0 0 0 0 0 0 0 0 0 0 0 0 0 0 0 0 0 0 0 0 0 0 0 0 0 0 0 0 0 0 0 0  |
 ├─────────────┼─────────────┼──────────────────────────────────────────────────────────────────────────────────────────────────────────────────────────────────┤
 | 19          | 53          | 0 0 0 0 0 0 0 0 0 0 0 0 0 0 0 0 0 0 0 1 0 0 0 0 0 0 0 0 0 0 0 0 0 0 0 0 0 0 0 0 0 0 0 0 0 0 0 0 0 0 0 0 0 1 1 0 0 0 1 1 0 0 0 0  |
 ├─────────────┼─────────────┼──────────────────────────────────────────────────────────────────────────────────────────────────────────────────────────────────┤
 | 19          | 54          | 0 0 0 0 0 0 0 0 0 0 0 0 0 0 0 0 0 0 0 1 0 0 0 0 0 0 0 0 0 0 0 0 0 0 0 0 0 0 0 0 0 0 0 0 0 0 0 0 0 0 0 0 0 0 1 0 0 0 0 0 0 0 0 0  |
 ├─────────────┼─────────────┼──────────────────────────────────────────────────────────────────────────────────────────────────────────────────────────────────┤
 | 20          | 46          | 0 0 0 0 0 0 0 0 0 0 0 0 0 0 0 0 0 0 0 0 1 0 0 0 0 0 0 0 0 0 0 0 0 0 0 0 0 0 0 0 0 0 0 0 0 0 1 0 0 0 0 0 0 0 0 0 0 0 0 0 0 0 0 0  |
 ├─────────────┼─────────────┼──────────────────────────────────────────────────────────────────────────────────────────────────────────────────────────────────┤
 | 20          | 19          | 0 0 0 0 0 0 0 0 0 0 0 0 0 0 0 0 0 0 0 1 1 1 0 0 0 0 0 0 0 0 0 0 0 0 0 0 0 0 0 0 0 0 0 0 0 0 0 0 0 0 0 0 0 0 0 0 0 0 0 0 0 0 0 0  |
 ├─────────────┼─────────────┼──────────────────────────────────────────────────────────────────────────────────────────────────────────────────────────────────┤
 | 20          | 6           | 0 0 0 0 0 0 1 1 0 0 0 0 0 0 0 0 0 0 0 0 1 0 0 0 0 0 0 0 0 0 0 0 0 1 0 0 0 0 0 0 0 0 0 0 0 0 0 0 0 0 0 0 0 0 1 0 0 0 0 0 0 0 0 0  |
 ├─────────────┼─────────────┼──────────────────────────────────────────────────────────────────────────────────────────────────────────────────────────────────┤
 | 20          | 57          | 0 0 0 0 0 0 0 0 0 0 0 0 0 0 0 0 0 0 0 0 1 0 1 0 0 0 0 0 0 0 0 0 0 0 0 0 0 0 0 0 0 0 0 0 0 0 0 0 0 0 0 0 0 0 0 0 0 1 0 0 0 0 0 0  |
 ├─────────────┼─────────────┼──────────────────────────────────────────────────────────────────────────────────────────────────────────────────────────────────┤
 | 21          | 22          | 0 0 0 0 0 0 0 0 0 0 0 0 0 0 0 0 0 0 0 0 0 1 1 0 0 0 0 0 0 1 1 0 0 0 0 0 0 0 0 0 0 0 0 0 0 0 0 0 0 0 0 0 0 0 0 0 0 0 0 0 0 0 0 0  |
 ├─────────────┼─────────────┼──────────────────────────────────────────────────────────────────────────────────────────────────────────────────────────────────┤
 | 21          | 27          | 0 0 1 0 0 0 0 0 0 0 0 0 0 0 0 0 0 0 0 0 0 1 0 0 0 0 0 1 0 0 0 0 0 0 0 0 1 0 0 0 0 0 0 0 0 0 0 0 0 0 0 0 0 0 0 0 0 0 0 0 0 0 0 0  |
 ├─────────────┼─────────────┼──────────────────────────────────────────────────────────────────────────────────────────────────────────────────────────────────┤
 | 21          | 0           | 1 0 1 1 1 1 1 1 1 1 1 1 1 0 1 1 1 0 1 1 0 1 1 1 0 1 1 1 1 1 0 1 1 1 1 1 1 0 0 1 0 1 1 0 1 1 1 1 1 1 1 1 1 1 1 1 0 1 0 1 1 1 1 1  |
 ├─────────────┼─────────────┼──────────────────────────────────────────────────────────────────────────────────────────────────────────────────────────────────┤
 | 21          | 20          | 0 0 0 0 0 0 0 0 1 0 0 0 0 0 0 0 0 0 0 0 1 1 0 0 0 0 0 0 0 0 0 0 0 1 0 0 0 0 0 0 0 0 0 0 0 0 0 0 0 0 0 0 0 0 0 0 0 0 0 0 0 0 0 0  |
 ├─────────────┼─────────────┼──────────────────────────────────────────────────────────────────────────────────────────────────────────────────────────────────┤
 | 22          | 46          | 0 0 0 0 0 0 0 0 0 0 0 0 0 0 0 0 0 0 0 0 0 0 1 0 0 0 0 0 0 0 0 0 0 0 0 0 0 0 0 0 0 0 0 0 0 1 1 1 0 0 0 0 0 0 0 0 0 0 0 0 0 0 0 0  |
 ├─────────────┼─────────────┼──────────────────────────────────────────────────────────────────────────────────────────────────────────────────────────────────┤
 | 22          | 23          | 0 0 0 0 0 0 0 0 0 0 0 0 0 0 0 0 0 0 0 0 0 0 1 1 0 0 0 0 0 0 0 0 0 0 0 0 0 0 0 0 0 0 0 0 0 0 0 0 0 0 0 0 0 0 0 0 0 0 0 0 0 0 0 0  |
 ├─────────────┼─────────────┼──────────────────────────────────────────────────────────────────────────────────────────────────────────────────────────────────┤
 | 22          | 37          | 0 0 0 0 0 0 0 0 0 0 0 0 0 0 0 0 0 0 0 0 0 0 1 0 0 0 0 0 0 0 0 0 0 0 0 0 0 1 0 0 0 0 0 0 0 0 0 0 0 0 0 0 0 0 0 0 0 0 0 0 0 0 0 0  |
 ├─────────────┼─────────────┼──────────────────────────────────────────────────────────────────────────────────────────────────────────────────────────────────┤
 | 22          | 21          | 0 0 0 0 0 0 0 0 0 0 0 0 0 0 0 0 0 0 0 0 0 1 1 0 0 0 0 0 0 0 0 0 0 0 0 0 0 0 0 0 0 0 0 0 0 0 0 0 0 0 0 0 0 0 0 0 0 0 0 0 0 0 0 0  |
 ├─────────────┼─────────────┼──────────────────────────────────────────────────────────────────────────────────────────────────────────────────────────────────┤
 | 23          | 62          | 0 0 0 0 0 0 0 0 0 0 0 0 0 0 0 0 0 0 0 0 0 0 0 1 0 0 0 0 0 0 0 0 0 0 0 0 0 0 1 1 0 0 0 0 1 0 0 0 0 0 0 1 0 0 0 0 0 0 0 0 0 0 1 1  |
 ├─────────────┼─────────────┼──────────────────────────────────────────────────────────────────────────────────────────────────────────────────────────────────┤
 | 23          | 22          | 0 0 0 0 0 0 0 0 0 0 0 0 0 0 0 0 0 0 0 0 0 0 1 1 0 0 0 0 0 0 0 0 0 0 1 0 0 0 0 0 0 0 0 0 0 0 0 0 0 0 0 0 0 0 0 0 0 0 0 0 0 0 0 0  |
 ├─────────────┼─────────────┼──────────────────────────────────────────────────────────────────────────────────────────────────────────────────────────────────┤
 | 23          | 37          | 0 0 0 0 0 0 0 0 0 0 0 0 0 0 0 0 0 0 0 0 0 0 0 1 0 0 0 0 0 0 0 0 0 0 0 0 0 1 0 0 0 0 0 0 0 0 0 0 0 0 0 0 0 0 0 0 0 0 0 1 0 0 0 0  |
 ├─────────────┼─────────────┼──────────────────────────────────────────────────────────────────────────────────────────────────────────────────────────────────┤
 | 23          | 19          | 0 0 0 0 0 0 0 0 0 0 0 0 0 0 0 0 0 0 1 1 1 0 0 1 0 0 0 0 0 0 0 0 0 0 0 0 0 0 0 0 0 0 0 0 0 0 0 0 0 0 0 0 0 0 0 0 0 0 0 0 0 1 1 1  |
 ├─────────────┼─────────────┼──────────────────────────────────────────────────────────────────────────────────────────────────────────────────────────────────┤
 | 24          | 48          | 0 0 0 0 0 0 0 0 0 0 0 0 0 0 0 0 0 0 0 0 0 0 0 0 1 0 0 0 0 0 0 0 0 0 0 0 0 0 0 0 0 0 0 0 0 0 0 0 1 0 0 0 0 0 0 0 0 0 0 0 0 0 0 0  |
 ├─────────────┼─────────────┼──────────────────────────────────────────────────────────────────────────────────────────────────────────────────────────────────┤
 | 24          | 38          | 0 0 0 0 0 0 0 0 0 0 0 0 0 0 0 0 0 0 0 0 0 0 0 0 1 0 0 0 0 0 0 0 0 0 0 0 0 0 1 0 0 0 0 0 0 0 0 0 0 0 0 0 0 0 0 0 0 0 0 0 1 0 0 0  |
 ├─────────────┼─────────────┼──────────────────────────────────────────────────────────────────────────────────────────────────────────────────────────────────┤
 | 24          | 11          | 0 0 0 0 0 0 0 0 0 0 0 1 0 0 0 0 0 0 0 0 0 0 0 0 1 0 0 0 0 0 0 0 0 0 0 0 0 0 0 0 0 0 0 0 0 0 0 0 0 0 0 0 0 0 0 0 0 0 0 0 0 0 0 0  |
 ├─────────────┼─────────────┼──────────────────────────────────────────────────────────────────────────────────────────────────────────────────────────────────┤
 | 24          | 23          | 0 0 0 0 0 0 0 0 0 0 0 0 0 0 0 0 0 0 0 0 0 0 0 1 1 0 0 0 0 0 0 0 0 0 0 0 0 0 0 0 0 0 0 0 0 0 0 0 0 0 0 0 0 0 0 0 0 0 0 0 0 0 0 0  |
 ├─────────────┼─────────────┼──────────────────────────────────────────────────────────────────────────────────────────────────────────────────────────────────┤
 | 25          | 0           | 1 0 0 0 0 0 0 0 0 0 0 0 0 1 0 0 0 0 0 0 0 0 0 0 0 1 1 1 0 0 0 0 0 0 0 0 0 0 1 0 0 0 0 0 0 0 0 0 0 0 0 0 0 0 0 0 0 0 0 0 0 0 0 0  |
 ├─────────────┼─────────────┼──────────────────────────────────────────────────────────────────────────────────────────────────────────────────────────────────┤
 | 25          | 40          | 0 0 0 0 0 0 0 0 0 0 0 0 0 0 0 0 0 0 0 0 0 0 0 0 0 1 0 0 0 0 0 0 0 0 0 0 0 0 0 0 1 0 0 0 0 0 0 0 0 0 0 0 1 0 1 0 0 0 0 0 0 0 0 0  |
 ├─────────────┼─────────────┼──────────────────────────────────────────────────────────────────────────────────────────────────────────────────────────────────┤
 | 25          | 28          | 0 0 0 0 0 0 0 0 0 0 0 0 0 0 0 0 0 0 0 0 0 0 0 0 0 1 0 0 1 0 0 0 0 0 0 0 0 0 0 0 0 0 0 0 0 0 0 0 0 0 0 0 0 0 0 0 0 0 0 0 0 0 0 0  |
 ├─────────────┼─────────────┼──────────────────────────────────────────────────────────────────────────────────────────────────────────────────────────────────┤
 | 25          | 39          | 0 0 0 0 0 0 0 0 0 0 0 0 0 0 0 0 0 0 0 0 0 0 0 0 0 1 0 0 0 0 0 0 0 0 0 0 0 0 0 1 0 0 0 0 0 0 0 0 0 0 0 0 0 0 0 0 0 0 0 0 0 0 0 0  |
 ├─────────────┼─────────────┼──────────────────────────────────────────────────────────────────────────────────────────────────────────────────────────────────┤
 | 26          | 25          | 0 0 0 0 0 0 0 0 0 0 0 0 0 0 0 0 0 0 0 0 0 0 0 0 0 1 1 0 0 0 0 0 0 0 0 0 0 0 0 0 0 0 0 0 0 0 0 0 0 0 0 0 0 0 0 0 0 0 0 0 0 0 0 0  |
 ├─────────────┼─────────────┼──────────────────────────────────────────────────────────────────────────────────────────────────────────────────────────────────┤
 | 26          | 55          | 0 0 1 0 0 0 0 0 0 0 0 0 0 0 0 0 0 0 1 0 0 0 0 0 0 0 1 0 0 0 0 0 0 0 0 0 0 0 0 0 0 0 0 0 0 0 0 0 0 0 0 0 0 0 0 1 0 0 0 0 0 0 0 0  |
 ├─────────────┼─────────────┼──────────────────────────────────────────────────────────────────────────────────────────────────────────────────────────────────┤
 | 26          | 38          | 0 0 0 0 0 0 0 0 0 0 0 0 0 0 0 0 0 0 0 0 0 0 0 0 0 0 1 0 0 0 0 0 0 0 0 0 0 0 1 0 0 0 0 0 0 0 0 0 0 0 0 0 0 0 0 0 0 0 0 0 0 0 0 0  |
 ├─────────────┼─────────────┼──────────────────────────────────────────────────────────────────────────────────────────────────────────────────────────────────┤
 | 26          | 24          | 0 0 0 0 0 0 0 0 0 0 0 0 0 0 0 0 0 0 0 0 0 0 0 0 1 0 1 0 0 0 0 0 0 0 0 0 0 0 0 0 0 0 0 0 0 0 0 0 0 0 0 0 0 0 0 0 0 0 0 0 0 0 0 0  |
 ├─────────────┼─────────────┼──────────────────────────────────────────────────────────────────────────────────────────────────────────────────────────────────┤
 | 27          | 57          | 0 0 0 0 0 0 0 0 0 0 0 0 0 0 0 0 0 0 0 0 0 0 0 0 0 0 0 1 0 0 0 0 0 0 0 0 0 0 0 0 0 0 0 0 0 0 0 0 0 1 0 0 0 0 0 0 0 1 0 0 0 0 0 0  |
 ├─────────────┼─────────────┼──────────────────────────────────────────────────────────────────────────────────────────────────────────────────────────────────┤
 | 27          | 13          | 0 0 0 0 0 0 0 0 0 0 0 0 0 1 0 0 0 0 0 0 0 0 0 0 0 0 0 1 0 0 0 0 0 0 0 0 0 0 0 0 0 0 0 0 0 0 0 0 0 0 0 0 0 0 0 0 0 1 0 0 0 0 0 0  |
 ├─────────────┼─────────────┼──────────────────────────────────────────────────────────────────────────────────────────────────────────────────────────────────┤
 | 27          | 41          | 0 0 0 0 0 0 1 0 0 0 0 0 0 1 0 0 0 0 1 0 0 0 0 0 0 0 0 1 0 0 1 0 0 1 0 0 0 1 0 0 0 1 0 0 0 0 0 0 0 0 0 0 0 0 0 0 0 0 0 1 0 0 0 0  |
 ├─────────────┼─────────────┼──────────────────────────────────────────────────────────────────────────────────────────────────────────────────────────────────┤
 | 27          | 39          | 1 1 1 1 1 1 1 1 1 1 1 1 1 1 1 1 1 1 1 1 1 1 1 1 1 1 1 1 1 1 1 1 1 1 1 1 1 1 1 1 1 1 1 1 1 1 1 1 1 1 1 1 1 1 1 1 1 1 1 1 1 1 1 1  |
 ├─────────────┼─────────────┼──────────────────────────────────────────────────────────────────────────────────────────────────────────────────────────────────┤
 | 28          | 20          | 0 0 0 0 0 0 0 0 0 0 0 0 0 0 0 0 0 1 0 0 1 0 0 0 0 0 0 0 1 1 0 1 0 1 0 0 0 0 0 0 0 0 0 0 0 0 0 0 0 0 0 0 0 0 0 0 0 0 0 0 0 0 0 0  |
 ├─────────────┼─────────────┼──────────────────────────────────────────────────────────────────────────────────────────────────────────────────────────────────┤
 | 28          | 48          | 0 0 0 0 0 0 0 0 0 0 0 0 0 0 0 0 0 0 0 0 0 0 0 0 0 0 0 0 1 0 0 0 0 0 0 0 0 0 1 1 0 0 0 0 1 0 0 0 1 0 0 0 1 0 0 1 0 0 0 0 0 0 0 0  |
 ├─────────────┼─────────────┼──────────────────────────────────────────────────────────────────────────────────────────────────────────────────────────────────┤
 | 28          | 27          | 0 0 0 0 0 0 0 0 0 0 0 0 0 0 0 0 0 0 0 0 0 0 0 0 0 0 0 1 1 0 0 0 0 0 0 0 0 0 0 0 0 0 0 0 0 0 0 0 0 0 0 0 0 0 0 0 0 0 0 0 0 0 0 0  |
 ├─────────────┼─────────────┼──────────────────────────────────────────────────────────────────────────────────────────────────────────────────────────────────┤
 | 28          | 38          | 0 0 0 0 0 0 0 0 0 0 0 0 0 0 0 1 1 0 0 0 0 0 0 0 0 0 0 0 1 0 0 0 0 0 0 0 0 0 1 1 0 0 0 0 0 0 0 0 0 0 0 0 0 0 0 0 0 0 0 0 0 0 0 0  |
 ├─────────────┼─────────────┼──────────────────────────────────────────────────────────────────────────────────────────────────────────────────────────────────┤
 | 29          | 17          | 0 1 0 0 1 0 1 0 0 0 0 0 0 0 0 0 0 1 0 0 0 0 0 0 1 0 0 0 0 1 0 0 0 1 0 0 1 1 0 0 0 0 0 1 0 0 0 0 0 1 0 0 0 0 0 0 0 0 0 0 0 0 0 0  |
 ├─────────────┼─────────────┼──────────────────────────────────────────────────────────────────────────────────────────────────────────────────────────────────┤
 | 29          | 5           | 0 0 0 0 0 1 0 0 0 0 0 0 0 0 0 0 0 0 0 0 0 0 0 0 0 0 0 0 0 1 0 0 0 0 0 0 0 0 0 0 0 0 0 0 0 0 0 0 0 0 0 0 0 0 0 0 0 0 0 0 0 0 0 0  |
 ├─────────────┼─────────────┼──────────────────────────────────────────────────────────────────────────────────────────────────────────────────────────────────┤
 | 29          | 46          | 0 0 0 0 0 0 0 0 0 0 0 0 0 0 0 0 0 0 0 0 0 0 0 0 0 0 0 0 0 1 0 0 0 0 0 0 0 0 0 0 0 0 0 0 0 0 1 0 0 0 0 0 0 0 0 0 0 0 0 0 0 0 0 0  |
 ├─────────────┼─────────────┼──────────────────────────────────────────────────────────────────────────────────────────────────────────────────────────────────┤
 | 29          | 28          | 0 0 0 0 0 0 0 0 0 0 0 0 0 0 0 0 0 0 0 0 0 0 0 0 0 0 0 0 1 1 0 0 0 0 0 0 0 0 0 0 0 0 0 0 0 0 0 0 0 0 0 0 0 0 0 0 0 0 0 0 0 0 0 0  |
 ├─────────────┼─────────────┼──────────────────────────────────────────────────────────────────────────────────────────────────────────────────────────────────┤
 | 30          | 46          | 0 0 0 0 0 0 0 0 0 0 0 0 0 0 0 0 0 0 0 0 0 0 0 0 0 0 0 0 0 0 1 0 0 0 0 0 0 0 0 0 0 0 0 0 0 0 1 0 0 0 0 0 1 0 0 0 1 0 0 0 1 0 0 0  |
 ├─────────────┼─────────────┼──────────────────────────────────────────────────────────────────────────────────────────────────────────────────────────────────┤
 | 30          | 22          | 0 0 0 1 0 0 0 0 0 0 0 0 0 0 0 1 0 0 0 0 0 0 1 0 0 0 0 0 0 0 1 0 0 0 1 0 0 0 0 0 0 0 0 0 1 0 0 0 0 0 0 0 1 0 0 1 0 0 0 0 0 0 1 0  |
 ├─────────────┼─────────────┼──────────────────────────────────────────────────────────────────────────────────────────────────────────────────────────────────┤
 | 30          | 31          | 0 0 0 0 0 0 0 0 0 0 0 0 0 0 0 0 0 0 0 0 0 0 0 0 0 0 0 0 0 0 1 1 0 0 0 0 0 0 0 0 0 0 0 0 0 0 0 0 0 0 0 0 1 1 0 0 0 0 0 0 0 0 0 0  |
 ├─────────────┼─────────────┼──────────────────────────────────────────────────────────────────────────────────────────────────────────────────────────────────┤
 | 30          | 18          | 0 0 0 0 0 0 0 0 0 0 0 0 0 0 0 0 0 0 1 0 0 0 0 0 0 0 0 0 0 0 1 0 0 0 0 0 0 0 0 0 0 0 1 0 0 0 0 0 0 0 0 0 0 0 0 0 0 0 0 0 0 0 0 0  |
 ├─────────────┼─────────────┼──────────────────────────────────────────────────────────────────────────────────────────────────────────────────────────────────┤
 | 31          | 30          | 0 0 0 0 0 0 0 0 0 0 0 0 0 0 0 0 0 0 0 0 0 0 0 0 0 0 0 0 0 0 1 1 0 0 0 0 0 0 0 0 0 0 0 0 0 0 0 0 0 0 0 0 0 0 0 0 0 0 0 0 0 0 0 0  |
 ├─────────────┼─────────────┼──────────────────────────────────────────────────────────────────────────────────────────────────────────────────────────────────┤
 | 31          | 55          | 0 0 0 0 0 0 0 0 0 0 0 0 0 0 0 0 0 0 0 0 0 0 0 0 0 0 0 0 0 0 0 1 0 0 0 0 0 0 0 0 0 0 0 0 0 0 0 0 0 0 0 0 0 0 0 1 0 0 0 0 0 0 0 0  |
 ├─────────────┼─────────────┼──────────────────────────────────────────────────────────────────────────────────────────────────────────────────────────────────┤
 | 31          | 6           | 0 0 0 0 0 0 1 0 0 0 0 0 0 0 0 0 0 0 0 0 0 0 0 0 0 0 0 0 0 0 0 1 0 0 0 0 0 0 0 0 0 0 0 0 0 0 0 0 0 0 0 0 0 0 0 0 0 0 0 0 0 0 0 0  |
 ├─────────────┼─────────────┼──────────────────────────────────────────────────────────────────────────────────────────────────────────────────────────────────┤
 | 31          | 8           | 0 0 0 0 0 0 0 0 1 0 0 0 0 0 0 0 0 0 0 0 0 0 0 0 0 0 0 0 0 0 0 1 0 0 0 0 0 0 0 0 0 0 0 0 0 0 0 0 0 0 0 0 0 0 0 0 0 0 0 0 0 0 0 0  |
 ├─────────────┼─────────────┼──────────────────────────────────────────────────────────────────────────────────────────────────────────────────────────────────┤
 | 32          | 54          | 0 0 0 0 0 0 0 0 0 0 0 0 0 0 0 0 0 0 0 0 0 0 0 0 0 0 0 0 0 0 0 0 1 0 0 0 0 0 0 0 0 0 0 0 0 0 0 0 0 0 0 0 0 0 1 0 0 0 0 0 0 0 0 0  |
 ├─────────────┼─────────────┼──────────────────────────────────────────────────────────────────────────────────────────────────────────────────────────────────┤
 | 32          | 52          | 0 0 0 0 0 0 0 0 0 0 0 0 0 0 0 0 0 0 0 0 0 0 0 0 0 0 0 0 0 0 0 0 1 0 0 0 0 0 0 0 0 0 0 0 0 0 0 0 0 0 0 0 1 0 0 0 0 0 0 0 0 0 0 0  |
 ├─────────────┼─────────────┼──────────────────────────────────────────────────────────────────────────────────────────────────────────────────────────────────┤
 | 32          | 25          | 0 0 0 0 0 0 0 0 0 0 0 0 0 0 0 0 0 0 0 0 0 0 0 0 1 1 1 0 0 0 0 0 1 0 0 0 0 0 0 0 0 0 0 0 0 0 0 0 0 0 0 0 0 0 0 0 0 0 0 0 0 0 0 0  |
 ├─────────────┼─────────────┼──────────────────────────────────────────────────────────────────────────────────────────────────────────────────────────────────┤
 | 32          | 33          | 0 0 0 0 0 0 0 0 0 0 0 0 0 0 0 0 0 0 0 0 0 0 0 0 0 0 0 0 0 0 0 0 1 1 1 1 0 0 0 0 0 0 0 0 0 0 0 0 0 0 0 0 0 0 0 0 0 0 0 0 0 0 0 0  |
 ├─────────────┼─────────────┼──────────────────────────────────────────────────────────────────────────────────────────────────────────────────────────────────┤
 | 33          | 29          | 0 0 0 0 0 0 0 0 0 0 0 0 0 0 0 0 0 0 0 0 0 0 0 0 0 0 0 0 0 1 0 0 0 1 0 0 0 0 0 0 0 0 0 0 0 0 0 0 0 0 0 0 0 0 0 0 0 0 0 0 0 0 0 0  |
 ├─────────────┼─────────────┼──────────────────────────────────────────────────────────────────────────────────────────────────────────────────────────────────┤
 | 33          | 45          | 0 0 0 0 0 0 0 0 0 0 0 0 0 0 0 0 0 0 0 0 0 0 0 0 0 0 0 0 0 0 0 0 0 1 1 0 0 0 0 0 0 0 0 0 0 1 1 0 0 0 0 0 0 0 0 0 0 0 0 0 0 0 0 0  |
 ├─────────────┼─────────────┼──────────────────────────────────────────────────────────────────────────────────────────────────────────────────────────────────┤
 | 33          | 59          | 0 0 0 0 0 0 0 0 0 0 0 0 0 0 0 0 0 0 0 0 0 0 0 0 0 0 0 0 0 0 0 0 0 1 0 0 0 0 0 0 1 0 0 0 0 0 0 0 0 0 0 0 0 0 0 0 0 0 1 1 0 0 0 0  |
 ├─────────────┼─────────────┼──────────────────────────────────────────────────────────────────────────────────────────────────────────────────────────────────┤
 | 33          | 32          | 0 0 0 0 0 0 0 0 0 0 0 0 0 0 0 0 0 0 0 0 0 0 0 0 0 0 0 0 0 0 0 0 1 1 0 0 0 0 0 0 0 0 0 0 0 0 0 0 1 0 0 0 0 0 0 0 0 0 0 0 0 0 0 0  |
 ├─────────────┼─────────────┼──────────────────────────────────────────────────────────────────────────────────────────────────────────────────────────────────┤
 | 34          | 59          | 0 0 0 0 0 0 0 0 0 0 0 0 0 0 0 0 0 0 0 0 0 0 0 0 0 0 0 0 0 0 0 0 0 0 1 0 0 0 0 0 0 0 0 0 0 0 0 0 0 0 0 0 0 0 0 0 0 0 0 1 0 0 0 0  |
 ├─────────────┼─────────────┼──────────────────────────────────────────────────────────────────────────────────────────────────────────────────────────────────┤
 | 34          | 35          | 0 0 0 0 0 0 0 0 0 0 0 0 0 0 0 0 0 0 0 0 0 0 0 0 0 0 0 0 0 0 0 0 0 0 1 1 0 0 0 0 0 0 0 0 0 0 0 0 0 0 0 0 0 0 0 0 0 0 0 0 0 0 0 0  |
 ├─────────────┼─────────────┼──────────────────────────────────────────────────────────────────────────────────────────────────────────────────────────────────┤
 | 34          | 57          | 0 0 0 0 1 0 0 0 0 0 0 0 0 0 0 0 0 0 0 0 0 0 0 0 0 0 0 0 0 0 0 0 0 0 1 0 0 0 0 0 0 0 0 0 0 0 0 0 0 0 0 0 0 0 0 0 0 1 0 0 0 0 0 0  |
 ├─────────────┼─────────────┼──────────────────────────────────────────────────────────────────────────────────────────────────────────────────────────────────┤
 | 34          | 33          | 0 0 0 0 0 0 0 0 0 0 0 0 0 0 0 0 0 0 0 0 0 0 0 0 0 0 0 0 0 0 0 0 0 1 1 0 0 0 0 0 0 0 0 0 0 0 0 0 0 0 0 0 0 0 0 0 0 0 0 0 0 0 0 0  |
 ├─────────────┼─────────────┼──────────────────────────────────────────────────────────────────────────────────────────────────────────────────────────────────┤
 | 35          | 41          | 0 0 0 0 0 0 0 0 0 0 0 0 0 0 0 0 0 0 0 0 0 0 0 0 0 0 0 0 0 0 0 0 0 0 0 1 0 0 0 0 0 1 0 0 0 0 0 0 0 0 0 0 0 0 0 0 0 0 0 0 0 0 0 0  |
 ├─────────────┼─────────────┼──────────────────────────────────────────────────────────────────────────────────────────────────────────────────────────────────┤
 | 35          | 36          | 0 0 0 0 0 0 0 0 0 0 0 0 0 0 0 0 0 0 0 0 0 0 0 0 0 0 0 0 0 0 0 0 0 0 0 1 1 0 0 0 0 0 0 0 0 0 0 0 0 0 0 0 0 0 0 0 0 0 0 0 0 0 0 0  |
 ├─────────────┼─────────────┼──────────────────────────────────────────────────────────────────────────────────────────────────────────────────────────────────┤
 | 35          | 9           | 0 0 0 0 0 0 0 0 0 1 0 0 0 1 0 0 0 0 0 0 0 0 0 0 0 0 0 0 0 0 0 0 0 0 1 1 0 0 0 0 0 0 0 0 0 0 0 0 0 0 0 0 0 0 0 0 0 0 0 0 0 0 0 0  |
 ├─────────────┼─────────────┼──────────────────────────────────────────────────────────────────────────────────────────────────────────────────────────────────┤
 | 35          | 26          | 0 0 0 0 0 0 0 0 0 0 0 0 0 0 0 0 0 1 1 0 0 0 0 0 0 0 1 0 0 0 1 1 0 0 0 1 0 0 0 1 0 0 0 0 0 0 0 0 0 0 0 0 0 0 1 0 0 0 0 0 0 0 0 0  |
 ├─────────────┼─────────────┼──────────────────────────────────────────────────────────────────────────────────────────────────────────────────────────────────┤
 | 36          | 0           | 1 0 0 0 0 0 0 0 0 0 0 0 0 0 0 0 0 0 0 0 0 0 1 1 0 0 0 0 0 0 0 0 0 0 0 1 1 0 0 0 0 0 0 0 0 0 0 0 0 0 0 0 0 0 0 0 0 0 0 0 0 0 0 0  |
 ├─────────────┼─────────────┼──────────────────────────────────────────────────────────────────────────────────────────────────────────────────────────────────┤
 | 36          | 13          | 0 0 0 0 0 0 0 0 0 0 0 0 1 1 0 0 0 0 0 0 0 0 0 0 1 0 0 0 0 0 0 0 0 0 0 0 1 1 0 0 0 0 0 0 0 0 0 0 0 0 0 0 0 0 0 0 0 0 0 0 0 0 0 0  |
 ├─────────────┼─────────────┼──────────────────────────────────────────────────────────────────────────────────────────────────────────────────────────────────┤
 | 36          | 37          | 0 0 0 0 0 0 0 0 0 0 0 0 0 0 0 0 0 0 0 0 0 0 0 0 0 0 0 0 0 0 0 0 0 0 0 0 1 1 0 0 0 0 0 0 0 0 0 0 0 0 0 0 0 0 0 0 0 0 0 0 0 0 0 0  |
 ├─────────────┼─────────────┼──────────────────────────────────────────────────────────────────────────────────────────────────────────────────────────────────┤
 | 36          | 16          | 0 0 0 0 0 0 0 0 0 0 0 0 0 0 0 0 1 0 0 0 0 0 0 0 0 0 0 0 0 0 0 0 0 0 0 0 1 0 0 0 0 0 0 0 0 0 0 0 0 0 0 0 0 0 0 0 0 0 0 0 0 0 0 0  |
 ├─────────────┼─────────────┼──────────────────────────────────────────────────────────────────────────────────────────────────────────────────────────────────┤
 | 37          | 36          | 0 0 0 0 0 0 0 0 0 0 0 0 0 0 0 0 0 0 0 0 0 0 0 0 0 0 0 0 0 0 0 0 0 0 0 0 1 1 0 0 0 0 0 0 0 0 0 0 0 0 0 0 0 0 0 0 0 0 0 0 0 0 0 0  |
 ├─────────────┼─────────────┼──────────────────────────────────────────────────────────────────────────────────────────────────────────────────────────────────┤
 | 37          | 17          | 0 0 1 0 0 0 1 0 0 0 0 0 0 0 0 1 0 1 0 0 0 1 0 0 0 0 0 0 0 1 0 0 0 0 1 0 0 1 0 0 0 0 0 0 1 0 0 0 0 0 0 1 0 0 1 0 0 0 0 0 0 1 0 1  |
 ├─────────────┼─────────────┼──────────────────────────────────────────────────────────────────────────────────────────────────────────────────────────────────┤
 | 37          | 45          | 0 0 0 0 0 0 0 0 0 0 0 0 0 0 0 0 0 0 0 0 0 0 0 0 0 0 0 0 0 0 0 0 0 0 0 0 0 1 0 0 0 0 0 0 0 1 0 0 0 0 0 0 0 0 0 0 0 0 0 0 0 0 0 0  |
 ├─────────────┼─────────────┼──────────────────────────────────────────────────────────────────────────────────────────────────────────────────────────────────┤
 | 37          | 38          | 0 0 0 0 0 0 0 0 0 0 0 0 0 0 0 0 0 0 0 0 0 0 0 0 0 0 0 0 0 0 0 0 0 0 0 0 0 1 1 0 0 0 0 0 0 0 0 0 0 0 0 0 0 0 0 0 0 0 0 0 0 0 0 0  |
 ├─────────────┼─────────────┼──────────────────────────────────────────────────────────────────────────────────────────────────────────────────────────────────┤
 | 38          | 39          | 0 0 0 0 0 0 0 0 0 0 0 0 0 0 0 0 0 0 0 0 0 0 0 0 0 0 0 0 0 0 0 0 0 0 0 0 0 0 1 1 0 0 0 0 0 0 0 0 0 0 0 0 0 0 0 0 0 0 0 0 0 0 0 0  |
 ├─────────────┼─────────────┼──────────────────────────────────────────────────────────────────────────────────────────────────────────────────────────────────┤
 | 38          | 18          | 0 0 0 0 0 0 1 0 0 0 0 0 0 0 0 0 0 0 1 0 0 0 0 0 0 0 0 0 0 0 0 0 0 0 0 0 0 0 1 0 0 0 0 0 0 1 0 0 0 0 0 0 0 0 0 0 0 0 0 0 0 0 0 0  |
 ├─────────────┼─────────────┼──────────────────────────────────────────────────────────────────────────────────────────────────────────────────────────────────┤
 | 38          | 63          | 0 0 0 0 0 0 0 0 0 0 0 0 0 0 0 0 0 0 0 0 0 0 0 0 0 0 0 0 0 0 0 0 0 0 0 0 0 0 1 0 0 0 0 0 0 0 0 0 0 0 0 0 0 0 0 0 0 0 0 0 0 0 0 1  |
 ├─────────────┼─────────────┼──────────────────────────────────────────────────────────────────────────────────────────────────────────────────────────────────┤
 | 38          | 51          | 0 0 0 0 0 0 0 0 0 0 0 0 0 0 0 0 0 0 0 0 0 0 0 0 0 1 0 0 0 0 0 0 0 0 0 0 0 0 1 0 0 0 0 0 0 0 0 0 0 0 0 1 0 0 0 0 0 0 0 0 0 0 0 0  |
 ├─────────────┼─────────────┼──────────────────────────────────────────────────────────────────────────────────────────────────────────────────────────────────┤
 | 39          | 61          | 0 0 0 0 0 0 0 0 0 1 0 0 0 0 0 0 0 0 0 0 0 0 0 0 0 0 0 0 0 0 0 0 0 0 0 0 0 0 0 1 0 0 0 0 0 0 0 0 0 0 0 0 0 0 0 0 0 0 0 0 0 1 0 0  |
 ├─────────────┼─────────────┼──────────────────────────────────────────────────────────────────────────────────────────────────────────────────────────────────┤
 | 39          | 60          | 0 0 0 0 0 0 0 0 0 0 0 0 0 0 0 0 0 0 0 0 0 0 0 0 0 0 0 0 0 0 0 0 0 0 0 0 0 0 0 1 0 0 0 0 0 0 0 0 0 0 0 0 0 0 0 0 0 0 0 0 1 0 0 0  |
 ├─────────────┼─────────────┼──────────────────────────────────────────────────────────────────────────────────────────────────────────────────────────────────┤
 | 39          | 45          | 0 0 0 0 0 1 1 0 0 0 0 0 0 0 0 0 1 1 0 0 0 0 0 0 0 0 1 1 0 0 1 1 0 0 0 0 0 0 0 1 0 0 0 0 0 1 1 0 0 0 0 0 0 0 0 0 0 0 0 0 0 0 0 0  |
 ├─────────────┼─────────────┼──────────────────────────────────────────────────────────────────────────────────────────────────────────────────────────────────┤
 | 39          | 40          | 0 0 0 0 0 0 0 0 0 0 0 0 0 0 0 0 0 0 0 0 0 0 0 0 0 0 0 0 0 0 0 0 0 0 0 0 0 0 0 1 1 0 0 0 0 0 0 0 0 0 0 0 0 0 0 0 0 0 0 0 0 0 0 0  |
 ├─────────────┼─────────────┼──────────────────────────────────────────────────────────────────────────────────────────────────────────────────────────────────┤
 | 40          | 33          | 0 0 0 0 0 0 0 0 0 0 0 0 0 0 0 0 0 0 0 0 0 0 0 0 0 0 0 0 0 0 0 0 0 1 0 0 0 0 0 0 1 0 0 0 0 0 0 0 0 0 0 0 0 0 0 0 0 0 0 0 0 0 0 0  |
 ├─────────────┼─────────────┼──────────────────────────────────────────────────────────────────────────────────────────────────────────────────────────────────┤
 | 40          | 20          | 0 0 0 0 0 0 0 0 0 0 0 0 0 0 0 0 0 0 0 0 1 0 0 0 0 0 0 0 0 0 1 0 0 0 0 0 0 0 0 0 1 0 0 0 0 0 0 0 0 0 0 0 0 0 0 0 0 0 0 0 0 0 0 0  |
 ├─────────────┼─────────────┼──────────────────────────────────────────────────────────────────────────────────────────────────────────────────────────────────┤
 | 40          | 39          | 0 0 0 0 0 0 0 0 0 0 0 0 0 0 0 0 0 0 0 0 0 0 0 0 0 0 0 0 0 0 0 0 0 0 0 0 0 0 0 1 1 1 1 0 0 0 0 0 0 0 0 0 0 1 0 0 0 0 0 0 0 0 0 0  |
 ├─────────────┼─────────────┼──────────────────────────────────────────────────────────────────────────────────────────────────────────────────────────────────┤
 | 40          | 63          | 0 0 0 0 0 0 0 0 0 0 0 0 0 0 0 0 0 0 0 0 0 0 0 0 0 0 0 0 0 0 0 0 0 0 0 0 0 0 0 0 1 0 0 0 0 0 0 0 0 0 0 0 0 0 0 0 0 0 0 0 0 0 0 1  |
 ├─────────────┼─────────────┼──────────────────────────────────────────────────────────────────────────────────────────────────────────────────────────────────┤
 | 41          | 9           | 0 0 0 0 0 0 0 0 0 1 0 0 0 0 0 0 1 1 0 0 0 0 0 0 0 0 0 0 0 0 0 0 0 0 0 0 0 0 0 0 0 1 0 0 0 0 0 0 0 0 0 0 0 0 0 0 0 0 0 0 0 0 0 0  |
 ├─────────────┼─────────────┼──────────────────────────────────────────────────────────────────────────────────────────────────────────────────────────────────┤
 | 41          | 40          | 0 0 0 0 0 0 0 0 0 0 0 0 0 0 0 0 0 0 0 0 0 0 0 0 0 0 0 0 0 0 0 0 0 0 0 0 0 0 0 0 1 1 0 0 0 0 0 0 0 0 0 0 0 0 0 0 0 0 0 0 0 0 0 0  |
 ├─────────────┼─────────────┼──────────────────────────────────────────────────────────────────────────────────────────────────────────────────────────────────┤
 | 41          | 47          | 0 0 0 0 0 0 0 0 0 0 0 0 0 0 0 0 0 0 0 0 0 0 0 0 0 0 0 0 0 0 0 0 0 0 0 0 0 0 0 0 0 1 1 0 0 0 0 1 1 0 0 0 0 0 0 0 0 0 0 1 0 0 0 0  |
 ├─────────────┼─────────────┼──────────────────────────────────────────────────────────────────────────────────────────────────────────────────────────────────┤
 | 41          | 42          | 0 0 0 0 0 0 0 0 0 0 0 0 0 0 0 0 0 0 0 0 0 0 0 0 0 0 0 0 0 0 0 0 0 0 0 0 0 0 0 0 0 1 1 0 0 0 0 0 1 0 0 0 0 0 0 0 0 0 0 0 0 0 0 0  |
 ├─────────────┼─────────────┼──────────────────────────────────────────────────────────────────────────────────────────────────────────────────────────────────┤
 | 42          | 48          | 0 0 0 0 0 0 0 0 0 0 0 0 0 0 0 0 0 0 0 0 0 0 0 0 0 0 0 0 0 0 0 0 0 0 0 0 0 0 0 0 0 0 1 0 0 0 0 0 1 0 0 0 0 0 0 0 0 0 0 0 1 0 0 0  |
 ├─────────────┼─────────────┼──────────────────────────────────────────────────────────────────────────────────────────────────────────────────────────────────┤
 | 42          | 0           | 1 0 0 0 0 0 0 0 0 0 0 0 0 0 0 0 0 0 0 0 0 0 0 0 0 0 0 0 0 0 0 0 0 0 0 0 0 0 0 0 0 0 1 0 0 0 0 1 0 0 0 0 0 0 0 0 0 0 0 1 0 0 0 0  |
 ├─────────────┼─────────────┼──────────────────────────────────────────────────────────────────────────────────────────────────────────────────────────────────┤
 | 42          | 30          | 0 0 0 0 0 0 0 0 0 0 0 0 0 0 0 0 0 0 0 0 0 0 0 0 0 0 0 0 0 0 1 0 0 0 0 0 0 0 0 0 0 0 1 0 0 0 0 0 0 0 0 0 0 0 0 0 0 0 0 0 0 0 0 0  |
 ├─────────────┼─────────────┼──────────────────────────────────────────────────────────────────────────────────────────────────────────────────────────────────┤
 | 42          | 10          | 0 0 0 0 0 0 0 0 0 0 1 1 0 0 0 0 0 0 0 0 0 0 0 1 0 0 0 0 0 0 0 0 0 0 0 0 0 0 0 0 0 0 1 1 0 0 1 0 0 0 0 0 0 0 0 0 1 0 0 0 0 0 1 0  |
 ├─────────────┼─────────────┼──────────────────────────────────────────────────────────────────────────────────────────────────────────────────────────────────┤
 | 43          | 12          | 0 0 0 0 0 0 0 1 0 0 0 0 1 0 0 0 0 0 0 1 0 0 0 0 0 0 0 0 0 0 0 0 0 0 0 0 0 0 0 0 0 0 0 1 0 0 0 0 0 0 0 0 0 0 0 0 0 0 0 0 0 0 0 0  |
 ├─────────────┼─────────────┼──────────────────────────────────────────────────────────────────────────────────────────────────────────────────────────────────┤
 | 43          | 44          | 0 0 0 0 0 0 0 0 0 0 0 0 0 0 0 0 0 0 0 0 0 0 0 1 0 0 0 0 0 0 0 0 0 0 0 0 0 0 0 0 0 0 0 1 1 0 0 0 0 0 0 0 0 0 0 0 0 0 0 0 0 0 0 0  |
 ├─────────────┼─────────────┼──────────────────────────────────────────────────────────────────────────────────────────────────────────────────────────────────┤
 | 43          | 42          | 0 0 0 0 0 0 0 0 0 0 0 0 0 0 0 0 0 0 0 0 0 0 0 0 0 0 0 0 0 0 0 0 0 0 0 0 0 0 0 0 0 0 1 1 0 0 0 0 0 0 0 0 0 0 0 0 0 0 0 0 0 0 0 0  |
 ├─────────────┼─────────────┼──────────────────────────────────────────────────────────────────────────────────────────────────────────────────────────────────┤
 | 43          | 0           | 1 1 1 1 1 1 1 1 1 1 1 1 1 1 1 1 1 1 1 1 1 1 1 1 1 1 1 1 1 1 1 1 1 1 1 1 1 1 1 1 1 1 1 1 1 1 1 1 1 1 1 1 1 1 1 1 1 1 1 1 1 1 1 1  |
 ├─────────────┼─────────────┼──────────────────────────────────────────────────────────────────────────────────────────────────────────────────────────────────┤
 | 44          | 24          | 0 0 0 0 0 0 0 0 0 0 0 0 0 0 0 0 0 0 0 0 0 0 0 0 1 0 0 0 0 0 0 0 0 0 0 0 0 0 0 0 0 0 0 0 1 0 0 0 0 0 0 0 0 0 0 0 0 0 0 0 0 0 0 0  |
 ├─────────────┼─────────────┼──────────────────────────────────────────────────────────────────────────────────────────────────────────────────────────────────┤
 | 44          | 63          | 1 1 1 1 1 1 1 1 0 0 1 1 1 1 1 1 1 1 1 1 1 1 1 1 1 1 0 1 1 1 1 1 1 1 1 0 1 1 1 0 1 1 1 1 1 1 1 1 0 1 1 1 1 1 1 0 1 1 1 1 0 1 1 1  |
 ├─────────────┼─────────────┼──────────────────────────────────────────────────────────────────────────────────────────────────────────────────────────────────┤
 | 44          | 45          | 0 0 0 0 0 0 0 0 0 0 0 0 0 0 0 0 0 0 0 0 0 0 0 0 0 0 0 0 0 0 0 0 0 0 0 0 0 0 0 0 0 0 0 0 1 1 0 0 0 0 0 0 0 0 0 0 0 0 0 0 0 0 0 0  |
 ├─────────────┼─────────────┼──────────────────────────────────────────────────────────────────────────────────────────────────────────────────────────────────┤
 | 44          | 55          | 0 0 0 0 0 0 0 0 0 0 0 0 0 0 0 0 0 0 0 0 0 0 0 0 0 0 0 0 0 0 0 0 0 0 0 0 0 0 0 0 0 0 0 0 1 0 0 0 0 0 0 0 0 0 0 1 0 0 0 0 0 0 0 0  |
 ├─────────────┼─────────────┼──────────────────────────────────────────────────────────────────────────────────────────────────────────────────────────────────┤
 | 45          | 18          | 0 0 0 0 0 0 0 0 0 0 0 0 0 0 0 0 0 0 1 0 0 0 0 0 0 0 0 0 0 0 0 0 0 0 0 0 0 0 0 0 0 0 0 0 0 1 0 0 0 0 0 0 0 0 0 0 0 0 0 0 0 0 0 0  |
 ├─────────────┼─────────────┼──────────────────────────────────────────────────────────────────────────────────────────────────────────────────────────────────┤
 | 45          | 44          | 0 0 0 1 1 1 1 0 0 0 0 0 0 0 0 0 0 0 0 0 0 0 0 0 0 0 0 0 0 0 0 0 0 0 0 1 1 0 0 0 0 0 0 0 1 1 0 0 0 0 0 0 0 0 0 0 0 0 0 0 0 0 0 0  |
 ├─────────────┼─────────────┼──────────────────────────────────────────────────────────────────────────────────────────────────────────────────────────────────┤
 | 45          | 48          | 0 0 0 0 0 0 0 0 0 0 0 0 0 0 0 0 0 0 0 0 0 0 0 0 0 0 0 0 0 0 0 0 0 0 0 0 0 0 0 0 0 0 0 0 0 1 0 0 1 0 0 0 0 0 0 0 0 0 0 0 0 0 0 0  |
 ├─────────────┼─────────────┼──────────────────────────────────────────────────────────────────────────────────────────────────────────────────────────────────┤
 | 45          | 22          | 0 0 0 0 0 0 0 0 0 0 0 0 0 0 0 0 0 0 0 0 0 0 1 0 0 0 0 0 0 0 0 0 0 0 0 0 0 0 0 0 0 0 0 0 0 1 1 0 0 0 0 0 1 1 1 0 0 0 0 0 0 0 0 0  |
 ├─────────────┼─────────────┼──────────────────────────────────────────────────────────────────────────────────────────────────────────────────────────────────┤
 | 46          | 34          | 0 0 0 0 0 0 0 0 0 0 0 0 0 0 0 0 0 0 0 0 0 0 0 0 0 0 0 0 0 0 0 0 0 0 1 0 0 0 0 0 0 0 0 0 0 0 1 0 0 0 0 0 0 0 0 0 0 0 0 0 0 0 0 0  |
 ├─────────────┼─────────────┼──────────────────────────────────────────────────────────────────────────────────────────────────────────────────────────────────┤
 | 46          | 20          | 1 1 0 1 1 1 1 1 1 1 1 1 1 1 1 1 1 1 1 1 1 1 1 1 1 1 1 1 1 1 1 1 1 1 1 1 1 1 1 1 1 1 1 1 1 1 1 1 1 1 1 1 1 1 1 1 1 1 1 1 1 1 1 1  |
 ├─────────────┼─────────────┼──────────────────────────────────────────────────────────────────────────────────────────────────────────────────────────────────┤
 | 46          | 63          | 0 1 1 0 0 0 0 1 0 1 0 0 0 1 1 1 0 0 0 0 1 1 0 0 0 0 1 1 1 0 0 0 1 1 1 0 0 0 1 1 1 1 1 1 1 1 1 1 1 0 1 1 1 1 1 1 1 1 1 1 1 1 1 1  |
 ├─────────────┼─────────────┼──────────────────────────────────────────────────────────────────────────────────────────────────────────────────────────────────┤
 | 46          | 42          | 0 0 0 0 0 0 0 0 0 0 0 0 0 0 0 0 0 0 0 0 0 0 0 0 0 0 0 0 0 0 0 0 0 0 0 0 0 0 0 0 0 0 1 1 0 0 1 0 0 0 0 0 0 0 0 0 0 0 0 0 0 0 0 0  |
 ├─────────────┼─────────────┼──────────────────────────────────────────────────────────────────────────────────────────────────────────────────────────────────┤
 | 47          | 54          | 0 0 0 0 0 0 0 0 0 0 0 0 0 0 0 0 0 0 0 0 0 0 0 0 0 0 0 0 0 0 0 0 0 0 0 0 0 0 0 0 0 0 0 0 0 0 0 1 0 0 0 0 0 0 1 0 0 0 0 0 0 0 0 0  |
 ├─────────────┼─────────────┼──────────────────────────────────────────────────────────────────────────────────────────────────────────────────────────────────┤
 | 47          | 13          | 0 0 0 1 1 0 0 0 0 0 0 0 0 1 0 0 1 1 0 0 0 0 0 0 1 0 1 0 0 0 0 0 0 0 0 0 0 0 0 0 0 0 0 0 0 0 0 1 0 0 0 0 0 1 0 0 0 0 0 0 0 0 1 1  |
 ├─────────────┼─────────────┼──────────────────────────────────────────────────────────────────────────────────────────────────────────────────────────────────┤
 | 47          | 53          | 0 0 0 0 0 0 0 0 0 0 0 0 0 0 0 0 0 0 0 0 0 0 0 0 0 0 0 0 0 0 0 0 0 0 0 0 0 0 0 0 0 0 0 0 0 0 0 1 0 0 0 0 0 1 0 0 0 0 0 0 0 0 0 0  |
 ├─────────────┼─────────────┼──────────────────────────────────────────────────────────────────────────────────────────────────────────────────────────────────┤
 | 47          | 48          | 0 0 0 0 0 0 0 0 0 0 0 0 0 0 0 0 0 0 0 0 0 0 0 0 0 0 0 0 0 0 0 0 0 0 0 0 0 0 0 0 0 0 0 0 0 0 0 1 1 0 0 0 0 0 0 0 0 0 0 0 0 0 0 0  |
 ├─────────────┼─────────────┼──────────────────────────────────────────────────────────────────────────────────────────────────────────────────────────────────┤
 | 48          | 57          | 0 0 0 0 0 0 0 0 0 0 0 0 0 0 0 0 0 0 0 0 0 0 0 0 0 0 0 0 0 0 0 0 0 0 0 0 0 0 0 0 0 0 0 0 0 0 0 0 1 0 0 0 0 0 0 1 0 1 0 0 0 1 1 0  |
 ├─────────────┼─────────────┼──────────────────────────────────────────────────────────────────────────────────────────────────────────────────────────────────┤
 | 48          | 60          | 0 0 0 1 1 0 0 1 0 1 0 1 0 0 0 0 1 1 0 0 0 0 1 1 0 0 0 0 1 1 0 0 0 0 1 0 1 0 0 0 1 1 1 0 0 0 1 1 1 0 0 0 0 1 1 0 0 0 1 1 1 0 0 0  |
 ├─────────────┼─────────────┼──────────────────────────────────────────────────────────────────────────────────────────────────────────────────────────────────┤
 | 48          | 62          | 0 1 1 1 1 1 1 1 1 1 1 1 1 1 0 0 0 0 0 0 1 1 1 0 1 1 1 1 1 1 1 1 1 0 1 1 1 1 1 0 1 1 1 1 1 1 0 1 1 1 1 1 1 1 0 1 1 1 1 1 1 0 1 0  |
 ├─────────────┼─────────────┼──────────────────────────────────────────────────────────────────────────────────────────────────────────────────────────────────┤
 | 48          | 45          | 1 0 0 0 0 0 0 0 0 1 0 0 1 0 0 0 0 0 0 0 0 1 0 0 1 0 0 0 0 0 0 0 0 0 0 0 0 0 0 1 0 0 0 0 0 1 1 0 1 0 0 0 0 0 0 0 0 0 1 0 1 0 0 0  |
 ├─────────────┼─────────────┼──────────────────────────────────────────────────────────────────────────────────────────────────────────────────────────────────┤
 | 49          | 48          | 0 0 0 0 0 0 0 0 0 0 0 0 0 0 0 0 0 0 0 0 0 0 0 0 0 0 0 0 0 0 0 0 0 0 0 0 0 0 0 0 0 0 0 0 0 0 0 0 1 1 1 0 0 0 0 0 0 1 1 0 0 0 0 0  |
 ├─────────────┼─────────────┼──────────────────────────────────────────────────────────────────────────────────────────────────────────────────────────────────┤
 | 49          | 3           | 0 0 0 1 0 0 0 0 0 0 0 0 0 0 0 0 0 0 0 0 0 0 0 0 0 0 0 0 0 0 0 0 0 0 0 0 0 0 0 0 0 0 0 0 0 0 0 0 0 1 0 0 0 0 0 0 0 0 0 0 0 0 0 0  |
 ├─────────────┼─────────────┼──────────────────────────────────────────────────────────────────────────────────────────────────────────────────────────────────┤
 | 49          | 1           | 0 1 0 0 0 0 0 0 0 0 0 0 0 0 0 0 0 0 0 0 0 0 0 0 0 0 0 0 0 0 0 0 0 0 0 0 0 1 0 0 0 0 0 0 0 0 0 0 0 1 0 0 0 0 0 0 0 0 0 0 0 0 0 0  |
 ├─────────────┼─────────────┼──────────────────────────────────────────────────────────────────────────────────────────────────────────────────────────────────┤
 | 49          | 50          | 0 0 0 0 0 0 0 0 0 0 0 0 0 0 0 0 0 0 0 0 0 0 0 0 0 0 0 0 0 0 0 0 0 0 0 0 0 0 0 0 0 0 0 0 0 0 0 0 0 1 1 0 0 0 0 0 0 0 0 0 0 0 0 0  |
 ├─────────────┼─────────────┼──────────────────────────────────────────────────────────────────────────────────────────────────────────────────────────────────┤
 | 50          | 37          | 0 0 0 0 0 0 0 0 0 0 0 0 0 0 0 0 0 0 0 0 0 0 0 1 0 0 1 0 0 0 0 0 0 0 0 1 0 1 0 0 0 0 0 0 1 1 0 1 0 0 1 0 0 0 1 1 0 0 0 0 1 0 0 0  |
 ├─────────────┼─────────────┼──────────────────────────────────────────────────────────────────────────────────────────────────────────────────────────────────┤
 | 50          | 19          | 0 0 1 0 0 0 0 0 0 0 0 0 0 0 0 0 0 0 1 1 0 0 0 1 0 0 1 0 0 0 0 0 0 0 0 0 0 0 0 0 0 0 0 0 0 0 0 0 0 0 1 0 0 1 0 0 0 0 0 0 0 0 0 0  |
 ├─────────────┼─────────────┼──────────────────────────────────────────────────────────────────────────────────────────────────────────────────────────────────┤
 | 50          | 14          | 0 0 0 0 0 0 0 0 0 0 0 0 0 0 1 1 0 0 0 0 0 0 0 0 0 0 1 0 0 1 0 0 0 0 0 0 0 1 1 0 0 0 0 0 0 0 0 0 0 1 1 1 0 0 0 0 0 0 0 0 0 1 1 0  |
 ├─────────────┼─────────────┼──────────────────────────────────────────────────────────────────────────────────────────────────────────────────────────────────┤
 | 50          | 55          | 0 0 0 0 0 0 0 0 0 0 0 0 0 0 0 0 0 0 0 0 0 0 0 0 0 0 0 0 0 0 0 0 0 0 0 0 0 0 0 0 0 0 0 0 0 0 0 0 0 0 1 0 0 0 0 1 0 0 0 0 0 0 0 0  |
 ├─────────────┼─────────────┼──────────────────────────────────────────────────────────────────────────────────────────────────────────────────────────────────┤
 | 51          | 0           | 1 0 0 0 0 0 0 0 0 0 0 0 0 0 0 0 0 0 0 0 0 0 0 0 0 0 0 0 0 0 0 0 0 0 0 0 0 0 0 0 0 0 0 0 0 0 0 0 0 0 0 1 0 0 0 0 0 0 0 0 0 0 0 0  |
 ├─────────────┼─────────────┼──────────────────────────────────────────────────────────────────────────────────────────────────────────────────────────────────┤
 | 51          | 52          | 0 0 0 0 0 0 0 0 0 0 0 0 0 0 0 0 0 0 0 0 0 0 0 0 0 0 0 0 0 0 0 0 0 0 0 0 0 0 0 0 0 0 0 0 0 0 0 0 0 0 0 1 1 0 0 0 0 0 0 0 0 0 0 0  |
 ├─────────────┼─────────────┼──────────────────────────────────────────────────────────────────────────────────────────────────────────────────────────────────┤
 | 51          | 56          | 0 0 0 0 0 0 0 0 0 0 0 0 0 0 0 0 0 0 0 0 0 0 0 0 0 0 0 0 0 0 0 0 0 0 0 0 0 0 0 0 0 0 0 0 0 0 0 0 0 0 0 1 0 0 0 0 1 0 0 0 0 0 0 0  |
 ├─────────────┼─────────────┼──────────────────────────────────────────────────────────────────────────────────────────────────────────────────────────────────┤
 | 51          | 63          | 0 0 0 0 0 0 0 0 0 0 0 0 0 0 0 0 0 0 0 0 0 0 0 0 0 0 0 0 0 0 0 0 0 0 0 0 0 0 0 0 0 0 0 0 0 0 0 0 0 0 0 1 0 0 0 0 0 0 0 0 0 0 0 1  |
 ├─────────────┼─────────────┼──────────────────────────────────────────────────────────────────────────────────────────────────────────────────────────────────┤
 | 52          | 14          | 0 0 0 0 0 0 0 0 0 0 0 0 0 0 1 0 0 0 0 0 0 0 0 0 0 0 0 0 0 0 0 0 0 0 0 0 0 0 0 0 0 0 0 0 0 0 0 0 0 0 0 0 1 0 0 0 0 0 0 0 0 0 0 0  |
 ├─────────────┼─────────────┼──────────────────────────────────────────────────────────────────────────────────────────────────────────────────────────────────┤
 | 52          | 51          | 0 0 0 0 0 0 0 0 0 0 0 0 0 0 0 0 0 0 0 0 0 0 0 0 0 0 0 0 0 0 0 0 0 0 0 0 0 0 0 0 0 0 0 0 0 0 0 0 0 0 0 1 1 0 0 0 0 0 0 0 0 0 0 0  |
 ├─────────────┼─────────────┼──────────────────────────────────────────────────────────────────────────────────────────────────────────────────────────────────┤
 | 52          | 39          | 1 1 1 1 1 1 1 1 1 1 1 1 1 1 1 1 1 1 1 1 1 1 1 1 1 1 1 1 1 1 1 1 1 1 1 1 1 1 1 1 1 1 1 1 1 1 1 1 1 1 1 1 1 1 1 1 1 1 1 1 1 1 1 1  |
 ├─────────────┼─────────────┼──────────────────────────────────────────────────────────────────────────────────────────────────────────────────────────────────┤
 | 52          | 27          | 1 1 1 1 1 1 1 1 1 1 1 1 1 1 1 1 1 1 1 1 1 1 1 1 1 1 0 1 1 1 1 1 1 1 1 1 1 1 1 1 1 1 0 1 1 1 1 1 1 1 1 1 1 1 1 1 1 1 1 1 1 1 1 1  |
 ├─────────────┼─────────────┼──────────────────────────────────────────────────────────────────────────────────────────────────────────────────────────────────┤
 | 53          | 61          | 0 0 0 0 0 0 0 0 0 0 0 0 0 0 0 0 0 0 0 0 0 0 0 0 0 0 0 0 0 0 0 0 0 0 0 0 0 0 0 0 0 0 0 0 0 0 0 0 0 0 0 0 0 1 0 0 0 0 0 0 0 1 0 0  |
 ├─────────────┼─────────────┼──────────────────────────────────────────────────────────────────────────────────────────────────────────────────────────────────┤
 | 53          | 43          | 1 0 0 0 1 0 0 1 1 0 0 1 0 0 0 0 0 1 1 1 1 0 0 1 0 0 0 0 0 0 0 0 0 0 0 0 0 0 1 0 0 0 0 1 1 1 1 1 0 0 0 0 1 1 1 0 0 1 1 1 0 0 0 0  |
 ├─────────────┼─────────────┼──────────────────────────────────────────────────────────────────────────────────────────────────────────────────────────────────┤
 | 53          | 60          | 0 0 0 0 0 0 0 0 0 0 0 0 0 0 0 0 0 0 0 0 0 0 0 0 0 0 0 0 0 0 0 0 0 0 0 0 0 0 0 0 0 0 0 0 0 0 0 0 0 0 0 0 0 1 0 0 0 0 0 0 1 0 0 0  |
 ├─────────────┼─────────────┼──────────────────────────────────────────────────────────────────────────────────────────────────────────────────────────────────┤
 | 53          | 54          | 0 0 0 0 0 0 0 0 0 0 0 0 0 0 0 0 0 0 0 0 0 0 0 0 0 0 0 0 0 0 0 0 0 0 0 0 0 0 0 0 0 0 0 0 0 0 0 0 0 0 0 0 0 1 1 0 0 0 0 0 0 0 0 0  |
 ├─────────────┼─────────────┼──────────────────────────────────────────────────────────────────────────────────────────────────────────────────────────────────┤
 | 54          | 55          | 0 0 0 0 1 0 0 0 0 0 0 0 0 0 0 0 0 0 0 0 0 0 0 0 0 0 0 0 0 0 0 0 0 0 0 0 1 0 0 0 0 0 0 0 0 0 0 0 0 0 0 0 0 0 1 1 0 0 0 0 0 0 0 0  |
 ├─────────────┼─────────────┼──────────────────────────────────────────────────────────────────────────────────────────────────────────────────────────────────┤
 | 54          | 61          | 0 0 0 0 0 0 0 0 0 0 0 0 0 0 0 0 0 0 0 0 0 0 0 0 0 0 0 0 0 0 0 0 0 0 0 0 0 0 0 0 0 0 0 0 0 0 0 0 0 0 0 0 0 0 1 0 0 0 0 0 0 1 0 0  |
 ├─────────────┼─────────────┼──────────────────────────────────────────────────────────────────────────────────────────────────────────────────────────────────┤
 | 54          | 44          | 0 0 0 0 1 0 0 0 1 0 0 0 0 0 0 0 0 0 1 1 1 0 0 0 0 0 0 0 0 0 0 0 0 0 0 0 0 0 0 0 0 0 0 0 1 1 1 0 0 0 0 0 1 0 1 0 0 0 0 1 0 0 0 0  |
 ├─────────────┼─────────────┼──────────────────────────────────────────────────────────────────────────────────────────────────────────────────────────────────┤
 | 54          | 8           | 0 0 0 0 0 0 0 0 1 0 0 0 0 0 0 0 0 0 0 0 0 0 0 1 0 0 0 0 0 0 0 0 0 0 0 0 0 0 0 0 0 0 0 0 0 0 0 0 0 0 0 0 0 0 1 0 0 0 0 0 0 0 0 0  |
 ├─────────────┼─────────────┼──────────────────────────────────────────────────────────────────────────────────────────────────────────────────────────────────┤
 | 55          | 58          | 0 0 0 0 0 0 0 0 0 0 0 0 0 0 0 0 0 0 0 0 0 0 0 0 0 0 0 0 0 0 0 0 0 0 0 0 0 0 0 0 0 0 0 0 0 0 0 0 0 0 0 0 0 0 0 1 0 0 1 0 0 0 0 0  |
 ├─────────────┼─────────────┼──────────────────────────────────────────────────────────────────────────────────────────────────────────────────────────────────┤
 | 55          | 56          | 0 0 0 0 0 0 0 0 0 0 0 0 0 0 0 0 0 0 0 0 0 0 0 0 0 0 0 0 0 0 0 0 0 0 0 0 0 0 1 0 0 0 0 0 0 0 0 0 0 0 0 0 0 0 0 1 1 0 0 0 0 0 0 0  |
 ├─────────────┼─────────────┼──────────────────────────────────────────────────────────────────────────────────────────────────────────────────────────────────┤
 | 55          | 35          | 0 0 0 0 0 0 0 0 0 0 0 0 0 0 0 0 0 0 0 0 0 0 0 0 0 0 0 0 0 0 0 0 0 0 1 1 1 0 0 0 0 0 0 0 1 0 0 0 0 0 0 0 0 0 0 1 0 0 0 0 0 0 0 0  |
 ├─────────────┼─────────────┼──────────────────────────────────────────────────────────────────────────────────────────────────────────────────────────────────┤
 | 55          | 59          | 1 0 0 0 1 1 1 0 0 1 1 0 1 0 0 0 0 0 0 0 0 1 1 0 0 0 0 0 1 1 0 0 1 0 1 1 0 0 1 1 0 0 0 1 1 1 0 0 0 0 0 1 1 0 0 1 0 0 0 1 0 0 1 1  |
 ├─────────────┼─────────────┼──────────────────────────────────────────────────────────────────────────────────────────────────────────────────────────────────┤
 | 56          | 49          | 0 0 0 0 0 0 0 0 0 0 0 0 0 0 0 0 0 0 0 0 0 0 0 0 0 0 0 0 0 0 0 0 0 0 0 0 0 0 0 0 0 0 0 0 0 0 0 0 0 1 0 1 0 0 0 0 1 0 0 0 0 0 0 1  |
 ├─────────────┼─────────────┼──────────────────────────────────────────────────────────────────────────────────────────────────────────────────────────────────┤
 | 56          | 43          | 0 0 0 0 0 0 0 0 0 0 0 0 0 0 0 0 0 0 0 0 0 0 0 0 0 0 0 0 0 0 0 0 0 0 0 0 0 0 0 0 0 0 0 1 0 0 0 0 0 0 0 0 0 0 0 0 1 0 0 0 0 0 0 0  |
 ├─────────────┼─────────────┼──────────────────────────────────────────────────────────────────────────────────────────────────────────────────────────────────┤
 | 56          | 48          | 0 0 0 0 0 0 0 0 0 0 0 0 0 0 0 0 0 0 0 0 0 0 0 0 0 0 0 0 0 0 0 0 0 0 0 0 0 0 0 0 0 0 0 0 0 0 0 0 1 1 0 0 0 0 0 0 1 0 0 0 0 0 0 0  |
 ├─────────────┼─────────────┼──────────────────────────────────────────────────────────────────────────────────────────────────────────────────────────────────┤
 | 56          | 55          | 0 0 0 0 0 0 0 0 0 0 0 0 0 0 0 0 0 0 0 0 0 0 0 0 0 0 0 0 0 0 0 0 0 0 0 0 0 0 0 0 0 0 0 0 0 0 0 0 0 0 0 0 0 0 0 1 1 0 0 0 0 0 0 0  |
 ├─────────────┼─────────────┼──────────────────────────────────────────────────────────────────────────────────────────────────────────────────────────────────┤
 | 57          | 60          | 0 0 0 1 0 0 0 1 1 0 1 1 1 1 1 1 1 0 0 0 1 0 1 1 1 0 1 0 1 0 1 1 0 0 0 1 1 0 1 0 1 1 1 0 1 1 0 0 0 0 0 0 0 1 1 1 1 1 0 0 1 0 0 0  |
 ├─────────────┼─────────────┼──────────────────────────────────────────────────────────────────────────────────────────────────────────────────────────────────┤
 | 57          | 24          | 0 0 0 0 0 0 0 0 0 0 0 0 0 0 0 0 0 0 0 1 0 0 1 0 1 1 1 0 0 0 0 0 0 0 0 0 0 0 0 0 0 0 0 0 0 0 0 0 0 0 0 0 0 0 0 0 0 1 0 0 0 0 0 0  |
 ├─────────────┼─────────────┼──────────────────────────────────────────────────────────────────────────────────────────────────────────────────────────────────┤
 | 57          | 63          | 0 0 0 0 0 0 0 0 0 0 0 0 0 0 0 0 0 0 0 0 0 0 0 0 0 0 0 0 0 0 0 0 0 0 0 0 0 0 0 0 0 0 0 0 0 0 0 0 0 0 0 0 0 0 0 1 1 1 0 0 1 0 0 1  |
 ├─────────────┼─────────────┼──────────────────────────────────────────────────────────────────────────────────────────────────────────────────────────────────┤
 | 57          | 51          | 0 0 0 0 0 0 0 0 0 0 0 0 0 0 0 0 0 0 0 0 0 0 0 0 0 0 0 0 0 0 0 0 0 0 0 0 0 0 0 0 0 0 0 0 0 0 0 0 0 0 0 1 0 0 0 0 0 1 0 0 0 0 0 0  |
 ├─────────────┼─────────────┼──────────────────────────────────────────────────────────────────────────────────────────────────────────────────────────────────┤
 | 58          | 52          | 1 0 0 0 1 0 1 0 1 1 0 0 0 0 0 0 0 1 0 1 0 0 1 0 1 0 0 1 1 0 1 0 1 1 0 1 1 0 1 0 0 0 0 0 0 0 0 0 0 1 1 0 1 0 0 0 0 1 1 0 0 0 0 1  |
 ├─────────────┼─────────────┼──────────────────────────────────────────────────────────────────────────────────────────────────────────────────────────────────┤
 | 58          | 59          | 0 0 0 0 0 0 0 0 0 0 0 0 0 0 0 0 0 0 0 0 0 0 0 0 0 0 0 0 0 0 0 0 0 0 0 0 0 0 0 0 0 0 0 0 0 0 0 0 0 0 0 0 0 0 0 0 0 0 1 1 0 0 0 0  |
 ├─────────────┼─────────────┼──────────────────────────────────────────────────────────────────────────────────────────────────────────────────────────────────┤
 | 58          | 60          | 0 0 0 0 0 0 0 0 0 0 0 0 0 0 0 0 0 0 0 0 0 0 0 0 0 0 0 0 0 0 0 0 0 0 0 0 0 0 0 0 0 0 0 0 0 0 0 0 0 0 0 0 0 0 0 0 1 1 1 0 1 0 0 0  |
 ├─────────────┼─────────────┼──────────────────────────────────────────────────────────────────────────────────────────────────────────────────────────────────┤
 | 58          | 22          | 0 0 0 0 0 1 0 0 0 0 0 0 0 0 0 0 0 0 0 0 0 0 1 1 0 1 0 0 0 0 1 0 0 0 0 0 0 0 0 0 0 0 0 0 1 0 0 0 0 0 0 0 0 0 1 0 0 0 1 0 0 0 1 1  |
 ├─────────────┼─────────────┼──────────────────────────────────────────────────────────────────────────────────────────────────────────────────────────────────┤
 | 59          | 63          | 0 0 0 0 0 0 0 0 0 0 0 0 0 0 0 0 0 0 0 0 0 0 0 0 0 0 0 0 0 0 0 0 0 0 0 0 0 0 0 0 0 0 0 0 0 0 0 0 0 0 0 0 0 0 0 0 0 0 0 1 0 0 0 1  |
 ├─────────────┼─────────────┼──────────────────────────────────────────────────────────────────────────────────────────────────────────────────────────────────┤
 | 59          | 10          | 0 0 0 0 0 0 0 0 0 0 1 0 0 0 0 0 0 1 0 0 1 0 0 0 0 0 0 0 1 0 0 0 0 0 0 1 0 0 0 0 0 1 0 0 0 0 0 0 0 0 0 0 1 0 0 0 0 0 1 1 0 0 1 0  |
 ├─────────────┼─────────────┼──────────────────────────────────────────────────────────────────────────────────────────────────────────────────────────────────┤
 | 59          | 8           | 1 0 0 0 0 0 0 0 1 0 0 0 0 0 0 0 0 0 0 0 0 0 0 0 1 0 0 0 0 0 0 0 0 0 0 0 0 0 0 0 0 0 0 0 0 0 0 0 0 0 0 0 0 0 0 0 0 0 0 1 0 0 1 0  |
 ├─────────────┼─────────────┼──────────────────────────────────────────────────────────────────────────────────────────────────────────────────────────────────┤
 | 59          | 60          | 0 0 0 0 0 0 0 0 0 0 0 0 0 0 0 0 0 0 0 0 0 0 0 0 0 0 0 0 0 0 0 0 0 0 0 0 0 0 0 0 0 0 0 0 0 0 0 0 0 0 0 0 0 0 0 0 0 0 0 1 1 0 0 0  |
 ├─────────────┼─────────────┼──────────────────────────────────────────────────────────────────────────────────────────────────────────────────────────────────┤
 | 60          | 41          | 0 0 1 0 0 0 0 0 0 0 0 0 0 0 0 1 0 0 0 0 0 0 0 0 0 0 0 0 1 1 0 0 0 0 0 0 0 0 0 0 1 1 1 0 0 0 0 0 0 0 0 0 0 0 0 1 0 0 0 0 1 0 0 0  |
 ├─────────────┼─────────────┼──────────────────────────────────────────────────────────────────────────────────────────────────────────────────────────────────┤
 | 60          | 59          | 0 0 0 0 0 0 0 0 0 0 0 0 0 0 0 0 0 0 0 0 0 0 0 0 0 0 0 0 0 0 0 0 0 0 0 0 0 0 0 0 0 0 0 0 0 0 0 0 0 0 0 0 0 0 0 0 0 0 0 1 1 0 0 0  |
 ├─────────────┼─────────────┼──────────────────────────────────────────────────────────────────────────────────────────────────────────────────────────────────┤
 | 60          | 32          | 0 0 1 0 0 0 1 1 1 0 0 0 0 0 0 0 0 0 0 1 1 0 0 1 1 1 1 0 0 0 0 1 1 1 0 0 0 0 1 0 0 0 1 0 0 0 0 0 1 0 0 0 0 0 1 0 0 1 1 1 1 0 0 0  |
 ├─────────────┼─────────────┼──────────────────────────────────────────────────────────────────────────────────────────────────────────────────────────────────┤
 | 60          | 44          | 0 0 0 0 0 0 0 0 0 0 0 0 0 0 0 0 0 0 0 0 0 0 0 0 0 0 0 0 0 0 0 0 0 0 0 0 0 0 0 0 0 0 0 0 1 0 0 0 0 0 0 0 0 0 0 0 0 0 0 0 1 0 0 0  |
 ├─────────────┼─────────────┼──────────────────────────────────────────────────────────────────────────────────────────────────────────────────────────────────┤
 | 61          | 37          | 0 0 0 0 0 0 0 0 0 0 0 0 0 0 0 0 0 0 0 0 0 0 0 0 0 0 0 0 0 0 0 0 0 0 0 0 0 1 1 1 0 0 0 0 0 0 0 0 0 0 0 0 0 1 1 1 1 0 0 0 0 1 0 0  |
 ├─────────────┼─────────────┼──────────────────────────────────────────────────────────────────────────────────────────────────────────────────────────────────┤
 | 61          | 63          | 0 0 0 0 0 0 0 0 0 0 0 0 0 0 0 0 0 0 0 0 0 0 0 0 0 0 0 0 0 0 0 0 0 0 0 0 0 0 0 0 0 0 0 0 0 0 0 0 0 0 0 0 0 0 0 0 0 0 0 0 0 1 0 1  |
 ├─────────────┼─────────────┼──────────────────────────────────────────────────────────────────────────────────────────────────────────────────────────────────┤
 | 61          | 29          | 0 0 0 0 0 0 0 0 0 0 0 0 0 0 0 0 0 0 0 0 0 0 0 0 0 0 0 0 0 1 0 0 0 0 0 0 0 0 0 0 0 0 0 0 0 0 0 0 0 0 0 0 0 0 0 0 0 0 0 0 1 1 0 0  |
 ├─────────────┼─────────────┼──────────────────────────────────────────────────────────────────────────────────────────────────────────────────────────────────┤
 | 61          | 15          | 0 0 0 0 0 0 0 0 0 0 0 0 0 0 0 1 0 0 0 0 0 0 0 0 0 0 0 0 0 0 0 0 0 0 0 0 0 0 0 0 0 0 0 0 0 0 0 0 0 0 0 0 0 0 1 0 0 0 0 0 0 1 0 0  |
 ├─────────────┼─────────────┼──────────────────────────────────────────────────────────────────────────────────────────────────────────────────────────────────┤
 | 62          | 63          | 0 0 0 0 0 0 0 0 0 0 0 0 0 0 0 0 0 0 0 0 0 0 0 0 0 0 0 0 0 0 0 0 0 0 0 0 0 0 0 0 0 0 0 0 0 0 0 0 0 0 0 0 0 0 0 0 0 0 0 0 0 1 1 1  |
 ├─────────────┼─────────────┼──────────────────────────────────────────────────────────────────────────────────────────────────────────────────────────────────┤
 | 62          | 35          | 0 1 0 0 0 0 0 0 0 0 0 0 1 1 0 0 0 0 0 0 0 0 0 0 0 0 0 0 0 0 0 0 0 0 0 1 0 0 0 0 0 0 0 0 0 0 0 0 0 0 0 0 0 0 0 0 0 0 0 0 0 0 1 0  |
 ├─────────────┼─────────────┼──────────────────────────────────────────────────────────────────────────────────────────────────────────────────────────────────┤
 | 62          | 2           | 0 0 1 0 0 0 0 0 0 0 0 0 0 0 0 0 0 0 0 0 0 0 0 0 0 0 0 0 0 0 0 0 0 0 0 0 0 0 0 0 0 0 0 0 0 0 0 0 0 0 0 0 0 0 0 0 0 0 0 0 0 0 1 0  |
 ├─────────────┼─────────────┼──────────────────────────────────────────────────────────────────────────────────────────────────────────────────────────────────┤
 | 62          | 8           | 0 0 0 0 0 0 0 0 1 0 0 0 0 0 0 0 0 0 0 0 0 0 0 0 0 0 1 0 0 0 0 0 0 0 0 0 0 0 0 0 0 0 0 0 0 0 0 0 0 0 0 0 0 0 0 0 0 0 0 0 0 0 1 0  |
 ├─────────────┼─────────────┼──────────────────────────────────────────────────────────────────────────────────────────────────────────────────────────────────┤
 | 63          | 61          | 0 0 0 0 0 0 0 0 0 0 0 0 0 0 0 0 0 0 0 0 0 0 0 0 0 0 0 0 0 0 0 0 0 0 0 0 0 0 0 0 0 0 0 0 0 0 0 0 0 0 0 0 0 1 0 1 0 1 1 0 0 1 1 1  |
 ├─────────────┼─────────────┼──────────────────────────────────────────────────────────────────────────────────────────────────────────────────────────────────┤
 | 63          | 62          | 0 0 0 0 0 0 0 0 0 0 0 0 0 0 0 0 0 0 0 0 0 0 0 0 0 0 0 0 0 0 0 0 0 0 0 0 0 0 0 0 0 0 0 0 0 0 0 0 0 0 0 0 0 0 0 0 0 0 0 0 0 0 1 1  |
 ├─────────────┼─────────────┼──────────────────────────────────────────────────────────────────────────────────────────────────────────────────────────────────┤
 | 63          | 29          | 0 0 0 0 0 0 0 0 0 0 0 0 0 0 0 0 0 0 0 0 0 0 0 0 0 0 0 0 1 1 0 0 0 0 0 0 0 0 0 0 0 0 0 0 0 0 0 0 0 0 0 0 0 0 0 0 0 0 0 0 0 0 0 1  |
 ├─────────────┼─────────────┼──────────────────────────────────────────────────────────────────────────────────────────────────────────────────────────────────┤
 | 63          | 1           | 0 1 0 0 0 0 0 0 0 0 0 0 0 0 0 0 0 0 0 0 0 0 0 0 0 0 0 0 0 0 0 0 0 0 0 0 0 0 0 0 0 0 0 0 0 0 0 0 0 0 0 0 0 0 0 0 0 0 0 0 0 0 0 1  |
 └─────────────┴─────────────┴──────────────────────────────────────────────────────────────────────────────────────────────────────────────────────────────────┘
Pattern table end
Prefetch buffer begin
 ┌────────────────────┬────────────────────┬────────────────────┬────────────────────┬──────────────────────────────────────────────────────────────────────────────────────────────────────────────────────────────────┐
 | RegionNum          | Trigger            | Second             | Meta               | Pattern                                                                                                                          |
 ├────────────────────┼────────────────────┼────────────────────┼────────────────────┼──────────────────────────────────────────────────────────────────────────────────────────────────────────────────────────────────┤
 | 0x00000000000021a9 | 0x0000000000000000 | 0x0000000000000001 | 0x0000000000000001 | 1 0 0 0 0 0 0 0 0 0 0 0 0 0 0 0 0 0 0 0 0 0 0 0 0 0 0 0 0 0 0 0 0 0 0 1 1 1 1 0 1 1 1 1 1 1 1 1 1 1 0 1 1 1 1 1 1 1 1 1 1 1 1 0  |
 ├────────────────────┼────────────────────┼────────────────────┼────────────────────┼──────────────────────────────────────────────────────────────────────────────────────────────────────────────────────────────────┤
 | 0x00000000000020f4 | 0x0000000000000000 | 0x0000000000000001 | 0x0000000000000001 | 1 0 0 0 0 0 0 0 0 0 0 0 0 0 0 0 0 0 0 0 0 0 0 0 0 0 0 0 0 0 0 0 0 0 0 0 0 0 0 0 0 1 1 1 1 1 1 1 0 0 0 0 0 0 0 0 0 0 0 0 0 0 0 0  |
 ├────────────────────┼────────────────────┼────────────────────┼────────────────────┼──────────────────────────────────────────────────────────────────────────────────────────────────────────────────────────────────┤
 | 0x00000000000030c9 | 0x0000000000000000 | 0x0000000000000001 | 0x0000000000000001 | 0 0 0 0 0 0 0 0 0 0 0 0 0 0 0 0 0 0 0 0 0 0 0 0 0 0 0 0 0 0 0 0 0 0 0 0 0 0 0 0 0 0 0 0 0 0 0 0 0 0 0 0 0 0 0 0 0 0 0 0 1 1 1 1  |
 ├────────────────────┼────────────────────┼────────────────────┼────────────────────┼──────────────────────────────────────────────────────────────────────────────────────────────────────────────────────────────────┤
 | 0x0000000000002dc5 | 0x0000000000000000 | 0x0000000000000001 | 0x0000000000000001 | 1 0 0 0 0 0 0 0 0 1 1 1 1 1 1 1 1 1 1 1 1 1 1 1 1 1 1 1 1 1 1 1 1 1 1 1 1 1 1 1 1 1 1 1 1 1 1 1 1 1 1 1 1 1 1 1 1 1 1 1 1 1 1 1  |
 ├────────────────────┼────────────────────┼────────────────────┼────────────────────┼──────────────────────────────────────────────────────────────────────────────────────────────────────────────────────────────────┤
 | 0x00000000000002b6 | 0x0000000000000000 | 0x0000000000000001 | 0x0000000000000001 | 1 0 0 0 0 0 0 0 0 0 1 1 1 1 1 1 1 1 1 1 1 1 1 1 1 1 1 1 1 1 1 1 1 1 1 1 1 1 1 0 0 0 0 0 0 0 0 0 0 0 0 0 0 0 0 0 0 0 0 0 0 0 0 0  |
 ├────────────────────┼────────────────────┼────────────────────┼────────────────────┼──────────────────────────────────────────────────────────────────────────────────────────────────────────────────────────────────┤
 | 0x000000000000238f | 0x0000000000000000 | 0x0000000000000001 | 0x0000000000000001 | 1 0 0 0 0 0 0 0 0 0 0 0 0 0 0 0 0 0 0 0 0 0 0 0 0 0 0 0 0 0 0 1 1 1 1 1 1 1 1 1 1 1 1 1 1 1 1 1 1 1 1 1 1 1 1 1 1 1 1 1 1 1 1 1  |
 ├────────────────────┼────────────────────┼────────────────────┼────────────────────┼──────────────────────────────────────────────────────────────────────────────────────────────────────────────────────────────────┤
 | 0x0000000000001a2a | 0x0000000000000000 | 0x0000000000000001 | 0x0000000000000001 | 1 0 0 0 0 0 0 0 0 0 0 0 0 0 0 0 0 0 0 0 0 0 0 0 0 0 0 0 0 0 0 0 0 0 0 0 0 0 0 0 0 0 0 0 0 0 0 0 0 0 0 0 0 1 1 1 1 1 1 1 1 1 0 0  |
 ├────────────────────┼────────────────────┼────────────────────┼────────────────────┼──────────────────────────────────────────────────────────────────────────────────────────────────────────────────────────────────┤
 | 0x0000000000001f6b | 0x0000000000000000 | 0x0000000000000001 | 0x0000000000000001 | 1 0 0 0 0 0 0 0 0 0 0 0 0 0 0 0 0 1 1 1 1 1 1 1 1 1 1 1 1 1 1 1 1 1 1 1 1 1 1 1 1 1 0 0 0 0 0 0 0 0 0 0 0 0 1 1 1 1 1 0 0 0 1 1  |
 ├────────────────────┼────────────────────┼────────────────────┼────────────────────┼──────────────────────────────────────────────────────────────────────────────────────────────────────────────────────────────────┤
 | 0x0000000000001e7d | 0x0000000000000000 | 0x0000000000000001 | 0x0000000000000001 | 1 0 0 0 0 0 0 0 0 0 0 0 0 0 0 0 0 0 0 0 0 0 0 0 0 0 1 0 1 1 1 1 1 1 1 1 1 1 1 0 1 1 1 0 0 0 0 0 0 0 0 0 0 0 0 0 0 0 0 0 0 0 0 0  |
 ├────────────────────┼────────────────────┼────────────────────┼────────────────────┼──────────────────────────────────────────────────────────────────────────────────────────────────────────────────────────────────┤
 | 0x00000000000027aa | 0x0000000000000000 | 0x0000000000000001 | 0x0000000000000001 | 1 0 0 0 0 0 0 0 0 0 0 0 0 0 0 0 0 0 0 0 0 0 0 0 0 0 0 0 0 1 1 1 1 1 1 1 1 1 1 1 1 1 1 1 1 1 1 1 1 1 1 1 1 1 1 1 1 1 1 1 1 1 1 1  |
 ├────────────────────┼────────────────────┼────────────────────┼────────────────────┼──────────────────────────────────────────────────────────────────────────────────────────────────────────────────────────────────┤
 | 0x00000000000019a8 | 0x0000000000000000 | 0x0000000000000001 | 0x0000000000000001 | 1 0 0 0 0 0 0 1 1 1 1 1 1 1 1 0 1 1 1 1 1 0 0 0 0 0 0 0 1 1 1 1 1 1 1 0 0 0 0 0 0 0 0 0 0 0 0 0 1 1 1 1 1 1 1 1 1 1 1 1 1 1 1 1  |
 ├────────────────────┼────────────────────┼────────────────────┼────────────────────┼──────────────────────────────────────────────────────────────────────────────────────────────────────────────────────────────────┤
 | 0x00000000000027e0 | 0x0000000000000000 | 0x0000000000000001 | 0x0000000000000001 | 1 0 0 0 0 0 0 0 0 0 0 0 0 0 0 0 0 0 0 0 0 0 0 0 0 0 0 0 0 0 0 0 0 0 0 0 0 0 0 1 1 1 1 1 1 1 1 1 1 1 1 1 1 1 1 1 1 1 1 1 1 1 1 1  |
 ├────────────────────┼────────────────────┼────────────────────┼────────────────────┼──────────────────────────────────────────────────────────────────────────────────────────────────────────────────────────────────┤
 | 0x00000000000021a8 | 0x0000000000000000 | 0x0000000000000001 | 0x0000000000000001 | 1 0 1 0 1 0 1 1 1 0 1 1 1 1 1 0 1 1 1 1 1 0 1 1 1 1 1 1 1 1 1 1 1 1 1 1 1 1 1 0 1 1 1 1 1 1 1 1 1 1 0 1 1 1 1 1 1 1 1 1 1 1 1 1  |
 ├────────────────────┼────────────────────┼────────────────────┼────────────────────┼──────────────────────────────────────────────────────────────────────────────────────────────────────────────────────────────────┤
 | 0x00000000000029a0 | 0x0000000000000000 | 0x0000000000000001 | 0x0000000000000001 | 1 0 0 0 1 1 1 1 1 1 1 1 1 1 1 1 1 1 1 1 1 1 1 1 1 1 1 1 1 1 1 1 1 1 1 1 1 1 1 1 1 1 1 1 1 1 1 1 1 1 1 1 1 1 1 1 1 1 1 1 1 1 1 1  |
 ├────────────────────┼────────────────────┼────────────────────┼────────────────────┼──────────────────────────────────────────────────────────────────────────────────────────────────────────────────────────────────┤
 | 0x000000000000205a | 0x0000000000000000 | 0x0000000000000001 | 0x0000000000000001 | 1 0 0 0 0 0 0 0 0 0 0 0 0 0 0 0 0 0 0 1 0 1 1 1 1 1 1 1 0 1 1 1 1 1 1 1 1 1 1 0 0 0 0 0 0 0 0 0 0 0 0 0 0 0 0 0 0 1 1 1 0 1 0 1  |
 ├────────────────────┼────────────────────┼────────────────────┼────────────────────┼──────────────────────────────────────────────────────────────────────────────────────────────────────────────────────────────────┤
 | 0x00000000000019b2 | 0x0000000000000000 | 0x0000000000000001 | 0x0000000000000001 | 1 0 0 0 0 0 0 0 0 0 0 0 0 0 0 0 0 0 0 0 0 0 0 0 0 0 0 0 1 1 1 1 1 1 1 1 1 1 1 1 1 1 1 1 1 1 1 1 1 1 0 0 0 0 0 0 0 0 0 0 0 0 0 0  |
 ├────────────────────┼────────────────────┼────────────────────┼────────────────────┼──────────────────────────────────────────────────────────────────────────────────────────────────────────────────────────────────┤
 | 0x0000000000002792 | 0x0000000000000000 | 0x0000000000000001 | 0x0000000000000001 | 1 0 0 0 0 0 0 0 0 0 0 0 0 0 0 0 0 0 0 0 0 0 0 0 0 1 1 1 1 1 1 1 1 1 1 1 1 1 1 1 1 1 1 0 0 1 1 1 1 1 1 1 1 1 1 1 1 1 1 1 1 1 1 1  |
 ├────────────────────┼────────────────────┼────────────────────┼────────────────────┼──────────────────────────────────────────────────────────────────────────────────────────────────────────────────────────────────┤
 | 0x0000000000001f90 | 0x0000000000000000 | 0x0000000000000001 | 0x0000000000000001 | 1 0 0 0 0 0 0 0 0 0 0 0 0 0 0 0 0 0 0 0 0 0 0 0 0 0 0 0 0 0 0 0 0 1 1 1 1 1 0 0 0 0 1 1 1 1 1 1 1 1 1 1 1 0 0 0 0 0 0 0 0 0 0 0  |
 ├────────────────────┼────────────────────┼────────────────────┼────────────────────┼──────────────────────────────────────────────────────────────────────────────────────────────────────────────────────────────────┤
 | 0x0000000000002152 | 0x0000000000000000 | 0x0000000000000001 | 0x0000000000000001 | 1 0 0 0 0 0 0 0 0 0 0 0 0 1 1 1 1 1 1 1 1 1 1 1 1 1 1 1 1 1 1 1 1 1 1 1 1 1 1 1 1 1 1 1 1 1 1 1 1 1 1 1 1 1 1 1 1 1 1 1 1 1 1 1  |
 ├────────────────────┼────────────────────┼────────────────────┼────────────────────┼──────────────────────────────────────────────────────────────────────────────────────────────────────────────────────────────────┤
 | 0x0000000000002138 | 0x0000000000000000 | 0x0000000000000001 | 0x0000000000000001 | 1 0 0 0 0 0 0 0 0 0 0 0 0 0 0 0 0 0 0 0 0 0 0 0 0 0 0 0 0 0 0 0 0 0 0 0 0 0 0 0 0 0 0 0 0 0 0 0 0 0 0 0 0 0 0 0 0 0 0 0 0 0 0 1  |
 ├────────────────────┼────────────────────┼────────────────────┼────────────────────┼──────────────────────────────────────────────────────────────────────────────────────────────────────────────────────────────────┤
 | 0x0000000000001add | 0x0000000000000000 | 0x0000000000000001 | 0x0000000000000001 | 1 0 0 0 0 0 0 0 0 0 0 0 0 0 0 0 0 0 0 0 0 0 0 0 0 0 0 0 0 0 0 0 0 0 0 0 0 0 0 0 0 0 1 0 1 1 1 0 1 1 1 1 1 1 1 1 1 0 0 1 1 0 0 1  |
 ├────────────────────┼────────────────────┼────────────────────┼────────────────────┼──────────────────────────────────────────────────────────────────────────────────────────────────────────────────────────────────┤
 | 0x0000000000002087 | 0x0000000000000000 | 0x0000000000000001 | 0x0000000000000001 | 1 0 0 0 0 0 0 0 0 0 0 0 0 0 0 0 0 0 0 0 0 0 0 0 0 0 0 0 0 0 0 0 0 0 0 0 0 0 0 0 0 0 0 0 0 0 0 0 0 0 0 0 0 0 0 0 0 0 1 1 1 1 1 1  |
 └────────────────────┴────────────────────┴────────────────────┴────────────────────┴──────────────────────────────────────────────────────────────────────────────────────────────────────────────────────────────────┘
Prefetch buffer end
cpu0_L2C
Num Con Filled: 0
Num Con Useful: 0 Useless:0 Accuracy: -nan
LLC
